settlementDate,settlementPeriod,demand_mw
2018-01-01,1,26407
2018-01-01,2,27103
2018-01-01,3,27269
2018-01-01,4,26758
2018-01-01,5,26160
2018-01-01,6,25749
2018-01-01,7,25473
2018-01-01,8,24554
2018-01-01,9,24016
2018-01-01,10,23798
2018-01-01,11,23853
2018-01-01,12,23847
2018-01-01,13,24720
2018-01-01,14,25110
2018-01-01,15,24775
2018-01-01,16,24501
2018-01-01,17,25037
2018-01-01,18,26211
2018-01-01,19,27485
2018-01-01,20,28635
2018-01-01,21,29850
2018-01-01,22,30777
2018-01-01,23,31812
2018-01-01,24,32462
2018-01-01,25,32956
2018-01-01,26,33148
2018-01-01,27,33497
2018-01-01,28,33419
2018-01-01,29,33559
2018-01-01,30,33611
2018-01-01,31,34162
2018-01-01,32,35088
2018-01-01,33,36745
2018-01-01,34,38924
2018-01-01,35,39596
2018-01-01,36,39249
2018-01-01,37,38326
2018-01-01,38,37745
2018-01-01,39,36744
2018-01-01,40,35602
2018-01-01,41,34470
2018-01-01,42,33141
2018-01-01,43,32133
2018-01-01,44,30752
2018-01-01,45,29321
2018-01-01,46,27910
2018-01-01,47,27090
2018-01-01,48,26523
2018-01-02,1,26261
2018-01-02,2,26891
2018-01-02,3,26875
2018-01-02,4,26603
2018-01-02,5,26239
2018-01-02,6,26335
2018-01-02,7,26356
2018-01-02,8,26183
2018-01-02,9,26098
2018-01-02,10,26060
2018-01-02,11,26580
2018-01-02,12,27025
2018-01-02,13,28811
2018-01-02,14,30866
2018-01-02,15,33368
2018-01-02,16,34818
2018-01-02,17,36608
2018-01-02,18,38110
2018-01-02,19,39660
2018-01-02,20,40616
2018-01-02,21,41262
2018-01-02,22,41482
2018-01-02,23,41782
2018-01-02,24,41971
2018-01-02,25,42279
2018-01-02,26,42384
2018-01-02,27,42262
2018-01-02,28,41978
2018-01-02,29,41844
2018-01-02,30,41649
2018-01-02,31,41918
2018-01-02,32,42602
2018-01-02,33,43850
2018-01-02,34,45377
2018-01-02,35,46124
2018-01-02,36,46156
2018-01-02,37,45551
2018-01-02,38,44601
2018-01-02,39,43456
2018-01-02,40,41654
2018-01-02,41,40216
2018-01-02,42,38338
2018-01-02,43,36379
2018-01-02,44,34074
2018-01-02,45,31868
2018-01-02,46,29856
2018-01-02,47,27902
2018-01-02,48,27188
2018-01-03,1,26855
2018-01-03,2,27096
2018-01-03,3,26781
2018-01-03,4,26459
2018-01-03,5,26497
2018-01-03,6,26383
2018-01-03,7,26336
2018-01-03,8,25776
2018-01-03,9,25885
2018-01-03,10,25886
2018-01-03,11,26231
2018-01-03,12,26672
2018-01-03,13,28557
2018-01-03,14,30820
2018-01-03,15,33740
2018-01-03,16,35537
2018-01-03,17,37187
2018-01-03,18,38157
2018-01-03,19,39041
2018-01-03,20,39169
2018-01-03,21,39100
2018-01-03,22,39026
2018-01-03,23,39126
2018-01-03,24,38933
2018-01-03,25,39192
2018-01-03,26,39220
2018-01-03,27,39324
2018-01-03,28,39307
2018-01-03,29,39817
2018-01-03,30,40248
2018-01-03,31,40794
2018-01-03,32,41566
2018-01-03,33,42983
2018-01-03,34,45141
2018-01-03,35,46079
2018-01-03,36,46083
2018-01-03,37,45591
2018-01-03,38,44682
2018-01-03,39,43981
2018-01-03,40,42673
2018-01-03,41,41186
2018-01-03,42,39463
2018-01-03,43,37527
2018-01-03,44,35392
2018-01-03,45,33368
2018-01-03,46,31558
2018-01-03,47,30052
2018-01-03,48,29658
2018-01-04,1,29838
2018-01-04,2,30330
2018-01-04,3,29951
2018-01-04,4,29256
2018-01-04,5,29066
2018-01-04,6,28994
2018-01-04,7,28802
2018-01-04,8,28563
2018-01-04,9,28420
2018-01-04,10,28583
2018-01-04,11,29274
2018-01-04,12,30094
2018-01-04,13,31804
2018-01-04,14,34074
2018-01-04,15,37201
2018-01-04,16,38920
2018-01-04,17,40302
2018-01-04,18,40697
2018-01-04,19,41460
2018-01-04,20,41563
2018-01-04,21,41304
2018-01-04,22,41065
2018-01-04,23,41281
2018-01-04,24,41405
2018-01-04,25,41495
2018-01-04,26,41229
2018-01-04,27,41322
2018-01-04,28,40974
2018-01-04,29,40997
2018-01-04,30,41080
2018-01-04,31,41494
2018-01-04,32,42416
2018-01-04,33,43838
2018-01-04,34,46076
2018-01-04,35,46913
2018-01-04,36,46775
2018-01-04,37,46448
2018-01-04,38,45664
2018-01-04,39,44774
2018-01-04,40,43505
2018-01-04,41,42094
2018-01-04,42,40447
2018-01-04,43,38604
2018-01-04,44,36574
2018-01-04,45,34624
2018-01-04,46,32806
2018-01-04,47,31012
2018-01-04,48,30560
2018-01-05,1,30595
2018-01-05,2,30994
2018-01-05,3,30639
2018-01-05,4,30072
2018-01-05,5,29510
2018-01-05,6,29329
2018-01-05,7,29001
2018-01-05,8,28538
2018-01-05,9,28333
2018-01-05,10,28364
2018-01-05,11,29002
2018-01-05,12,29722
2018-01-05,13,31622
2018-01-05,14,34146
2018-01-05,15,37272
2018-01-05,16,39278
2018-01-05,17,40919
2018-01-05,18,41576
2018-01-05,19,42438
2018-01-05,20,42646
2018-01-05,21,42650
2018-01-05,22,42646
2018-01-05,23,42659
2018-01-05,24,42666
2018-01-05,25,42720
2018-01-05,26,42467
2018-01-05,27,42433
2018-01-05,28,42250
2018-01-05,29,42280
2018-01-05,30,42312
2018-01-05,31,42639
2018-01-05,32,43341
2018-01-05,33,44416
2018-01-05,34,46192
2018-01-05,35,47107
2018-01-05,36,47090
2018-01-05,37,46555
2018-01-05,38,46096
2018-01-05,39,45126
2018-01-05,40,43763
2018-01-05,41,42492
2018-01-05,42,40836
2018-01-05,43,39042
2018-01-05,44,37074
2018-01-05,45,34979
2018-01-05,46,33395
2018-01-05,47,31563
2018-01-05,48,30424
2018-01-06,1,29894
2018-01-06,2,30122
2018-01-06,3,29628
2018-01-06,4,29169
2018-01-06,5,28816
2018-01-06,6,28291
2018-01-06,7,28426
2018-01-06,8,28117
2018-01-06,9,27612
2018-01-06,10,27354
2018-01-06,11,27322
2018-01-06,12,27271
2018-01-06,13,28588
2018-01-06,14,29146
2018-01-06,15,29726
2018-01-06,16,30918
2018-01-06,17,32478
2018-01-06,18,34214
2018-01-06,19,35791
2018-01-06,20,36454
2018-01-06,21,36992
2018-01-06,22,37114
2018-01-06,23,37059
2018-01-06,24,36868
2018-01-06,25,37025
2018-01-06,26,36954
2018-01-06,27,36946
2018-01-06,28,36696
2018-01-06,29,36846
2018-01-06,30,36869
2018-01-06,31,37244
2018-01-06,32,38200
2018-01-06,33,39934
2018-01-06,34,42364
2018-01-06,35,43222
2018-01-06,36,43566
2018-01-06,37,43153
2018-01-06,38,42252
2018-01-06,39,41352
2018-01-06,40,40306
2018-01-06,41,39021
2018-01-06,42,37743
2018-01-06,43,36413
2018-01-06,44,34998
2018-01-06,45,33441
2018-01-06,46,32368
2018-01-06,47,30654
2018-01-06,48,29846
2018-01-07,1,29448
2018-01-07,2,29500
2018-01-07,3,29783
2018-01-07,4,29546
2018-01-07,5,29130
2018-01-07,6,28914
2018-01-07,7,28640
2018-01-07,8,28082
2018-01-07,9,27806
2018-01-07,10,27443
2018-01-07,11,27413
2018-01-07,12,27541
2018-01-07,13,28230
2018-01-07,14,28679
2018-01-07,15,29566
2018-01-07,16,29549
2018-01-07,17,30086
2018-01-07,18,31488
2018-01-07,19,33082
2018-01-07,20,33994
2018-01-07,21,34688
2018-01-07,22,35016
2018-01-07,23,35214
2018-01-07,24,35449
2018-01-07,25,35706
2018-01-07,26,35685
2018-01-07,27,35841
2018-01-07,28,35949
2018-01-07,29,36464
2018-01-07,30,37267
2018-01-07,31,38462
2018-01-07,32,39843
2018-01-07,33,42136
2018-01-07,34,44848
2018-01-07,35,46176
2018-01-07,36,46182
2018-01-07,37,45548
2018-01-07,38,44430
2018-01-07,39,43474
2018-01-07,40,42069
2018-01-07,41,40830
2018-01-07,42,39114
2018-01-07,43,37436
2018-01-07,44,35430
2018-01-07,45,33532
2018-01-07,46,31501
2018-01-07,47,29731
2018-01-07,48,29213
2018-01-08,1,29653
2018-01-08,2,29900
2018-01-08,3,30147
2018-01-08,4,29684
2018-01-08,5,29273
2018-01-08,6,29122
2018-01-08,7,28851
2018-01-08,8,28745
2018-01-08,9,28600
2018-01-08,10,28704
2018-01-08,11,29185
2018-01-08,12,30139
2018-01-08,13,33056
2018-01-08,14,36039
2018-01-08,15,40048
2018-01-08,16,42387
2018-01-08,17,43260
2018-01-08,18,43642
2018-01-08,19,44556
2018-01-08,20,44702
2018-01-08,21,44742
2018-01-08,22,45210
2018-01-08,23,45549
2018-01-08,24,45741
2018-01-08,25,46083
2018-01-08,26,46200
2018-01-08,27,46007
2018-01-08,28,45807
2018-01-08,29,45792
2018-01-08,30,45652
2018-01-08,31,46099
2018-01-08,32,47367
2018-01-08,33,48036
2018-01-08,34,48851
2018-01-08,35,48928
2018-01-08,36,48631
2018-01-08,37,48471
2018-01-08,38,48200
2018-01-08,39,47695
2018-01-08,40,46425
2018-01-08,41,44736
2018-01-08,42,42816
2018-01-08,43,40711
2018-01-08,44,38212
2018-01-08,45,35978
2018-01-08,46,33816
2018-01-08,47,32053
2018-01-08,48,31436
2018-01-09,1,31315
2018-01-09,2,31999
2018-01-09,3,31773
2018-01-09,4,31304
2018-01-09,5,30931
2018-01-09,6,30812
2018-01-09,7,30704
2018-01-09,8,30436
2018-01-09,9,30217
2018-01-09,10,30298
2018-01-09,11,30927
2018-01-09,12,31476
2018-01-09,13,33750
2018-01-09,14,36994
2018-01-09,15,40694
2018-01-09,16,42892
2018-01-09,17,44070
2018-01-09,18,44281
2018-01-09,19,45042
2018-01-09,20,45356
2018-01-09,21,45561
2018-01-09,22,45863
2018-01-09,23,46072
2018-01-09,24,46095
2018-01-09,25,46147
2018-01-09,26,46026
2018-01-09,27,45998
2018-01-09,28,45676
2018-01-09,29,45840
2018-01-09,30,45938
2018-01-09,31,46023
2018-01-09,32,46861
2018-01-09,33,47165
2018-01-09,34,47868
2018-01-09,35,48406
2018-01-09,36,48236
2018-01-09,37,48113
2018-01-09,38,47725
2018-01-09,39,47483
2018-01-09,40,46621
2018-01-09,41,45212
2018-01-09,42,43095
2018-01-09,43,40981
2018-01-09,44,38529
2018-01-09,45,36301
2018-01-09,46,34121
2018-01-09,47,32597
2018-01-09,48,31968
2018-01-10,1,31746
2018-01-10,2,32149
2018-01-10,3,31921
2018-01-10,4,31378
2018-01-10,5,31128
2018-01-10,6,31004
2018-01-10,7,30656
2018-01-10,8,30212
2018-01-10,9,29965
2018-01-10,10,30103
2018-01-10,11,30677
2018-01-10,12,31581
2018-01-10,13,33802
2018-01-10,14,37024
2018-01-10,15,41158
2018-01-10,16,43382
2018-01-10,17,44192
2018-01-10,18,43991
2018-01-10,19,44391
2018-01-10,20,44575
2018-01-10,21,44258
2018-01-10,22,43986
2018-01-10,23,43734
2018-01-10,24,43488
2018-01-10,25,43512
2018-01-10,26,43176
2018-01-10,27,43174
2018-01-10,28,42944
2018-01-10,29,43033
2018-01-10,30,43464
2018-01-10,31,43976
2018-01-10,32,45174
2018-01-10,33,45973
2018-01-10,34,47842
2018-01-10,35,48417
2018-01-10,36,48211
2018-01-10,37,48106
2018-01-10,38,48286
2018-01-10,39,48022
2018-01-10,40,46784
2018-01-10,41,45419
2018-01-10,42,43560
2018-01-10,43,41489
2018-01-10,44,38792
2018-01-10,45,36317
2018-01-10,46,34158
2018-01-10,47,32632
2018-01-10,48,32148
2018-01-11,1,31991
2018-01-11,2,32432
2018-01-11,3,31969
2018-01-11,4,31288
2018-01-11,5,30750
2018-01-11,6,30742
2018-01-11,7,30358
2018-01-11,8,29952
2018-01-11,9,29708
2018-01-11,10,29808
2018-01-11,11,30337
2018-01-11,12,31228
2018-01-11,13,33600
2018-01-11,14,36859
2018-01-11,15,40770
2018-01-11,16,43266
2018-01-11,17,44354
2018-01-11,18,44388
2018-01-11,19,45243
2018-01-11,20,45561
2018-01-11,21,45177
2018-01-11,22,45052
2018-01-11,23,45028
2018-01-11,24,44998
2018-01-11,25,44966
2018-01-11,26,44825
2018-01-11,27,44878
2018-01-11,28,44785
2018-01-11,29,44934
2018-01-11,30,45018
2018-01-11,31,45082
2018-01-11,32,45878
2018-01-11,33,46983
2018-01-11,34,48188
2018-01-11,35,48524
2018-01-11,36,48371
2018-01-11,37,48190
2018-01-11,38,47933
2018-01-11,39,47854
2018-01-11,40,46833
2018-01-11,41,45406
2018-01-11,42,43960
2018-01-11,43,41727
2018-01-11,44,39172
2018-01-11,45,36782
2018-01-11,46,34633
2018-01-11,47,32309
2018-01-11,48,31147
2018-01-12,1,31193
2018-01-12,2,31724
2018-01-12,3,31927
2018-01-12,4,31673
2018-01-12,5,31231
2018-01-12,6,31093
2018-01-12,7,30648
2018-01-12,8,30125
2018-01-12,9,29856
2018-01-12,10,29755
2018-01-12,11,30330
2018-01-12,12,31018
2018-01-12,13,33374
2018-01-12,14,36390
2018-01-12,15,40066
2018-01-12,16,42194
2018-01-12,17,42850
2018-01-12,18,42867
2018-01-12,19,43503
2018-01-12,20,43639
2018-01-12,21,43531
2018-01-12,22,43328
2018-01-12,23,43190
2018-01-12,24,43051
2018-01-12,25,43275
2018-01-12,26,43160
2018-01-12,27,43084
2018-01-12,28,42743
2018-01-12,29,42732
2018-01-12,30,42546
2018-01-12,31,42454
2018-01-12,32,43480
2018-01-12,33,44313
2018-01-12,34,46377
2018-01-12,35,47246
2018-01-12,36,47001
2018-01-12,37,45963
2018-01-12,38,45081
2018-01-12,39,44156
2018-01-12,40,42714
2018-01-12,41,41435
2018-01-12,42,39614
2018-01-12,43,37864
2018-01-12,44,35829
2018-01-12,45,33748
2018-01-12,46,32133
2018-01-12,47,30316
2018-01-12,48,29204
2018-01-13,1,28915
2018-01-13,2,29144
2018-01-13,3,29159
2018-01-13,4,29108
2018-01-13,5,28475
2018-01-13,6,28469
2018-01-13,7,27926
2018-01-13,8,27229
2018-01-13,9,26893
2018-01-13,10,26802
2018-01-13,11,26707
2018-01-13,12,26938
2018-01-13,13,28092
2018-01-13,14,28690
2018-01-13,15,29640
2018-01-13,16,30913
2018-01-13,17,32814
2018-01-13,18,34791
2018-01-13,19,36510
2018-01-13,20,37352
2018-01-13,21,37828
2018-01-13,22,38129
2018-01-13,23,38345
2018-01-13,24,38272
2018-01-13,25,38211
2018-01-13,26,38382
2018-01-13,27,38751
2018-01-13,28,38430
2018-01-13,29,38373
2018-01-13,30,38314
2018-01-13,31,38616
2018-01-13,32,39254
2018-01-13,33,40736
2018-01-13,34,42464
2018-01-13,35,43664
2018-01-13,36,43844
2018-01-13,37,43429
2018-01-13,38,42447
2018-01-13,39,41636
2018-01-13,40,40371
2018-01-13,41,39204
2018-01-13,42,37691
2018-01-13,43,36218
2018-01-13,44,34775
2018-01-13,45,33174
2018-01-13,46,32046
2018-01-13,47,30474
2018-01-13,48,29772
2018-01-14,1,29735
2018-01-14,2,30037
2018-01-14,3,29925
2018-01-14,4,29263
2018-01-14,5,28997
2018-01-14,6,28902
2018-01-14,7,28441
2018-01-14,8,27808
2018-01-14,9,27634
2018-01-14,10,27322
2018-01-14,11,27350
2018-01-14,12,27359
2018-01-14,13,27841
2018-01-14,14,27858
2018-01-14,15,28082
2018-01-14,16,28937
2018-01-14,17,30265
2018-01-14,18,31948
2018-01-14,19,33792
2018-01-14,20,35245
2018-01-14,21,36466
2018-01-14,22,37073
2018-01-14,23,37499
2018-01-14,24,37777
2018-01-14,25,37920
2018-01-14,26,38156
2018-01-14,27,38213
2018-01-14,28,38029
2018-01-14,29,37878
2018-01-14,30,37992
2018-01-14,31,38468
2018-01-14,32,39440
2018-01-14,33,40914
2018-01-14,34,42809
2018-01-14,35,43529
2018-01-14,36,43257
2018-01-14,37,42972
2018-01-14,38,41925
2018-01-14,39,40594
2018-01-14,40,39273
2018-01-14,41,38114
2018-01-14,42,36347
2018-01-14,43,34475
2018-01-14,44,32397
2018-01-14,45,30451
2018-01-14,46,28554
2018-01-14,47,26610
2018-01-14,48,25705
2018-01-15,1,26112
2018-01-15,2,26940
2018-01-15,3,27124
2018-01-15,4,26595
2018-01-15,5,26360
2018-01-15,6,26316
2018-01-15,7,26200
2018-01-15,8,25768
2018-01-15,9,25462
2018-01-15,10,25672
2018-01-15,11,26271
2018-01-15,12,27036
2018-01-15,13,29886
2018-01-15,14,33373
2018-01-15,15,37318
2018-01-15,16,38828
2018-01-15,17,39944
2018-01-15,18,40267
2018-01-15,19,41047
2018-01-15,20,41649
2018-01-15,21,42034
2018-01-15,22,42388
2018-01-15,23,42491
2018-01-15,24,42355
2018-01-15,25,42185
2018-01-15,26,41589
2018-01-15,27,41090
2018-01-15,28,40378
2018-01-15,29,40254
2018-01-15,30,40155
2018-01-15,31,40308
2018-01-15,32,41491
2018-01-15,33,42394
2018-01-15,34,44816
2018-01-15,35,46486
2018-01-15,36,46790
2018-01-15,37,46461
2018-01-15,38,45664
2018-01-15,39,44939
2018-01-15,40,43480
2018-01-15,41,42091
2018-01-15,42,39831
2018-01-15,43,37819
2018-01-15,44,35344
2018-01-15,45,33157
2018-01-15,46,31178
2018-01-15,47,28869
2018-01-15,48,27685
2018-01-16,1,27550
2018-01-16,2,28660
2018-01-16,3,28917
2018-01-16,4,28197
2018-01-16,5,27910
2018-01-16,6,27733
2018-01-16,7,27359
2018-01-16,8,26920
2018-01-16,9,26808
2018-01-16,10,26796
2018-01-16,11,27639
2018-01-16,12,28301
2018-01-16,13,30956
2018-01-16,14,34176
2018-01-16,15,38156
2018-01-16,16,40179
2018-01-16,17,40947
2018-01-16,18,40818
2018-01-16,19,41251
2018-01-16,20,40923
2018-01-16,21,40330
2018-01-16,22,39859
2018-01-16,23,39608
2018-01-16,24,39552
2018-01-16,25,39606
2018-01-16,26,39860
2018-01-16,27,40242
2018-01-16,28,40426
2018-01-16,29,41057
2018-01-16,30,41425
2018-01-16,31,41870
2018-01-16,32,43266
2018-01-16,33,44397
2018-01-16,34,46734
2018-01-16,35,47774
2018-01-16,36,47553
2018-01-16,37,47388
2018-01-16,38,46760
2018-01-16,39,46358
2018-01-16,40,45009
2018-01-16,41,43312
2018-01-16,42,41265
2018-01-16,43,39171
2018-01-16,44,36786
2018-01-16,45,34663
2018-01-16,46,32415
2018-01-16,47,30266
2018-01-16,48,29297
2018-01-17,1,28788
2018-01-17,2,29468
2018-01-17,3,29815
2018-01-17,4,29172
2018-01-17,5,29086
2018-01-17,6,28944
2018-01-17,7,28945
2018-01-17,8,28465
2018-01-17,9,28443
2018-01-17,10,28507
2018-01-17,11,29211
2018-01-17,12,30155
2018-01-17,13,32797
2018-01-17,14,35317
2018-01-17,15,39157
2018-01-17,16,41118
2018-01-17,17,41578
2018-01-17,18,41620
2018-01-17,19,42002
2018-01-17,20,41778
2018-01-17,21,41102
2018-01-17,22,40606
2018-01-17,23,40233
2018-01-17,24,40076
2018-01-17,25,40175
2018-01-17,26,40169
2018-01-17,27,40541
2018-01-17,28,40701
2018-01-17,29,41055
2018-01-17,30,41337
2018-01-17,31,41931
2018-01-17,32,43205
2018-01-17,33,44263
2018-01-17,34,47154
2018-01-17,35,48369
2018-01-17,36,48555
2018-01-17,37,48100
2018-01-17,38,47412
2018-01-17,39,46871
2018-01-17,40,45410
2018-01-17,41,44113
2018-01-17,42,42107
2018-01-17,43,40292
2018-01-17,44,38062
2018-01-17,45,35918
2018-01-17,46,33791
2018-01-17,47,32283
2018-01-17,48,31246
2018-01-18,1,30605
2018-01-18,2,30828
2018-01-18,3,30554
2018-01-18,4,30086
2018-01-18,5,29674
2018-01-18,6,29526
2018-01-18,7,29249
2018-01-18,8,28678
2018-01-18,9,28639
2018-01-18,10,28830
2018-01-18,11,29656
2018-01-18,12,30442
2018-01-18,13,32261
2018-01-18,14,35323
2018-01-18,15,39233
2018-01-18,16,41209
2018-01-18,17,41963
2018-01-18,18,42211
2018-01-18,19,42503
2018-01-18,20,42522
2018-01-18,21,42001
2018-01-18,22,41738
2018-01-18,23,41587
2018-01-18,24,41678
2018-01-18,25,42055
2018-01-18,26,41993
2018-01-18,27,42170
2018-01-18,28,42197
2018-01-18,29,42311
2018-01-18,30,42408
2018-01-18,31,42765
2018-01-18,32,43827
2018-01-18,33,44975
2018-01-18,34,46814
2018-01-18,35,48004
2018-01-18,36,47948
2018-01-18,37,47657
2018-01-18,38,47153
2018-01-18,39,46743
2018-01-18,40,45715
2018-01-18,41,44213
2018-01-18,42,42579
2018-01-18,43,40143
2018-01-18,44,37389
2018-01-18,45,34967
2018-01-18,46,33126
2018-01-18,47,32070
2018-01-18,48,31372
2018-01-19,1,31102
2018-01-19,2,31446
2018-01-19,3,31456
2018-01-19,4,30903
2018-01-19,5,30485
2018-01-19,6,30392
2018-01-19,7,30053
2018-01-19,8,29654
2018-01-19,9,29307
2018-01-19,10,29331
2018-01-19,11,30029
2018-01-19,12,30916
2018-01-19,13,33651
2018-01-19,14,36167
2018-01-19,15,40052
2018-01-19,16,42128
2018-01-19,17,42636
2018-01-19,18,42584
2018-01-19,19,42546
2018-01-19,20,41980
2018-01-19,21,41777
2018-01-19,22,41270
2018-01-19,23,40619
2018-01-19,24,40240
2018-01-19,25,40217
2018-01-19,26,40095
2018-01-19,27,40291
2018-01-19,28,40293
2018-01-19,29,40596
2018-01-19,30,40487
2018-01-19,31,40986
2018-01-19,32,42257
2018-01-19,33,43283
2018-01-19,34,45764
2018-01-19,35,47321
2018-01-19,36,47463
2018-01-19,37,46895
2018-01-19,38,46226
2018-01-19,39,45632
2018-01-19,40,44193
2018-01-19,41,42803
2018-01-19,42,41343
2018-01-19,43,39521
2018-01-19,44,37259
2018-01-19,45,35341
2018-01-19,46,33500
2018-01-19,47,31998
2018-01-19,48,31445
2018-01-20,1,31521
2018-01-20,2,31675
2018-01-20,3,31437
2018-01-20,4,30968
2018-01-20,5,30876
2018-01-20,6,30542
2018-01-20,7,30028
2018-01-20,8,29535
2018-01-20,9,29156
2018-01-20,10,29302
2018-01-20,11,29660
2018-01-20,12,29797
2018-01-20,13,30511
2018-01-20,14,31210
2018-01-20,15,32927
2018-01-20,16,34365
2018-01-20,17,36319
2018-01-20,18,38188
2018-01-20,19,39809
2018-01-20,20,40685
2018-01-20,21,41355
2018-01-20,22,41624
2018-01-20,23,41932
2018-01-20,24,42145
2018-01-20,25,42023
2018-01-20,26,41730
2018-01-20,27,41339
2018-01-20,28,41040
2018-01-20,29,40756
2018-01-20,30,40588
2018-01-20,31,40556
2018-01-20,32,40938
2018-01-20,33,41912
2018-01-20,34,44152
2018-01-20,35,45908
2018-01-20,36,46344
2018-01-20,37,46110
2018-01-20,38,44996
2018-01-20,39,43726
2018-01-20,40,42493
2018-01-20,41,41364
2018-01-20,42,39649
2018-01-20,43,38223
2018-01-20,44,36770
2018-01-20,45,34899
2018-01-20,46,33548
2018-01-20,47,32162
2018-01-20,48,31241
2018-01-21,1,31619
2018-01-21,2,31912
2018-01-21,3,31674
2018-01-21,4,31333
2018-01-21,5,31025
2018-01-21,6,30606
2018-01-21,7,30280
2018-01-21,8,29945
2018-01-21,9,29677
2018-01-21,10,29433
2018-01-21,11,29125
2018-01-21,12,29006
2018-01-21,13,29607
2018-01-21,14,30166
2018-01-21,15,30932
2018-01-21,16,30700
2018-01-21,17,31759
2018-01-21,18,33690
2018-01-21,19,35832
2018-01-21,20,37293
2018-01-21,21,38663
2018-01-21,22,39544
2018-01-21,23,40312
2018-01-21,24,40964
2018-01-21,25,41562
2018-01-21,26,41705
2018-01-21,27,41624
2018-01-21,28,41397
2018-01-21,29,41315
2018-01-21,30,41348
2018-01-21,31,41334
2018-01-21,32,41606
2018-01-21,33,42446
2018-01-21,34,44003
2018-01-21,35,44586
2018-01-21,36,44358
2018-01-21,37,44046
2018-01-21,38,43403
2018-01-21,39,42328
2018-01-21,40,40924
2018-01-21,41,39619
2018-01-21,42,37950
2018-01-21,43,36126
2018-01-21,44,34083
2018-01-21,45,32218
2018-01-21,46,30577
2018-01-21,47,28448
2018-01-21,48,27813
2018-01-22,1,28388
2018-01-22,2,28716
2018-01-22,3,28718
2018-01-22,4,28528
2018-01-22,5,28258
2018-01-22,6,27803
2018-01-22,7,27717
2018-01-22,8,27615
2018-01-22,9,27348
2018-01-22,10,27308
2018-01-22,11,28062
2018-01-22,12,28746
2018-01-22,13,31195
2018-01-22,14,34631
2018-01-22,15,38677
2018-01-22,16,40927
2018-01-22,17,41915
2018-01-22,18,41778
2018-01-22,19,42287
2018-01-22,20,42226
2018-01-22,21,41799
2018-01-22,22,41316
2018-01-22,23,41298
2018-01-22,24,40899
2018-01-22,25,40967
2018-01-22,26,40815
2018-01-22,27,40828
2018-01-22,28,40827
2018-01-22,29,41173
2018-01-22,30,41034
2018-01-22,31,41419
2018-01-22,32,42732
2018-01-22,33,43816
2018-01-22,34,45935
2018-01-22,35,46718
2018-01-22,36,46684
2018-01-22,37,46483
2018-01-22,38,45775
2018-01-22,39,45564
2018-01-22,40,44448
2018-01-22,41,43045
2018-01-22,42,41013
2018-01-22,43,38917
2018-01-22,44,36264
2018-01-22,45,33976
2018-01-22,46,31854
2018-01-22,47,29509
2018-01-22,48,28318
2018-01-23,1,28392
2018-01-23,2,28752
2018-01-23,3,28744
2018-01-23,4,28439
2018-01-23,5,28265
2018-01-23,6,28206
2018-01-23,7,28180
2018-01-23,8,27567
2018-01-23,9,27205
2018-01-23,10,27148
2018-01-23,11,28000
2018-01-23,12,28653
2018-01-23,13,30895
2018-01-23,14,33277
2018-01-23,15,37024
2018-01-23,16,38880
2018-01-23,17,39658
2018-01-23,18,39636
2018-01-23,19,40316
2018-01-23,20,40322
2018-01-23,21,33929
2018-01-23,22,3070
2018-01-23,23,3234
2018-01-23,24,20143
2018-01-23,25,37128
2018-01-23,26,39213
2018-01-23,27,38906
2018-01-23,28,38473
2018-01-23,29,38700
2018-01-23,30,38409
2018-01-23,31,38451
2018-01-23,32,39522
2018-01-23,33,40407
2018-01-23,34,42722
2018-01-23,35,44473
2018-01-23,36,44641
2018-01-23,37,43770
2018-01-23,38,43084
2018-01-23,39,42409
2018-01-23,40,41411
2018-01-23,41,40145
2018-01-23,42,38139
2018-01-23,43,36123
2018-01-23,44,33833
2018-01-23,45,31684
2018-01-23,46,29684
2018-01-23,47,27551
2018-01-23,48,26225
2018-01-24,1,25880
2018-01-24,2,26273
2018-01-24,3,26525
2018-01-24,4,25674
2018-01-24,5,25652
2018-01-24,6,25753
2018-01-24,7,25592
2018-01-24,8,24885
2018-01-24,9,24378
2018-01-24,10,24602
2018-01-24,11,25389
2018-01-24,12,26079
2018-01-24,13,28397
2018-01-24,14,31755
2018-01-24,15,35538
2018-01-24,16,37289
2018-01-24,17,37927
2018-01-24,18,38286
2018-01-24,19,38860
2018-01-24,20,39333
2018-01-24,21,39582
2018-01-24,22,39750
2018-01-24,23,37641
2018-01-24,24,39722
2018-01-24,25,39842
2018-01-24,26,39718
2018-01-24,27,39670
2018-01-24,28,39415
2018-01-24,29,39505
2018-01-24,30,39185
2018-01-24,31,39290
2018-01-24,32,40357
2018-01-24,33,41194
2018-01-24,34,43380
2018-01-24,35,45171
2018-01-24,36,45412
2018-01-24,37,45038
2018-01-24,38,44307
2018-01-24,39,43573
2018-01-24,40,42738
2018-01-24,41,41182
2018-01-24,42,39166
2018-01-24,43,37192
2018-01-24,44,34925
2018-01-24,45,32868
2018-01-24,46,30755
2018-01-24,47,29417
2018-01-24,48,28564
2018-01-25,1,28007
2018-01-25,2,28192
2018-01-25,3,28521
2018-01-25,4,28103
2018-01-25,5,27917
2018-01-25,6,27855
2018-01-25,7,27606
2018-01-25,8,27244
2018-01-25,9,26901
2018-01-25,10,27125
2018-01-25,11,27558
2018-01-25,12,28434
2018-01-25,13,30823
2018-01-25,14,34031
2018-01-25,15,38119
2018-01-25,16,40045
2018-01-25,17,40833
2018-01-25,18,40608
2018-01-25,19,40721
2018-01-25,20,40180
2018-01-25,21,39647
2018-01-25,22,39226
2018-01-25,23,38919
2018-01-25,24,38598
2018-01-25,25,38740
2018-01-25,26,38776
2018-01-25,27,39074
2018-01-25,28,39439
2018-01-25,29,40066
2018-01-25,30,40456
2018-01-25,31,40801
2018-01-25,32,42062
2018-01-25,33,43408
2018-01-25,34,45973
2018-01-25,35,47645
2018-01-25,36,47531
2018-01-25,37,47186
2018-01-25,38,46891
2018-01-25,39,46473
2018-01-25,40,45447
2018-01-25,41,44018
2018-01-25,42,42341
2018-01-25,43,40271
2018-01-25,44,37946
2018-01-25,45,35473
2018-01-25,46,33595
2018-01-25,47,32116
2018-01-25,48,31516
2018-01-26,1,31787
2018-01-26,2,32138
2018-01-26,3,31683
2018-01-26,4,31208
2018-01-26,5,31047
2018-01-26,6,30762
2018-01-26,7,30361
2018-01-26,8,29909
2018-01-26,9,29628
2018-01-26,10,29759
2018-01-26,11,30406
2018-01-26,12,31297
2018-01-26,13,33353
2018-01-26,14,36366
2018-01-26,15,40205
2018-01-26,16,42348
2018-01-26,17,43540
2018-01-26,18,43706
2018-01-26,19,44228
2018-01-26,20,43947
2018-01-26,21,43588
2018-01-26,22,43008
2018-01-26,23,42631
2018-01-26,24,42111
2018-01-26,25,41893
2018-01-26,26,41406
2018-01-26,27,41253
2018-01-26,28,40980
2018-01-26,29,41098
2018-01-26,30,41218
2018-01-26,31,41664
2018-01-26,32,42518
2018-01-26,33,43247
2018-01-26,34,45516
2018-01-26,35,47332
2018-01-26,36,47530
2018-01-26,37,47044
2018-01-26,38,46106
2018-01-26,39,45353
2018-01-26,40,43734
2018-01-26,41,42490
2018-01-26,42,40549
2018-01-26,43,38694
2018-01-26,44,36510
2018-01-26,45,34314
2018-01-26,46,32626
2018-01-26,47,30671
2018-01-26,48,29438
2018-01-27,1,29169
2018-01-27,2,29436
2018-01-27,3,29028
2018-01-27,4,28630
2018-01-27,5,28533
2018-01-27,6,28368
2018-01-27,7,27821
2018-01-27,8,27200
2018-01-27,9,26621
2018-01-27,10,26368
2018-01-27,11,26421
2018-01-27,12,26270
2018-01-27,13,27468
2018-01-27,14,27773
2018-01-27,15,28527
2018-01-27,16,29574
2018-01-27,17,31540
2018-01-27,18,33046
2018-01-27,19,34522
2018-01-27,20,35063
2018-01-27,21,35383
2018-01-27,22,35786
2018-01-27,23,36061
2018-01-27,24,36214
2018-01-27,25,36336
2018-01-27,26,36514
2018-01-27,27,36284
2018-01-27,28,35825
2018-01-27,29,35496
2018-01-27,30,35129
2018-01-27,31,35252
2018-01-27,32,35520
2018-01-27,33,36389
2018-01-27,34,38434
2018-01-27,35,40374
2018-01-27,36,40978
2018-01-27,37,40389
2018-01-27,38,39306
2018-01-27,39,38010
2018-01-27,40,36450
2018-01-27,41,35214
2018-01-27,42,33851
2018-01-27,43,32604
2018-01-27,44,31184
2018-01-27,45,29455
2018-01-27,46,28254
2018-01-27,47,26770
2018-01-27,48,25898
2018-01-28,1,26009
2018-01-28,2,26256
2018-01-28,3,25859
2018-01-28,4,25203
2018-01-28,5,25129
2018-01-28,6,24976
2018-01-28,7,24816
2018-01-28,8,24569
2018-01-28,9,24518
2018-01-28,10,24626
2018-01-28,11,24616
2018-01-28,12,24941
2018-01-28,13,25317
2018-01-28,14,26063
2018-01-28,15,26993
2018-01-28,16,26800
2018-01-28,17,27381
2018-01-28,18,28790
2018-01-28,19,30335
2018-01-28,20,31333
2018-01-28,21,31975
2018-01-28,22,32250
2018-01-28,23,32488
2018-01-28,24,32538
2018-01-28,25,32790
2018-01-28,26,32806
2018-01-28,27,32917
2018-01-28,28,32702
2018-01-28,29,32722
2018-01-28,30,32874
2018-01-28,31,33637
2018-01-28,32,34482
2018-01-28,33,35980
2018-01-28,34,37980
2018-01-28,35,40037
2018-01-28,36,40162
2018-01-28,37,39813
2018-01-28,38,38758
2018-01-28,39,37750
2018-01-28,40,36606
2018-01-28,41,35207
2018-01-28,42,33540
2018-01-28,43,32034
2018-01-28,44,30070
2018-01-28,45,28379
2018-01-28,46,26827
2018-01-28,47,25268
2018-01-28,48,24826
2018-01-29,1,25040
2018-01-29,2,25470
2018-01-29,3,25799
2018-01-29,4,25448
2018-01-29,5,25067
2018-01-29,6,25008
2018-01-29,7,24689
2018-01-29,8,24349
2018-01-29,9,24124
2018-01-29,10,24228
2018-01-29,11,24597
2018-01-29,12,25340
2018-01-29,13,28124
2018-01-29,14,31536
2018-01-29,15,35423
2018-01-29,16,37463
2018-01-29,17,38774
2018-01-29,18,39037
2018-01-29,19,39218
2018-01-29,20,39322
2018-01-29,21,39210
2018-01-29,22,39478
2018-01-29,23,39698
2018-01-29,24,39669
2018-01-29,25,39537
2018-01-29,26,39400
2018-01-29,27,39168
2018-01-29,28,38760
2018-01-29,29,38725
2018-01-29,30,38673
2018-01-29,31,39099
2018-01-29,32,40411
2018-01-29,33,41591
2018-01-29,34,43520
2018-01-29,35,45836
2018-01-29,36,46260
2018-01-29,37,45982
2018-01-29,38,45499
2018-01-29,39,45184
2018-01-29,40,44092
2018-01-29,41,42739
2018-01-29,42,40984
2018-01-29,43,39026
2018-01-29,44,36786
2018-01-29,45,34632
2018-01-29,46,32322
2018-01-29,47,30375
2018-01-29,48,29677
2018-01-30,1,29182
2018-01-30,2,29576
2018-01-30,3,29493
2018-01-30,4,29288
2018-01-30,5,28896
2018-01-30,6,29146
2018-01-30,7,28761
2018-01-30,8,28433
2018-01-30,9,28375
2018-01-30,10,28551
2018-01-30,11,29265
2018-01-30,12,30072
2018-01-30,13,32495
2018-01-30,14,35731
2018-01-30,15,39764
2018-01-30,16,41333
2018-01-30,17,42211
2018-01-30,18,41990
2018-01-30,19,42122
2018-01-30,20,41856
2018-01-30,21,41342
2018-01-30,22,40736
2018-01-30,23,40214
2018-01-30,24,39642
2018-01-30,25,39452
2018-01-30,26,39238
2018-01-30,27,39358
2018-01-30,28,39602
2018-01-30,29,40000
2018-01-30,30,40458
2018-01-30,31,40959
2018-01-30,32,42060
2018-01-30,33,42793
2018-01-30,34,44742
2018-01-30,35,46952
2018-01-30,36,46733
2018-01-30,37,46273
2018-01-30,38,45613
2018-01-30,39,44974
2018-01-30,40,43675
2018-01-30,41,42206
2018-01-30,42,40022
2018-01-30,43,37712
2018-01-30,44,35453
2018-01-30,45,33195
2018-01-30,46,30798
2018-01-30,47,28301
2018-01-30,48,27177
2018-01-31,1,27238
2018-01-31,2,27957
2018-01-31,3,28016
2018-01-31,4,27410
2018-01-31,5,27224
2018-01-31,6,27321
2018-01-31,7,26856
2018-01-31,8,26209
2018-01-31,9,26021
2018-01-31,10,26009
2018-01-31,11,26714
2018-01-31,12,27573
2018-01-31,13,29820
2018-01-31,14,32713
2018-01-31,15,36919
2018-01-31,16,38669
2018-01-31,17,39208
2018-01-31,18,39246
2018-01-31,19,39817
2018-01-31,20,39694
2018-01-31,21,39508
2018-01-31,22,39307
2018-01-31,23,39016
2018-01-31,24,38718
2018-01-31,25,38975
2018-01-31,26,38509
2018-01-31,27,37751
2018-01-31,28,38264
2018-01-31,29,38217
2018-01-31,30,38208
2018-01-31,31,38700
2018-01-31,32,40338
2018-01-31,33,41596
2018-01-31,34,43846
2018-01-31,35,46400
2018-01-31,36,46755
2018-01-31,37,46567
2018-01-31,38,45864
2018-01-31,39,45230
2018-01-31,40,43835
2018-01-31,41,42684
2018-01-31,42,40683
2018-01-31,43,38649
2018-01-31,44,36406
2018-01-31,45,34120
2018-01-31,46,32096
2018-01-31,47,30030
2018-01-31,48,28718
2018-02-01,1,28768
2018-02-01,2,29505
2018-02-01,3,29443
2018-02-01,4,29012
2018-02-01,5,28989
2018-02-01,6,28856
2018-02-01,7,28352
2018-02-01,8,27823
2018-02-01,9,27642
2018-02-01,10,27672
2018-02-01,11,28551
2018-02-01,12,29397
2018-02-01,13,31982
2018-02-01,14,34588
2018-02-01,15,38420
2018-02-01,16,39858
2018-02-01,17,40334
2018-02-01,18,40100
2018-02-01,19,40134
2018-02-01,20,39621
2018-02-01,21,38758
2018-02-01,22,37834
2018-02-01,23,37685
2018-02-01,24,37470
2018-02-01,25,37827
2018-02-01,26,37770
2018-02-01,27,38036
2018-02-01,28,38256
2018-02-01,29,38824
2018-02-01,30,39200
2018-02-01,31,39754
2018-02-01,32,40819
2018-02-01,33,41584
2018-02-01,34,43442
2018-02-01,35,45853
2018-02-01,36,46652
2018-02-01,37,46498
2018-02-01,38,45764
2018-02-01,39,44987
2018-02-01,40,43735
2018-02-01,41,42448
2018-02-01,42,40684
2018-02-01,43,38566
2018-02-01,44,36232
2018-02-01,45,33926
2018-02-01,46,31846
2018-02-01,47,30256
2018-02-01,48,29551
2018-02-02,1,29473
2018-02-02,2,29996
2018-02-02,3,29734
2018-02-02,4,29237
2018-02-02,5,29030
2018-02-02,6,28940
2018-02-02,7,28737
2018-02-02,8,28286
2018-02-02,9,28126
2018-02-02,10,28366
2018-02-02,11,29104
2018-02-02,12,29961
2018-02-02,13,32084
2018-02-02,14,35373
2018-02-02,15,39488
2018-02-02,16,41348
2018-02-02,17,42265
2018-02-02,18,42067
2018-02-02,19,42282
2018-02-02,20,41797
2018-02-02,21,41596
2018-02-02,22,41123
2018-02-02,23,40859
2018-02-02,24,40461
2018-02-02,25,40564
2018-02-02,26,40574
2018-02-02,27,40573
2018-02-02,28,40807
2018-02-02,29,41152
2018-02-02,30,41285
2018-02-02,31,41477
2018-02-02,32,42190
2018-02-02,33,43146
2018-02-02,34,44865
2018-02-02,35,46883
2018-02-02,36,47403
2018-02-02,37,47236
2018-02-02,38,46705
2018-02-02,39,45701
2018-02-02,40,44498
2018-02-02,41,43170
2018-02-02,42,41475
2018-02-02,43,39566
2018-02-02,44,37551
2018-02-02,45,35788
2018-02-02,46,34059
2018-02-02,47,32373
2018-02-02,48,31523
2018-02-03,1,31296
2018-02-03,2,31656
2018-02-03,3,31670
2018-02-03,4,31152
2018-02-03,5,30629
2018-02-03,6,30519
2018-02-03,7,30108
2018-02-03,8,29489
2018-02-03,9,29079
2018-02-03,10,28937
2018-02-03,11,29071
2018-02-03,12,29173
2018-02-03,13,30391
2018-02-03,14,31235
2018-02-03,15,32259
2018-02-03,16,33350
2018-02-03,17,35347
2018-02-03,18,36989
2018-02-03,19,38350
2018-02-03,20,38866
2018-02-03,21,39192
2018-02-03,22,39398
2018-02-03,23,39747
2018-02-03,24,39888
2018-02-03,25,40120
2018-02-03,26,39920
2018-02-03,27,39791
2018-02-03,28,39389
2018-02-03,29,39235
2018-02-03,30,39021
2018-02-03,31,39115
2018-02-03,32,39203
2018-02-03,33,40144
2018-02-03,34,41568
2018-02-03,35,43510
2018-02-03,36,44136
2018-02-03,37,43808
2018-02-03,38,42952
2018-02-03,39,42136
2018-02-03,40,40670
2018-02-03,41,39323
2018-02-03,42,37776
2018-02-03,43,36347
2018-02-03,44,34792
2018-02-03,45,33370
2018-02-03,46,32118
2018-02-03,47,30869
2018-02-03,48,30438
2018-02-04,1,30777
2018-02-04,2,31185
2018-02-04,3,30686
2018-02-04,4,30026
2018-02-04,5,29761
2018-02-04,6,29513
2018-02-04,7,29153
2018-02-04,8,28769
2018-02-04,9,28420
2018-02-04,10,28393
2018-02-04,11,28268
2018-02-04,12,28432
2018-02-04,13,29243
2018-02-04,14,29598
2018-02-04,15,29713
2018-02-04,16,29870
2018-02-04,17,31068
2018-02-04,18,32568
2018-02-04,19,34061
2018-02-04,20,34617
2018-02-04,21,34968
2018-02-04,22,34894
2018-02-04,23,35154
2018-02-04,24,35650
2018-02-04,25,36186
2018-02-04,26,36906
2018-02-04,27,37274
2018-02-04,28,37401
2018-02-04,29,37560
2018-02-04,30,37862
2018-02-04,31,38615
2018-02-04,32,39465
2018-02-04,33,40897
2018-02-04,34,42649
2018-02-04,35,44789
2018-02-04,36,45786
2018-02-04,37,45489
2018-02-04,38,45006
2018-02-04,39,44264
2018-02-04,40,43222
2018-02-04,41,41833
2018-02-04,42,40160
2018-02-04,43,38792
2018-02-04,44,37022
2018-02-04,45,35061
2018-02-04,46,33032
2018-02-04,47,31241
2018-02-04,48,30747
2018-02-05,1,31184
2018-02-05,2,31576
2018-02-05,3,31669
2018-02-05,4,31308
2018-02-05,5,31132
2018-02-05,6,30960
2018-02-05,7,30738
2018-02-05,8,30286
2018-02-05,9,30018
2018-02-05,10,30226
2018-02-05,11,31076
2018-02-05,12,31798
2018-02-05,13,34174
2018-02-05,14,37506
2018-02-05,15,41520
2018-02-05,16,43424
2018-02-05,17,44686
2018-02-05,18,44797
2018-02-05,19,45354
2018-02-05,20,45171
2018-02-05,21,44673
2018-02-05,22,44314
2018-02-05,23,44190
2018-02-05,24,43968
2018-02-05,25,44206
2018-02-05,26,44125
2018-02-05,27,44388
2018-02-05,28,44190
2018-02-05,29,44276
2018-02-05,30,44432
2018-02-05,31,44923
2018-02-05,32,46015
2018-02-05,33,46645
2018-02-05,34,47366
2018-02-05,35,48140
2018-02-05,36,49123
2018-02-05,37,48936
2018-02-05,38,48670
2018-02-05,39,48486
2018-02-05,40,48017
2018-02-05,41,46511
2018-02-05,42,44962
2018-02-05,43,42758
2018-02-05,44,40102
2018-02-05,45,37536
2018-02-05,46,35195
2018-02-05,47,33486
2018-02-05,48,32356
2018-02-06,1,32616
2018-02-06,2,33048
2018-02-06,3,33131
2018-02-06,4,32768
2018-02-06,5,32387
2018-02-06,6,32557
2018-02-06,7,32248
2018-02-06,8,31743
2018-02-06,9,31471
2018-02-06,10,31592
2018-02-06,11,32141
2018-02-06,12,33071
2018-02-06,13,35354
2018-02-06,14,38811
2018-02-06,15,42804
2018-02-06,16,44434
2018-02-06,17,44981
2018-02-06,18,44736
2018-02-06,19,45085
2018-02-06,20,45054
2018-02-06,21,44662
2018-02-06,22,44152
2018-02-06,23,44145
2018-02-06,24,44311
2018-02-06,25,44668
2018-02-06,26,44680
2018-02-06,27,45258
2018-02-06,28,44968
2018-02-06,29,44750
2018-02-06,30,44754
2018-02-06,31,44622
2018-02-06,32,45554
2018-02-06,33,46395
2018-02-06,34,47132
2018-02-06,35,47413
2018-02-06,36,48383
2018-02-06,37,48156
2018-02-06,38,48080
2018-02-06,39,48759
2018-02-06,40,47512
2018-02-06,41,46375
2018-02-06,42,44324
2018-02-06,43,42104
2018-02-06,44,39596
2018-02-06,45,37120
2018-02-06,46,34823
2018-02-06,47,32684
2018-02-06,48,31614
2018-02-07,1,31637
2018-02-07,2,32208
2018-02-07,3,32169
2018-02-07,4,31779
2018-02-07,5,31446
2018-02-07,6,31512
2018-02-07,7,31317
2018-02-07,8,30915
2018-02-07,9,30998
2018-02-07,10,31368
2018-02-07,11,31703
2018-02-07,12,32322
2018-02-07,13,35326
2018-02-07,14,38938
2018-02-07,15,42882
2018-02-07,16,44269
2018-02-07,17,45264
2018-02-07,18,45235
2018-02-07,19,45611
2018-02-07,20,45322
2018-02-07,21,44258
2018-02-07,22,43485
2018-02-07,23,42939
2018-02-07,24,42510
2018-02-07,25,42415
2018-02-07,26,42040
2018-02-07,27,42058
2018-02-07,28,42102
2018-02-07,29,42763
2018-02-07,30,43202
2018-02-07,31,43728
2018-02-07,32,44728
2018-02-07,33,45516
2018-02-07,34,46762
2018-02-07,35,47812
2018-02-07,36,48252
2018-02-07,37,47892
2018-02-07,38,47731
2018-02-07,39,47115
2018-02-07,40,46500
2018-02-07,41,46037
2018-02-07,42,43954
2018-02-07,43,41665
2018-02-07,44,39136
2018-02-07,45,36682
2018-02-07,46,34545
2018-02-07,47,32361
2018-02-07,48,31768
2018-02-08,1,31550
2018-02-08,2,31890
2018-02-08,3,31896
2018-02-08,4,31331
2018-02-08,5,30922
2018-02-08,6,30845
2018-02-08,7,30706
2018-02-08,8,30257
2018-02-08,9,29989
2018-02-08,10,30226
2018-02-08,11,30204
2018-02-08,12,31015
2018-02-08,13,34320
2018-02-08,14,37957
2018-02-08,15,41579
2018-02-08,16,43045
2018-02-08,17,43858
2018-02-08,18,43925
2018-02-08,19,44451
2018-02-08,20,44326
2018-02-08,21,44024
2018-02-08,22,43762
2018-02-08,23,43628
2018-02-08,24,43432
2018-02-08,25,43503
2018-02-08,26,43226
2018-02-08,27,43332
2018-02-08,28,43130
2018-02-08,29,43422
2018-02-08,30,43472
2018-02-08,31,43620
2018-02-08,32,44224
2018-02-08,33,43745
2018-02-08,34,44616
2018-02-08,35,45441
2018-02-08,36,46416
2018-02-08,37,46207
2018-02-08,38,45958
2018-02-08,39,45665
2018-02-08,40,44475
2018-02-08,41,43217
2018-02-08,42,41352
2018-02-08,43,39104
2018-02-08,44,36815
2018-02-08,45,34420
2018-02-08,46,32442
2018-02-08,47,30647
2018-02-08,48,29890
2018-02-09,1,29908
2018-02-09,2,30289
2018-02-09,3,30420
2018-02-09,4,30144
2018-02-09,5,29638
2018-02-09,6,29539
2018-02-09,7,29194
2018-02-09,8,28894
2018-02-09,9,28722
2018-02-09,10,28884
2018-02-09,11,29396
2018-02-09,12,30332
2018-02-09,13,32923
2018-02-09,14,35848
2018-02-09,15,39393
2018-02-09,16,40737
2018-02-09,17,41800
2018-02-09,18,41782
2018-02-09,19,41997
2018-02-09,20,41824
2018-02-09,21,41421
2018-02-09,22,41041
2018-02-09,23,40814
2018-02-09,24,40942
2018-02-09,25,40791
2018-02-09,26,40326
2018-02-09,27,39896
2018-02-09,28,39525
2018-02-09,29,39580
2018-02-09,30,39554
2018-02-09,31,39661
2018-02-09,32,40652
2018-02-09,33,41652
2018-02-09,34,43500
2018-02-09,35,45530
2018-02-09,36,47164
2018-02-09,37,47187
2018-02-09,38,46557
2018-02-09,39,45535
2018-02-09,40,44572
2018-02-09,41,43764
2018-02-09,42,42050
2018-02-09,43,40162
2018-02-09,44,38118
2018-02-09,45,36012
2018-02-09,46,34307
2018-02-09,47,32207
2018-02-09,48,31038
2018-02-10,1,30819
2018-02-10,2,31130
2018-02-10,3,31114
2018-02-10,4,30468
2018-02-10,5,30274
2018-02-10,6,30301
2018-02-10,7,29803
2018-02-10,8,28895
2018-02-10,9,28289
2018-02-10,10,28005
2018-02-10,11,27999
2018-02-10,12,28036
2018-02-10,13,29096
2018-02-10,14,29829
2018-02-10,15,30235
2018-02-10,16,31310
2018-02-10,17,33356
2018-02-10,18,35276
2018-02-10,19,36826
2018-02-10,20,37579
2018-02-10,21,37954
2018-02-10,22,38314
2018-02-10,23,38284
2018-02-10,24,38334
2018-02-10,25,38435
2018-02-10,26,38326
2018-02-10,27,38148
2018-02-10,28,37712
2018-02-10,29,37420
2018-02-10,30,37402
2018-02-10,31,37670
2018-02-10,32,37914
2018-02-10,33,38676
2018-02-10,34,39890
2018-02-10,35,41070
2018-02-10,36,41855
2018-02-10,37,41601
2018-02-10,38,41286
2018-02-10,39,40432
2018-02-10,40,38773
2018-02-10,41,37306
2018-02-10,42,35763
2018-02-10,43,34100
2018-02-10,44,32482
2018-02-10,45,30747
2018-02-10,46,29416
2018-02-10,47,27786
2018-02-10,48,26862
2018-02-11,1,26431
2018-02-11,2,26672
2018-02-11,3,26761
2018-02-11,4,26313
2018-02-11,5,26164
2018-02-11,6,25997
2018-02-11,7,25646
2018-02-11,8,25361
2018-02-11,9,25024
2018-02-11,10,24899
2018-02-11,11,25024
2018-02-11,12,25145
2018-02-11,13,25844
2018-02-11,14,26558
2018-02-11,15,27196
2018-02-11,16,27508
2018-02-11,17,28344
2018-02-11,18,29427
2018-02-11,19,30356
2018-02-11,20,30711
2018-02-11,21,31120
2018-02-11,22,31392
2018-02-11,23,31706
2018-02-11,24,31997
2018-02-11,25,32333
2018-02-11,26,32680
2018-02-11,27,32422
2018-02-11,28,32442
2018-02-11,29,32799
2018-02-11,30,33342
2018-02-11,31,34375
2018-02-11,32,35302
2018-02-11,33,36751
2018-02-11,34,38680
2018-02-11,35,40976
2018-02-11,36,42643
2018-02-11,37,42330
2018-02-11,38,41930
2018-02-11,39,41426
2018-02-11,40,40240
2018-02-11,41,39140
2018-02-11,42,37469
2018-02-11,43,36160
2018-02-11,44,34247
2018-02-11,45,32356
2018-02-11,46,30724
2018-02-11,47,29376
2018-02-11,48,28667
2018-02-12,1,28902
2018-02-12,2,29664
2018-02-12,3,29596
2018-02-12,4,29130
2018-02-12,5,28987
2018-02-12,6,29042
2018-02-12,7,28834
2018-02-12,8,28602
2018-02-12,9,28608
2018-02-12,10,28644
2018-02-12,11,28706
2018-02-12,12,29900
2018-02-12,13,32762
2018-02-12,14,35622
2018-02-12,15,38716
2018-02-12,16,40477
2018-02-12,17,42026
2018-02-12,18,42350
2018-02-12,19,42551
2018-02-12,20,41965
2018-02-12,21,41114
2018-02-12,22,40314
2018-02-12,23,39801
2018-02-12,24,39368
2018-02-12,25,39422
2018-02-12,26,39445
2018-02-12,27,39564
2018-02-12,28,39844
2018-02-12,29,40323
2018-02-12,30,40632
2018-02-12,31,41188
2018-02-12,32,41810
2018-02-12,33,42229
2018-02-12,34,43541
2018-02-12,35,45157
2018-02-12,36,46928
2018-02-12,37,46865
2018-02-12,38,46018
2018-02-12,39,45537
2018-02-12,40,44650
2018-02-12,41,43382
2018-02-12,42,41336
2018-02-12,43,39175
2018-02-12,44,36683
2018-02-12,45,34396
2018-02-12,46,32334
2018-02-12,47,30722
2018-02-12,48,30104
2018-02-13,1,29440
2018-02-13,2,29824
2018-02-13,3,29797
2018-02-13,4,29538
2018-02-13,5,29096
2018-02-13,6,28851
2018-02-13,7,28710
2018-02-13,8,28278
2018-02-13,9,28026
2018-02-13,10,28160
2018-02-13,11,28772
2018-02-13,12,29583
2018-02-13,13,31560
2018-02-13,14,33919
2018-02-13,15,37028
2018-02-13,16,38843
2018-02-13,17,40668
2018-02-13,18,41731
2018-02-13,19,42686
2018-02-13,20,43259
2018-02-13,21,43459
2018-02-13,22,43555
2018-02-13,23,43820
2018-02-13,24,44087
2018-02-13,25,44333
2018-02-13,26,44065
2018-02-13,27,43858
2018-02-13,28,43698
2018-02-13,29,43654
2018-02-13,30,43686
2018-02-13,31,43598
2018-02-13,32,44026
2018-02-13,33,44158
2018-02-13,34,45373
2018-02-13,35,46398
2018-02-13,36,47289
2018-02-13,37,47510
2018-02-13,38,47363
2018-02-13,39,47561
2018-02-13,40,46746
2018-02-13,41,45819
2018-02-13,42,44224
2018-02-13,43,42323
2018-02-13,44,39794
2018-02-13,45,37387
2018-02-13,46,35103
2018-02-13,47,32773
2018-02-13,48,31862
2018-02-14,1,31843
2018-02-14,2,32119
2018-02-14,3,32396
2018-02-14,4,31967
2018-02-14,5,31911
2018-02-14,6,31953
2018-02-14,7,31615
2018-02-14,8,31151
2018-02-14,9,30682
2018-02-14,10,30547
2018-02-14,11,30884
2018-02-14,12,31604
2018-02-14,13,33670
2018-02-14,14,35651
2018-02-14,15,38078
2018-02-14,16,38988
2018-02-14,17,40261
2018-02-14,18,41186
2018-02-14,19,42041
2018-02-14,20,42496
2018-02-14,21,42700
2018-02-14,22,42820
2018-02-14,23,43060
2018-02-14,24,43208
2018-02-14,25,43681
2018-02-14,26,43819
2018-02-14,27,43726
2018-02-14,28,43756
2018-02-14,29,43944
2018-02-14,30,43768
2018-02-14,31,43804
2018-02-14,32,44339
2018-02-14,33,44276
2018-02-14,34,45339
2018-02-14,35,46556
2018-02-14,36,47287
2018-02-14,37,47260
2018-02-14,38,46785
2018-02-14,39,45819
2018-02-14,40,44933
2018-02-14,41,43630
2018-02-14,42,41951
2018-02-14,43,39780
2018-02-14,44,37467
2018-02-14,45,34890
2018-02-14,46,32778
2018-02-14,47,30793
2018-02-14,48,30112
2018-02-15,1,30081
2018-02-15,2,30686
2018-02-15,3,30630
2018-02-15,4,30246
2018-02-15,5,29990
2018-02-15,6,30047
2018-02-15,7,29672
2018-02-15,8,29152
2018-02-15,9,28864
2018-02-15,10,28851
2018-02-15,11,29288
2018-02-15,12,30038
2018-02-15,13,32308
2018-02-15,14,34473
2018-02-15,15,36848
2018-02-15,16,38028
2018-02-15,17,38780
2018-02-15,18,38988
2018-02-15,19,39008
2018-02-15,20,38257
2018-02-15,21,37201
2018-02-15,22,36426
2018-02-15,23,35733
2018-02-15,24,35406
2018-02-15,25,35668
2018-02-15,26,35211
2018-02-15,27,34880
2018-02-15,28,34785
2018-02-15,29,35090
2018-02-15,30,35541
2018-02-15,31,36438
2018-02-15,32,37429
2018-02-15,33,38792
2018-02-15,34,40856
2018-02-15,35,43033
2018-02-15,36,45413
2018-02-15,37,45938
2018-02-15,38,45655
2018-02-15,39,45212
2018-02-15,40,44347
2018-02-15,41,43307
2018-02-15,42,41580
2018-02-15,43,39509
2018-02-15,44,37093
2018-02-15,45,34915
2018-02-15,46,32915
2018-02-15,47,31542
2018-02-15,48,30435
2018-02-16,1,30634
2018-02-16,2,31049
2018-02-16,3,31015
2018-02-16,4,30606
2018-02-16,5,30469
2018-02-16,6,30301
2018-02-16,7,29961
2018-02-16,8,29473
2018-02-16,9,29159
2018-02-16,10,29221
2018-02-16,11,29772
2018-02-16,12,30356
2018-02-16,13,32780
2018-02-16,14,35544
2018-02-16,15,38357
2018-02-16,16,39703
2018-02-16,17,40572
2018-02-16,18,40432
2018-02-16,19,40456
2018-02-16,20,39735
2018-02-16,21,39057
2018-02-16,22,38506
2018-02-16,23,38016
2018-02-16,24,37460
2018-02-16,25,37259
2018-02-16,26,36813
2018-02-16,27,36930
2018-02-16,28,36583
2018-02-16,29,36903
2018-02-16,30,37303
2018-02-16,31,37933
2018-02-16,32,38973
2018-02-16,33,39339
2018-02-16,34,40788
2018-02-16,35,42881
2018-02-16,36,44881
2018-02-16,37,45184
2018-02-16,38,44436
2018-02-16,39,43493
2018-02-16,40,42238
2018-02-16,41,41065
2018-02-16,42,39299
2018-02-16,43,37486
2018-02-16,44,35616
2018-02-16,45,33573
2018-02-16,46,31851
2018-02-16,47,29938
2018-02-16,48,28938
2018-02-17,1,29181
2018-02-17,2,29571
2018-02-17,3,29871
2018-02-17,4,29335
2018-02-17,5,28827
2018-02-17,6,28642
2018-02-17,7,28562
2018-02-17,8,28206
2018-02-17,9,28161
2018-02-17,10,27840
2018-02-17,11,27800
2018-02-17,12,28050
2018-02-17,13,28674
2018-02-17,14,29688
2018-02-17,15,31174
2018-02-17,16,31993
2018-02-17,17,33493
2018-02-17,18,34983
2018-02-17,19,36153
2018-02-17,20,36344
2018-02-17,21,36303
2018-02-17,22,35721
2018-02-17,23,35262
2018-02-17,24,34881
2018-02-17,25,34675
2018-02-17,26,34155
2018-02-17,27,33771
2018-02-17,28,33410
2018-02-17,29,33248
2018-02-17,30,33298
2018-02-17,31,33782
2018-02-17,32,34589
2018-02-17,33,36124
2018-02-17,34,38280
2018-02-17,35,40498
2018-02-17,36,42390
2018-02-17,37,42922
2018-02-17,38,42417
2018-02-17,39,41451
2018-02-17,40,39962
2018-02-17,41,38501
2018-02-17,42,37036
2018-02-17,43,35644
2018-02-17,44,34326
2018-02-17,45,32776
2018-02-17,46,31648
2018-02-17,47,30192
2018-02-17,48,29247
2018-02-18,1,29214
2018-02-18,2,29535
2018-02-18,3,29684
2018-02-18,4,29540
2018-02-18,5,29278
2018-02-18,6,29233
2018-02-18,7,28990
2018-02-18,8,28478
2018-02-18,9,28327
2018-02-18,10,28168
2018-02-18,11,28086
2018-02-18,12,28314
2018-02-18,13,28743
2018-02-18,14,29267
2018-02-18,15,29496
2018-02-18,16,29695
2018-02-18,17,30540
2018-02-18,18,31773
2018-02-18,19,33121
2018-02-18,20,33884
2018-02-18,21,34634
2018-02-18,22,34905
2018-02-18,23,35251
2018-02-18,24,35446
2018-02-18,25,35802
2018-02-18,26,36157
2018-02-18,27,36232
2018-02-18,28,36250
2018-02-18,29,36528
2018-02-18,30,36634
2018-02-18,31,37150
2018-02-18,32,37888
2018-02-18,33,38762
2018-02-18,34,40337
2018-02-18,35,41926
2018-02-18,36,43155
2018-02-18,37,43309
2018-02-18,38,42604
2018-02-18,39,41580
2018-02-18,40,40309
2018-02-18,41,39175
2018-02-18,42,37578
2018-02-18,43,36127
2018-02-18,44,34374
2018-02-18,45,32487
2018-02-18,46,31018
2018-02-18,47,29296
2018-02-18,48,28714
2018-02-19,1,28871
2018-02-19,2,29873
2018-02-19,3,29804
2018-02-19,4,29464
2018-02-19,5,29063
2018-02-19,6,29140
2018-02-19,7,28851
2018-02-19,8,28494
2018-02-19,9,28245
2018-02-19,10,28385
2018-02-19,11,28757
2018-02-19,12,29419
2018-02-19,13,31743
2018-02-19,14,34915
2018-02-19,15,38239
2018-02-19,16,39849
2018-02-19,17,41289
2018-02-19,18,42106
2018-02-19,19,43254
2018-02-19,20,43598
2018-02-19,21,43716
2018-02-19,22,43856
2018-02-19,23,43840
2018-02-19,24,43627
2018-02-19,25,43649
2018-02-19,26,43263
2018-02-19,27,42963
2018-02-19,28,42689
2018-02-19,29,42600
2018-02-19,30,42467
2018-02-19,31,42348
2018-02-19,32,42787
2018-02-19,33,43003
2018-02-19,34,44255
2018-02-19,35,45278
2018-02-19,36,46419
2018-02-19,37,46928
2018-02-19,38,46487
2018-02-19,39,46124
2018-02-19,40,44612
2018-02-19,41,43354
2018-02-19,42,41393
2018-02-19,43,39226
2018-02-19,44,36744
2018-02-19,45,34394
2018-02-19,46,32196
2018-02-19,47,29964
2018-02-19,48,29006
2018-02-20,1,29241
2018-02-20,2,29594
2018-02-20,3,29639
2018-02-20,4,28969
2018-02-20,5,28524
2018-02-20,6,28375
2018-02-20,7,28099
2018-02-20,8,27596
2018-02-20,9,27344
2018-02-20,10,27546
2018-02-20,11,28117
2018-02-20,12,28671
2018-02-20,13,31080
2018-02-20,14,34149
2018-02-20,15,37103
2018-02-20,16,38434
2018-02-20,17,39015
2018-02-20,18,39151
2018-02-20,19,39484
2018-02-20,20,39168
2018-02-20,21,38736
2018-02-20,22,38430
2018-02-20,23,37996
2018-02-20,24,37211
2018-02-20,25,37460
2018-02-20,26,36885
2018-02-20,27,36733
2018-02-20,28,36569
2018-02-20,29,36738
2018-02-20,30,37058
2018-02-20,31,37778
2018-02-20,32,38937
2018-02-20,33,39770
2018-02-20,34,41583
2018-02-20,35,43391
2018-02-20,36,45254
2018-02-20,37,45961
2018-02-20,38,45697
2018-02-20,39,45071
2018-02-20,40,44166
2018-02-20,41,43133
2018-02-20,42,41544
2018-02-20,43,39784
2018-02-20,44,37722
2018-02-20,45,35197
2018-02-20,46,32954
2018-02-20,47,30914
2018-02-20,48,30568
2018-02-21,1,30464
2018-02-21,2,30756
2018-02-21,3,30679
2018-02-21,4,30191
2018-02-21,5,29929
2018-02-21,6,29908
2018-02-21,7,29658
2018-02-21,8,29506
2018-02-21,9,29310
2018-02-21,10,29485
2018-02-21,11,29936
2018-02-21,12,30810
2018-02-21,13,33281
2018-02-21,14,36314
2018-02-21,15,39350
2018-02-21,16,40795
2018-02-21,17,41906
2018-02-21,18,42158
2018-02-21,19,42509
2018-02-21,20,42290
2018-02-21,21,41813
2018-02-21,22,41676
2018-02-21,23,41489
2018-02-21,24,41409
2018-02-21,25,41616
2018-02-21,26,41469
2018-02-21,27,41300
2018-02-21,28,41233
2018-02-21,29,41634
2018-02-21,30,41862
2018-02-21,31,42126
2018-02-21,32,42845
2018-02-21,33,43287
2018-02-21,34,44668
2018-02-21,35,45987
2018-02-21,36,47106
2018-02-21,37,47805
2018-02-21,38,47451
2018-02-21,39,46668
2018-02-21,40,45874
2018-02-21,41,44720
2018-02-21,42,43278
2018-02-21,43,40963
2018-02-21,44,38540
2018-02-21,45,36078
2018-02-21,46,33860
2018-02-21,47,31979
2018-02-21,48,31351
2018-02-22,1,31378
2018-02-22,2,31808
2018-02-22,3,31903
2018-02-22,4,31476
2018-02-22,5,30772
2018-02-22,6,30818
2018-02-22,7,30726
2018-02-22,8,30282
2018-02-22,9,30077
2018-02-22,10,30218
2018-02-22,11,30751
2018-02-22,12,31463
2018-02-22,13,33649
2018-02-22,14,36394
2018-02-22,15,39564
2018-02-22,16,41118
2018-02-22,17,42075
2018-02-22,18,42165
2018-02-22,19,42568
2018-02-22,20,42404
2018-02-22,21,41960
2018-02-22,22,41342
2018-02-22,23,41369
2018-02-22,24,41055
2018-02-22,25,40968
2018-02-22,26,40558
2018-02-22,27,40332
2018-02-22,28,39938
2018-02-22,29,39823
2018-02-22,30,39665
2018-02-22,31,39907
2018-02-22,32,40767
2018-02-22,33,41605
2018-02-22,34,43480
2018-02-22,35,45178
2018-02-22,36,47108
2018-02-22,37,48246
2018-02-22,38,48044
2018-02-22,39,47193
2018-02-22,40,46315
2018-02-22,41,45396
2018-02-22,42,43634
2018-02-22,43,41422
2018-02-22,44,38769
2018-02-22,45,36287
2018-02-22,46,34123
2018-02-22,47,32589
2018-02-22,48,32021
2018-02-23,1,31613
2018-02-23,2,32033
2018-02-23,3,32084
2018-02-23,4,31563
2018-02-23,5,31406
2018-02-23,6,31476
2018-02-23,7,31434
2018-02-23,8,30401
2018-02-23,9,30813
2018-02-23,10,31050
2018-02-23,11,31140
2018-02-23,12,31621
2018-02-23,13,33968
2018-02-23,14,37030
2018-02-23,15,40078
2018-02-23,16,41306
2018-02-23,17,41990
2018-02-23,18,41937
2018-02-23,19,41844
2018-02-23,20,41348
2018-02-23,21,40578
2018-02-23,22,40088
2018-02-23,23,39620
2018-02-23,24,39220
2018-02-23,25,39069
2018-02-23,26,38685
2018-02-23,27,38668
2018-02-23,28,38232
2018-02-23,29,38203
2018-02-23,30,38136
2018-02-23,31,38558
2018-02-23,32,39392
2018-02-23,33,39811
2018-02-23,34,41492
2018-02-23,35,43304
2018-02-23,36,45204
2018-02-23,37,45966
2018-02-23,38,45391
2018-02-23,39,44796
2018-02-23,40,43802
2018-02-23,41,42454
2018-02-23,42,40732
2018-02-23,43,38711
2018-02-23,44,36758
2018-02-23,45,34676
2018-02-23,46,33043
2018-02-23,47,31846
2018-02-23,48,31046
2018-02-24,1,31132
2018-02-24,2,31542
2018-02-24,3,31659
2018-02-24,4,30956
2018-02-24,5,30618
2018-02-24,6,30486
2018-02-24,7,30141
2018-02-24,8,29593
2018-02-24,9,29228
2018-02-24,10,29016
2018-02-24,11,29292
2018-02-24,12,29404
2018-02-24,13,29774
2018-02-24,14,30444
2018-02-24,15,31790
2018-02-24,16,32680
2018-02-24,17,34026
2018-02-24,18,34837
2018-02-24,19,35170
2018-02-24,20,34495
2018-02-24,21,33786
2018-02-24,22,33015
2018-02-24,23,32345
2018-02-24,24,31764
2018-02-24,25,31423
2018-02-24,26,30906
2018-02-24,27,30542
2018-02-24,28,30222
2018-02-24,29,30381
2018-02-24,30,30639
2018-02-24,31,31329
2018-02-24,32,32344
2018-02-24,33,34067
2018-02-24,34,36350
2018-02-24,35,38447
2018-02-24,36,40764
2018-02-24,37,41966
2018-02-24,38,42036
2018-02-24,39,41706
2018-02-24,40,40374
2018-02-24,41,38940
2018-02-24,42,37432
2018-02-24,43,35893
2018-02-24,44,34327
2018-02-24,45,32867
2018-02-24,46,31440
2018-02-24,47,29827
2018-02-24,48,28989
2018-02-25,1,29087
2018-02-25,2,29693
2018-02-25,3,30295
2018-02-25,4,29904
2018-02-25,5,29302
2018-02-25,6,29277
2018-02-25,7,29126
2018-02-25,8,28746
2018-02-25,9,28447
2018-02-25,10,28307
2018-02-25,11,28374
2018-02-25,12,28572
2018-02-25,13,29068
2018-02-25,14,29480
2018-02-25,15,29283
2018-02-25,16,29505
2018-02-25,17,30255
2018-02-25,18,30808
2018-02-25,19,31348
2018-02-25,20,31333
2018-02-25,21,31350
2018-02-25,22,31107
2018-02-25,23,30932
2018-02-25,24,30983
2018-02-25,25,30958
2018-02-25,26,30888
2018-02-25,27,30888
2018-02-25,28,30821
2018-02-25,29,31098
2018-02-25,30,31544
2018-02-25,31,32488
2018-02-25,32,33629
2018-02-25,33,35479
2018-02-25,34,37924
2018-02-25,35,40288
2018-02-25,36,42353
2018-02-25,37,44228
2018-02-25,38,44181
2018-02-25,39,43269
2018-02-25,40,42118
2018-02-25,41,40999
2018-02-25,42,39215
2018-02-25,43,37660
2018-02-25,44,35590
2018-02-25,45,33698
2018-02-25,46,31775
2018-02-25,47,30012
2018-02-25,48,29565
2018-02-26,1,29846
2018-02-26,2,30482
2018-02-26,3,31105
2018-02-26,4,30922
2018-02-26,5,30562
2018-02-26,6,30399
2018-02-26,7,30407
2018-02-26,8,30159
2018-02-26,9,30034
2018-02-26,10,30193
2018-02-26,11,30199
2018-02-26,12,30851
2018-02-26,13,34068
2018-02-26,14,37468
2018-02-26,15,40643
2018-02-26,16,41574
2018-02-26,17,42564
2018-02-26,18,42872
2018-02-26,19,43301
2018-02-26,20,43030
2018-02-26,21,42725
2018-02-26,22,42693
2018-02-26,23,42897
2018-02-26,24,43132
2018-02-26,25,43415
2018-02-26,26,43110
2018-02-26,27,43487
2018-02-26,28,43546
2018-02-26,29,43682
2018-02-26,30,43519
2018-02-26,31,44240
2018-02-26,32,45518
2018-02-26,33,46215
2018-02-26,34,47214
2018-02-26,35,47996
2018-02-26,36,48555
2018-02-26,37,49259
2018-02-26,38,49017
2018-02-26,39,48663
2018-02-26,40,48208
2018-02-26,41,47783
2018-02-26,42,46391
2018-02-26,43,44118
2018-02-26,44,41600
2018-02-26,45,38747
2018-02-26,46,36388
2018-02-26,47,34010
2018-02-26,48,32855
2018-02-27,1,33066
2018-02-27,2,34032
2018-02-27,3,33984
2018-02-27,4,33490
2018-02-27,5,32946
2018-02-27,6,33047
2018-02-27,7,32855
2018-02-27,8,32601
2018-02-27,9,32432
2018-02-27,10,32780
2018-02-27,11,34660
2018-02-27,12,36560
2018-02-27,13,38205
2018-02-27,14,41254
2018-02-27,15,44512
2018-02-27,16,45906
2018-02-27,17,46668
2018-02-27,18,46811
2018-02-27,19,47269
2018-02-27,20,47242
2018-02-27,21,46200
2018-02-27,22,45968
2018-02-27,23,45862
2018-02-27,24,45570
2018-02-27,25,45397
2018-02-27,26,44743
2018-02-27,27,45347
2018-02-27,28,44862
2018-02-27,29,45042
2018-02-27,30,45004
2018-02-27,31,44103
2018-02-27,32,45138
2018-02-27,33,45230
2018-02-27,34,46520
2018-02-27,35,47834
2018-02-27,36,48618
2018-02-27,37,49121
2018-02-27,38,49183
2018-02-27,39,48851
2018-02-27,40,48332
2018-02-27,41,48338
2018-02-27,42,46771
2018-02-27,43,45153
2018-02-27,44,42510
2018-02-27,45,40239
2018-02-27,46,36968
2018-02-27,47,35255
2018-02-27,48,34064
2018-02-28,1,33637
2018-02-28,2,34188
2018-02-28,3,33792
2018-02-28,4,33769
2018-02-28,5,33895
2018-02-28,6,33935
2018-02-28,7,34014
2018-02-28,8,33801
2018-02-28,9,34502
2018-02-28,10,34552
2018-02-28,11,35190
2018-02-28,12,36022
2018-02-28,13,38246
2018-02-28,14,40919
2018-02-28,15,43798
2018-02-28,16,44948
2018-02-28,17,45761
2018-02-28,18,45912
2018-02-28,19,46360
2018-02-28,20,46047
2018-02-28,21,44713
2018-02-28,22,44491
2018-02-28,23,44310
2018-02-28,24,44178
2018-02-28,25,44384
2018-02-28,26,44180
2018-02-28,27,44692
2018-02-28,28,44104
2018-02-28,29,44154
2018-02-28,30,44168
2018-02-28,31,43839
2018-02-28,32,44560
2018-02-28,33,44977
2018-02-28,34,46098
2018-02-28,35,47612
2018-02-28,36,48501
2018-02-28,37,48773
2018-02-28,38,48548
2018-02-28,39,47553
2018-02-28,40,46854
2018-02-28,41,46250
2018-02-28,42,44709
2018-02-28,43,42586
2018-02-28,44,40177
2018-02-28,45,38518
2018-02-28,46,36562
2018-02-28,47,34436
2018-02-28,48,33812
2018-03-01,1,33508
2018-03-01,2,33994
2018-03-01,3,33933
2018-03-01,4,33382
2018-03-01,5,32753
2018-03-01,6,32616
2018-03-01,7,32534
2018-03-01,8,32285
2018-03-01,9,31951
2018-03-01,10,32014
2018-03-01,11,32736
2018-03-01,12,33494
2018-03-01,13,35148
2018-03-01,14,37287
2018-03-01,15,40999
2018-03-01,16,42482
2018-03-01,17,42999
2018-03-01,18,44191
2018-03-01,19,45716
2018-03-01,20,46134
2018-03-01,21,46456
2018-03-01,22,46824
2018-03-01,23,47219
2018-03-01,24,47430
2018-03-01,25,47781
2018-03-01,26,47521
2018-03-01,27,47454
2018-03-01,28,46809
2018-03-01,29,46538
2018-03-01,30,46236
2018-03-01,31,46047
2018-03-01,32,46221
2018-03-01,33,46891
2018-03-01,34,47615
2018-03-01,35,48244
2018-03-01,36,49453
2018-03-01,37,50322
2018-03-01,38,49684
2018-03-01,39,48270
2018-03-01,40,46555
2018-03-01,41,44956
2018-03-01,42,43440
2018-03-01,43,41324
2018-03-01,44,38915
2018-03-01,45,36553
2018-03-01,46,34837
2018-03-01,47,33433
2018-03-01,48,33180
2018-03-02,1,33435
2018-03-02,2,33706
2018-03-02,3,33800
2018-03-02,4,33556
2018-03-02,5,33292
2018-03-02,6,33256
2018-03-02,7,32817
2018-03-02,8,32543
2018-03-02,9,32331
2018-03-02,10,32428
2018-03-02,11,32942
2018-03-02,12,33672
2018-03-02,13,34979
2018-03-02,14,36488
2018-03-02,15,38811
2018-03-02,16,40594
2018-03-02,17,42586
2018-03-02,18,44049
2018-03-02,19,45382
2018-03-02,20,45932
2018-03-02,21,46284
2018-03-02,22,46530
2018-03-02,23,46765
2018-03-02,24,46944
2018-03-02,25,47198
2018-03-02,26,46924
2018-03-02,27,46402
2018-03-02,28,45961
2018-03-02,29,45878
2018-03-02,30,45756
2018-03-02,31,45226
2018-03-02,32,44860
2018-03-02,33,45103
2018-03-02,34,46032
2018-03-02,35,47403
2018-03-02,36,48575
2018-03-02,37,49207
2018-03-02,38,48725
2018-03-02,39,47340
2018-03-02,40,45589
2018-03-02,41,43925
2018-03-02,42,42302
2018-03-02,43,40330
2018-03-02,44,38227
2018-03-02,45,36325
2018-03-02,46,35165
2018-03-02,47,33696
2018-03-02,48,33276
2018-03-03,1,33362
2018-03-03,2,33806
2018-03-03,3,33555
2018-03-03,4,33228
2018-03-03,5,32904
2018-03-03,6,32793
2018-03-03,7,32625
2018-03-03,8,32230
2018-03-03,9,31954
2018-03-03,10,31801
2018-03-03,11,31906
2018-03-03,12,32146
2018-03-03,13,32510
2018-03-03,14,32599
2018-03-03,15,33498
2018-03-03,16,34730
2018-03-03,17,36331
2018-03-03,18,38448
2018-03-03,19,40398
2018-03-03,20,40892
2018-03-03,21,41261
2018-03-03,22,41458
2018-03-03,23,41466
2018-03-03,24,41506
2018-03-03,25,41606
2018-03-03,26,41474
2018-03-03,27,41330
2018-03-03,28,40863
2018-03-03,29,40731
2018-03-03,30,40680
2018-03-03,31,40526
2018-03-03,32,40788
2018-03-03,33,41520
2018-03-03,34,42933
2018-03-03,35,44226
2018-03-03,36,45113
2018-03-03,37,45828
2018-03-03,38,45602
2018-03-03,39,44421
2018-03-03,40,43166
2018-03-03,41,42036
2018-03-03,42,40715
2018-03-03,43,39103
2018-03-03,44,37443
2018-03-03,45,35681
2018-03-03,46,34582
2018-03-03,47,33779
2018-03-03,48,33259
2018-03-04,1,33266
2018-03-04,2,33569
2018-03-04,3,33440
2018-03-04,4,32764
2018-03-04,5,32159
2018-03-04,6,31958
2018-03-04,7,31855
2018-03-04,8,31538
2018-03-04,9,31039
2018-03-04,10,30805
2018-03-04,11,30719
2018-03-04,12,30758
2018-03-04,13,31168
2018-03-04,14,31003
2018-03-04,15,31230
2018-03-04,16,31509
2018-03-04,17,32315
2018-03-04,18,33589
2018-03-04,19,35182
2018-03-04,20,36394
2018-03-04,21,37415
2018-03-04,22,37898
2018-03-04,23,38429
2018-03-04,24,38769
2018-03-04,25,39240
2018-03-04,26,39470
2018-03-04,27,39468
2018-03-04,28,39292
2018-03-04,29,39309
2018-03-04,30,39374
2018-03-04,31,39776
2018-03-04,32,40540
2018-03-04,33,41423
2018-03-04,34,42608
2018-03-04,35,43657
2018-03-04,36,44655
2018-03-04,37,45442
2018-03-04,38,45014
2018-03-04,39,44210
2018-03-04,40,43315
2018-03-04,41,42097
2018-03-04,42,40416
2018-03-04,43,38945
2018-03-04,44,36915
2018-03-04,45,35192
2018-03-04,46,33604
2018-03-04,47,32056
2018-03-04,48,31197
2018-03-05,1,31486
2018-03-05,2,32508
2018-03-05,3,32584
2018-03-05,4,32100
2018-03-05,5,31597
2018-03-05,6,31656
2018-03-05,7,31358
2018-03-05,8,31202
2018-03-05,9,31263
2018-03-05,10,31318
2018-03-05,11,31809
2018-03-05,12,32980
2018-03-05,13,35144
2018-03-05,14,37748
2018-03-05,15,40873
2018-03-05,16,42078
2018-03-05,17,42730
2018-03-05,18,42728
2018-03-05,19,43084
2018-03-05,20,42865
2018-03-05,21,42619
2018-03-05,22,42451
2018-03-05,23,42464
2018-03-05,24,42581
2018-03-05,25,42756
2018-03-05,26,42697
2018-03-05,27,42873
2018-03-05,28,42829
2018-03-05,29,43159
2018-03-05,30,43200
2018-03-05,31,43394
2018-03-05,32,44272
2018-03-05,33,45311
2018-03-05,34,46312
2018-03-05,35,47340
2018-03-05,36,48331
2018-03-05,37,49234
2018-03-05,38,48936
2018-03-05,39,47802
2018-03-05,40,46177
2018-03-05,41,44454
2018-03-05,42,42506
2018-03-05,43,40518
2018-03-05,44,38054
2018-03-05,45,35655
2018-03-05,46,33418
2018-03-05,47,31218
2018-03-05,48,29792
2018-03-06,1,29932
2018-03-06,2,31533
2018-03-06,3,31308
2018-03-06,4,30668
2018-03-06,5,30315
2018-03-06,6,30241
2018-03-06,7,29874
2018-03-06,8,29545
2018-03-06,9,29243
2018-03-06,10,29457
2018-03-06,11,30072
2018-03-06,12,31198
2018-03-06,13,33684
2018-03-06,14,36161
2018-03-06,15,39274
2018-03-06,16,40907
2018-03-06,17,41858
2018-03-06,18,41957
2018-03-06,19,42385
2018-03-06,20,42122
2018-03-06,21,41668
2018-03-06,22,41375
2018-03-06,23,41216
2018-03-06,24,40700
2018-03-06,25,41243
2018-03-06,26,41079
2018-03-06,27,41259
2018-03-06,28,41166
2018-03-06,29,41351
2018-03-06,30,41489
2018-03-06,31,41541
2018-03-06,32,42398
2018-03-06,33,43422
2018-03-06,34,44838
2018-03-06,35,46103
2018-03-06,36,47276
2018-03-06,37,48503
2018-03-06,38,48697
2018-03-06,39,47870
2018-03-06,40,46877
2018-03-06,41,45486
2018-03-06,42,43708
2018-03-06,43,41846
2018-03-06,44,39404
2018-03-06,45,36990
2018-03-06,46,34688
2018-03-06,47,32383
2018-03-06,48,31269
2018-03-07,1,31178
2018-03-07,2,32172
2018-03-07,3,32224
2018-03-07,4,31813
2018-03-07,5,31697
2018-03-07,6,31626
2018-03-07,7,31357
2018-03-07,8,31061
2018-03-07,9,30823
2018-03-07,10,30890
2018-03-07,11,31634
2018-03-07,12,32794
2018-03-07,13,34922
2018-03-07,14,37517
2018-03-07,15,40558
2018-03-07,16,41399
2018-03-07,17,41885
2018-03-07,18,41542
2018-03-07,19,41794
2018-03-07,20,41559
2018-03-07,21,40947
2018-03-07,22,40443
2018-03-07,23,39866
2018-03-07,24,39623
2018-03-07,25,39071
2018-03-07,26,38962
2018-03-07,27,38813
2018-03-07,28,38412
2018-03-07,29,38240
2018-03-07,30,38159
2018-03-07,31,38103
2018-03-07,32,39104
2018-03-07,33,40609
2018-03-07,34,42176
2018-03-07,35,43513
2018-03-07,36,44771
2018-03-07,37,46505
2018-03-07,38,47097
2018-03-07,39,46424
2018-03-07,40,45300
2018-03-07,41,43987
2018-03-07,42,42244
2018-03-07,43,40452
2018-03-07,44,38200
2018-03-07,45,35816
2018-03-07,46,33745
2018-03-07,47,32181
2018-03-07,48,31493
2018-03-08,1,31561
2018-03-08,2,31959
2018-03-08,3,31610
2018-03-08,4,31142
2018-03-08,5,30905
2018-03-08,6,30759
2018-03-08,7,30508
2018-03-08,8,30207
2018-03-08,9,29964
2018-03-08,10,30042
2018-03-08,11,30761
2018-03-08,12,31546
2018-03-08,13,33748
2018-03-08,14,35963
2018-03-08,15,38706
2018-03-08,16,39576
2018-03-08,17,39835
2018-03-08,18,39631
2018-03-08,19,40210
2018-03-08,20,40321
2018-03-08,21,40236
2018-03-08,22,39971
2018-03-08,23,39709
2018-03-08,24,39287
2018-03-08,25,39102
2018-03-08,26,38565
2018-03-08,27,37886
2018-03-08,28,37238
2018-03-08,29,37023
2018-03-08,30,36896
2018-03-08,31,37152
2018-03-08,32,38373
2018-03-08,33,40059
2018-03-08,34,41991
2018-03-08,35,42781
2018-03-08,36,44067
2018-03-08,37,45652
2018-03-08,38,46677
2018-03-08,39,46006
2018-03-08,40,44948
2018-03-08,41,43836
2018-03-08,42,42392
2018-03-08,43,40365
2018-03-08,44,38012
2018-03-08,45,35594
2018-03-08,46,33480
2018-03-08,47,31708
2018-03-08,48,31523
2018-03-09,1,31488
2018-03-09,2,31835
2018-03-09,3,31856
2018-03-09,4,31222
2018-03-09,5,30980
2018-03-09,6,30939
2018-03-09,7,30578
2018-03-09,8,30227
2018-03-09,9,30198
2018-03-09,10,30182
2018-03-09,11,30927
2018-03-09,12,32157
2018-03-09,13,34143
2018-03-09,14,36368
2018-03-09,15,39338
2018-03-09,16,40589
2018-03-09,17,41038
2018-03-09,18,41021
2018-03-09,19,41455
2018-03-09,20,41326
2018-03-09,21,41061
2018-03-09,22,40824
2018-03-09,23,40568
2018-03-09,24,40441
2018-03-09,25,40719
2018-03-09,26,40803
2018-03-09,27,40875
2018-03-09,28,40841
2018-03-09,29,40860
2018-03-09,30,40784
2018-03-09,31,40896
2018-03-09,32,41560
2018-03-09,33,42035
2018-03-09,34,42818
2018-03-09,35,43460
2018-03-09,36,43955
2018-03-09,37,44822
2018-03-09,38,44873
2018-03-09,39,44160
2018-03-09,40,43178
2018-03-09,41,41854
2018-03-09,42,40118
2018-03-09,43,38181
2018-03-09,44,36141
2018-03-09,45,34109
2018-03-09,46,32380
2018-03-09,47,30606
2018-03-09,48,30413
2018-03-10,1,30533
2018-03-10,2,30673
2018-03-10,3,30184
2018-03-10,4,29403
2018-03-10,5,28851
2018-03-10,6,28578
2018-03-10,7,28005
2018-03-10,8,27498
2018-03-10,9,27034
2018-03-10,10,26864
2018-03-10,11,27091
2018-03-10,12,27516
2018-03-10,13,28245
2018-03-10,14,28664
2018-03-10,15,29453
2018-03-10,16,30569
2018-03-10,17,32573
2018-03-10,18,34039
2018-03-10,19,35013
2018-03-10,20,35035
2018-03-10,21,34958
2018-03-10,22,34691
2018-03-10,23,34809
2018-03-10,24,34862
2018-03-10,25,35138
2018-03-10,26,34620
2018-03-10,27,34212
2018-03-10,28,33778
2018-03-10,29,33410
2018-03-10,30,33066
2018-03-10,31,33171
2018-03-10,32,33239
2018-03-10,33,33686
2018-03-10,34,34688
2018-03-10,35,35962
2018-03-10,36,37373
2018-03-10,37,38629
2018-03-10,38,39452
2018-03-10,39,39121
2018-03-10,40,37985
2018-03-10,41,36846
2018-03-10,42,35507
2018-03-10,43,34058
2018-03-10,44,32681
2018-03-10,45,31512
2018-03-10,46,30390
2018-03-10,47,29097
2018-03-10,48,28899
2018-03-11,1,29082
2018-03-11,2,29310
2018-03-11,3,29288
2018-03-11,4,28928
2018-03-11,5,28538
2018-03-11,6,28410
2018-03-11,7,27930
2018-03-11,8,27328
2018-03-11,9,26942
2018-03-11,10,26845
2018-03-11,11,26718
2018-03-11,12,26805
2018-03-11,13,27491
2018-03-11,14,28066
2018-03-11,15,28172
2018-03-11,16,28583
2018-03-11,17,29783
2018-03-11,18,30965
2018-03-11,19,32081
2018-03-11,20,32685
2018-03-11,21,33073
2018-03-11,22,33131
2018-03-11,23,33335
2018-03-11,24,33518
2018-03-11,25,34060
2018-03-11,26,34252
2018-03-11,27,34242
2018-03-11,28,33784
2018-03-11,29,33817
2018-03-11,30,33769
2018-03-11,31,34100
2018-03-11,32,34598
2018-03-11,33,35193
2018-03-11,34,36120
2018-03-11,35,37164
2018-03-11,36,38164
2018-03-11,37,39603
2018-03-11,38,40145
2018-03-11,39,39765
2018-03-11,40,38885
2018-03-11,41,38030
2018-03-11,42,36557
2018-03-11,43,35316
2018-03-11,44,33591
2018-03-11,45,31886
2018-03-11,46,30190
2018-03-11,47,28726
2018-03-11,48,28663
2018-03-12,1,28520
2018-03-12,2,29035
2018-03-12,3,28943
2018-03-12,4,28472
2018-03-12,5,27901
2018-03-12,6,27886
2018-03-12,7,27531
2018-03-12,8,27184
2018-03-12,9,26988
2018-03-12,10,27132
2018-03-12,11,27754
2018-03-12,12,28990
2018-03-12,13,31621
2018-03-12,14,33738
2018-03-12,15,37110
2018-03-12,16,38778
2018-03-12,17,39735
2018-03-12,18,40103
2018-03-12,19,40984
2018-03-12,20,41312
2018-03-12,21,41377
2018-03-12,22,41348
2018-03-12,23,41638
2018-03-12,24,41713
2018-03-12,25,41985
2018-03-12,26,41862
2018-03-12,27,41742
2018-03-12,28,41549
2018-03-12,29,41512
2018-03-12,30,41346
2018-03-12,31,41287
2018-03-12,32,42006
2018-03-12,33,42928
2018-03-12,34,43998
2018-03-12,35,44941
2018-03-12,36,45448
2018-03-12,37,46255
2018-03-12,38,46481
2018-03-12,39,45745
2018-03-12,40,44473
2018-03-12,41,43334
2018-03-12,42,41579
2018-03-12,43,39649
2018-03-12,44,37380
2018-03-12,45,35128
2018-03-12,46,32900
2018-03-12,47,31222
2018-03-12,48,30766
2018-03-13,1,30598
2018-03-13,2,30892
2018-03-13,3,30980
2018-03-13,4,30250
2018-03-13,5,29911
2018-03-13,6,29990
2018-03-13,7,29713
2018-03-13,8,29273
2018-03-13,9,29047
2018-03-13,10,29132
2018-03-13,11,30025
2018-03-13,12,31205
2018-03-13,13,33309
2018-03-13,14,35876
2018-03-13,15,39032
2018-03-13,16,40289
2018-03-13,17,40376
2018-03-13,18,39974
2018-03-13,19,40315
2018-03-13,20,40056
2018-03-13,21,39345
2018-03-13,22,38870
2018-03-13,23,38685
2018-03-13,24,38725
2018-03-13,25,38889
2018-03-13,26,38668
2018-03-13,27,38324
2018-03-13,28,37792
2018-03-13,29,37648
2018-03-13,30,37321
2018-03-13,31,37362
2018-03-13,32,38381
2018-03-13,33,39713
2018-03-13,34,41330
2018-03-13,35,42686
2018-03-13,36,43502
2018-03-13,37,44991
2018-03-13,38,45764
2018-03-13,39,45258
2018-03-13,40,44594
2018-03-13,41,43428
2018-03-13,42,41460
2018-03-13,43,39320
2018-03-13,44,37089
2018-03-13,45,34550
2018-03-13,46,32464
2018-03-13,47,30902
2018-03-13,48,30512
2018-03-14,1,30060
2018-03-14,2,30365
2018-03-14,3,30046
2018-03-14,4,29429
2018-03-14,5,29088
2018-03-14,6,29081
2018-03-14,7,28880
2018-03-14,8,28417
2018-03-14,9,27926
2018-03-14,10,27732
2018-03-14,11,28211
2018-03-14,12,29463
2018-03-14,13,31552
2018-03-14,14,33543
2018-03-14,15,36417
2018-03-14,16,37639
2018-03-14,17,37846
2018-03-14,18,37293
2018-03-14,19,37151
2018-03-14,20,36456
2018-03-14,21,35678
2018-03-14,22,35022
2018-03-14,23,34603
2018-03-14,24,34404
2018-03-14,25,34633
2018-03-14,26,34640
2018-03-14,27,34947
2018-03-14,28,35058
2018-03-14,29,35163
2018-03-14,30,35288
2018-03-14,31,35686
2018-03-14,32,36637
2018-03-14,33,37948
2018-03-14,34,39125
2018-03-14,35,40095
2018-03-14,36,40779
2018-03-14,37,42102
2018-03-14,38,42591
2018-03-14,39,42260
2018-03-14,40,41309
2018-03-14,41,39742
2018-03-14,42,37749
2018-03-14,43,35751
2018-03-14,44,33428
2018-03-14,45,31012
2018-03-14,46,29133
2018-03-14,47,27405
2018-03-14,48,27192
2018-03-15,1,27006
2018-03-15,2,27449
2018-03-15,3,27287
2018-03-15,4,26774
2018-03-15,5,26506
2018-03-15,6,26540
2018-03-15,7,26346
2018-03-15,8,25830
2018-03-15,9,25733
2018-03-15,10,25978
2018-03-15,11,26826
2018-03-15,12,27612
2018-03-15,13,29903
2018-03-15,14,32389
2018-03-15,15,35500
2018-03-15,16,37088
2018-03-15,17,38080
2018-03-15,18,38298
2018-03-15,19,38698
2018-03-15,20,38599
2018-03-15,21,38554
2018-03-15,22,38404
2018-03-15,23,38342
2018-03-15,24,38162
2018-03-15,25,38236
2018-03-15,26,38167
2018-03-15,27,37934
2018-03-15,28,37883
2018-03-15,29,37825
2018-03-15,30,37835
2018-03-15,31,38250
2018-03-15,32,38894
2018-03-15,33,39709
2018-03-15,34,40876
2018-03-15,35,41606
2018-03-15,36,42080
2018-03-15,37,43234
2018-03-15,38,43974
2018-03-15,39,43404
2018-03-15,40,42656
2018-03-15,41,41557
2018-03-15,42,39860
2018-03-15,43,37838
2018-03-15,44,35626
2018-03-15,45,33321
2018-03-15,46,31269
2018-03-15,47,29134
2018-03-15,48,27959
2018-03-16,1,28337
2018-03-16,2,29149
2018-03-16,3,29010
2018-03-16,4,28491
2018-03-16,5,27935
2018-03-16,6,27658
2018-03-16,7,27331
2018-03-16,8,26858
2018-03-16,9,26694
2018-03-16,10,26637
2018-03-16,11,27277
2018-03-16,12,28512
2018-03-16,13,30440
2018-03-16,14,32798
2018-03-16,15,35932
2018-03-16,16,37230
2018-03-16,17,37997
2018-03-16,18,37772
2018-03-16,19,38264
2018-03-16,20,37810
2018-03-16,21,37251
2018-03-16,22,36995
2018-03-16,23,36474
2018-03-16,24,36532
2018-03-16,25,36586
2018-03-16,26,36189
2018-03-16,27,35500
2018-03-16,28,35364
2018-03-16,29,35263
2018-03-16,30,35101
2018-03-16,31,35433
2018-03-16,32,35882
2018-03-16,33,36259
2018-03-16,34,37148
2018-03-16,35,38055
2018-03-16,36,38989
2018-03-16,37,40583
2018-03-16,38,41542
2018-03-16,39,41142
2018-03-16,40,39965
2018-03-16,41,38681
2018-03-16,42,36979
2018-03-16,43,35169
2018-03-16,44,33459
2018-03-16,45,31624
2018-03-16,46,29916
2018-03-16,47,28182
2018-03-16,48,27107
2018-03-17,1,27535
2018-03-17,2,27819
2018-03-17,3,27984
2018-03-17,4,27827
2018-03-17,5,27044
2018-03-17,6,26788
2018-03-17,7,26586
2018-03-17,8,26100
2018-03-17,9,25831
2018-03-17,10,25636
2018-03-17,11,25723
2018-03-17,12,26170
2018-03-17,13,27106
2018-03-17,14,26879
2018-03-17,15,28761
2018-03-17,16,30319
2018-03-17,17,32174
2018-03-17,18,34004
2018-03-17,19,35373
2018-03-17,20,35757
2018-03-17,21,35915
2018-03-17,22,36124
2018-03-17,23,36501
2018-03-17,24,36572
2018-03-17,25,36771
2018-03-17,26,36469
2018-03-17,27,36480
2018-03-17,28,36178
2018-03-17,29,35958
2018-03-17,30,36082
2018-03-17,31,36077
2018-03-17,32,36562
2018-03-17,33,37112
2018-03-17,34,38150
2018-03-17,35,39502
2018-03-17,36,40074
2018-03-17,37,40881
2018-03-17,38,41528
2018-03-17,39,41037
2018-03-17,40,39937
2018-03-17,41,38891
2018-03-17,42,37622
2018-03-17,43,36227
2018-03-17,44,34692
2018-03-17,45,33115
2018-03-17,46,31669
2018-03-17,47,30078
2018-03-17,48,29046
2018-03-18,1,28717
2018-03-18,2,29096
2018-03-18,3,29450
2018-03-18,4,29308
2018-03-18,5,28950
2018-03-18,6,28739
2018-03-18,7,28352
2018-03-18,8,27827
2018-03-18,9,27477
2018-03-18,10,27315
2018-03-18,11,27200
2018-03-18,12,27312
2018-03-18,13,27684
2018-03-18,14,28050
2018-03-18,15,28491
2018-03-18,16,29003
2018-03-18,17,30464
2018-03-18,18,32166
2018-03-18,19,34020
2018-03-18,20,35360
2018-03-18,21,36594
2018-03-18,22,37276
2018-03-18,23,37840
2018-03-18,24,38588
2018-03-18,25,39134
2018-03-18,26,39290
2018-03-18,27,39530
2018-03-18,28,39333
2018-03-18,29,39504
2018-03-18,30,39610
2018-03-18,31,39891
2018-03-18,32,40317
2018-03-18,33,40718
2018-03-18,34,41499
2018-03-18,35,41742
2018-03-18,36,42355
2018-03-18,37,43524
2018-03-18,38,44050
2018-03-18,39,43553
2018-03-18,40,42496
2018-03-18,41,41348
2018-03-18,42,39358
2018-03-18,43,37886
2018-03-18,44,35931
2018-03-18,45,33932
2018-03-18,46,32093
2018-03-18,47,30280
2018-03-18,48,29137
2018-03-19,1,30177
2018-03-19,2,31058
2018-03-19,3,31057
2018-03-19,4,30576
2018-03-19,5,30184
2018-03-19,6,30604
2018-03-19,7,30338
2018-03-19,8,30048
2018-03-19,9,29936
2018-03-19,10,30088
2018-03-19,11,30332
2018-03-19,12,31507
2018-03-19,13,33738
2018-03-19,14,36203
2018-03-19,15,39415
2018-03-19,16,40875
2018-03-19,17,41700
2018-03-19,18,41818
2018-03-19,19,42342
2018-03-19,20,42244
2018-03-19,21,41953
2018-03-19,22,41440
2018-03-19,23,41281
2018-03-19,24,40894
2018-03-19,25,40692
2018-03-19,26,39828
2018-03-19,27,39272
2018-03-19,28,38592
2018-03-19,29,38284
2018-03-19,30,38138
2018-03-19,31,38418
2018-03-19,32,39659
2018-03-19,33,41055
2018-03-19,34,42889
2018-03-19,35,44614
2018-03-19,36,45703
2018-03-19,37,47076
2018-03-19,38,49005
2018-03-19,39,48875
2018-03-19,40,47560
2018-03-19,41,46217
2018-03-19,42,44300
2018-03-19,43,42397
2018-03-19,44,39919
2018-03-19,45,37285
2018-03-19,46,34918
2018-03-19,47,32722
2018-03-19,48,31449
2018-03-20,1,31918
2018-03-20,2,32880
2018-03-20,3,33240
2018-03-20,4,32718
2018-03-20,5,32230
2018-03-20,6,32093
2018-03-20,7,31692
2018-03-20,8,31235
2018-03-20,9,31124
2018-03-20,10,31336
2018-03-20,11,31946
2018-03-20,12,33259
2018-03-20,13,35183
2018-03-20,14,37585
2018-03-20,15,40478
2018-03-20,16,41388
2018-03-20,17,41877
2018-03-20,18,41257
2018-03-20,19,41175
2018-03-20,20,41022
2018-03-20,21,40867
2018-03-20,22,40929
2018-03-20,23,40826
2018-03-20,24,40628
2018-03-20,25,40593
2018-03-20,26,40221
2018-03-20,27,40003
2018-03-20,28,39858
2018-03-20,29,40016
2018-03-20,30,39920
2018-03-20,31,40096
2018-03-20,32,41193
2018-03-20,33,42362
2018-03-20,34,43894
2018-03-20,35,45046
2018-03-20,36,45872
2018-03-20,37,47077
2018-03-20,38,48534
2018-03-20,39,48419
2018-03-20,40,47358
2018-03-20,41,46238
2018-03-20,42,44470
2018-03-20,43,42489
2018-03-20,44,40091
2018-03-20,45,37588
2018-03-20,46,35431
2018-03-20,47,33155
2018-03-20,48,31780
2018-03-21,1,31696
2018-03-21,2,32540
2018-03-21,3,33083
2018-03-21,4,32524
2018-03-21,5,32224
2018-03-21,6,32271
2018-03-21,7,31796
2018-03-21,8,31488
2018-03-21,9,31336
2018-03-21,10,31380
2018-03-21,11,31886
2018-03-21,12,33103
2018-03-21,13,35143
2018-03-21,14,37567
2018-03-21,15,39905
2018-03-21,16,40202
2018-03-21,17,39862
2018-03-21,18,39093
2018-03-21,19,38724
2018-03-21,20,37727
2018-03-21,21,36294
2018-03-21,22,36539
2018-03-21,23,36524
2018-03-21,24,36429
2018-03-21,25,36351
2018-03-21,26,35947
2018-03-21,27,35627
2018-03-21,28,35268
2018-03-21,29,35348
2018-03-21,30,35523
2018-03-21,31,35784
2018-03-21,32,37119
2018-03-21,33,38562
2018-03-21,34,40148
2018-03-21,35,41679
2018-03-21,36,42529
2018-03-21,37,43658
2018-03-21,38,44851
2018-03-21,39,44787
2018-03-21,40,43883
2018-03-21,41,42465
2018-03-21,42,40525
2018-03-21,43,38410
2018-03-21,44,35703
2018-03-21,45,33064
2018-03-21,46,30929
2018-03-21,47,28901
2018-03-21,48,27920
2018-03-22,1,28142
2018-03-22,2,28928
2018-03-22,3,29297
2018-03-22,4,28748
2018-03-22,5,28335
2018-03-22,6,28188
2018-03-22,7,27685
2018-03-22,8,27384
2018-03-22,9,27411
2018-03-22,10,27743
2018-03-22,11,28989
2018-03-22,12,30682
2018-03-22,13,32936
2018-03-22,14,35426
2018-03-22,15,39285
2018-03-22,16,40227
2018-03-22,17,40197
2018-03-22,18,39926
2018-03-22,19,39921
2018-03-22,20,39227
2018-03-22,21,39205
2018-03-22,22,39218
2018-03-22,23,39336
2018-03-22,24,39390
2018-03-22,25,39641
2018-03-22,26,39750
2018-03-22,27,39700
2018-03-22,28,39453
2018-03-22,29,38801
2018-03-22,30,37999
2018-03-22,31,38822
2018-03-22,32,39735
2018-03-22,33,41094
2018-03-22,34,42399
2018-03-22,35,43222
2018-03-22,36,43847
2018-03-22,37,44244
2018-03-22,38,45193
2018-03-22,39,44132
2018-03-22,40,43046
2018-03-22,41,41766
2018-03-22,42,39881
2018-03-22,43,37630
2018-03-22,44,35445
2018-03-22,45,32883
2018-03-22,46,30684
2018-03-22,47,28410
2018-03-22,48,27304
2018-03-23,1,27443
2018-03-23,2,28485
2018-03-23,3,28488
2018-03-23,4,27844
2018-03-23,5,27070
2018-03-23,6,26604
2018-03-23,7,26247
2018-03-23,8,25917
2018-03-23,9,26050
2018-03-23,10,26211
2018-03-23,11,26231
2018-03-23,12,27513
2018-03-23,13,29610
2018-03-23,14,31616
2018-03-23,15,34747
2018-03-23,16,35634
2018-03-23,17,35555
2018-03-23,18,35338
2018-03-23,19,35698
2018-03-23,20,35550
2018-03-23,21,35881
2018-03-23,22,35802
2018-03-23,23,34986
2018-03-23,24,34822
2018-03-23,25,34502
2018-03-23,26,34242
2018-03-23,27,34305
2018-03-23,28,34158
2018-03-23,29,34423
2018-03-23,30,34703
2018-03-23,31,35933
2018-03-23,32,37072
2018-03-23,33,37693
2018-03-23,34,38716
2018-03-23,35,39720
2018-03-23,36,40824
2018-03-23,37,41954
2018-03-23,38,43156
2018-03-23,39,42805
2018-03-23,40,41867
2018-03-23,41,40847
2018-03-23,42,39456
2018-03-23,43,37621
2018-03-23,44,35784
2018-03-23,45,33782
2018-03-23,46,31966
2018-03-23,47,30358
2018-03-23,48,29475
2018-03-24,1,29146
2018-03-24,2,29369
2018-03-24,3,29637
2018-03-24,4,29501
2018-03-24,5,29078
2018-03-24,6,28744
2018-03-24,7,28323
2018-03-24,8,27682
2018-03-24,9,27362
2018-03-24,10,27239
2018-03-24,11,27433
2018-03-24,12,27708
2018-03-24,13,28004
2018-03-24,14,28886
2018-03-24,15,30264
2018-03-24,16,31537
2018-03-24,17,33267
2018-03-24,18,34692
2018-03-24,19,35580
2018-03-24,20,35601
2018-03-24,21,35494
2018-03-24,22,35391
2018-03-24,23,35392
2018-03-24,24,35578
2018-03-24,25,35463
2018-03-24,26,35357
2018-03-24,27,35106
2018-03-24,28,34791
2018-03-24,29,34656
2018-03-24,30,34502
2018-03-24,31,34580
2018-03-24,32,34779
2018-03-24,33,35518
2018-03-24,34,36557
2018-03-24,35,37870
2018-03-24,36,38406
2018-03-24,37,39257
2018-03-24,38,40021
2018-03-24,39,39950
2018-03-24,40,38997
2018-03-24,41,37906
2018-03-24,42,36466
2018-03-24,43,35212
2018-03-24,44,33816
2018-03-24,45,32263
2018-03-24,46,30806
2018-03-24,47,29960
2018-03-24,48,29721
2018-03-25,1,29209
2018-03-25,2,29256
2018-03-25,3,29284
2018-03-25,4,28637
2018-03-25,5,28194
2018-03-25,6,27697
2018-03-25,7,27195
2018-03-25,8,26890
2018-03-25,9,26687
2018-03-25,10,26591
2018-03-25,11,27051
2018-03-25,12,27337
2018-03-25,13,27388
2018-03-25,14,27891
2018-03-25,15,28532
2018-03-25,16,28985
2018-03-25,17,29622
2018-03-25,18,30118
2018-03-25,19,30192
2018-03-25,20,30154
2018-03-25,21,30076
2018-03-25,22,30286
2018-03-25,23,30304
2018-03-25,24,30270
2018-03-25,25,29941
2018-03-25,26,29426
2018-03-25,27,29338
2018-03-25,28,29105
2018-03-25,29,29322
2018-03-25,30,29690
2018-03-25,31,30553
2018-03-25,32,31466
2018-03-25,33,32780
2018-03-25,34,33916
2018-03-25,35,35167
2018-03-25,36,35520
2018-03-25,37,36011
2018-03-25,38,37214
2018-03-25,39,37512
2018-03-25,40,36598
2018-03-25,41,35624
2018-03-25,42,34149
2018-03-25,43,32488
2018-03-25,44,30342
2018-03-25,45,28904
2018-03-25,46,28128
2018-03-25,47,27039
2018-03-25,48,26850
2018-03-26,1,27227
2018-03-26,2,27970
2018-03-26,3,28238
2018-03-26,4,28085
2018-03-26,5,27786
2018-03-26,6,27602
2018-03-26,7,27465
2018-03-26,8,27556
2018-03-26,9,28261
2018-03-26,10,29444
2018-03-26,11,31832
2018-03-26,12,34240
2018-03-26,13,37474
2018-03-26,14,39136
2018-03-26,15,39633
2018-03-26,16,38804
2018-03-26,17,38584
2018-03-26,18,37866
2018-03-26,19,36866
2018-03-26,20,35821
2018-03-26,21,34890
2018-03-26,22,34625
2018-03-26,23,34686
2018-03-26,24,34992
2018-03-26,25,35441
2018-03-26,26,35590
2018-03-26,27,35921
2018-03-26,28,36107
2018-03-26,29,35858
2018-03-26,30,36522
2018-03-26,31,37423
2018-03-26,32,38374
2018-03-26,33,39314
2018-03-26,34,39691
2018-03-26,35,40094
2018-03-26,36,40492
2018-03-26,37,40664
2018-03-26,38,41293
2018-03-26,39,41126
2018-03-26,40,39806
2018-03-26,41,38088
2018-03-26,42,35925
2018-03-26,43,33624
2018-03-26,44,31076
2018-03-26,45,28794
2018-03-26,46,27172
2018-03-26,47,26594
2018-03-26,48,26543
2018-03-27,1,26916
2018-03-27,2,27738
2018-03-27,3,27834
2018-03-27,4,27743
2018-03-27,5,27530
2018-03-27,6,27183
2018-03-27,7,27186
2018-03-27,8,27094
2018-03-27,9,27323
2018-03-27,10,28212
2018-03-27,11,30218
2018-03-27,12,32562
2018-03-27,13,35565
2018-03-27,14,37707
2018-03-27,15,38837
2018-03-27,16,38764
2018-03-27,17,39286
2018-03-27,18,39362
2018-03-27,19,39224
2018-03-27,20,39011
2018-03-27,21,38658
2018-03-27,22,38542
2018-03-27,23,38468
2018-03-27,24,37946
2018-03-27,25,37494
2018-03-27,26,36776
2018-03-27,27,36441
2018-03-27,28,36146
2018-03-27,29,36140
2018-03-27,30,36532
2018-03-27,31,37589
2018-03-27,32,38634
2018-03-27,33,39003
2018-03-27,34,39290
2018-03-27,35,39611
2018-03-27,36,39813
2018-03-27,37,40239
2018-03-27,38,41083
2018-03-27,39,40773
2018-03-27,40,39599
2018-03-27,41,38140
2018-03-27,42,36132
2018-03-27,43,34144
2018-03-27,44,31812
2018-03-27,45,30072
2018-03-27,46,29415
2018-03-27,47,28327
2018-03-27,48,27858
2018-03-28,1,28232
2018-03-28,2,29120
2018-03-28,3,29350
2018-03-28,4,29096
2018-03-28,5,28852
2018-03-28,6,28857
2018-03-28,7,28832
2018-03-28,8,28824
2018-03-28,9,29485
2018-03-28,10,30287
2018-03-28,11,32377
2018-03-28,12,34813
2018-03-28,13,38408
2018-03-28,14,40650
2018-03-28,15,41230
2018-03-28,16,41136
2018-03-28,17,41518
2018-03-28,18,41516
2018-03-28,19,41253
2018-03-28,20,41346
2018-03-28,21,41104
2018-03-28,22,40876
2018-03-28,23,40644
2018-03-28,24,40234
2018-03-28,25,39408
2018-03-28,26,38361
2018-03-28,27,38034
2018-03-28,28,37459
2018-03-28,29,36965
2018-03-28,30,37292
2018-03-28,31,37752
2018-03-28,32,38644
2018-03-28,33,39358
2018-03-28,34,39948
2018-03-28,35,40394
2018-03-28,36,40397
2018-03-28,37,41316
2018-03-28,38,41634
2018-03-28,39,42581
2018-03-28,40,41427
2018-03-28,41,40278
2018-03-28,42,38215
2018-03-28,43,35956
2018-03-28,44,33857
2018-03-28,45,32341
2018-03-28,46,31362
2018-03-28,47,30137
2018-03-28,48,29535
2018-03-29,1,29932
2018-03-29,2,30972
2018-03-29,3,31340
2018-03-29,4,31235
2018-03-29,5,31142
2018-03-29,6,31181
2018-03-29,7,31043
2018-03-29,8,31153
2018-03-29,9,31498
2018-03-29,10,32214
2018-03-29,11,34150
2018-03-29,12,36174
2018-03-29,13,39397
2018-03-29,14,41178
2018-03-29,15,41698
2018-03-29,16,41067
2018-03-29,17,40874
2018-03-29,18,40383
2018-03-29,19,39604
2018-03-29,20,39039
2018-03-29,21,38755
2018-03-29,22,38706
2018-03-29,23,38739
2018-03-29,24,38276
2018-03-29,25,38160
2018-03-29,26,38318
2018-03-29,27,38531
2018-03-29,28,38552
2018-03-29,29,38665
2018-03-29,30,38911
2018-03-29,31,39463
2018-03-29,32,40022
2018-03-29,33,40595
2018-03-29,34,40592
2018-03-29,35,40676
2018-03-29,36,40712
2018-03-29,37,40768
2018-03-29,38,41144
2018-03-29,39,40912
2018-03-29,40,39492
2018-03-29,41,38178
2018-03-29,42,36398
2018-03-29,43,34342
2018-03-29,44,32493
2018-03-29,45,31246
2018-03-29,46,30196
2018-03-29,47,29077
2018-03-29,48,28306
2018-03-30,1,28605
2018-03-30,2,29416
2018-03-30,3,29322
2018-03-30,4,28988
2018-03-30,5,28730
2018-03-30,6,28304
2018-03-30,7,28054
2018-03-30,8,27897
2018-03-30,9,28132
2018-03-30,10,28398
2018-03-30,11,28654
2018-03-30,12,29444
2018-03-30,13,31725
2018-03-30,14,32944
2018-03-30,15,33656
2018-03-30,16,34242
2018-03-30,17,34498
2018-03-30,18,34817
2018-03-30,19,35264
2018-03-30,20,35286
2018-03-30,21,35326
2018-03-30,22,35215
2018-03-30,23,35218
2018-03-30,24,35331
2018-03-30,25,35361
2018-03-30,26,35162
2018-03-30,27,35411
2018-03-30,28,35306
2018-03-30,29,35288
2018-03-30,30,35549
2018-03-30,31,36057
2018-03-30,32,36855
2018-03-30,33,37793
2018-03-30,34,38202
2018-03-30,35,38279
2018-03-30,36,38171
2018-03-30,37,37970
2018-03-30,38,37948
2018-03-30,39,37512
2018-03-30,40,36140
2018-03-30,41,35027
2018-03-30,42,33593
2018-03-30,43,31818
2018-03-30,44,29968
2018-03-30,45,28286
2018-03-30,46,27347
2018-03-30,47,26678
2018-03-30,48,26252
2018-03-31,1,26320
2018-03-31,2,27215
2018-03-31,3,27296
2018-03-31,4,26908
2018-03-31,5,26664
2018-03-31,6,26620
2018-03-31,7,26341
2018-03-31,8,26196
2018-03-31,9,26200
2018-03-31,10,26392
2018-03-31,11,27355
2018-03-31,12,27680
2018-03-31,13,28870
2018-03-31,14,30282
2018-03-31,15,31662
2018-03-31,16,32661
2018-03-31,17,33552
2018-03-31,18,34197
2018-03-31,19,34613
2018-03-31,20,34675
2018-03-31,21,34782
2018-03-31,22,34807
2018-03-31,23,34868
2018-03-31,24,34636
2018-03-31,25,34285
2018-03-31,26,33638
2018-03-31,27,33586
2018-03-31,28,33444
2018-03-31,29,33538
2018-03-31,30,33757
2018-03-31,31,34316
2018-03-31,32,35241
2018-03-31,33,35816
2018-03-31,34,36184
2018-03-31,35,36362
2018-03-31,36,36279
2018-03-31,37,36066
2018-03-31,38,36098
2018-03-31,39,36055
2018-03-31,40,35585
2018-03-31,41,34849
2018-03-31,42,33540
2018-03-31,43,32100
2018-03-31,44,30669
2018-03-31,45,28987
2018-03-31,46,28106
2018-03-31,47,27442
2018-03-31,48,27149
2018-04-01,1,27320
2018-04-01,2,27718
2018-04-01,3,27969
2018-04-01,4,27894
2018-04-01,5,27562
2018-04-01,6,27481
2018-04-01,7,27463
2018-04-01,8,27298
2018-04-01,9,27169
2018-04-01,10,27271
2018-04-01,11,27696
2018-04-01,12,27725
2018-04-01,13,28061
2018-04-01,14,28534
2018-04-01,15,29472
2018-04-01,16,30182
2018-04-01,17,31144
2018-04-01,18,31854
2018-04-01,19,32517
2018-04-01,20,32755
2018-04-01,21,32865
2018-04-01,22,33100
2018-04-01,23,33417
2018-04-01,24,33526
2018-04-01,25,33135
2018-04-01,26,32798
2018-04-01,27,32769
2018-04-01,28,32671
2018-04-01,29,32959
2018-04-01,30,33230
2018-04-01,31,33559
2018-04-01,32,33957
2018-04-01,33,34371
2018-04-01,34,34530
2018-04-01,35,34682
2018-04-01,36,34640
2018-04-01,37,35098
2018-04-01,38,35551
2018-04-01,39,35883
2018-04-01,40,34978
2018-04-01,41,34128
2018-04-01,42,32747
2018-04-01,43,31368
2018-04-01,44,29896
2018-04-01,45,28285
2018-04-01,46,26873
2018-04-01,47,25699
2018-04-01,48,25471
2018-04-02,1,26248
2018-04-02,2,27124
2018-04-02,3,27260
2018-04-02,4,26912
2018-04-02,5,26829
2018-04-02,6,26653
2018-04-02,7,26546
2018-04-02,8,26299
2018-04-02,9,26447
2018-04-02,10,26618
2018-04-02,11,27342
2018-04-02,12,27986
2018-04-02,13,28387
2018-04-02,14,28904
2018-04-02,15,29800
2018-04-02,16,30736
2018-04-02,17,32095
2018-04-02,18,32876
2018-04-02,19,33567
2018-04-02,20,33732
2018-04-02,21,34019
2018-04-02,22,34067
2018-04-02,23,34448
2018-04-02,24,34422
2018-04-02,25,34329
2018-04-02,26,33944
2018-04-02,27,34066
2018-04-02,28,33911
2018-04-02,29,34202
2018-04-02,30,34298
2018-04-02,31,34880
2018-04-02,32,35809
2018-04-02,33,36805
2018-04-02,34,37307
2018-04-02,35,37424
2018-04-02,36,37232
2018-04-02,37,37048
2018-04-02,38,37083
2018-04-02,39,37099
2018-04-02,40,35988
2018-04-02,41,34735
2018-04-02,42,32971
2018-04-02,43,31141
2018-04-02,44,29226
2018-04-02,45,28096
2018-04-02,46,27138
2018-04-02,47,26404
2018-04-02,48,25974
2018-04-03,1,26439
2018-04-03,2,27308
2018-04-03,3,27370
2018-04-03,4,27109
2018-04-03,5,26713
2018-04-03,6,26900
2018-04-03,7,26881
2018-04-03,8,26855
2018-04-03,9,26960
2018-04-03,10,27714
2018-04-03,11,29491
2018-04-03,12,31152
2018-04-03,13,34036
2018-04-03,14,36076
2018-04-03,15,37464
2018-04-03,16,37800
2018-04-03,17,38168
2018-04-03,18,37882
2018-04-03,19,37704
2018-04-03,20,37462
2018-04-03,21,37263
2018-04-03,22,36392
2018-04-03,23,36434
2018-04-03,24,35708
2018-04-03,25,35122
2018-04-03,26,34571
2018-04-03,27,34466
2018-04-03,28,33614
2018-04-03,29,34342
2018-04-03,30,34863
2018-04-03,31,35618
2018-04-03,32,36748
2018-04-03,33,37797
2018-04-03,34,38400
2018-04-03,35,38827
2018-04-03,36,39238
2018-04-03,37,39228
2018-04-03,38,39635
2018-04-03,39,40096
2018-04-03,40,39040
2018-04-03,41,37558
2018-04-03,42,35606
2018-04-03,43,33484
2018-04-03,44,31190
2018-04-03,45,29131
2018-04-03,46,27687
2018-04-03,47,27325
2018-04-03,48,27259
2018-04-04,1,27326
2018-04-04,2,27922
2018-04-04,3,28126
2018-04-04,4,27892
2018-04-04,5,27600
2018-04-04,6,27547
2018-04-04,7,27237
2018-04-04,8,27139
2018-04-04,9,27818
2018-04-04,10,28798
2018-04-04,11,30338
2018-04-04,12,32116
2018-04-04,13,34614
2018-04-04,14,36412
2018-04-04,15,37655
2018-04-04,16,37924
2018-04-04,17,38056
2018-04-04,18,37918
2018-04-04,19,37632
2018-04-04,20,37344
2018-04-04,21,37312
2018-04-04,22,37308
2018-04-04,23,37360
2018-04-04,24,37204
2018-04-04,25,36787
2018-04-04,26,36294
2018-04-04,27,36151
2018-04-04,28,36086
2018-04-04,29,35928
2018-04-04,30,36122
2018-04-04,31,36727
2018-04-04,32,37922
2018-04-04,33,38282
2018-04-04,34,38954
2018-04-04,35,38492
2018-04-04,36,39293
2018-04-04,37,39380
2018-04-04,38,39524
2018-04-04,39,39574
2018-04-04,40,38389
2018-04-04,41,36941
2018-04-04,42,34964
2018-04-04,43,32850
2018-04-04,44,30568
2018-04-04,45,28218
2018-04-04,46,26695
2018-04-04,47,25881
2018-04-04,48,26283
2018-04-05,1,26671
2018-04-05,2,27416
2018-04-05,3,27585
2018-04-05,4,27367
2018-04-05,5,27128
2018-04-05,6,26940
2018-04-05,7,27059
2018-04-05,8,27252
2018-04-05,9,27929
2018-04-05,10,29204
2018-04-05,11,31194
2018-04-05,12,32922
2018-04-05,13,35710
2018-04-05,14,37040
2018-04-05,15,37766
2018-04-05,16,37421
2018-04-05,17,36818
2018-04-05,18,35878
2018-04-05,19,34920
2018-04-05,20,34126
2018-04-05,21,33351
2018-04-05,22,32834
2018-04-05,23,32604
2018-04-05,24,31991
2018-04-05,25,31560
2018-04-05,26,31180
2018-04-05,27,31170
2018-04-05,28,31242
2018-04-05,29,31503
2018-04-05,30,32178
2018-04-05,31,33112
2018-04-05,32,34448
2018-04-05,33,35804
2018-04-05,34,36899
2018-04-05,35,37681
2018-04-05,36,38000
2018-04-05,37,38239
2018-04-05,38,38764
2018-04-05,39,39337
2018-04-05,40,38620
2018-04-05,41,37360
2018-04-05,42,35368
2018-04-05,43,33205
2018-04-05,44,30979
2018-04-05,45,28752
2018-04-05,46,27206
2018-04-05,47,26545
2018-04-05,48,26313
2018-04-06,1,26525
2018-04-06,2,27092
2018-04-06,3,27311
2018-04-06,4,27143
2018-04-06,5,26925
2018-04-06,6,26761
2018-04-06,7,26448
2018-04-06,8,26434
2018-04-06,9,26809
2018-04-06,10,27868
2018-04-06,11,29272
2018-04-06,12,30336
2018-04-06,13,32595
2018-04-06,14,34076
2018-04-06,15,35433
2018-04-06,16,35438
2018-04-06,17,35435
2018-04-06,18,35032
2018-04-06,19,34428
2018-04-06,20,33483
2018-04-06,21,32796
2018-04-06,22,32207
2018-04-06,23,31978
2018-04-06,24,31269
2018-04-06,25,30632
2018-04-06,26,30165
2018-04-06,27,30270
2018-04-06,28,30354
2018-04-06,29,30306
2018-04-06,30,30862
2018-04-06,31,31324
2018-04-06,32,32520
2018-04-06,33,33905
2018-04-06,34,34683
2018-04-06,35,35101
2018-04-06,36,35144
2018-04-06,37,35016
2018-04-06,38,35326
2018-04-06,39,35777
2018-04-06,40,34993
2018-04-06,41,34318
2018-04-06,42,32619
2018-04-06,43,30970
2018-04-06,44,29392
2018-04-06,45,28073
2018-04-06,46,26871
2018-04-06,47,26233
2018-04-06,48,26252
2018-04-07,1,26489
2018-04-07,2,27139
2018-04-07,3,27084
2018-04-07,4,26603
2018-04-07,5,26243
2018-04-07,6,26088
2018-04-07,7,25824
2018-04-07,8,25776
2018-04-07,9,25944
2018-04-07,10,26345
2018-04-07,11,26640
2018-04-07,12,27023
2018-04-07,13,28448
2018-04-07,14,30044
2018-04-07,15,31984
2018-04-07,16,33117
2018-04-07,17,34129
2018-04-07,18,34277
2018-04-07,19,34369
2018-04-07,20,34311
2018-04-07,21,34045
2018-04-07,22,33834
2018-04-07,23,33446
2018-04-07,24,32841
2018-04-07,25,32312
2018-04-07,26,31731
2018-04-07,27,31326
2018-04-07,28,31201
2018-04-07,29,30992
2018-04-07,30,31376
2018-04-07,31,32099
2018-04-07,32,33192
2018-04-07,33,34389
2018-04-07,34,34880
2018-04-07,35,34985
2018-04-07,36,35110
2018-04-07,37,34903
2018-04-07,38,35297
2018-04-07,39,35346
2018-04-07,40,34728
2018-04-07,41,34006
2018-04-07,42,32790
2018-04-07,43,31406
2018-04-07,44,30071
2018-04-07,45,28321
2018-04-07,46,26961
2018-04-07,47,26567
2018-04-07,48,26449
2018-04-08,1,26410
2018-04-08,2,26620
2018-04-08,3,26508
2018-04-08,4,26260
2018-04-08,5,26050
2018-04-08,6,25758
2018-04-08,7,25377
2018-04-08,8,25142
2018-04-08,9,25270
2018-04-08,10,25456
2018-04-08,11,26028
2018-04-08,12,26432
2018-04-08,13,27060
2018-04-08,14,27537
2018-04-08,15,28620
2018-04-08,16,29808
2018-04-08,17,31114
2018-04-08,18,31878
2018-04-08,19,32423
2018-04-08,20,32765
2018-04-08,21,33162
2018-04-08,22,33404
2018-04-08,23,33520
2018-04-08,24,33262
2018-04-08,25,33155
2018-04-08,26,32887
2018-04-08,27,32780
2018-04-08,28,32451
2018-04-08,29,32631
2018-04-08,30,32922
2018-04-08,31,33460
2018-04-08,32,34167
2018-04-08,33,34821
2018-04-08,34,35180
2018-04-08,35,35329
2018-04-08,36,35372
2018-04-08,37,35430
2018-04-08,38,35542
2018-04-08,39,36201
2018-04-08,40,35870
2018-04-08,41,34946
2018-04-08,42,33472
2018-04-08,43,32039
2018-04-08,44,30206
2018-04-08,45,28627
2018-04-08,46,27417
2018-04-08,47,26469
2018-04-08,48,26500
2018-04-09,1,26664
2018-04-09,2,27360
2018-04-09,3,27516
2018-04-09,4,27178
2018-04-09,5,26993
2018-04-09,6,26759
2018-04-09,7,26593
2018-04-09,8,26636
2018-04-09,9,27346
2018-04-09,10,28594
2018-04-09,11,30312
2018-04-09,12,32081
2018-04-09,13,35159
2018-04-09,14,37112
2018-04-09,15,38776
2018-04-09,16,39362
2018-04-09,17,39710
2018-04-09,18,39658
2018-04-09,19,39525
2018-04-09,20,39088
2018-04-09,21,38856
2018-04-09,22,38750
2018-04-09,23,38565
2018-04-09,24,38315
2018-04-09,25,38117
2018-04-09,26,37902
2018-04-09,27,38394
2018-04-09,28,38439
2018-04-09,29,38535
2018-04-09,30,38770
2018-04-09,31,39047
2018-04-09,32,39583
2018-04-09,33,40261
2018-04-09,34,40476
2018-04-09,35,40544
2018-04-09,36,40414
2018-04-09,37,40344
2018-04-09,38,40432
2018-04-09,39,39963
2018-04-09,40,38840
2018-04-09,41,37331
2018-04-09,42,35106
2018-04-09,43,32965
2018-04-09,44,30617
2018-04-09,45,29083
2018-04-09,46,27684
2018-04-09,47,26898
2018-04-09,48,26145
2018-04-10,1,26636
2018-04-10,2,27360
2018-04-10,3,27235
2018-04-10,4,26799
2018-04-10,5,26532
2018-04-10,6,26139
2018-04-10,7,26201
2018-04-10,8,26183
2018-04-10,9,26767
2018-04-10,10,27914
2018-04-10,11,29595
2018-04-10,12,31013
2018-04-10,13,33783
2018-04-10,14,35658
2018-04-10,15,37367
2018-04-10,16,37764
2018-04-10,17,38471
2018-04-10,18,38675
2018-04-10,19,38659
2018-04-10,20,38598
2018-04-10,21,38668
2018-04-10,22,38418
2018-04-10,23,38524
2018-04-10,24,38298
2018-04-10,25,38253
2018-04-10,26,37720
2018-04-10,27,37730
2018-04-10,28,37558
2018-04-10,29,37666
2018-04-10,30,37964
2018-04-10,31,38540
2018-04-10,32,38977
2018-04-10,33,39238
2018-04-10,34,39440
2018-04-10,35,39591
2018-04-10,36,39715
2018-04-10,37,39552
2018-04-10,38,39396
2018-04-10,39,39636
2018-04-10,40,38753
2018-04-10,41,37371
2018-04-10,42,35650
2018-04-10,43,33548
2018-04-10,44,31238
2018-04-10,45,29446
2018-04-10,46,28287
2018-04-10,47,27444
2018-04-10,48,26764
2018-04-11,1,27070
2018-04-11,2,27819
2018-04-11,3,27804
2018-04-11,4,27459
2018-04-11,5,27046
2018-04-11,6,26901
2018-04-11,7,26914
2018-04-11,8,26966
2018-04-11,9,27508
2018-04-11,10,28255
2018-04-11,11,29796
2018-04-11,12,31405
2018-04-11,13,34375
2018-04-11,14,36402
2018-04-11,15,37934
2018-04-11,16,38588
2018-04-11,17,39082
2018-04-11,18,39236
2018-04-11,19,39316
2018-04-11,20,39285
2018-04-11,21,39336
2018-04-11,22,39453
2018-04-11,23,39399
2018-04-11,24,39248
2018-04-11,25,39097
2018-04-11,26,38717
2018-04-11,27,38618
2018-04-11,28,38432
2018-04-11,29,38469
2018-04-11,30,38625
2018-04-11,31,38812
2018-04-11,32,39506
2018-04-11,33,40061
2018-04-11,34,40222
2018-04-11,35,40327
2018-04-11,36,40410
2018-04-11,37,40114
2018-04-11,38,39878
2018-04-11,39,39958
2018-04-11,40,39134
2018-04-11,41,38032
2018-04-11,42,36050
2018-04-11,43,34432
2018-04-11,44,32327
2018-04-11,45,30042
2018-04-11,46,29076
2018-04-11,47,27668
2018-04-11,48,27292
2018-04-12,1,27273
2018-04-12,2,27955
2018-04-12,3,28132
2018-04-12,4,28090
2018-04-12,5,27910
2018-04-12,6,27584
2018-04-12,7,27618
2018-04-12,8,27523
2018-04-12,9,28015
2018-04-12,10,29000
2018-04-12,11,30138
2018-04-12,12,31744
2018-04-12,13,34759
2018-04-12,14,36712
2018-04-12,15,38144
2018-04-12,16,38353
2018-04-12,17,38764
2018-04-12,18,38816
2018-04-12,19,38650
2018-04-12,20,38783
2018-04-12,21,38772
2018-04-12,22,38723
2018-04-12,23,38687
2018-04-12,24,38563
2018-04-12,25,38583
2018-04-12,26,38298
2018-04-12,27,38635
2018-04-12,28,38698
2018-04-12,29,38958
2018-04-12,30,39374
2018-04-12,31,39761
2018-04-12,32,40463
2018-04-12,33,40521
2018-04-12,34,40727
2018-04-12,35,40925
2018-04-12,36,40814
2018-04-12,37,40457
2018-04-12,38,40354
2018-04-12,39,40316
2018-04-12,40,39585
2018-04-12,41,38248
2018-04-12,42,36323
2018-04-12,43,34354
2018-04-12,44,31957
2018-04-12,45,30440
2018-04-12,46,29559
2018-04-12,47,28469
2018-04-12,48,28105
2018-04-13,1,28195
2018-04-13,2,28843
2018-04-13,3,29007
2018-04-13,4,28920
2018-04-13,5,28656
2018-04-13,6,28384
2018-04-13,7,28230
2018-04-13,8,28299
2018-04-13,9,28745
2018-04-13,10,29809
2018-04-13,11,31168
2018-04-13,12,32694
2018-04-13,13,35661
2018-04-13,14,37806
2018-04-13,15,39182
2018-04-13,16,39729
2018-04-13,17,40268
2018-04-13,18,40572
2018-04-13,19,40650
2018-04-13,20,40599
2018-04-13,21,40638
2018-04-13,22,40503
2018-04-13,23,40108
2018-04-13,24,39905
2018-04-13,25,39502
2018-04-13,26,39216
2018-04-13,27,39187
2018-04-13,28,38894
2018-04-13,29,38718
2018-04-13,30,38761
2018-04-13,31,38826
2018-04-13,32,39444
2018-04-13,33,39758
2018-04-13,34,39818
2018-04-13,35,39888
2018-04-13,36,39909
2018-04-13,37,39870
2018-04-13,38,39498
2018-04-13,39,39524
2018-04-13,40,38960
2018-04-13,41,37702
2018-04-13,42,36014
2018-04-13,43,33931
2018-04-13,44,31928
2018-04-13,45,30173
2018-04-13,46,29223
2018-04-13,47,28289
2018-04-13,48,27738
2018-04-14,1,27757
2018-04-14,2,28226
2018-04-14,3,28152
2018-04-14,4,27880
2018-04-14,5,27662
2018-04-14,6,27341
2018-04-14,7,27124
2018-04-14,8,26792
2018-04-14,9,26924
2018-04-14,10,26198
2018-04-14,11,27302
2018-04-14,12,27780
2018-04-14,13,28748
2018-04-14,14,29763
2018-04-14,15,30604
2018-04-14,16,30815
2018-04-14,17,32232
2018-04-14,18,31946
2018-04-14,19,31153
2018-04-14,20,30658
2018-04-14,21,30429
2018-04-14,22,29859
2018-04-14,23,28775
2018-04-14,24,28218
2018-04-14,25,27288
2018-04-14,26,26375
2018-04-14,27,25953
2018-04-14,28,25668
2018-04-14,29,25637
2018-04-14,30,26071
2018-04-14,31,26794
2018-04-14,32,28102
2018-04-14,33,29380
2018-04-14,34,30579
2018-04-14,35,31647
2018-04-14,36,32260
2018-04-14,37,32413
2018-04-14,38,32691
2018-04-14,39,33307
2018-04-14,40,33349
2018-04-14,41,32395
2018-04-14,42,31206
2018-04-14,43,29965
2018-04-14,44,28478
2018-04-14,45,27001
2018-04-14,46,25952
2018-04-14,47,25326
2018-04-14,48,25333
2018-04-15,1,25284
2018-04-15,2,25659
2018-04-15,3,25570
2018-04-15,4,25197
2018-04-15,5,24650
2018-04-15,6,24512
2018-04-15,7,24254
2018-04-15,8,24000
2018-04-15,9,24192
2018-04-15,10,24228
2018-04-15,11,24514
2018-04-15,12,24671
2018-04-15,13,24667
2018-04-15,14,25420
2018-04-15,15,26721
2018-04-15,16,27646
2018-04-15,17,28885
2018-04-15,18,29372
2018-04-15,19,29681
2018-04-15,20,29563
2018-04-15,21,29580
2018-04-15,22,29467
2018-04-15,23,29769
2018-04-15,24,29868
2018-04-15,25,29789
2018-04-15,26,29450
2018-04-15,27,29344
2018-04-15,28,29449
2018-04-15,29,29726
2018-04-15,30,30344
2018-04-15,31,31270
2018-04-15,32,32118
2018-04-15,33,32760
2018-04-15,34,33005
2018-04-15,35,33082
2018-04-15,36,33208
2018-04-15,37,33268
2018-04-15,38,33319
2018-04-15,39,33738
2018-04-15,40,33500
2018-04-15,41,32555
2018-04-15,42,31063
2018-04-15,43,29649
2018-04-15,44,27734
2018-04-15,45,25629
2018-04-15,46,24348
2018-04-15,47,23871
2018-04-15,48,24175
2018-04-16,1,24331
2018-04-16,2,24945
2018-04-16,3,24934
2018-04-16,4,24744
2018-04-16,5,24461
2018-04-16,6,24214
2018-04-16,7,24173
2018-04-16,8,24330
2018-04-16,9,25082
2018-04-16,10,26212
2018-04-16,11,27880
2018-04-16,12,30151
2018-04-16,13,33171
2018-04-16,14,34474
2018-04-16,15,34834
2018-04-16,16,34167
2018-04-16,17,33808
2018-04-16,18,33252
2018-04-16,19,32835
2018-04-16,20,32824
2018-04-16,21,32754
2018-04-16,22,32716
2018-04-16,23,32594
2018-04-16,24,32128
2018-04-16,25,31697
2018-04-16,26,30942
2018-04-16,27,30712
2018-04-16,28,30398
2018-04-16,29,30056
2018-04-16,30,30635
2018-04-16,31,31873
2018-04-16,32,32922
2018-04-16,33,33966
2018-04-16,34,34607
2018-04-16,35,34911
2018-04-16,36,35344
2018-04-16,37,35470
2018-04-16,38,35471
2018-04-16,39,35830
2018-04-16,40,35590
2018-04-16,41,34307
2018-04-16,42,32164
2018-04-16,43,29854
2018-04-16,44,27440
2018-04-16,45,25032
2018-04-16,46,23864
2018-04-16,47,23373
2018-04-16,48,23508
2018-04-17,1,23766
2018-04-17,2,24162
2018-04-17,3,23910
2018-04-17,4,23733
2018-04-17,5,23400
2018-04-17,6,23182
2018-04-17,7,22970
2018-04-17,8,22971
2018-04-17,9,23534
2018-04-17,10,24567
2018-04-17,11,26018
2018-04-17,12,28116
2018-04-17,13,31390
2018-04-17,14,33151
2018-04-17,15,33667
2018-04-17,16,33350
2018-04-17,17,33563
2018-04-17,18,33367
2018-04-17,19,32638
2018-04-17,20,32409
2018-04-17,21,31238
2018-04-17,22,32227
2018-04-17,23,32366
2018-04-17,24,31864
2018-04-17,25,31516
2018-04-17,26,31038
2018-04-17,27,31001
2018-04-17,28,30970
2018-04-17,29,31136
2018-04-17,30,32113
2018-04-17,31,33241
2018-04-17,32,34394
2018-04-17,33,35280
2018-04-17,34,35443
2018-04-17,35,35353
2018-04-17,36,35521
2018-04-17,37,35409
2018-04-17,38,35352
2018-04-17,39,35500
2018-04-17,40,35228
2018-04-17,41,33984
2018-04-17,42,32204
2018-04-17,43,29925
2018-04-17,44,27690
2018-04-17,45,26190
2018-04-17,46,24700
2018-04-17,47,23979
2018-04-17,48,24135
2018-04-18,1,24374
2018-04-18,2,24457
2018-04-18,3,24435
2018-04-18,4,24259
2018-04-18,5,24000
2018-04-18,6,23794
2018-04-18,7,23702
2018-04-18,8,23848
2018-04-18,9,24176
2018-04-18,10,25514
2018-04-18,11,27187
2018-04-18,12,29577
2018-04-18,13,32520
2018-04-18,14,33586
2018-04-18,15,33357
2018-04-18,16,32834
2018-04-18,17,32743
2018-04-18,18,32359
2018-04-18,19,31265
2018-04-18,20,30394
2018-04-18,21,29632
2018-04-18,22,29386
2018-04-18,23,29140
2018-04-18,24,28609
2018-04-18,25,28325
2018-04-18,26,27947
2018-04-18,27,27740
2018-04-18,28,27461
2018-04-18,29,27687
2018-04-18,30,28314
2018-04-18,31,29513
2018-04-18,32,30785
2018-04-18,33,31842
2018-04-18,34,32477
2018-04-18,35,33122
2018-04-18,36,33716
2018-04-18,37,33892
2018-04-18,38,33930
2018-04-18,39,34434
2018-04-18,40,34883
2018-04-18,41,34046
2018-04-18,42,32195
2018-04-18,43,30276
2018-04-18,44,28124
2018-04-18,45,26218
2018-04-18,46,25608
2018-04-18,47,24626
2018-04-18,48,24284
2018-04-19,1,24067
2018-04-19,2,24285
2018-04-19,3,23991
2018-04-19,4,23294
2018-04-19,5,23061
2018-04-19,6,22755
2018-04-19,7,23103
2018-04-19,8,23529
2018-04-19,9,24536
2018-04-19,10,25779
2018-04-19,11,27330
2018-04-19,12,29526
2018-04-19,13,32578
2018-04-19,14,33812
2018-04-19,15,33888
2018-04-19,16,33232
2018-04-19,17,33077
2018-04-19,18,32569
2018-04-19,19,31986
2018-04-19,20,31445
2018-04-19,21,31020
2018-04-19,22,30799
2018-04-19,23,30564
2018-04-19,24,30360
2018-04-19,25,30124
2018-04-19,26,29900
2018-04-19,27,29939
2018-04-19,28,29941
2018-04-19,29,30078
2018-04-19,30,30865
2018-04-19,31,31972
2018-04-19,32,33037
2018-04-19,33,33956
2018-04-19,34,34660
2018-04-19,35,35204
2018-04-19,36,35583
2018-04-19,37,35514
2018-04-19,38,35741
2018-04-19,39,35945
2018-04-19,40,36499
2018-04-19,41,35688
2018-04-19,42,34142
2018-04-19,43,32362
2018-04-19,44,30152
2018-04-19,45,27875
2018-04-19,46,26671
2018-04-19,47,25792
2018-04-19,48,25514
2018-04-20,1,25190
2018-04-20,2,25131
2018-04-20,3,24770
2018-04-20,4,24474
2018-04-20,5,24133
2018-04-20,6,24133
2018-04-20,7,24149
2018-04-20,8,24169
2018-04-20,9,24698
2018-04-20,10,25692
2018-04-20,11,27175
2018-04-20,12,29276
2018-04-20,13,32279
2018-04-20,14,33814
2018-04-20,15,34282
2018-04-20,16,33815
2018-04-20,17,33475
2018-04-20,18,32762
2018-04-20,19,32160
2018-04-20,20,31522
2018-04-20,21,30576
2018-04-20,22,29853
2018-04-20,23,29235
2018-04-20,24,28474
2018-04-20,25,27953
2018-04-20,26,27459
2018-04-20,27,27357
2018-04-20,28,27318
2018-04-20,29,25491
2018-04-20,30,28002
2018-04-20,31,29066
2018-04-20,32,30201
2018-04-20,33,31255
2018-04-20,34,31968
2018-04-20,35,32468
2018-04-20,36,33083
2018-04-20,37,33255
2018-04-20,38,33437
2018-04-20,39,33636
2018-04-20,40,34478
2018-04-20,41,33619
2018-04-20,42,32174
2018-04-20,43,30794
2018-04-20,44,28985
2018-04-20,45,27182
2018-04-20,46,25727
2018-04-20,47,25257
2018-04-20,48,25063
2018-04-21,1,24982
2018-04-21,2,24813
2018-04-21,3,24310
2018-04-21,4,23906
2018-04-21,5,23607
2018-04-21,6,23357
2018-04-21,7,23293
2018-04-21,8,23269
2018-04-21,9,23436
2018-04-21,10,23545
2018-04-21,11,24247
2018-04-21,12,24401
2018-04-21,13,25540
2018-04-21,14,26608
2018-04-21,15,27802
2018-04-21,16,28218
2018-04-21,17,28424
2018-04-21,18,28222
2018-04-21,19,27788
2018-04-21,20,27351
2018-04-21,21,26872
2018-04-21,22,26390
2018-04-21,23,25802
2018-04-21,24,25287
2018-04-21,25,24648
2018-04-21,26,24246
2018-04-21,27,23962
2018-04-21,28,24002
2018-04-21,29,24357
2018-04-21,30,25022
2018-04-21,31,25879
2018-04-21,32,26970
2018-04-21,33,28131
2018-04-21,34,28522
2018-04-21,35,29265
2018-04-21,36,29357
2018-04-21,37,29718
2018-04-21,38,29782
2018-04-21,39,29972
2018-04-21,40,30438
2018-04-21,41,30040
2018-04-21,42,29011
2018-04-21,43,27699
2018-04-21,44,26178
2018-04-21,45,24456
2018-04-21,46,23334
2018-04-21,47,22404
2018-04-21,48,21898
2018-04-22,1,21706
2018-04-22,2,22177
2018-04-22,3,22266
2018-04-22,4,21777
2018-04-22,5,21320
2018-04-22,6,20696
2018-04-22,7,20611
2018-04-22,8,20557
2018-04-22,9,20828
2018-04-22,10,20846
2018-04-22,11,21168
2018-04-22,12,21797
2018-04-22,13,22166
2018-04-22,14,22373
2018-04-22,15,23302
2018-04-22,16,23991
2018-04-22,17,24754
2018-04-22,18,25142
2018-04-22,19,25368
2018-04-22,20,25152
2018-04-22,21,25265
2018-04-22,22,25252
2018-04-22,23,25272
2018-04-22,24,25410
2018-04-22,25,25139
2018-04-22,26,24650
2018-04-22,27,24562
2018-04-22,28,24453
2018-04-22,29,24694
2018-04-22,30,25118
2018-04-22,31,25924
2018-04-22,32,26826
2018-04-22,33,27659
2018-04-22,34,28129
2018-04-22,35,28544
2018-04-22,36,29055
2018-04-22,37,29555
2018-04-22,38,29596
2018-04-22,39,30052
2018-04-22,40,30519
2018-04-22,41,30203
2018-04-22,42,28777
2018-04-22,43,27182
2018-04-22,44,25219
2018-04-22,45,23402
2018-04-22,46,21886
2018-04-22,47,21534
2018-04-22,48,21428
2018-04-23,1,21589
2018-04-23,2,21650
2018-04-23,3,21552
2018-04-23,4,21453
2018-04-23,5,21240
2018-04-23,6,21218
2018-04-23,7,21200
2018-04-23,8,21410
2018-04-23,9,22054
2018-04-23,10,22783
2018-04-23,11,24434
2018-04-23,12,26707
2018-04-23,13,29485
2018-04-23,14,31204
2018-04-23,15,32078
2018-04-23,16,31859
2018-04-23,17,32019
2018-04-23,18,31743
2018-04-23,19,31664
2018-04-23,20,31333
2018-04-23,21,30866
2018-04-23,22,30482
2018-04-23,23,30356
2018-04-23,24,29916
2018-04-23,25,29453
2018-04-23,26,29172
2018-04-23,27,29177
2018-04-23,28,29089
2018-04-23,29,28894
2018-04-23,30,29614
2018-04-23,31,30664
2018-04-23,32,32050
2018-04-23,33,33016
2018-04-23,34,33436
2018-04-23,35,33611
2018-04-23,36,33710
2018-04-23,37,33478
2018-04-23,38,33276
2018-04-23,39,33354
2018-04-23,40,33181
2018-04-23,41,32405
2018-04-23,42,30568
2018-04-23,43,28498
2018-04-23,44,26334
2018-04-23,45,24117
2018-04-23,46,22695
2018-04-23,47,22393
2018-04-23,48,22383
2018-04-24,1,22416
2018-04-24,2,22716
2018-04-24,3,22711
2018-04-24,4,22532
2018-04-24,5,22368
2018-04-24,6,22287
2018-04-24,7,22376
2018-04-24,8,22579
2018-04-24,9,23344
2018-04-24,10,24362
2018-04-24,11,26455
2018-04-24,12,28500
2018-04-24,13,31397
2018-04-24,14,33384
2018-04-24,15,34512
2018-04-24,16,34416
2018-04-24,17,34794
2018-04-24,18,34693
2018-04-24,19,34197
2018-04-24,20,34184
2018-04-24,21,34403
2018-04-24,22,34558
2018-04-24,23,34878
2018-04-24,24,35074
2018-04-24,25,35051
2018-04-24,26,35198
2018-04-24,27,35368
2018-04-24,28,35450
2018-04-24,29,35733
2018-04-24,30,36414
2018-04-24,31,36826
2018-04-24,32,37529
2018-04-24,33,37903
2018-04-24,34,37984
2018-04-24,35,37915
2018-04-24,36,37890
2018-04-24,37,37290
2018-04-24,38,36666
2018-04-24,39,36343
2018-04-24,40,36011
2018-04-24,41,35104
2018-04-24,42,33064
2018-04-24,43,30803
2018-04-24,44,28380
2018-04-24,45,26395
2018-04-24,46,25002
2018-04-24,47,24260
2018-04-24,48,24004
2018-04-25,1,23945
2018-04-25,2,24250
2018-04-25,3,24155
2018-04-25,4,23828
2018-04-25,5,23512
2018-04-25,6,23400
2018-04-25,7,23440
2018-04-25,8,23710
2018-04-25,9,24319
2018-04-25,10,25064
2018-04-25,11,26748
2018-04-25,12,29166
2018-04-25,13,32046
2018-04-25,14,32847
2018-04-25,15,32696
2018-04-25,16,31899
2018-04-25,17,31688
2018-04-25,18,31428
2018-04-25,19,31106
2018-04-25,20,31227
2018-04-25,21,30904
2018-04-25,22,30572
2018-04-25,23,30351
2018-04-25,24,29795
2018-04-25,25,29599
2018-04-25,26,29249
2018-04-25,27,29048
2018-04-25,28,28870
2018-04-25,29,28722
2018-04-25,30,29470
2018-04-25,31,31112
2018-04-25,32,32135
2018-04-25,33,32558
2018-04-25,34,32907
2018-04-25,35,33321
2018-04-25,36,33570
2018-04-25,37,33713
2018-04-25,38,33503
2018-04-25,39,33840
2018-04-25,40,34019
2018-04-25,41,33619
2018-04-25,42,31952
2018-04-25,43,29996
2018-04-25,44,27751
2018-04-25,45,25582
2018-04-25,46,24031
2018-04-25,47,23390
2018-04-25,48,23069
2018-04-26,1,23002
2018-04-26,2,23338
2018-04-26,3,23383
2018-04-26,4,23255
2018-04-26,5,23167
2018-04-26,6,23008
2018-04-26,7,23093
2018-04-26,8,23069
2018-04-26,9,23789
2018-04-26,10,24328
2018-04-26,11,26002
2018-04-26,12,28036
2018-04-26,13,30986
2018-04-26,14,31986
2018-04-26,15,31840
2018-04-26,16,31114
2018-04-26,17,31033
2018-04-26,18,30530
2018-04-26,19,30047
2018-04-26,20,29891
2018-04-26,21,30173
2018-04-26,22,29918
2018-04-26,23,29816
2018-04-26,24,29319
2018-04-26,25,28906
2018-04-26,26,28341
2018-04-26,27,28244
2018-04-26,28,28001
2018-04-26,29,28246
2018-04-26,30,29074
2018-04-26,31,30103
2018-04-26,32,31323
2018-04-26,33,32463
2018-04-26,34,33193
2018-04-26,35,33865
2018-04-26,36,34578
2018-04-26,37,35004
2018-04-26,38,35272
2018-04-26,39,35459
2018-04-26,40,35782
2018-04-26,41,35521
2018-04-26,42,34195
2018-04-26,43,32551
2018-04-26,44,30172
2018-04-26,45,28146
2018-04-26,46,26580
2018-04-26,47,25912
2018-04-26,48,25763
2018-04-27,1,25626
2018-04-27,2,25855
2018-04-27,3,25793
2018-04-27,4,25457
2018-04-27,5,25384
2018-04-27,6,25241
2018-04-27,7,25335
2018-04-27,8,25503
2018-04-27,9,26171
2018-04-27,10,26716
2018-04-27,11,28527
2018-04-27,12,30935
2018-04-27,13,34290
2018-04-27,14,36614
2018-04-27,15,37737
2018-04-27,16,37801
2018-04-27,17,38472
2018-04-27,18,38419
2018-04-27,19,38200
2018-04-27,20,38204
2018-04-27,21,38085
2018-04-27,22,37902
2018-04-27,23,37748
2018-04-27,24,37612
2018-04-27,25,37613
2018-04-27,26,37310
2018-04-27,27,37094
2018-04-27,28,36613
2018-04-27,29,36337
2018-04-27,30,36667
2018-04-27,31,37129
2018-04-27,32,37604
2018-04-27,33,37713
2018-04-27,34,37627
2018-04-27,35,37562
2018-04-27,36,37235
2018-04-27,37,36877
2018-04-27,38,36442
2018-04-27,39,36219
2018-04-27,40,36080
2018-04-27,41,35396
2018-04-27,42,33955
2018-04-27,43,32180
2018-04-27,44,30214
2018-04-27,45,28225
2018-04-27,46,26741
2018-04-27,47,26257
2018-04-27,48,25962
2018-04-28,1,25690
2018-04-28,2,25966
2018-04-28,3,25757
2018-04-28,4,25460
2018-04-28,5,24990
2018-04-28,6,24818
2018-04-28,7,24654
2018-04-28,8,24622
2018-04-28,9,24798
2018-04-28,10,24911
2018-04-28,11,25125
2018-04-28,12,25685
2018-04-28,13,27458
2018-04-28,14,29018
2018-04-28,15,30748
2018-04-28,16,31767
2018-04-28,17,32718
2018-04-28,18,32920
2018-04-28,19,33326
2018-04-28,20,33289
2018-04-28,21,33123
2018-04-28,22,32962
2018-04-28,23,33037
2018-04-28,24,32728
2018-04-28,25,32296
2018-04-28,26,31725
2018-04-28,27,31425
2018-04-28,28,31060
2018-04-28,29,31024
2018-04-28,30,31248
2018-04-28,31,31579
2018-04-28,32,32183
2018-04-28,33,33038
2018-04-28,34,33650
2018-04-28,35,33906
2018-04-28,36,34000
2018-04-28,37,33875
2018-04-28,38,33621
2018-04-28,39,33314
2018-04-28,40,33306
2018-04-28,41,33172
2018-04-28,42,32196
2018-04-28,43,30737
2018-04-28,44,29117
2018-04-28,45,27417
2018-04-28,46,26094
2018-04-28,47,25647
2018-04-28,48,25473
2018-04-29,1,25362
2018-04-29,2,25648
2018-04-29,3,25406
2018-04-29,4,24955
2018-04-29,5,24633
2018-04-29,6,24368
2018-04-29,7,24007
2018-04-29,8,23784
2018-04-29,9,23768
2018-04-29,10,23561
2018-04-29,11,23732
2018-04-29,12,23814
2018-04-29,13,24911
2018-04-29,14,25943
2018-04-29,15,27005
2018-04-29,16,27748
2018-04-29,17,29107
2018-04-29,18,29807
2018-04-29,19,30525
2018-04-29,20,30972
2018-04-29,21,31305
2018-04-29,22,31485
2018-04-29,23,31540
2018-04-29,24,31676
2018-04-29,25,31642
2018-04-29,26,31370
2018-04-29,27,31301
2018-04-29,28,31323
2018-04-29,29,31452
2018-04-29,30,31700
2018-04-29,31,32216
2018-04-29,32,32954
2018-04-29,33,33557
2018-04-29,34,34026
2018-04-29,35,34048
2018-04-29,36,33993
2018-04-29,37,34008
2018-04-29,38,33662
2018-04-29,39,33567
2018-04-29,40,33254
2018-04-29,41,32977
2018-04-29,42,31774
2018-04-29,43,30161
2018-04-29,44,27854
2018-04-29,45,25636
2018-04-29,46,24562
2018-04-29,47,24378
2018-04-29,48,24031
2018-04-30,1,24172
2018-04-30,2,24564
2018-04-30,3,24609
2018-04-30,4,24461
2018-04-30,5,24143
2018-04-30,6,24031
2018-04-30,7,24301
2018-04-30,8,24406
2018-04-30,9,25024
2018-04-30,10,25829
2018-04-30,11,27497
2018-04-30,12,30130
2018-04-30,13,33861
2018-04-30,14,35992
2018-04-30,15,36880
2018-04-30,16,36704
2018-04-30,17,36809
2018-04-30,18,36735
2018-04-30,19,36432
2018-04-30,20,36230
2018-04-30,21,35859
2018-04-30,22,35677
2018-04-30,23,35361
2018-04-30,24,35008
2018-04-30,25,34742
2018-04-30,26,34364
2018-04-30,27,34164
2018-04-30,28,33929
2018-04-30,29,33844
2018-04-30,30,34435
2018-04-30,31,35205
2018-04-30,32,35993
2018-04-30,33,36415
2018-04-30,34,36734
2018-04-30,35,36947
2018-04-30,36,37161
2018-04-30,37,37058
2018-04-30,38,36918
2018-04-30,39,36577
2018-04-30,40,36884
2018-04-30,41,36913
2018-04-30,42,35202
2018-04-30,43,33168
2018-04-30,44,30739
2018-04-30,45,28229
2018-04-30,46,26575
2018-04-30,47,26167
2018-04-30,48,26270
2018-05-01,1,26253
2018-05-01,2,26629
2018-05-01,3,26486
2018-05-01,4,26308
2018-05-01,5,26235
2018-05-01,6,26099
2018-05-01,7,26336
2018-05-01,8,26536
2018-05-01,9,26902
2018-05-01,10,27574
2018-05-01,11,29078
2018-05-01,12,31481
2018-05-01,13,33847
2018-05-01,14,34698
2018-05-01,15,34862
2018-05-01,16,33996
2018-05-01,17,33427
2018-05-01,18,32425
2018-05-01,19,31420
2018-05-01,20,30793
2018-05-01,21,30262
2018-05-01,22,30124
2018-05-01,23,30828
2018-05-01,24,30758
2018-05-01,25,30319
2018-05-01,26,30246
2018-05-01,27,29881
2018-05-01,28,29887
2018-05-01,29,29938
2018-05-01,30,30640
2018-05-01,31,31885
2018-05-01,32,33007
2018-05-01,33,33890
2018-05-01,34,34373
2018-05-01,35,34772
2018-05-01,36,35191
2018-05-01,37,35316
2018-05-01,38,35004
2018-05-01,39,34817
2018-05-01,40,34867
2018-05-01,41,34256
2018-05-01,42,32217
2018-05-01,43,30338
2018-05-01,44,28185
2018-05-01,45,26127
2018-05-01,46,25246
2018-05-01,47,24212
2018-05-01,48,23438
2018-05-02,1,23465
2018-05-02,2,23960
2018-05-02,3,24021
2018-05-02,4,23636
2018-05-02,5,23454
2018-05-02,6,23092
2018-05-02,7,23085
2018-05-02,8,23339
2018-05-02,9,23930
2018-05-02,10,24834
2018-05-02,11,27040
2018-05-02,12,29555
2018-05-02,13,33053
2018-05-02,14,34877
2018-05-02,15,35727
2018-05-02,16,35556
2018-05-02,17,36053
2018-05-02,18,36013
2018-05-02,19,35716
2018-05-02,20,35468
2018-05-02,21,35036
2018-05-02,22,34542
2018-05-02,23,34368
2018-05-02,24,33747
2018-05-02,25,33032
2018-05-02,26,32240
2018-05-02,27,31670
2018-05-02,28,31245
2018-05-02,29,30966
2018-05-02,30,31363
2018-05-02,31,31857
2018-05-02,32,32828
2018-05-02,33,33465
2018-05-02,34,33732
2018-05-02,35,34134
2018-05-02,36,34642
2018-05-02,37,34882
2018-05-02,38,34697
2018-05-02,39,34615
2018-05-02,40,34905
2018-05-02,41,34901
2018-05-02,42,33365
2018-05-02,43,31845
2018-05-02,44,29993
2018-05-02,45,28436
2018-05-02,46,26968
2018-05-02,47,25466
2018-05-02,48,24881
2018-05-03,1,25001
2018-05-03,2,25506
2018-05-03,3,25338
2018-05-03,4,24992
2018-05-03,5,24791
2018-05-03,6,24919
2018-05-03,7,24877
2018-05-03,8,25058
2018-05-03,9,25658
2018-05-03,10,26548
2018-05-03,11,28990
2018-05-03,12,31109
2018-05-03,13,33671
2018-05-03,14,34444
2018-05-03,15,34710
2018-05-03,16,34027
2018-05-03,17,33826
2018-05-03,18,32929
2018-05-03,19,32094
2018-05-03,20,31684
2018-05-03,21,31589
2018-05-03,22,31394
2018-05-03,23,31545
2018-05-03,24,31243
2018-05-03,25,30882
2018-05-03,26,30533
2018-05-03,27,30280
2018-05-03,28,30022
2018-05-03,29,30022
2018-05-03,30,30939
2018-05-03,31,32232
2018-05-03,32,33509
2018-05-03,33,34428
2018-05-03,34,34941
2018-05-03,35,35387
2018-05-03,36,35664
2018-05-03,37,35495
2018-05-03,38,35545
2018-05-03,39,35518
2018-05-03,40,35281
2018-05-03,41,35004
2018-05-03,42,33519
2018-05-03,43,31622
2018-05-03,44,29213
2018-05-03,45,27373
2018-05-03,46,26615
2018-05-03,47,25748
2018-05-03,48,25154
2018-05-04,1,25083
2018-05-04,2,25596
2018-05-04,3,25434
2018-05-04,4,25138
2018-05-04,5,24733
2018-05-04,6,24653
2018-05-04,7,24664
2018-05-04,8,24786
2018-05-04,9,25094
2018-05-04,10,25966
2018-05-04,11,27916
2018-05-04,12,29878
2018-05-04,13,32687
2018-05-04,14,34042
2018-05-04,15,34345
2018-05-04,16,33771
2018-05-04,17,33614
2018-05-04,18,33210
2018-05-04,19,32793
2018-05-04,20,32696
2018-05-04,21,32713
2018-05-04,22,32537
2018-05-04,23,32556
2018-05-04,24,32083
2018-05-04,25,31705
2018-05-04,26,31380
2018-05-04,27,31250
2018-05-04,28,31015
2018-05-04,29,30358
2018-05-04,30,30745
2018-05-04,31,31348
2018-05-04,32,32029
2018-05-04,33,32559
2018-05-04,34,32799
2018-05-04,35,33204
2018-05-04,36,33344
2018-05-04,37,33261
2018-05-04,38,33195
2018-05-04,39,32953
2018-05-04,40,32798
2018-05-04,41,33062
2018-05-04,42,31922
2018-05-04,43,30749
2018-05-04,44,28935
2018-05-04,45,27101
2018-05-04,46,25616
2018-05-04,47,24849
2018-05-04,48,24369
2018-05-05,1,24375
2018-05-05,2,24625
2018-05-05,3,24461
2018-05-05,4,23960
2018-05-05,5,23588
2018-05-05,6,23389
2018-05-05,7,23248
2018-05-05,8,23097
2018-05-05,9,23210
2018-05-05,10,23041
2018-05-05,11,23786
2018-05-05,12,24235
2018-05-05,13,24837
2018-05-05,14,25550
2018-05-05,15,26384
2018-05-05,16,26574
2018-05-05,17,26560
2018-05-05,18,25894
2018-05-05,19,25211
2018-05-05,20,24628
2018-05-05,21,23836
2018-05-05,22,23282
2018-05-05,23,22943
2018-05-05,24,22632
2018-05-05,25,22055
2018-05-05,26,21432
2018-05-05,27,21148
2018-05-05,28,21046
2018-05-05,29,21411
2018-05-05,30,21844
2018-05-05,31,23015
2018-05-05,32,24204
2018-05-05,33,25901
2018-05-05,34,26996
2018-05-05,35,27869
2018-05-05,36,28228
2018-05-05,37,28408
2018-05-05,38,28490
2018-05-05,39,28456
2018-05-05,40,28830
2018-05-05,41,29554
2018-05-05,42,29121
2018-05-05,43,28311
2018-05-05,44,27068
2018-05-05,45,25525
2018-05-05,46,24128
2018-05-05,47,23091
2018-05-05,48,22388
2018-05-06,1,22233
2018-05-06,2,22350
2018-05-06,3,22532
2018-05-06,4,22260
2018-05-06,5,22098
2018-05-06,6,22129
2018-05-06,7,21948
2018-05-06,8,21753
2018-05-06,9,21648
2018-05-06,10,21595
2018-05-06,11,21943
2018-05-06,12,22168
2018-05-06,13,22335
2018-05-06,14,22326
2018-05-06,15,23033
2018-05-06,16,23450
2018-05-06,17,23768
2018-05-06,18,23641
2018-05-06,19,23427
2018-05-06,20,22954
2018-05-06,21,22466
2018-05-06,22,22200
2018-05-06,23,21971
2018-05-06,24,21734
2018-05-06,25,21340
2018-05-06,26,20999
2018-05-06,27,20582
2018-05-06,28,20417
2018-05-06,29,20865
2018-05-06,30,21285
2018-05-06,31,22109
2018-05-06,32,23004
2018-05-06,33,24092
2018-05-06,34,25077
2018-05-06,35,25935
2018-05-06,36,26804
2018-05-06,37,27322
2018-05-06,38,27532
2018-05-06,39,27693
2018-05-06,40,28182
2018-05-06,41,28945
2018-05-06,42,28504
2018-05-06,43,27784
2018-05-06,44,26455
2018-05-06,45,24772
2018-05-06,46,23466
2018-05-06,47,22546
2018-05-06,48,22184
2018-05-07,1,22161
2018-05-07,2,22278
2018-05-07,3,22143
2018-05-07,4,22018
2018-05-07,5,22052
2018-05-07,6,22094
2018-05-07,7,22077
2018-05-07,8,22022
2018-05-07,9,21995
2018-05-07,10,22190
2018-05-07,11,22650
2018-05-07,12,23456
2018-05-07,13,24235
2018-05-07,14,24423
2018-05-07,15,24760
2018-05-07,16,25321
2018-05-07,17,25705
2018-05-07,18,25623
2018-05-07,19,25501
2018-05-07,20,24898
2018-05-07,21,24530
2018-05-07,22,24098
2018-05-07,23,23880
2018-05-07,24,23479
2018-05-07,25,23105
2018-05-07,26,22704
2018-05-07,27,22629
2018-05-07,28,22668
2018-05-07,29,22958
2018-05-07,30,23457
2018-05-07,31,24398
2018-05-07,32,25438
2018-05-07,33,26766
2018-05-07,34,27827
2018-05-07,35,28688
2018-05-07,36,29243
2018-05-07,37,29734
2018-05-07,38,29876
2018-05-07,39,29954
2018-05-07,40,30089
2018-05-07,41,30669
2018-05-07,42,29762
2018-05-07,43,28736
2018-05-07,44,27102
2018-05-07,45,25302
2018-05-07,46,24356
2018-05-07,47,23919
2018-05-07,48,23399
2018-05-08,1,23048
2018-05-08,2,22999
2018-05-08,3,22697
2018-05-08,4,22301
2018-05-08,5,22250
2018-05-08,6,22194
2018-05-08,7,22227
2018-05-08,8,22289
2018-05-08,9,22448
2018-05-08,10,22928
2018-05-08,11,24802
2018-05-08,12,27206
2018-05-08,13,30010
2018-05-08,14,31396
2018-05-08,15,31924
2018-05-08,16,31540
2018-05-08,17,31582
2018-05-08,18,31309
2018-05-08,19,30755
2018-05-08,20,29939
2018-05-08,21,29834
2018-05-08,22,29064
2018-05-08,23,29530
2018-05-08,24,29148
2018-05-08,25,29127
2018-05-08,26,28986
2018-05-08,27,29136
2018-05-08,28,29433
2018-05-08,29,29583
2018-05-08,30,30436
2018-05-08,31,31357
2018-05-08,32,32236
2018-05-08,33,32878
2018-05-08,34,33140
2018-05-08,35,33342
2018-05-08,36,33511
2018-05-08,37,33511
2018-05-08,38,33363
2018-05-08,39,33139
2018-05-08,40,33005
2018-05-08,41,33248
2018-05-08,42,32122
2018-05-08,43,30486
2018-05-08,44,28416
2018-05-08,45,26502
2018-05-08,46,25606
2018-05-08,47,24588
2018-05-08,48,23944
2018-05-09,1,23635
2018-05-09,2,23514
2018-05-09,3,23245
2018-05-09,4,23018
2018-05-09,5,22876
2018-05-09,6,22868
2018-05-09,7,22941
2018-05-09,8,23018
2018-05-09,9,23316
2018-05-09,10,23962
2018-05-09,11,25736
2018-05-09,12,27648
2018-05-09,13,30274
2018-05-09,14,31422
2018-05-09,15,31637
2018-05-09,16,30945
2018-05-09,17,30570
2018-05-09,18,29767
2018-05-09,19,29216
2018-05-09,20,29112
2018-05-09,21,29052
2018-05-09,22,29072
2018-05-09,23,29084
2018-05-09,24,28906
2018-05-09,25,28848
2018-05-09,26,28650
2018-05-09,27,28773
2018-05-09,28,29042
2018-05-09,29,29484
2018-05-09,30,30798
2018-05-09,31,31828
2018-05-09,32,32794
2018-05-09,33,33490
2018-05-09,34,33832
2018-05-09,35,34032
2018-05-09,36,34018
2018-05-09,37,33915
2018-05-09,38,33471
2018-05-09,39,33193
2018-05-09,40,33288
2018-05-09,41,32949
2018-05-09,42,31632
2018-05-09,43,29841
2018-05-09,44,27647
2018-05-09,45,26268
2018-05-09,46,25253
2018-05-09,47,24238
2018-05-09,48,23523
2018-05-10,1,23191
2018-05-10,2,23236
2018-05-10,3,23060
2018-05-10,4,22630
2018-05-10,5,22459
2018-05-10,6,22282
2018-05-10,7,22372
2018-05-10,8,22685
2018-05-10,9,22785
2018-05-10,10,23462
2018-05-10,11,25402
2018-05-10,12,27649
2018-05-10,13,30202
2018-05-10,14,31201
2018-05-10,15,31183
2018-05-10,16,30482
2018-05-10,17,30050
2018-05-10,18,29505
2018-05-10,19,20280
2018-05-10,20,2876
2018-05-10,21,15358
2018-05-10,22,26720
2018-05-10,23,28113
2018-05-10,24,28152
2018-05-10,25,27780
2018-05-10,26,27680
2018-05-10,27,27628
2018-05-10,28,27485
2018-05-10,29,27654
2018-05-10,30,28545
2018-05-10,31,29514
2018-05-10,32,30488
2018-05-10,33,31652
2018-05-10,34,32391
2018-05-10,35,32906
2018-05-10,36,33322
2018-05-10,37,33442
2018-05-10,38,33534
2018-05-10,39,33285
2018-05-10,40,33311
2018-05-10,41,33320
2018-05-10,42,32270
2018-05-10,43,30780
2018-05-10,44,28831
2018-05-10,45,26847
2018-05-10,46,25847
2018-05-10,47,24866
2018-05-10,48,23846
2018-05-11,1,23406
2018-05-11,2,23388
2018-05-11,3,22803
2018-05-11,4,22522
2018-05-11,5,22330
2018-05-11,6,22161
2018-05-11,7,22023
2018-05-11,8,22064
2018-05-11,9,22427
2018-05-11,10,23276
2018-05-11,11,24650
2018-05-11,12,26457
2018-05-11,13,29192
2018-05-11,14,30560
2018-05-11,15,30698
2018-05-11,16,30056
2018-05-11,17,29504
2018-05-11,18,28713
2018-05-11,19,28092
2018-05-11,20,27833
2018-05-11,21,27874
2018-05-11,22,28148
2018-05-11,23,28400
2018-05-11,24,28483
2018-05-11,25,28255
2018-05-11,26,28071
2018-05-11,27,28226
2018-05-11,28,28255
2018-05-11,29,27690
2018-05-11,30,28982
2018-05-11,31,29942
2018-05-11,32,30769
2018-05-11,33,31491
2018-05-11,34,31722
2018-05-11,35,31998
2018-05-11,36,32124
2018-05-11,37,32109
2018-05-11,38,31805
2018-05-11,39,31411
2018-05-11,40,31243
2018-05-11,41,31209
2018-05-11,42,30306
2018-05-11,43,29359
2018-05-11,44,27845
2018-05-11,45,26534
2018-05-11,46,25548
2018-05-11,47,24421
2018-05-11,48,23941
2018-05-12,1,23547
2018-05-12,2,23547
2018-05-12,3,23396
2018-05-12,4,22942
2018-05-12,5,22868
2018-05-12,6,22955
2018-05-12,7,22959
2018-05-12,8,22656
2018-05-12,9,22408
2018-05-12,10,22495
2018-05-12,11,22979
2018-05-12,12,23838
2018-05-12,13,25116
2018-05-12,14,26084
2018-05-12,15,27088
2018-05-12,16,27807
2018-05-12,17,28503
2018-05-12,18,28485
2018-05-12,19,28531
2018-05-12,20,28335
2018-05-12,21,28149
2018-05-12,22,28107
2018-05-12,23,27900
2018-05-12,24,27730
2018-05-12,25,27657
2018-05-12,26,27365
2018-05-12,27,27211
2018-05-12,28,27303
2018-05-12,29,27548
2018-05-12,30,28080
2018-05-12,31,28750
2018-05-12,32,29541
2018-05-12,33,30425
2018-05-12,34,31031
2018-05-12,35,31392
2018-05-12,36,31488
2018-05-12,37,31394
2018-05-12,38,31426
2018-05-12,39,31260
2018-05-12,40,31071
2018-05-12,41,31096
2018-05-12,42,30442
2018-05-12,43,29091
2018-05-12,44,27789
2018-05-12,45,26248
2018-05-12,46,24891
2018-05-12,47,24218
2018-05-12,48,23518
2018-05-13,1,23159
2018-05-13,2,22963
2018-05-13,3,22563
2018-05-13,4,22472
2018-05-13,5,22281
2018-05-13,6,22169
2018-05-13,7,22104
2018-05-13,8,22016
2018-05-13,9,21787
2018-05-13,10,21666
2018-05-13,11,21987
2018-05-13,12,22480
2018-05-13,13,22905
2018-05-13,14,23187
2018-05-13,15,23919
2018-05-13,16,24655
2018-05-13,17,25339
2018-05-13,18,25444
2018-05-13,19,25696
2018-05-13,20,25771
2018-05-13,21,25870
2018-05-13,22,25722
2018-05-13,23,25761
2018-05-13,24,25503
2018-05-13,25,25190
2018-05-13,26,24592
2018-05-13,27,24328
2018-05-13,28,24034
2018-05-13,29,24016
2018-05-13,30,24061
2018-05-13,31,24507
2018-05-13,32,25500
2018-05-13,33,26783
2018-05-13,34,27733
2018-05-13,35,28561
2018-05-13,36,29056
2018-05-13,37,29518
2018-05-13,38,29727
2018-05-13,39,29757
2018-05-13,40,29707
2018-05-13,41,30027
2018-05-13,42,29746
2018-05-13,43,28801
2018-05-13,44,27055
2018-05-13,45,24953
2018-05-13,46,23569
2018-05-13,47,23251
2018-05-13,48,22504
2018-05-14,1,22440
2018-05-14,2,22656
2018-05-14,3,22273
2018-05-14,4,21899
2018-05-14,5,21776
2018-05-14,6,21736
2018-05-14,7,21783
2018-05-14,8,21961
2018-05-14,9,22391
2018-05-14,10,23273
2018-05-14,11,25392
2018-05-14,12,27622
2018-05-14,13,30412
2018-05-14,14,31477
2018-05-14,15,31572
2018-05-14,16,30843
2018-05-14,17,30505
2018-05-14,18,29914
2018-05-14,19,29120
2018-05-14,20,28582
2018-05-14,21,28312
2018-05-14,22,28002
2018-05-14,23,27937
2018-05-14,24,27687
2018-05-14,25,27589
2018-05-14,26,27420
2018-05-14,27,27480
2018-05-14,28,27476
2018-05-14,29,27556
2018-05-14,30,28164
2018-05-14,31,29169
2018-05-14,32,30228
2018-05-14,33,31091
2018-05-14,34,31717
2018-05-14,35,32236
2018-05-14,36,32726
2018-05-14,37,32890
2018-05-14,38,32821
2018-05-14,39,32598
2018-05-14,40,32434
2018-05-14,41,32782
2018-05-14,42,32191
2018-05-14,43,30628
2018-05-14,44,28459
2018-05-14,45,26735
2018-05-14,46,26002
2018-05-14,47,24936
2018-05-14,48,24106
2018-05-15,1,23821
2018-05-15,2,23738
2018-05-15,3,23472
2018-05-15,4,23252
2018-05-15,5,23072
2018-05-15,6,22930
2018-05-15,7,23009
2018-05-15,8,22955
2018-05-15,9,23187
2018-05-15,10,24231
2018-05-15,11,26135
2018-05-15,12,28208
2018-05-15,13,30973
2018-05-15,14,31939
2018-05-15,15,32114
2018-05-15,16,31555
2018-05-15,17,31239
2018-05-15,18,30659
2018-05-15,19,30223
2018-05-15,20,29803
2018-05-15,21,29455
2018-05-15,22,28985
2018-05-15,23,28665
2018-05-15,24,28322
2018-05-15,25,28028
2018-05-15,26,27866
2018-05-15,27,27836
2018-05-15,28,27917
2018-05-15,29,28331
2018-05-15,30,29237
2018-05-15,31,30048
2018-05-15,32,30936
2018-05-15,33,31776
2018-05-15,34,32243
2018-05-15,35,32704
2018-05-15,36,33008
2018-05-15,37,33259
2018-05-15,38,33242
2018-05-15,39,33028
2018-05-15,40,32715
2018-05-15,41,32564
2018-05-15,42,31538
2018-05-15,43,29927
2018-05-15,44,27766
2018-05-15,45,26411
2018-05-15,46,25254
2018-05-15,47,23947
2018-05-15,48,23208
2018-05-16,1,22835
2018-05-16,2,22692
2018-05-16,3,22356
2018-05-16,4,21972
2018-05-16,5,21759
2018-05-16,6,21485
2018-05-16,7,21347
2018-05-16,8,21374
2018-05-16,9,21945
2018-05-16,10,22418
2018-05-16,11,24097
2018-05-16,12,26656
2018-05-16,13,29659
2018-05-16,14,31552
2018-05-16,15,32624
2018-05-16,16,32712
2018-05-16,17,32991
2018-05-16,18,32762
2018-05-16,19,32667
2018-05-16,20,32604
2018-05-16,21,32488
2018-05-16,22,32476
2018-05-16,23,32622
2018-05-16,24,32404
2018-05-16,25,31990
2018-05-16,26,31772
2018-05-16,27,31518
2018-05-16,28,31446
2018-05-16,29,31336
2018-05-16,30,31832
2018-05-16,31,32634
2018-05-16,32,33468
2018-05-16,33,34095
2018-05-16,34,34244
2018-05-16,35,34107
2018-05-16,36,33986
2018-05-16,37,33771
2018-05-16,38,33533
2018-05-16,39,33410
2018-05-16,40,33112
2018-05-16,41,33220
2018-05-16,42,32545
2018-05-16,43,30785
2018-05-16,44,28684
2018-05-16,45,26952
2018-05-16,46,25680
2018-05-16,47,24581
2018-05-16,48,23976
2018-05-17,1,23554
2018-05-17,2,23556
2018-05-17,3,23482
2018-05-17,4,23320
2018-05-17,5,23170
2018-05-17,6,22980
2018-05-17,7,22910
2018-05-17,8,22869
2018-05-17,9,23068
2018-05-17,10,23872
2018-05-17,11,25526
2018-05-17,12,28195
2018-05-17,13,31001
2018-05-17,14,32094
2018-05-17,15,31918
2018-05-17,16,31778
2018-05-17,17,31614
2018-05-17,18,30870
2018-05-17,19,30185
2018-05-17,20,29688
2018-05-17,21,29389
2018-05-17,22,29147
2018-05-17,23,29166
2018-05-17,24,28818
2018-05-17,25,28541
2018-05-17,26,28379
2018-05-17,27,28434
2018-05-17,28,28368
2018-05-17,29,28612
2018-05-17,30,29409
2018-05-17,31,30472
2018-05-17,32,31429
2018-05-17,33,32359
2018-05-17,34,32957
2018-05-17,35,33505
2018-05-17,36,33574
2018-05-17,37,33676
2018-05-17,38,33675
2018-05-17,39,33443
2018-05-17,40,33476
2018-05-17,41,33480
2018-05-17,42,33020
2018-05-17,43,31783
2018-05-17,44,29611
2018-05-17,45,27919
2018-05-17,46,26665
2018-05-17,47,25677
2018-05-17,48,24912
2018-05-18,1,24512
2018-05-18,2,24386
2018-05-18,3,24241
2018-05-18,4,24085
2018-05-18,5,23853
2018-05-18,6,23722
2018-05-18,7,23704
2018-05-18,8,23668
2018-05-18,9,23943
2018-05-18,10,24744
2018-05-18,11,26432
2018-05-18,12,28508
2018-05-18,13,31005
2018-05-18,14,32062
2018-05-18,15,32531
2018-05-18,16,32142
2018-05-18,17,31890
2018-05-18,18,31303
2018-05-18,19,30782
2018-05-18,20,30241
2018-05-18,21,29907
2018-05-18,22,29589
2018-05-18,23,29401
2018-05-18,24,29091
2018-05-18,25,28716
2018-05-18,26,28388
2018-05-18,27,28300
2018-05-18,28,28187
2018-05-18,29,28315
2018-05-18,30,28930
2018-05-18,31,29908
2018-05-18,32,30827
2018-05-18,33,31555
2018-05-18,34,31984
2018-05-18,35,32291
2018-05-18,36,32420
2018-05-18,37,32477
2018-05-18,38,32197
2018-05-18,39,32053
2018-05-18,40,31962
2018-05-18,41,31898
2018-05-18,42,31669
2018-05-18,43,30881
2018-05-18,44,29190
2018-05-18,45,27391
2018-05-18,46,26157
2018-05-18,47,25461
2018-05-18,48,24536
2018-05-19,1,24076
2018-05-19,2,23975
2018-05-19,3,23677
2018-05-19,4,23323
2018-05-19,5,22981
2018-05-19,6,22882
2018-05-19,7,22720
2018-05-19,8,22393
2018-05-19,9,22118
2018-05-19,10,22278
2018-05-19,11,23179
2018-05-19,12,23716
2018-05-19,13,24516
2018-05-19,14,25137
2018-05-19,15,25793
2018-05-19,16,26052
2018-05-19,17,26241
2018-05-19,18,25761
2018-05-19,19,25837
2018-05-19,20,25166
2018-05-19,21,24505
2018-05-19,22,23689
2018-05-19,23,22742
2018-05-19,24,22516
2018-05-19,25,22132
2018-05-19,26,22023
2018-05-19,27,21776
2018-05-19,28,21294
2018-05-19,29,21415
2018-05-19,30,21699
2018-05-19,31,22890
2018-05-19,32,23984
2018-05-19,33,24853
2018-05-19,34,25812
2018-05-19,35,26821
2018-05-19,36,27088
2018-05-19,37,27479
2018-05-19,38,27682
2018-05-19,39,27530
2018-05-19,40,27588
2018-05-19,41,27850
2018-05-19,42,27774
2018-05-19,43,27203
2018-05-19,44,26091
2018-05-19,45,24608
2018-05-19,46,23276
2018-05-19,47,22505
2018-05-19,48,21670
2018-05-20,1,21716
2018-05-20,2,21628
2018-05-20,3,21369
2018-05-20,4,21159
2018-05-20,5,20761
2018-05-20,6,20541
2018-05-20,7,20466
2018-05-20,8,20127
2018-05-20,9,19908
2018-05-20,10,19902
2018-05-20,11,20434
2018-05-20,12,20892
2018-05-20,13,21511
2018-05-20,14,21571
2018-05-20,15,21930
2018-05-20,16,22438
2018-05-20,17,22560
2018-05-20,18,22595
2018-05-20,19,22426
2018-05-20,20,22333
2018-05-20,21,22233
2018-05-20,22,22103
2018-05-20,23,22065
2018-05-20,24,21730
2018-05-20,25,21361
2018-05-20,26,21047
2018-05-20,27,20871
2018-05-20,28,20931
2018-05-20,29,21316
2018-05-20,30,21864
2018-05-20,31,23037
2018-05-20,32,24228
2018-05-20,33,25319
2018-05-20,34,26478
2018-05-20,35,27590
2018-05-20,36,28280
2018-05-20,37,28773
2018-05-20,38,28875
2018-05-20,39,28923
2018-05-20,40,28894
2018-05-20,41,28951
2018-05-20,42,28590
2018-05-20,43,27774
2018-05-20,44,26332
2018-05-20,45,25159
2018-05-20,46,23983
2018-05-20,47,23276
2018-05-20,48,22748
2018-05-21,1,22581
2018-05-21,2,22549
2018-05-21,3,22420
2018-05-21,4,22233
2018-05-21,5,22151
2018-05-21,6,22222
2018-05-21,7,22387
2018-05-21,8,22236
2018-05-21,9,22670
2018-05-21,10,23527
2018-05-21,11,25348
2018-05-21,12,27153
2018-05-21,13,29649
2018-05-21,14,30757
2018-05-21,15,30752
2018-05-21,16,30424
2018-05-21,17,30341
2018-05-21,18,30330
2018-05-21,19,29834
2018-05-21,20,29663
2018-05-21,21,29440
2018-05-21,22,29345
2018-05-21,23,29648
2018-05-21,24,29606
2018-05-21,25,29276
2018-05-21,26,28990
2018-05-21,27,29209
2018-05-21,28,29094
2018-05-21,29,29440
2018-05-21,30,30331
2018-05-21,31,31182
2018-05-21,32,32034
2018-05-21,33,32793
2018-05-21,34,32884
2018-05-21,35,33026
2018-05-21,36,33076
2018-05-21,37,33021
2018-05-21,38,32736
2018-05-21,39,32588
2018-05-21,40,32303
2018-05-21,41,31939
2018-05-21,42,31274
2018-05-21,43,29801
2018-05-21,44,27864
2018-05-21,45,26594
2018-05-21,46,25329
2018-05-21,47,24173
2018-05-21,48,23454
2018-05-22,1,22942
2018-05-22,2,22840
2018-05-22,3,22615
2018-05-22,4,22217
2018-05-22,5,21882
2018-05-22,6,21656
2018-05-22,7,21441
2018-05-22,8,21308
2018-05-22,9,21561
2018-05-22,10,22500
2018-05-22,11,24191
2018-05-22,12,26067
2018-05-22,13,28750
2018-05-22,14,29961
2018-05-22,15,30033
2018-05-22,16,29577
2018-05-22,17,29457
2018-05-22,18,28897
2018-05-22,19,28293
2018-05-22,20,27986
2018-05-22,21,27809
2018-05-22,22,26675
2018-05-22,23,27527
2018-05-22,24,27572
2018-05-22,25,27018
2018-05-22,26,26844
2018-05-22,27,26670
2018-05-22,28,26681
2018-05-22,29,26993
2018-05-22,30,27718
2018-05-22,31,28542
2018-05-22,32,29554
2018-05-22,33,30439
2018-05-22,34,31043
2018-05-22,35,31446
2018-05-22,36,31830
2018-05-22,37,32093
2018-05-22,38,31909
2018-05-22,39,31655
2018-05-22,40,31379
2018-05-22,41,31344
2018-05-22,42,30680
2018-05-22,43,29329
2018-05-22,44,27339
2018-05-22,45,25726
2018-05-22,46,24749
2018-05-22,47,23488
2018-05-22,48,22838
2018-05-23,1,22720
2018-05-23,2,22534
2018-05-23,3,22300
2018-05-23,4,22017
2018-05-23,5,21934
2018-05-23,6,21870
2018-05-23,7,21850
2018-05-23,8,21903
2018-05-23,9,22219
2018-05-23,10,23029
2018-05-23,11,24795
2018-05-23,12,26983
2018-05-23,13,29850
2018-05-23,14,31043
2018-05-23,15,31617
2018-05-23,16,31095
2018-05-23,17,30968
2018-05-23,18,30632
2018-05-23,19,30050
2018-05-23,20,29361
2018-05-23,21,28873
2018-05-23,22,28629
2018-05-23,23,28394
2018-05-23,24,27982
2018-05-23,25,27438
2018-05-23,26,27118
2018-05-23,27,26936
2018-05-23,28,27180
2018-05-23,29,27252
2018-05-23,30,28063
2018-05-23,31,29174
2018-05-23,32,30504
2018-05-23,33,31394
2018-05-23,34,31869
2018-05-23,35,32080
2018-05-23,36,32249
2018-05-23,37,32108
2018-05-23,38,31988
2018-05-23,39,31903
2018-05-23,40,31704
2018-05-23,41,31758
2018-05-23,42,31205
2018-05-23,43,30046
2018-05-23,44,28096
2018-05-23,45,26223
2018-05-23,46,25252
2018-05-23,47,24078
2018-05-23,48,23260
2018-05-24,1,22983
2018-05-24,2,22754
2018-05-24,3,22693
2018-05-24,4,22296
2018-05-24,5,21946
2018-05-24,6,21856
2018-05-24,7,22004
2018-05-24,8,21952
2018-05-24,9,22388
2018-05-24,10,23103
2018-05-24,11,24950
2018-05-24,12,27216
2018-05-24,13,30186
2018-05-24,14,31929
2018-05-24,15,32824
2018-05-24,16,32832
2018-05-24,17,33223
2018-05-24,18,33003
2018-05-24,19,32174
2018-05-24,20,32137
2018-05-24,21,31970
2018-05-24,22,31655
2018-05-24,23,31458
2018-05-24,24,31244
2018-05-24,25,31059
2018-05-24,26,30725
2018-05-24,27,30820
2018-05-24,28,30860
2018-05-24,29,30920
2018-05-24,30,31600
2018-05-24,31,32304
2018-05-24,32,32970
2018-05-24,33,33705
2018-05-24,34,34052
2018-05-24,35,33906
2018-05-24,36,33916
2018-05-24,37,33807
2018-05-24,38,33608
2018-05-24,39,33195
2018-05-24,40,33030
2018-05-24,41,32666
2018-05-24,42,31893
2018-05-24,43,30482
2018-05-24,44,28615
2018-05-24,45,27434
2018-05-24,46,26227
2018-05-24,47,25090
2018-05-24,48,24121
2018-05-25,1,23634
2018-05-25,2,23503
2018-05-25,3,23220
2018-05-25,4,22946
2018-05-25,5,22583
2018-05-25,6,22626
2018-05-25,7,22560
2018-05-25,8,22359
2018-05-25,9,22767
2018-05-25,10,23519
2018-05-25,11,25007
2018-05-25,12,27132
2018-05-25,13,29912
2018-05-25,14,31789
2018-05-25,15,32990
2018-05-25,16,33224
2018-05-25,17,33495
2018-05-25,18,33502
2018-05-25,19,33260
2018-05-25,20,33246
2018-05-25,21,32961
2018-05-25,22,32752
2018-05-25,23,32748
2018-05-25,24,32392
2018-05-25,25,31838
2018-05-25,26,31438
2018-05-25,27,31256
2018-05-25,28,31076
2018-05-25,29,30999
2018-05-25,30,31184
2018-05-25,31,31754
2018-05-25,32,32197
2018-05-25,33,32631
2018-05-25,34,32549
2018-05-25,35,32518
2018-05-25,36,32288
2018-05-25,37,31962
2018-05-25,38,31567
2018-05-25,39,31314
2018-05-25,40,31045
2018-05-25,41,30845
2018-05-25,42,30045
2018-05-25,43,28784
2018-05-25,44,27126
2018-05-25,45,25931
2018-05-25,46,24677
2018-05-25,47,23679
2018-05-25,48,22818
2018-05-26,1,22464
2018-05-26,2,22208
2018-05-26,3,21856
2018-05-26,4,21344
2018-05-26,5,21230
2018-05-26,6,20996
2018-05-26,7,20849
2018-05-26,8,20479
2018-05-26,9,20428
2018-05-26,10,20662
2018-05-26,11,21238
2018-05-26,12,22063
2018-05-26,13,22860
2018-05-26,14,24058
2018-05-26,15,25500
2018-05-26,16,26135
2018-05-26,17,26442
2018-05-26,18,26438
2018-05-26,19,25982
2018-05-26,20,25638
2018-05-26,21,25458
2018-05-26,22,24957
2018-05-26,23,24590
2018-05-26,24,24067
2018-05-26,25,23287
2018-05-26,26,22474
2018-05-26,27,21823
2018-05-26,28,21403
2018-05-26,29,21375
2018-05-26,30,21558
2018-05-26,31,21988
2018-05-26,32,23079
2018-05-26,33,24376
2018-05-26,34,25166
2018-05-26,35,25849
2018-05-26,36,26269
2018-05-26,37,26526
2018-05-26,38,26373
2018-05-26,39,26089
2018-05-26,40,26038
2018-05-26,41,25936
2018-05-26,42,26086
2018-05-26,43,25769
2018-05-26,44,24613
2018-05-26,45,23049
2018-05-26,46,21994
2018-05-26,47,20973
2018-05-26,48,20595
2018-05-27,1,20836
2018-05-27,2,21012
2018-05-27,3,20862
2018-05-27,4,20621
2018-05-27,5,20807
2018-05-27,6,20732
2018-05-27,7,21070
2018-05-27,8,20630
2018-05-27,9,20930
2018-05-27,10,20872
2018-05-27,11,20947
2018-05-27,12,20851
2018-05-27,13,20668
2018-05-27,14,20924
2018-05-27,15,21324
2018-05-27,16,21932
2018-05-27,17,22961
2018-05-27,18,23155
2018-05-27,19,23414
2018-05-27,20,23390
2018-05-27,21,23318
2018-05-27,22,23290
2018-05-27,23,23361
2018-05-27,24,23238
2018-05-27,25,22980
2018-05-27,26,22587
2018-05-27,27,22324
2018-05-27,28,22212
2018-05-27,29,22459
2018-05-27,30,22683
2018-05-27,31,23395
2018-05-27,32,24363
2018-05-27,33,25548
2018-05-27,34,26435
2018-05-27,35,27248
2018-05-27,36,27619
2018-05-27,37,28133
2018-05-27,38,27993
2018-05-27,39,27970
2018-05-27,40,27927
2018-05-27,41,27749
2018-05-27,42,27526
2018-05-27,43,27217
2018-05-27,44,25925
2018-05-27,45,24460
2018-05-27,46,23187
2018-05-27,47,22438
2018-05-27,48,22161
2018-05-28,1,22085
2018-05-28,2,22058
2018-05-28,3,21944
2018-05-28,4,21600
2018-05-28,5,21354
2018-05-28,6,21332
2018-05-28,7,21178
2018-05-28,8,21033
2018-05-28,9,20807
2018-05-28,10,21002
2018-05-28,11,21821
2018-05-28,12,22345
2018-05-28,13,23432
2018-05-28,14,24252
2018-05-28,15,25408
2018-05-28,16,26113
2018-05-28,17,26601
2018-05-28,18,26935
2018-05-28,19,26746
2018-05-28,20,26725
2018-05-28,21,26591
2018-05-28,22,26252
2018-05-28,23,26077
2018-05-28,24,25741
2018-05-28,25,25583
2018-05-28,26,25122
2018-05-28,27,24848
2018-05-28,28,24808
2018-05-28,29,25011
2018-05-28,30,25480
2018-05-28,31,25806
2018-05-28,32,26734
2018-05-28,33,27534
2018-05-28,34,28117
2018-05-28,35,28788
2018-05-28,36,29238
2018-05-28,37,29235
2018-05-28,38,29379
2018-05-28,39,29330
2018-05-28,40,29453
2018-05-28,41,29369
2018-05-28,42,29429
2018-05-28,43,28593
2018-05-28,44,27087
2018-05-28,45,25218
2018-05-28,46,23789
2018-05-28,47,23420
2018-05-28,48,22853
2018-05-29,1,22491
2018-05-29,2,22153
2018-05-29,3,22066
2018-05-29,4,21600
2018-05-29,5,21344
2018-05-29,6,21385
2018-05-29,7,21324
2018-05-29,8,21084
2018-05-29,9,21518
2018-05-29,10,22145
2018-05-29,11,23597
2018-05-29,12,25149
2018-05-29,13,27606
2018-05-29,14,29292
2018-05-29,15,30793
2018-05-29,16,31716
2018-05-29,17,31712
2018-05-29,18,31718
2018-05-29,19,31446
2018-05-29,20,31142
2018-05-29,21,31268
2018-05-29,22,29902
2018-05-29,23,31250
2018-05-29,24,31210
2018-05-29,25,31214
2018-05-29,26,31057
2018-05-29,27,31168
2018-05-29,28,31049
2018-05-29,29,31544
2018-05-29,30,32042
2018-05-29,31,32216
2018-05-29,32,32938
2018-05-29,33,33458
2018-05-29,34,33879
2018-05-29,35,34058
2018-05-29,36,33945
2018-05-29,37,33674
2018-05-29,38,33224
2018-05-29,39,32726
2018-05-29,40,32112
2018-05-29,41,31853
2018-05-29,42,31119
2018-05-29,43,29765
2018-05-29,44,27727
2018-05-29,45,26036
2018-05-29,46,24917
2018-05-29,47,23701
2018-05-29,48,23120
2018-05-30,1,22900
2018-05-30,2,22662
2018-05-30,3,22441
2018-05-30,4,22123
2018-05-30,5,22051
2018-05-30,6,21906
2018-05-30,7,21865
2018-05-30,8,21670
2018-05-30,9,21931
2018-05-30,10,22699
2018-05-30,11,24214
2018-05-30,12,25888
2018-05-30,13,29608
2018-05-30,14,31782
2018-05-30,15,33154
2018-05-30,16,33858
2018-05-30,17,33682
2018-05-30,18,33880
2018-05-30,19,34183
2018-05-30,20,34203
2018-05-30,21,33916
2018-05-30,22,34009
2018-05-30,23,34312
2018-05-30,24,34170
2018-05-30,25,34264
2018-05-30,26,34019
2018-05-30,27,34406
2018-05-30,28,34303
2018-05-30,29,33900
2018-05-30,30,34204
2018-05-30,31,34456
2018-05-30,32,35050
2018-05-30,33,35184
2018-05-30,34,35239
2018-05-30,35,34942
2018-05-30,36,34734
2018-05-30,37,34296
2018-05-30,38,33899
2018-05-30,39,33466
2018-05-30,40,33108
2018-05-30,41,32813
2018-05-30,42,32179
2018-05-30,43,31022
2018-05-30,44,29038
2018-05-30,45,27488
2018-05-30,46,26491
2018-05-30,47,25250
2018-05-30,48,24514
2018-05-31,1,24030
2018-05-31,2,23785
2018-05-31,3,23993
2018-05-31,4,23574
2018-05-31,5,23290
2018-05-31,6,23238
2018-05-31,7,23302
2018-05-31,8,23164
2018-05-31,9,23456
2018-05-31,10,24095
2018-05-31,11,25384
2018-05-31,12,26833
2018-05-31,13,29796
2018-05-31,14,31498
2018-05-31,15,33415
2018-05-31,16,33913
2018-05-31,17,33866
2018-05-31,18,33745
2018-05-31,19,33692
2018-05-31,20,33541
2018-05-31,21,33390
2018-05-31,22,33236
2018-05-31,23,33156
2018-05-31,24,33013
2018-05-31,25,32820
2018-05-31,26,32701
2018-05-31,27,32704
2018-05-31,28,32719
2018-05-31,29,32938
2018-05-31,30,33129
2018-05-31,31,33469
2018-05-31,32,34030
2018-05-31,33,34378
2018-05-31,34,34339
2018-05-31,35,34211
2018-05-31,36,34304
2018-05-31,37,34536
2018-05-31,38,34434
2018-05-31,39,34137
2018-05-31,40,33564
2018-05-31,41,33001
2018-05-31,42,32368
2018-05-31,43,31259
2018-05-31,44,29465
2018-05-31,45,28197
2018-05-31,46,27106
2018-05-31,47,25962
2018-05-31,48,25310
2018-06-01,1,24951
2018-06-01,2,24819
2018-06-01,3,24432
2018-06-01,4,23975
2018-06-01,5,23811
2018-06-01,6,23740
2018-06-01,7,23631
2018-06-01,8,23306
2018-06-01,9,23266
2018-06-01,10,23918
2018-06-01,11,25183
2018-06-01,12,26517
2018-06-01,13,29414
2018-06-01,14,31349
2018-06-01,15,32407
2018-06-01,16,32918
2018-06-01,17,33085
2018-06-01,18,33198
2018-06-01,19,32548
2018-06-01,20,32373
2018-06-01,21,32351
2018-06-01,22,32248
2018-06-01,23,32210
2018-06-01,24,31962
2018-06-01,25,31759
2018-06-01,26,31228
2018-06-01,27,31105
2018-06-01,28,31145
2018-06-01,29,30876
2018-06-01,30,31037
2018-06-01,31,31360
2018-06-01,32,31992
2018-06-01,33,32450
2018-06-01,34,32741
2018-06-01,35,32700
2018-06-01,36,32661
2018-06-01,37,32319
2018-06-01,38,32011
2018-06-01,39,31373
2018-06-01,40,31187
2018-06-01,41,30708
2018-06-01,42,30658
2018-06-01,43,30060
2018-06-01,44,28550
2018-06-01,45,27583
2018-06-01,46,26614
2018-06-01,47,25341
2018-06-01,48,24423
2018-06-02,1,23751
2018-06-02,2,23518
2018-06-02,3,22975
2018-06-02,4,22678
2018-06-02,5,22394
2018-06-02,6,22235
2018-06-02,7,22239
2018-06-02,8,21795
2018-06-02,9,21712
2018-06-02,10,21871
2018-06-02,11,22519
2018-06-02,12,23185
2018-06-02,13,23824
2018-06-02,14,24995
2018-06-02,15,26452
2018-06-02,16,27394
2018-06-02,17,27946
2018-06-02,18,27914
2018-06-02,19,27930
2018-06-02,20,27944
2018-06-02,21,27924
2018-06-02,22,27474
2018-06-02,23,27276
2018-06-02,24,26768
2018-06-02,25,26216
2018-06-02,26,25712
2018-06-02,27,25283
2018-06-02,28,24836
2018-06-02,29,24813
2018-06-02,30,25063
2018-06-02,31,25648
2018-06-02,32,26707
2018-06-02,33,27777
2018-06-02,34,28331
2018-06-02,35,28628
2018-06-02,36,28977
2018-06-02,37,29260
2018-06-02,38,29160
2018-06-02,39,28906
2018-06-02,40,28721
2018-06-02,41,28610
2018-06-02,42,28687
2018-06-02,43,28408
2018-06-02,44,27182
2018-06-02,45,25776
2018-06-02,46,24459
2018-06-02,47,23620
2018-06-02,48,22958
2018-06-03,1,22599
2018-06-03,2,22452
2018-06-03,3,22098
2018-06-03,4,21854
2018-06-03,5,21717
2018-06-03,6,21516
2018-06-03,7,21310
2018-06-03,8,20795
2018-06-03,9,20652
2018-06-03,10,20673
2018-06-03,11,21103
2018-06-03,12,21426
2018-06-03,13,21581
2018-06-03,14,21946
2018-06-03,15,22420
2018-06-03,16,23231
2018-06-03,17,23906
2018-06-03,18,24343
2018-06-03,19,24648
2018-06-03,20,24671
2018-06-03,21,24850
2018-06-03,22,24924
2018-06-03,23,25052
2018-06-03,24,24838
2018-06-03,25,24641
2018-06-03,26,24120
2018-06-03,27,23934
2018-06-03,28,23664
2018-06-03,29,23764
2018-06-03,30,24151
2018-06-03,31,25070
2018-06-03,32,25917
2018-06-03,33,27012
2018-06-03,34,27732
2018-06-03,35,28347
2018-06-03,36,28788
2018-06-03,37,29133
2018-06-03,38,29117
2018-06-03,39,29083
2018-06-03,40,28961
2018-06-03,41,28829
2018-06-03,42,28680
2018-06-03,43,28333
2018-06-03,44,26985
2018-06-03,45,25144
2018-06-03,46,23795
2018-06-03,47,23459
2018-06-03,48,23157
2018-06-04,1,22902
2018-06-04,2,22761
2018-06-04,3,22358
2018-06-04,4,22176
2018-06-04,5,21864
2018-06-04,6,21873
2018-06-04,7,21808
2018-06-04,8,21608
2018-06-04,9,22594
2018-06-04,10,23318
2018-06-04,11,24364
2018-06-04,12,26688
2018-06-04,13,29303
2018-06-04,14,31008
2018-06-04,15,32131
2018-06-04,16,32424
2018-06-04,17,32703
2018-06-04,18,32716
2018-06-04,19,32687
2018-06-04,20,32556
2018-06-04,21,32471
2018-06-04,22,32452
2018-06-04,23,32494
2018-06-04,24,32126
2018-06-04,25,31800
2018-06-04,26,31682
2018-06-04,27,31614
2018-06-04,28,31520
2018-06-04,29,31506
2018-06-04,30,32099
2018-06-04,31,32611
2018-06-04,32,33254
2018-06-04,33,34267
2018-06-04,34,34468
2018-06-04,35,34462
2018-06-04,36,34332
2018-06-04,37,34044
2018-06-04,38,33575
2018-06-04,39,33081
2018-06-04,40,32482
2018-06-04,41,31948
2018-06-04,42,31012
2018-06-04,43,29536
2018-06-04,44,27710
2018-06-04,45,26266
2018-06-04,46,25065
2018-06-04,47,24144
2018-06-04,48,23416
2018-06-05,1,23206
2018-06-05,2,23138
2018-06-05,3,22793
2018-06-05,4,22547
2018-06-05,5,22268
2018-06-05,6,22364
2018-06-05,7,22552
2018-06-05,8,22454
2018-06-05,9,23147
2018-06-05,10,23873
2018-06-05,11,24896
2018-06-05,12,27264
2018-06-05,13,30300
2018-06-05,14,32025
2018-06-05,15,32917
2018-06-05,16,33243
2018-06-05,17,33764
2018-06-05,18,33532
2018-06-05,19,33272
2018-06-05,20,33162
2018-06-05,21,33136
2018-06-05,22,32918
2018-06-05,23,32806
2018-06-05,24,32214
2018-06-05,25,31616
2018-06-05,26,31033
2018-06-05,27,30729
2018-06-05,28,30480
2018-06-05,29,30159
2018-06-05,30,30648
2018-06-05,31,31228
2018-06-05,32,31927
2018-06-05,33,32538
2018-06-05,34,32797
2018-06-05,35,32916
2018-06-05,36,33216
2018-06-05,37,33106
2018-06-05,38,32810
2018-06-05,39,32619
2018-06-05,40,32173
2018-06-05,41,31712
2018-06-05,42,31125
2018-06-05,43,30186
2018-06-05,44,28336
2018-06-05,45,26794
2018-06-05,46,25581
2018-06-05,47,24529
2018-06-05,48,24049
2018-06-06,1,23642
2018-06-06,2,23366
2018-06-06,3,23080
2018-06-06,4,22896
2018-06-06,5,22497
2018-06-06,6,22374
2018-06-06,7,22285
2018-06-06,8,22086
2018-06-06,9,22377
2018-06-06,10,23280
2018-06-06,11,24952
2018-06-06,12,26904
2018-06-06,13,29571
2018-06-06,14,30673
2018-06-06,15,31160
2018-06-06,16,30822
2018-06-06,17,31123
2018-06-06,18,30956
2018-06-06,19,30263
2018-06-06,20,29734
2018-06-06,21,29490
2018-06-06,22,29248
2018-06-06,23,29016
2018-06-06,24,28726
2018-06-06,25,28565
2018-06-06,26,28466
2018-06-06,27,28577
2018-06-06,28,28733
2018-06-06,29,28835
2018-06-06,30,29522
2018-06-06,31,30523
2018-06-06,32,31342
2018-06-06,33,32191
2018-06-06,34,32567
2018-06-06,35,32908
2018-06-06,36,33126
2018-06-06,37,33174
2018-06-06,38,33174
2018-06-06,39,32938
2018-06-06,40,32412
2018-06-06,41,32135
2018-06-06,42,31457
2018-06-06,43,30524
2018-06-06,44,28697
2018-06-06,45,27230
2018-06-06,46,25904
2018-06-06,47,24885
2018-06-06,48,24302
2018-06-07,1,23795
2018-06-07,2,23504
2018-06-07,3,23243
2018-06-07,4,22870
2018-06-07,5,22765
2018-06-07,6,22657
2018-06-07,7,22542
2018-06-07,8,22350
2018-06-07,9,22895
2018-06-07,10,23658
2018-06-07,11,25130
2018-06-07,12,27213
2018-06-07,13,29836
2018-06-07,14,31004
2018-06-07,15,31779
2018-06-07,16,31692
2018-06-07,17,31845
2018-06-07,18,31598
2018-06-07,19,31060
2018-06-07,20,30883
2018-06-07,21,30808
2018-06-07,22,30797
2018-06-07,23,30820
2018-06-07,24,30484
2018-06-07,25,30475
2018-06-07,26,30531
2018-06-07,27,30700
2018-06-07,28,30697
2018-06-07,29,30972
2018-06-07,30,31404
2018-06-07,31,31994
2018-06-07,32,32794
2018-06-07,33,33311
2018-06-07,34,33411
2018-06-07,35,33517
2018-06-07,36,33629
2018-06-07,37,33528
2018-06-07,38,33504
2018-06-07,39,33094
2018-06-07,40,32652
2018-06-07,41,32212
2018-06-07,42,31479
2018-06-07,43,30661
2018-06-07,44,28769
2018-06-07,45,26784
2018-06-07,46,25286
2018-06-07,47,24319
2018-06-07,48,24173
2018-06-08,1,24166
2018-06-08,2,23966
2018-06-08,3,23364
2018-06-08,4,22952
2018-06-08,5,22613
2018-06-08,6,22369
2018-06-08,7,22260
2018-06-08,8,22135
2018-06-08,9,22542
2018-06-08,10,23517
2018-06-08,11,25116
2018-06-08,12,27162
2018-06-08,13,30195
2018-06-08,14,31670
2018-06-08,15,32137
2018-06-08,16,32398
2018-06-08,17,32676
2018-06-08,18,32621
2018-06-08,19,32466
2018-06-08,20,32437
2018-06-08,21,32572
2018-06-08,22,32574
2018-06-08,23,32428
2018-06-08,24,31867
2018-06-08,25,31490
2018-06-08,26,31266
2018-06-08,27,31011
2018-06-08,28,30814
2018-06-08,29,30739
2018-06-08,30,31210
2018-06-08,31,31778
2018-06-08,32,32290
2018-06-08,33,32722
2018-06-08,34,32791
2018-06-08,35,32872
2018-06-08,36,32838
2018-06-08,37,32530
2018-06-08,38,32230
2018-06-08,39,31682
2018-06-08,40,31188
2018-06-08,41,30964
2018-06-08,42,30357
2018-06-08,43,29525
2018-06-08,44,28138
2018-06-08,45,26715
2018-06-08,46,25701
2018-06-08,47,24629
2018-06-08,48,23871
2018-06-09,1,23391
2018-06-09,2,23093
2018-06-09,3,22954
2018-06-09,4,22601
2018-06-09,5,22364
2018-06-09,6,22374
2018-06-09,7,22163
2018-06-09,8,21618
2018-06-09,9,21536
2018-06-09,10,21570
2018-06-09,11,22248
2018-06-09,12,22820
2018-06-09,13,23557
2018-06-09,14,24910
2018-06-09,15,26559
2018-06-09,16,27368
2018-06-09,17,27946
2018-06-09,18,28031
2018-06-09,19,27930
2018-06-09,20,27727
2018-06-09,21,27180
2018-06-09,22,26741
2018-06-09,23,26340
2018-06-09,24,25894
2018-06-09,25,25333
2018-06-09,26,24833
2018-06-09,27,24477
2018-06-09,28,24241
2018-06-09,29,24295
2018-06-09,30,24712
2018-06-09,31,25434
2018-06-09,32,26515
2018-06-09,33,27715
2018-06-09,34,28432
2018-06-09,35,29095
2018-06-09,36,29221
2018-06-09,37,29031
2018-06-09,38,28783
2018-06-09,39,28374
2018-06-09,40,28127
2018-06-09,41,27793
2018-06-09,42,27634
2018-06-09,43,27576
2018-06-09,44,26577
2018-06-09,45,25244
2018-06-09,46,23958
2018-06-09,47,22901
2018-06-09,48,22218
2018-06-10,1,22072
2018-06-10,2,21939
2018-06-10,3,22185
2018-06-10,4,21890
2018-06-10,5,21614
2018-06-10,6,21545
2018-06-10,7,21367
2018-06-10,8,21055
2018-06-10,9,20998
2018-06-10,10,21047
2018-06-10,11,21447
2018-06-10,12,21778
2018-06-10,13,22454
2018-06-10,14,22825
2018-06-10,15,22982
2018-06-10,16,23869
2018-06-10,17,24753
2018-06-10,18,25087
2018-06-10,19,25483
2018-06-10,20,25480
2018-06-10,21,25353
2018-06-10,22,25298
2018-06-10,23,25127
2018-06-10,24,24674
2018-06-10,25,23915
2018-06-10,26,23275
2018-06-10,27,22968
2018-06-10,28,22822
2018-06-10,29,22991
2018-06-10,30,23494
2018-06-10,31,24262
2018-06-10,32,25443
2018-06-10,33,26658
2018-06-10,34,27590
2018-06-10,35,28220
2018-06-10,36,28698
2018-06-10,37,28983
2018-06-10,38,28812
2018-06-10,39,28546
2018-06-10,40,28392
2018-06-10,41,28202
2018-06-10,42,27897
2018-06-10,43,27840
2018-06-10,44,26632
2018-06-10,45,24786
2018-06-10,46,23489
2018-06-10,47,23191
2018-06-10,48,22877
2018-06-11,1,22754
2018-06-11,2,22607
2018-06-11,3,22369
2018-06-11,4,22396
2018-06-11,5,22322
2018-06-11,6,22263
2018-06-11,7,22148
2018-06-11,8,21952
2018-06-11,9,22834
2018-06-11,10,23422
2018-06-11,11,24190
2018-06-11,12,26310
2018-06-11,13,28869
2018-06-11,14,30326
2018-06-11,15,31036
2018-06-11,16,30798
2018-06-11,17,30650
2018-06-11,18,30462
2018-06-11,19,29947
2018-06-11,20,29520
2018-06-11,21,29315
2018-06-11,22,29033
2018-06-11,23,29118
2018-06-11,24,28987
2018-06-11,25,28864
2018-06-11,26,28622
2018-06-11,27,28541
2018-06-11,28,28565
2018-06-11,29,28823
2018-06-11,30,29318
2018-06-11,31,30218
2018-06-11,32,31060
2018-06-11,33,31801
2018-06-11,34,32188
2018-06-11,35,32431
2018-06-11,36,32544
2018-06-11,37,32491
2018-06-11,38,32522
2018-06-11,39,32198
2018-06-11,40,31756
2018-06-11,41,31435
2018-06-11,42,30767
2018-06-11,43,29856
2018-06-11,44,28082
2018-06-11,45,26147
2018-06-11,46,24650
2018-06-11,47,23817
2018-06-11,48,23555
2018-06-12,1,23462
2018-06-12,2,23413
2018-06-12,3,23342
2018-06-12,4,23010
2018-06-12,5,22697
2018-06-12,6,22642
2018-06-12,7,22600
2018-06-12,8,22347
2018-06-12,9,22663
2018-06-12,10,23671
2018-06-12,11,24926
2018-06-12,12,26963
2018-06-12,13,29619
2018-06-12,14,30988
2018-06-12,15,32072
2018-06-12,16,32242
2018-06-12,17,32598
2018-06-12,18,32433
2018-06-12,19,32144
2018-06-12,20,31902
2018-06-12,21,31801
2018-06-12,22,31850
2018-06-12,23,31826
2018-06-12,24,31646
2018-06-12,25,31603
2018-06-12,26,31215
2018-06-12,27,31326
2018-06-12,28,31288
2018-06-12,29,31405
2018-06-12,30,31974
2018-06-12,31,32457
2018-06-12,32,33050
2018-06-12,33,33561
2018-06-12,34,33496
2018-06-12,35,33704
2018-06-12,36,33718
2018-06-12,37,33676
2018-06-12,38,33661
2018-06-12,39,33355
2018-06-12,40,32518
2018-06-12,41,31976
2018-06-12,42,31242
2018-06-12,43,30424
2018-06-12,44,28582
2018-06-12,45,26644
2018-06-12,46,25150
2018-06-12,47,24060
2018-06-12,48,23380
2018-06-13,1,23133
2018-06-13,2,23124
2018-06-13,3,22874
2018-06-13,4,22623
2018-06-13,5,22410
2018-06-13,6,22341
2018-06-13,7,22280
2018-06-13,8,21952
2018-06-13,9,22233
2018-06-13,10,23053
2018-06-13,11,24820
2018-06-13,12,26963
2018-06-13,13,29432
2018-06-13,14,30818
2018-06-13,15,31236
2018-06-13,16,30830
2018-06-13,17,30820
2018-06-13,18,30367
2018-06-13,19,29800
2018-06-13,20,29748
2018-06-13,21,29692
2018-06-13,22,29681
2018-06-13,23,29876
2018-06-13,24,29824
2018-06-13,25,29568
2018-06-13,26,29484
2018-06-13,27,29558
2018-06-13,28,29573
2018-06-13,29,29566
2018-06-13,30,30212
2018-06-13,31,30650
2018-06-13,32,31463
2018-06-13,33,32020
2018-06-13,34,32104
2018-06-13,35,31990
2018-06-13,36,31773
2018-06-13,37,31355
2018-06-13,38,30820
2018-06-13,39,30467
2018-06-13,40,29784
2018-06-13,41,29191
2018-06-13,42,28488
2018-06-13,43,27370
2018-06-13,44,25404
2018-06-13,45,23545
2018-06-13,46,22780
2018-06-13,47,21677
2018-06-13,48,21362
2018-06-14,1,21406
2018-06-14,2,21240
2018-06-14,3,21378
2018-06-14,4,20893
2018-06-14,5,20874
2018-06-14,6,20744
2018-06-14,7,21203
2018-06-14,8,21103
2018-06-14,9,20679
2018-06-14,10,21264
2018-06-14,11,22627
2018-06-14,12,24145
2018-06-14,13,26525
2018-06-14,14,28181
2018-06-14,15,28896
2018-06-14,16,29087
2018-06-14,17,29535
2018-06-14,18,29501
2018-06-14,19,29137
2018-06-14,20,28794
2018-06-14,21,28534
2018-06-14,22,28144
2018-06-14,23,27450
2018-06-14,24,26938
2018-06-14,25,26671
2018-06-14,26,26074
2018-06-14,27,25613
2018-06-14,28,25436
2018-06-14,29,25607
2018-06-14,30,26394
2018-06-14,31,27447
2018-06-14,32,28588
2018-06-14,33,29153
2018-06-14,34,29568
2018-06-14,35,30127
2018-06-14,36,30609
2018-06-14,37,30913
2018-06-14,38,31009
2018-06-14,39,30644
2018-06-14,40,29981
2018-06-14,41,29507
2018-06-14,42,29316
2018-06-14,43,29069
2018-06-14,44,28142
2018-06-14,45,26260
2018-06-14,46,25035
2018-06-14,47,24212
2018-06-14,48,23287
2018-06-15,1,22970
2018-06-15,2,22593
2018-06-15,3,22436
2018-06-15,4,22238
2018-06-15,5,22028
2018-06-15,6,21986
2018-06-15,7,22032
2018-06-15,8,21704
2018-06-15,9,21842
2018-06-15,10,22692
2018-06-15,11,24138
2018-06-15,12,25813
2018-06-15,13,28117
2018-06-15,14,29337
2018-06-15,15,30100
2018-06-15,16,29958
2018-06-15,17,30046
2018-06-15,18,29930
2018-06-15,19,29712
2018-06-15,20,29602
2018-06-15,21,29248
2018-06-15,22,29396
2018-06-15,23,29430
2018-06-15,24,29335
2018-06-15,25,29232
2018-06-15,26,29290
2018-06-15,27,29190
2018-06-15,28,28878
2018-06-15,29,29032
2018-06-15,30,29298
2018-06-15,31,29870
2018-06-15,32,30498
2018-06-15,33,30972
2018-06-15,34,31193
2018-06-15,35,31489
2018-06-15,36,31158
2018-06-15,37,30896
2018-06-15,38,30762
2018-06-15,39,30508
2018-06-15,40,29822
2018-06-15,41,29779
2018-06-15,42,29455
2018-06-15,43,29157
2018-06-15,44,27914
2018-06-15,45,26327
2018-06-15,46,24892
2018-06-15,47,24014
2018-06-15,48,23556
2018-06-16,1,23364
2018-06-16,2,23030
2018-06-16,3,22729
2018-06-16,4,22492
2018-06-16,5,22183
2018-06-16,6,22072
2018-06-16,7,21968
2018-06-16,8,21690
2018-06-16,9,21606
2018-06-16,10,21501
2018-06-16,11,22228
2018-06-16,12,22784
2018-06-16,13,23376
2018-06-16,14,24469
2018-06-16,15,25983
2018-06-16,16,26642
2018-06-16,17,26984
2018-06-16,18,27180
2018-06-16,19,27335
2018-06-16,20,27085
2018-06-16,21,26847
2018-06-16,22,26490
2018-06-16,23,26455
2018-06-16,24,26042
2018-06-16,25,25666
2018-06-16,26,25072
2018-06-16,27,24595
2018-06-16,28,24072
2018-06-16,29,24057
2018-06-16,30,23844
2018-06-16,31,24390
2018-06-16,32,24918
2018-06-16,33,25670
2018-06-16,34,26113
2018-06-16,35,26557
2018-06-16,36,26480
2018-06-16,37,26644
2018-06-16,38,26522
2018-06-16,39,26354
2018-06-16,40,26142
2018-06-16,41,26311
2018-06-16,42,26433
2018-06-16,43,26375
2018-06-16,44,25507
2018-06-16,45,24219
2018-06-16,46,23256
2018-06-16,47,22132
2018-06-16,48,21462
2018-06-17,1,20845
2018-06-17,2,20581
2018-06-17,3,20573
2018-06-17,4,20392
2018-06-17,5,20208
2018-06-17,6,20084
2018-06-17,7,20120
2018-06-17,8,19628
2018-06-17,9,19545
2018-06-17,10,19686
2018-06-17,11,20123
2018-06-17,12,20418
2018-06-17,13,21323
2018-06-17,14,21352
2018-06-17,15,22283
2018-06-17,16,23172
2018-06-17,17,24070
2018-06-17,18,24558
2018-06-17,19,25190
2018-06-17,20,25447
2018-06-17,21,25859
2018-06-17,22,26119
2018-06-17,23,26304
2018-06-17,24,26433
2018-06-17,25,26170
2018-06-17,26,25721
2018-06-17,27,25708
2018-06-17,28,25733
2018-06-17,29,26099
2018-06-17,30,26380
2018-06-17,31,27109
2018-06-17,32,27707
2018-06-17,33,28102
2018-06-17,34,28108
2018-06-17,35,28618
2018-06-17,36,28838
2018-06-17,37,28905
2018-06-17,38,28707
2018-06-17,39,28519
2018-06-17,40,27938
2018-06-17,41,27616
2018-06-17,42,27064
2018-06-17,43,26516
2018-06-17,44,24899
2018-06-17,45,23286
2018-06-17,46,22057
2018-06-17,47,21498
2018-06-17,48,21279
2018-06-18,1,20981
2018-06-18,2,20840
2018-06-18,3,20644
2018-06-18,4,20614
2018-06-18,5,20450
2018-06-18,6,20587
2018-06-18,7,20477
2018-06-18,8,20341
2018-06-18,9,20798
2018-06-18,10,21540
2018-06-18,11,23006
2018-06-18,12,25032
2018-06-18,13,27781
2018-06-18,14,29329
2018-06-18,15,30074
2018-06-18,16,29942
2018-06-18,17,29916
2018-06-18,18,29440
2018-06-18,19,28812
2018-06-18,20,28261
2018-06-18,21,27917
2018-06-18,22,27644
2018-06-18,23,27701
2018-06-18,24,27656
2018-06-18,25,27444
2018-06-18,26,27254
2018-06-18,27,27458
2018-06-18,28,27757
2018-06-18,29,28254
2018-06-18,30,29256
2018-06-18,31,30209
2018-06-18,32,31143
2018-06-18,33,31819
2018-06-18,34,32136
2018-06-18,35,32476
2018-06-18,36,32539
2018-06-18,37,31783
2018-06-18,38,31327
2018-06-18,39,30670
2018-06-18,40,29464
2018-06-18,41,29527
2018-06-18,42,28962
2018-06-18,43,27984
2018-06-18,44,26521
2018-06-18,45,24583
2018-06-18,46,23013
2018-06-18,47,22166
2018-06-18,48,21879
2018-06-19,1,22176
2018-06-19,2,22372
2018-06-19,3,22088
2018-06-19,4,21702
2018-06-19,5,21576
2018-06-19,6,21591
2018-06-19,7,21179
2018-06-19,8,21041
2018-06-19,9,21248
2018-06-19,10,21884
2018-06-19,11,24423
2018-06-19,12,26565
2018-06-19,13,29737
2018-06-19,14,31247
2018-06-19,15,32216
2018-06-19,16,32534
2018-06-19,17,32851
2018-06-19,18,32598
2018-06-19,19,32322
2018-06-19,20,32089
2018-06-19,21,31927
2018-06-19,22,31385
2018-06-19,23,31179
2018-06-19,24,31616
2018-06-19,25,31780
2018-06-19,26,31550
2018-06-19,27,31698
2018-06-19,28,31425
2018-06-19,29,31464
2018-06-19,30,31962
2018-06-19,31,32224
2018-06-19,32,32659
2018-06-19,33,33341
2018-06-19,34,33452
2018-06-19,35,33515
2018-06-19,36,33555
2018-06-19,37,33525
2018-06-19,38,33117
2018-06-19,39,32540
2018-06-19,40,31809
2018-06-19,41,31244
2018-06-19,42,30499
2018-06-19,43,29498
2018-06-19,44,27713
2018-06-19,45,25840
2018-06-19,46,24376
2018-06-19,47,23548
2018-06-19,48,22768
2018-06-20,1,22731
2018-06-20,2,22404
2018-06-20,3,22021
2018-06-20,4,21608
2018-06-20,5,21632
2018-06-20,6,21511
2018-06-20,7,21348
2018-06-20,8,21180
2018-06-20,9,21390
2018-06-20,10,22296
2018-06-20,11,24052
2018-06-20,12,25761
2018-06-20,13,28382
2018-06-20,14,30120
2018-06-20,15,30902
2018-06-20,16,30698
2018-06-20,17,31109
2018-06-20,18,31176
2018-06-20,19,31076
2018-06-20,20,31084
2018-06-20,21,30957
2018-06-20,22,30913
2018-06-20,23,31060
2018-06-20,24,31078
2018-06-20,25,31041
2018-06-20,26,30812
2018-06-20,27,30937
2018-06-20,28,30733
2018-06-20,29,30846
2018-06-20,30,31113
2018-06-20,31,31484
2018-06-20,32,32262
2018-06-20,33,32596
2018-06-20,34,31906
2018-06-20,35,32336
2018-06-20,36,32257
2018-06-20,37,32036
2018-06-20,38,31766
2018-06-20,39,31251
2018-06-20,40,30921
2018-06-20,41,30522
2018-06-20,42,29765
2018-06-20,43,28818
2018-06-20,44,27131
2018-06-20,45,25031
2018-06-20,46,23300
2018-06-20,47,22206
2018-06-20,48,21741
2018-06-21,1,21861
2018-06-21,2,21864
2018-06-21,3,21670
2018-06-21,4,21610
2018-06-21,5,21419
2018-06-21,6,21544
2018-06-21,7,21471
2018-06-21,8,21297
2018-06-21,9,21858
2018-06-21,10,22376
2018-06-21,11,23656
2018-06-21,12,24907
2018-06-21,13,27004
2018-06-21,14,28064
2018-06-21,15,28478
2018-06-21,16,28270
2018-06-21,17,28309
2018-06-21,18,27924
2018-06-21,19,27526
2018-06-21,20,27278
2018-06-21,21,27136
2018-06-21,22,26842
2018-06-21,23,27262
2018-06-21,24,26837
2018-06-21,25,26746
2018-06-21,26,26577
2018-06-21,27,26419
2018-06-21,28,26215
2018-06-21,29,26328
2018-06-21,30,26976
2018-06-21,31,27953
2018-06-21,32,28999
2018-06-21,33,29814
2018-06-21,34,30091
2018-06-21,35,30585
2018-06-21,36,31088
2018-06-21,37,31145
2018-06-21,38,31031
2018-06-21,39,30662
2018-06-21,40,29957
2018-06-21,41,29837
2018-06-21,42,29379
2018-06-21,43,28953
2018-06-21,44,27559
2018-06-21,45,25647
2018-06-21,46,24386
2018-06-21,47,23559
2018-06-21,48,23054
2018-06-22,1,22547
2018-06-22,2,22167
2018-06-22,3,21783
2018-06-22,4,21624
2018-06-22,5,21553
2018-06-22,6,21497
2018-06-22,7,21634
2018-06-22,8,21441
2018-06-22,9,21850
2018-06-22,10,22514
2018-06-22,11,24000
2018-06-22,12,26017
2018-06-22,13,28326
2018-06-22,14,29417
2018-06-22,15,30257
2018-06-22,16,29652
2018-06-22,17,29474
2018-06-22,18,29115
2018-06-22,19,28544
2018-06-22,20,28164
2018-06-22,21,28100
2018-06-22,22,27978
2018-06-22,23,27825
2018-06-22,24,27579
2018-06-22,25,27231
2018-06-22,26,26890
2018-06-22,27,26531
2018-06-22,28,26272
2018-06-22,29,26188
2018-06-22,30,26768
2018-06-22,31,27564
2018-06-22,32,28475
2018-06-22,33,29270
2018-06-22,34,29840
2018-06-22,35,30126
2018-06-22,36,30399
2018-06-22,37,30441
2018-06-22,38,30340
2018-06-22,39,29846
2018-06-22,40,29367
2018-06-22,41,29308
2018-06-22,42,28914
2018-06-22,43,28821
2018-06-22,44,27913
2018-06-22,45,26313
2018-06-22,46,24761
2018-06-22,47,23953
2018-06-22,48,23032
2018-06-23,1,22546
2018-06-23,2,22438
2018-06-23,3,22198
2018-06-23,4,21986
2018-06-23,5,21736
2018-06-23,6,21678
2018-06-23,7,21415
2018-06-23,8,20945
2018-06-23,9,21006
2018-06-23,10,21203
2018-06-23,11,21892
2018-06-23,12,22193
2018-06-23,13,22748
2018-06-23,14,23526
2018-06-23,15,24496
2018-06-23,16,25032
2018-06-23,17,25430
2018-06-23,18,25538
2018-06-23,19,25265
2018-06-23,20,24933
2018-06-23,21,24514
2018-06-23,22,24147
2018-06-23,23,23799
2018-06-23,24,23238
2018-06-23,25,22929
2018-06-23,26,22497
2018-06-23,27,22392
2018-06-23,28,22368
2018-06-23,29,22744
2018-06-23,30,23296
2018-06-23,31,24170
2018-06-23,32,25102
2018-06-23,33,26213
2018-06-23,34,26877
2018-06-23,35,27541
2018-06-23,36,27890
2018-06-23,37,27858
2018-06-23,38,27881
2018-06-23,39,27813
2018-06-23,40,27431
2018-06-23,41,27574
2018-06-23,42,27563
2018-06-23,43,27480
2018-06-23,44,26416
2018-06-23,45,25090
2018-06-23,46,23800
2018-06-23,47,22656
2018-06-23,48,22177
2018-06-24,1,22257
2018-06-24,2,22096
2018-06-24,3,21690
2018-06-24,4,21320
2018-06-24,5,21202
2018-06-24,6,21135
2018-06-24,7,20837
2018-06-24,8,20312
2018-06-24,9,20190
2018-06-24,10,20242
2018-06-24,11,20723
2018-06-24,12,21015
2018-06-24,13,21235
2018-06-24,14,21229
2018-06-24,15,21768
2018-06-24,16,22265
2018-06-24,17,22968
2018-06-24,18,23193
2018-06-24,19,23436
2018-06-24,20,23253
2018-06-24,21,23149
2018-06-24,22,22992
2018-06-24,23,22992
2018-06-24,24,22806
2018-06-24,25,22260
2018-06-24,26,21757
2018-06-24,27,21714
2018-06-24,28,21374
2018-06-24,29,21855
2018-06-24,30,22380
2018-06-24,31,23102
2018-06-24,32,24076
2018-06-24,33,25347
2018-06-24,34,26204
2018-06-24,35,27118
2018-06-24,36,27664
2018-06-24,37,28259
2018-06-24,38,28498
2018-06-24,39,28328
2018-06-24,40,28091
2018-06-24,41,27897
2018-06-24,42,27907
2018-06-24,43,27951
2018-06-24,44,26816
2018-06-24,45,25167
2018-06-24,46,23778
2018-06-24,47,23326
2018-06-24,48,22794
2018-06-25,1,22704
2018-06-25,2,22717
2018-06-25,3,22522
2018-06-25,4,22324
2018-06-25,5,22217
2018-06-25,6,22129
2018-06-25,7,21879
2018-06-25,8,21718
2018-06-25,9,22235
2018-06-25,10,23153
2018-06-25,11,24941
2018-06-25,12,26310
2018-06-25,13,28862
2018-06-25,14,29933
2018-06-25,15,30604
2018-06-25,16,30290
2018-06-25,17,30341
2018-06-25,18,30107
2018-06-25,19,29668
2018-06-25,20,29612
2018-06-25,21,29524
2018-06-25,22,29410
2018-06-25,23,29332
2018-06-25,24,29110
2018-06-25,25,28864
2018-06-25,26,28735
2018-06-25,27,28738
2018-06-25,28,28871
2018-06-25,29,29147
2018-06-25,30,29898
2018-06-25,31,30852
2018-06-25,32,31759
2018-06-25,33,32418
2018-06-25,34,32814
2018-06-25,35,33126
2018-06-25,36,33454
2018-06-25,37,33387
2018-06-25,38,33347
2018-06-25,39,32898
2018-06-25,40,32319
2018-06-25,41,32277
2018-06-25,42,31752
2018-06-25,43,31019
2018-06-25,44,29478
2018-06-25,45,27378
2018-06-25,46,26269
2018-06-25,47,25519
2018-06-25,48,24912
2018-06-26,1,24593
2018-06-26,2,24382
2018-06-26,3,24061
2018-06-26,4,23652
2018-06-26,5,23550
2018-06-26,6,23674
2018-06-26,7,23654
2018-06-26,8,23448
2018-06-26,9,23801
2018-06-26,10,24536
2018-06-26,11,26006
2018-06-26,12,27349
2018-06-26,13,29816
2018-06-26,14,30831
2018-06-26,15,31210
2018-06-26,16,30958
2018-06-26,17,30992
2018-06-26,18,30590
2018-06-26,19,30152
2018-06-26,20,29900
2018-06-26,21,29685
2018-06-26,22,29740
2018-06-26,23,29703
2018-06-26,24,29472
2018-06-26,25,29288
2018-06-26,26,29191
2018-06-26,27,29198
2018-06-26,28,29366
2018-06-26,29,29551
2018-06-26,30,30324
2018-06-26,31,31012
2018-06-26,32,31627
2018-06-26,33,32448
2018-06-26,34,32927
2018-06-26,35,33011
2018-06-26,36,33238
2018-06-26,37,33015
2018-06-26,38,33042
2018-06-26,39,32738
2018-06-26,40,32153
2018-06-26,41,31928
2018-06-26,42,31158
2018-06-26,43,30465
2018-06-26,44,29136
2018-06-26,45,27264
2018-06-26,46,25866
2018-06-26,47,25300
2018-06-26,48,24674
2018-06-27,1,24589
2018-06-27,2,24370
2018-06-27,3,24165
2018-06-27,4,23944
2018-06-27,5,23764
2018-06-27,6,23739
2018-06-27,7,23562
2018-06-27,8,23340
2018-06-27,9,23586
2018-06-27,10,24340
2018-06-27,11,25355
2018-06-27,12,27356
2018-06-27,13,29909
2018-06-27,14,31200
2018-06-27,15,31770
2018-06-27,16,31404
2018-06-27,17,31229
2018-06-27,18,30521
2018-06-27,19,29746
2018-06-27,20,29269
2018-06-27,21,29052
2018-06-27,22,29013
2018-06-27,23,29014
2018-06-27,24,28780
2018-06-27,25,28781
2018-06-27,26,28560
2018-06-27,27,28638
2018-06-27,28,28788
2018-06-27,29,28823
2018-06-27,30,29506
2018-06-27,31,30351
2018-06-27,32,30992
2018-06-27,33,31901
2018-06-27,34,32416
2018-06-27,35,32775
2018-06-27,36,32971
2018-06-27,37,33146
2018-06-27,38,33199
2018-06-27,39,32901
2018-06-27,40,32233
2018-06-27,41,31719
2018-06-27,42,30792
2018-06-27,43,30343
2018-06-27,44,28808
2018-06-27,45,26946
2018-06-27,46,25832
2018-06-27,47,25142
2018-06-27,48,24758
2018-06-28,1,24339
2018-06-28,2,24066
2018-06-28,3,23664
2018-06-28,4,23390
2018-06-28,5,23414
2018-06-28,6,23397
2018-06-28,7,23227
2018-06-28,8,22991
2018-06-28,9,23392
2018-06-28,10,23782
2018-06-28,11,25007
2018-06-28,12,27136
2018-06-28,13,29606
2018-06-28,14,30887
2018-06-28,15,31648
2018-06-28,16,31412
2018-06-28,17,31134
2018-06-28,18,30631
2018-06-28,19,29961
2018-06-28,20,29713
2018-06-28,21,29408
2018-06-28,22,29368
2018-06-28,23,29454
2018-06-28,24,29352
2018-06-28,25,29169
2018-06-28,26,29163
2018-06-28,27,29383
2018-06-28,28,29423
2018-06-28,29,29499
2018-06-28,30,30236
2018-06-28,31,31067
2018-06-28,32,31786
2018-06-28,33,32334
2018-06-28,34,32507
2018-06-28,35,32739
2018-06-28,36,33008
2018-06-28,37,32635
2018-06-28,38,32768
2018-06-28,39,32127
2018-06-28,40,31390
2018-06-28,41,31278
2018-06-28,42,30739
2018-06-28,43,30244
2018-06-28,44,28992
2018-06-28,45,27032
2018-06-28,46,25437
2018-06-28,47,24729
2018-06-28,48,24039
2018-06-29,1,24182
2018-06-29,2,24052
2018-06-29,3,23737
2018-06-29,4,23356
2018-06-29,5,23178
2018-06-29,6,23168
2018-06-29,7,23028
2018-06-29,8,22757
2018-06-29,9,23173
2018-06-29,10,23690
2018-06-29,11,24655
2018-06-29,12,26515
2018-06-29,13,28853
2018-06-29,14,30143
2018-06-29,15,30579
2018-06-29,16,30329
2018-06-29,17,30279
2018-06-29,18,29965
2018-06-29,19,29578
2018-06-29,20,29335
2018-06-29,21,28988
2018-06-29,22,28897
2018-06-29,23,28815
2018-06-29,24,28640
2018-06-29,25,28348
2018-06-29,26,27894
2018-06-29,27,27788
2018-06-29,28,27776
2018-06-29,29,27899
2018-06-29,30,28268
2018-06-29,31,28810
2018-06-29,32,29507
2018-06-29,33,30065
2018-06-29,34,30492
2018-06-29,35,30666
2018-06-29,36,30819
2018-06-29,37,31023
2018-06-29,38,31002
2018-06-29,39,30628
2018-06-29,40,30085
2018-06-29,41,29600
2018-06-29,42,29338
2018-06-29,43,29036
2018-06-29,44,27738
2018-06-29,45,26235
2018-06-29,46,24808
2018-06-29,47,24260
2018-06-29,48,23715
2018-06-30,1,23430
2018-06-30,2,23056
2018-06-30,3,22603
2018-06-30,4,22145
2018-06-30,5,22110
2018-06-30,6,22052
2018-06-30,7,21719
2018-06-30,8,21323
2018-06-30,9,21279
2018-06-30,10,21463
2018-06-30,11,21839
2018-06-30,12,22353
2018-06-30,13,22821
2018-06-30,14,23603
2018-06-30,15,24616
2018-06-30,16,24980
2018-06-30,17,24944
2018-06-30,18,24750
2018-06-30,19,24684
2018-06-30,20,24434
2018-06-30,21,23848
2018-06-30,22,23423
2018-06-30,23,22950
2018-06-30,24,22674
2018-06-30,25,22573
2018-06-30,26,22086
2018-06-30,27,22011
2018-06-30,28,21996
2018-06-30,29,21952
2018-06-30,30,22250
2018-06-30,31,23019
2018-06-30,32,23952
2018-06-30,33,25200
2018-06-30,34,25663
2018-06-30,35,26311
2018-06-30,36,26760
2018-06-30,37,27066
2018-06-30,38,27190
2018-06-30,39,26966
2018-06-30,40,26703
2018-06-30,41,27156
2018-06-30,42,27412
2018-06-30,43,27397
2018-06-30,44,26377
2018-06-30,45,25042
2018-06-30,46,23726
2018-06-30,47,22589
2018-06-30,48,21819
2018-07-01,1,21583
2018-07-01,2,21326
2018-07-01,3,21288
2018-07-01,4,21250
2018-07-01,5,21158
2018-07-01,6,20970
2018-07-01,7,20536
2018-07-01,8,20272
2018-07-01,9,20306
2018-07-01,10,20296
2018-07-01,11,20666
2018-07-01,12,21034
2018-07-01,13,21412
2018-07-01,14,21435
2018-07-01,15,21869
2018-07-01,16,22388
2018-07-01,17,23158
2018-07-01,18,23455
2018-07-01,19,23583
2018-07-01,20,23756
2018-07-01,21,23811
2018-07-01,22,23890
2018-07-01,23,24154
2018-07-01,24,24188
2018-07-01,25,24190
2018-07-01,26,23975
2018-07-01,27,23833
2018-07-01,28,23934
2018-07-01,29,24233
2018-07-01,30,24638
2018-07-01,31,25326
2018-07-01,32,26018
2018-07-01,33,26871
2018-07-01,34,27432
2018-07-01,35,28378
2018-07-01,36,28706
2018-07-01,37,28933
2018-07-01,38,29180
2018-07-01,39,29071
2018-07-01,40,28783
2018-07-01,41,28586
2018-07-01,42,28322
2018-07-01,43,28430
2018-07-01,44,27052
2018-07-01,45,25388
2018-07-01,46,23987
2018-07-01,47,22722
2018-07-01,48,22234
2018-07-02,1,21754
2018-07-02,2,21506
2018-07-02,3,21372
2018-07-02,4,21225
2018-07-02,5,21474
2018-07-02,6,21568
2018-07-02,7,21356
2018-07-02,8,21282
2018-07-02,9,21546
2018-07-02,10,21933
2018-07-02,11,23839
2018-07-02,12,26114
2018-07-02,13,28498
2018-07-02,14,29625
2018-07-02,15,30332
2018-07-02,16,30342
2018-07-02,17,30546
2018-07-02,18,29673
2018-07-02,19,29773
2018-07-02,20,29470
2018-07-02,21,29043
2018-07-02,22,28931
2018-07-02,23,28836
2018-07-02,24,28690
2018-07-02,25,28818
2018-07-02,26,28736
2018-07-02,27,28887
2018-07-02,28,29045
2018-07-02,29,29383
2018-07-02,30,30050
2018-07-02,31,30421
2018-07-02,32,31116
2018-07-02,33,31861
2018-07-02,34,32238
2018-07-02,35,32406
2018-07-02,36,32744
2018-07-02,37,32930
2018-07-02,38,32858
2018-07-02,39,32192
2018-07-02,40,31491
2018-07-02,41,31044
2018-07-02,42,30724
2018-07-02,43,30011
2018-07-02,44,28809
2018-07-02,45,26970
2018-07-02,46,25174
2018-07-02,47,23892
2018-07-02,48,23066
2018-07-03,1,22838
2018-07-03,2,22786
2018-07-03,3,22466
2018-07-03,4,22532
2018-07-03,5,22707
2018-07-03,6,22732
2018-07-03,7,22624
2018-07-03,8,22280
2018-07-03,9,21817
2018-07-03,10,22130
2018-07-03,11,24491
2018-07-03,12,26471
2018-07-03,13,28746
2018-07-03,14,29708
2018-07-03,15,30176
2018-07-03,16,30250
2018-07-03,17,30337
2018-07-03,18,30110
2018-07-03,19,29533
2018-07-03,20,29475
2018-07-03,21,29351
2018-07-03,22,29244
2018-07-03,23,29211
2018-07-03,24,29194
2018-07-03,25,28934
2018-07-03,26,28879
2018-07-03,27,28969
2018-07-03,28,29207
2018-07-03,29,29237
2018-07-03,30,30086
2018-07-03,31,30736
2018-07-03,32,31433
2018-07-03,33,32077
2018-07-03,34,32538
2018-07-03,35,32801
2018-07-03,36,32865
2018-07-03,37,32188
2018-07-03,38,31825
2018-07-03,39,31354
2018-07-03,40,30319
2018-07-03,41,30496
2018-07-03,42,29944
2018-07-03,43,30523
2018-07-03,44,29186
2018-07-03,45,27302
2018-07-03,46,25582
2018-07-03,47,24680
2018-07-03,48,24225
2018-07-04,1,24275
2018-07-04,2,24050
2018-07-04,3,23562
2018-07-04,4,23242
2018-07-04,5,23127
2018-07-04,6,23196
2018-07-04,7,23147
2018-07-04,8,22978
2018-07-04,9,23288
2018-07-04,10,23658
2018-07-04,11,24699
2018-07-04,12,26772
2018-07-04,13,29339
2018-07-04,14,30772
2018-07-04,15,31862
2018-07-04,16,32106
2018-07-04,17,32114
2018-07-04,18,31877
2018-07-04,19,31783
2018-07-04,20,31582
2018-07-04,21,31360
2018-07-04,22,31326
2018-07-04,23,31432
2018-07-04,24,31294
2018-07-04,25,31248
2018-07-04,26,31312
2018-07-04,27,31201
2018-07-04,28,31184
2018-07-04,29,31332
2018-07-04,30,31554
2018-07-04,31,31970
2018-07-04,32,32534
2018-07-04,33,33054
2018-07-04,34,33526
2018-07-04,35,33523
2018-07-04,36,33571
2018-07-04,37,33240
2018-07-04,38,32972
2018-07-04,39,32518
2018-07-04,40,32324
2018-07-04,41,32236
2018-07-04,42,31769
2018-07-04,43,30879
2018-07-04,44,29200
2018-07-04,45,27371
2018-07-04,46,25705
2018-07-04,47,24426
2018-07-04,48,23603
2018-07-05,1,23350
2018-07-05,2,23065
2018-07-05,3,22420
2018-07-05,4,22068
2018-07-05,5,21944
2018-07-05,6,21884
2018-07-05,7,21763
2018-07-05,8,21644
2018-07-05,9,21917
2018-07-05,10,22771
2018-07-05,11,24800
2018-07-05,12,27120
2018-07-05,13,29548
2018-07-05,14,30720
2018-07-05,15,31524
2018-07-05,16,31565
2018-07-05,17,31767
2018-07-05,18,31541
2018-07-05,19,31263
2018-07-05,20,31162
2018-07-05,21,31196
2018-07-05,22,31141
2018-07-05,23,31130
2018-07-05,24,30944
2018-07-05,25,30829
2018-07-05,26,30751
2018-07-05,27,30677
2018-07-05,28,30643
2018-07-05,29,30684
2018-07-05,30,31400
2018-07-05,31,32182
2018-07-05,32,32888
2018-07-05,33,33257
2018-07-05,34,33225
2018-07-05,35,33190
2018-07-05,36,33222
2018-07-05,37,33080
2018-07-05,38,33028
2018-07-05,39,32754
2018-07-05,40,32638
2018-07-05,41,32288
2018-07-05,42,31992
2018-07-05,43,31383
2018-07-05,44,29952
2018-07-05,45,27894
2018-07-05,46,26503
2018-07-05,47,25959
2018-07-05,48,25294
2018-07-06,1,24900
2018-07-06,2,24680
2018-07-06,3,24457
2018-07-06,4,24437
2018-07-06,5,24213
2018-07-06,6,24157
2018-07-06,7,24099
2018-07-06,8,23792
2018-07-06,9,24078
2018-07-06,10,24495
2018-07-06,11,25535
2018-07-06,12,27416
2018-07-06,13,29515
2018-07-06,14,30663
2018-07-06,15,31523
2018-07-06,16,31412
2018-07-06,17,31462
2018-07-06,18,31230
2018-07-06,19,30817
2018-07-06,20,30551
2018-07-06,21,30149
2018-07-06,22,29918
2018-07-06,23,29740
2018-07-06,24,29345
2018-07-06,25,29144
2018-07-06,26,29162
2018-07-06,27,29216
2018-07-06,28,29512
2018-07-06,29,29713
2018-07-06,30,30170
2018-07-06,31,30646
2018-07-06,32,31215
2018-07-06,33,31962
2018-07-06,34,32204
2018-07-06,35,32412
2018-07-06,36,32734
2018-07-06,37,32515
2018-07-06,38,32388
2018-07-06,39,31961
2018-07-06,40,31326
2018-07-06,41,30994
2018-07-06,42,30692
2018-07-06,43,30314
2018-07-06,44,29122
2018-07-06,45,27574
2018-07-06,46,26186
2018-07-06,47,25152
2018-07-06,48,24480
2018-07-07,1,23981
2018-07-07,2,23595
2018-07-07,3,23457
2018-07-07,4,23483
2018-07-07,5,23086
2018-07-07,6,22837
2018-07-07,7,23066
2018-07-07,8,22994
2018-07-07,9,22668
2018-07-07,10,23039
2018-07-07,11,23274
2018-07-07,12,23435
2018-07-07,13,24442
2018-07-07,14,25182
2018-07-07,15,26200
2018-07-07,16,26572
2018-07-07,17,26879
2018-07-07,18,26743
2018-07-07,19,26597
2018-07-07,20,26242
2018-07-07,21,25876
2018-07-07,22,25673
2018-07-07,23,25435
2018-07-07,24,25237
2018-07-07,25,24769
2018-07-07,26,24602
2018-07-07,27,24427
2018-07-07,28,24446
2018-07-07,29,24470
2018-07-07,30,24892
2018-07-07,31,25234
2018-07-07,32,25483
2018-07-07,33,27264
2018-07-07,34,28139
2018-07-07,35,28358
2018-07-07,36,28616
2018-07-07,37,28814
2018-07-07,38,28831
2018-07-07,39,28670
2018-07-07,40,28302
2018-07-07,41,28154
2018-07-07,42,28212
2018-07-07,43,28266
2018-07-07,44,27404
2018-07-07,45,26184
2018-07-07,46,25013
2018-07-07,47,23800
2018-07-07,48,23088
2018-07-08,1,22520
2018-07-08,2,22114
2018-07-08,3,21777
2018-07-08,4,21710
2018-07-08,5,21973
2018-07-08,6,21810
2018-07-08,7,21956
2018-07-08,8,21657
2018-07-08,9,21434
2018-07-08,10,21456
2018-07-08,11,21832
2018-07-08,12,22192
2018-07-08,13,22314
2018-07-08,14,22140
2018-07-08,15,22777
2018-07-08,16,23262
2018-07-08,17,23825
2018-07-08,18,23977
2018-07-08,19,24171
2018-07-08,20,24107
2018-07-08,21,24125
2018-07-08,22,24274
2018-07-08,23,24562
2018-07-08,24,24518
2018-07-08,25,24219
2018-07-08,26,23837
2018-07-08,27,23693
2018-07-08,28,23562
2018-07-08,29,23829
2018-07-08,30,24119
2018-07-08,31,24554
2018-07-08,32,25508
2018-07-08,33,26356
2018-07-08,34,27240
2018-07-08,35,28060
2018-07-08,36,28707
2018-07-08,37,29052
2018-07-08,38,29080
2018-07-08,39,29164
2018-07-08,40,29069
2018-07-08,41,28875
2018-07-08,42,28831
2018-07-08,43,28706
2018-07-08,44,27791
2018-07-08,45,26277
2018-07-08,46,24850
2018-07-08,47,24066
2018-07-08,48,23624
2018-07-09,1,23322
2018-07-09,2,23025
2018-07-09,3,23168
2018-07-09,4,22889
2018-07-09,5,22818
2018-07-09,6,22817
2018-07-09,7,22762
2018-07-09,8,22699
2018-07-09,9,23083
2018-07-09,10,23499
2018-07-09,11,24858
2018-07-09,12,27066
2018-07-09,13,29502
2018-07-09,14,30978
2018-07-09,15,31744
2018-07-09,16,31911
2018-07-09,17,31931
2018-07-09,18,31863
2018-07-09,19,31573
2018-07-09,20,31814
2018-07-09,21,31681
2018-07-09,22,31779
2018-07-09,23,32320
2018-07-09,24,32088
2018-07-09,25,32020
2018-07-09,26,31725
2018-07-09,27,31649
2018-07-09,28,31508
2018-07-09,29,31410
2018-07-09,30,32044
2018-07-09,31,32435
2018-07-09,32,33064
2018-07-09,33,33571
2018-07-09,34,33794
2018-07-09,35,33698
2018-07-09,36,33623
2018-07-09,37,33440
2018-07-09,38,33164
2018-07-09,39,32763
2018-07-09,40,32207
2018-07-09,41,31558
2018-07-09,42,31108
2018-07-09,43,30334
2018-07-09,44,28902
2018-07-09,45,26978
2018-07-09,46,25516
2018-07-09,47,24708
2018-07-09,48,24561
2018-07-10,1,24346
2018-07-10,2,24154
2018-07-10,3,23730
2018-07-10,4,23519
2018-07-10,5,23462
2018-07-10,6,23354
2018-07-10,7,23519
2018-07-10,8,23433
2018-07-10,9,23636
2018-07-10,10,24214
2018-07-10,11,25470
2018-07-10,12,27205
2018-07-10,13,29676
2018-07-10,14,31060
2018-07-10,15,31947
2018-07-10,16,31882
2018-07-10,17,32042
2018-07-10,18,31841
2018-07-10,19,31430
2018-07-10,20,31360
2018-07-10,21,31369
2018-07-10,22,31061
2018-07-10,23,31085
2018-07-10,24,30789
2018-07-10,25,30317
2018-07-10,26,30087
2018-07-10,27,29808
2018-07-10,28,29648
2018-07-10,29,29719
2018-07-10,30,30451
2018-07-10,31,31205
2018-07-10,32,32116
2018-07-10,33,32599
2018-07-10,34,33103
2018-07-10,35,33284
2018-07-10,36,33580
2018-07-10,37,33485
2018-07-10,38,33113
2018-07-10,39,32548
2018-07-10,40,31712
2018-07-10,41,31612
2018-07-10,42,30933
2018-07-10,43,30243
2018-07-10,44,28791
2018-07-10,45,27131
2018-07-10,46,25604
2018-07-10,47,24404
2018-07-10,48,23917
2018-07-11,1,23774
2018-07-11,2,23524
2018-07-11,3,23362
2018-07-11,4,23227
2018-07-11,5,23229
2018-07-11,6,23376
2018-07-11,7,23472
2018-07-11,8,23160
2018-07-11,9,23098
2018-07-11,10,23786
2018-07-11,11,25399
2018-07-11,12,27650
2018-07-11,13,30032
2018-07-11,14,31486
2018-07-11,15,32175
2018-07-11,16,32223
2018-07-11,17,32477
2018-07-11,18,32369
2018-07-11,19,32032
2018-07-11,20,31867
2018-07-11,21,31808
2018-07-11,22,31770
2018-07-11,23,31787
2018-07-11,24,31658
2018-07-11,25,31437
2018-07-11,26,31374
2018-07-11,27,31390
2018-07-11,28,31239
2018-07-11,29,31184
2018-07-11,30,31832
2018-07-11,31,32363
2018-07-11,32,32747
2018-07-11,33,33257
2018-07-11,34,33641
2018-07-11,35,33645
2018-07-11,36,33505
2018-07-11,37,32069
2018-07-11,38,31757
2018-07-11,39,30946
2018-07-11,40,30003
2018-07-11,41,29691
2018-07-11,42,30264
2018-07-11,43,30820
2018-07-11,44,29408
2018-07-11,45,27466
2018-07-11,46,25761
2018-07-11,47,24674
2018-07-11,48,24248
2018-07-12,1,23910
2018-07-12,2,23734
2018-07-12,3,23458
2018-07-12,4,23361
2018-07-12,5,23132
2018-07-12,6,23182
2018-07-12,7,23452
2018-07-12,8,23328
2018-07-12,9,23285
2018-07-12,10,23955
2018-07-12,11,25363
2018-07-12,12,27476
2018-07-12,13,30169
2018-07-12,14,31632
2018-07-12,15,32488
2018-07-12,16,32329
2018-07-12,17,32686
2018-07-12,18,32617
2018-07-12,19,32243
2018-07-12,20,31868
2018-07-12,21,31687
2018-07-12,22,30963
2018-07-12,23,30002
2018-07-12,24,31586
2018-07-12,25,31373
2018-07-12,26,30348
2018-07-12,27,30575
2018-07-12,28,30565
2018-07-12,29,30546
2018-07-12,30,31177
2018-07-12,31,31928
2018-07-12,32,32683
2018-07-12,33,33108
2018-07-12,34,33104
2018-07-12,35,32966
2018-07-12,36,33089
2018-07-12,37,33003
2018-07-12,38,32876
2018-07-12,39,32547
2018-07-12,40,32478
2018-07-12,41,32052
2018-07-12,42,31573
2018-07-12,43,30969
2018-07-12,44,29286
2018-07-12,45,27423
2018-07-12,46,25989
2018-07-12,47,24808
2018-07-12,48,24423
2018-07-13,1,24310
2018-07-13,2,24099
2018-07-13,3,24004
2018-07-13,4,23682
2018-07-13,5,23582
2018-07-13,6,23645
2018-07-13,7,23624
2018-07-13,8,23470
2018-07-13,9,23740
2018-07-13,10,24094
2018-07-13,11,25508
2018-07-13,12,27431
2018-07-13,13,29891
2018-07-13,14,31634
2018-07-13,15,32702
2018-07-13,16,32802
2018-07-13,17,32914
2018-07-13,18,32670
2018-07-13,19,32204
2018-07-13,20,32023
2018-07-13,21,31804
2018-07-13,22,31445
2018-07-13,23,31163
2018-07-13,24,30934
2018-07-13,25,30538
2018-07-13,26,30654
2018-07-13,27,30662
2018-07-13,28,30542
2018-07-13,29,30530
2018-07-13,30,30959
2018-07-13,31,31224
2018-07-13,32,31831
2018-07-13,33,32461
2018-07-13,34,32722
2018-07-13,35,32650
2018-07-13,36,32467
2018-07-13,37,32208
2018-07-13,38,31906
2018-07-13,39,31689
2018-07-13,40,31009
2018-07-13,41,30636
2018-07-13,42,30489
2018-07-13,43,30041
2018-07-13,44,28876
2018-07-13,45,27198
2018-07-13,46,25891
2018-07-13,47,24861
2018-07-13,48,24196
2018-07-14,1,23494
2018-07-14,2,23225
2018-07-14,3,22996
2018-07-14,4,22689
2018-07-14,5,22960
2018-07-14,6,22960
2018-07-14,7,22705
2018-07-14,8,22371
2018-07-14,9,22108
2018-07-14,10,22156
2018-07-14,11,22834
2018-07-14,12,23289
2018-07-14,13,23512
2018-07-14,14,24250
2018-07-14,15,25324
2018-07-14,16,25967
2018-07-14,17,26330
2018-07-14,18,26218
2018-07-14,19,26017
2018-07-14,20,25879
2018-07-14,21,25642
2018-07-14,22,25467
2018-07-14,23,25102
2018-07-14,24,24813
2018-07-14,25,24389
2018-07-14,26,24006
2018-07-14,27,23625
2018-07-14,28,23639
2018-07-14,29,24030
2018-07-14,30,24511
2018-07-14,31,24663
2018-07-14,32,25268
2018-07-14,33,26436
2018-07-14,34,27190
2018-07-14,35,27720
2018-07-14,36,28104
2018-07-14,37,28262
2018-07-14,38,28364
2018-07-14,39,28221
2018-07-14,40,27998
2018-07-14,41,27904
2018-07-14,42,28086
2018-07-14,43,27871
2018-07-14,44,26828
2018-07-14,45,25446
2018-07-14,46,24270
2018-07-14,47,23133
2018-07-14,48,22563
2018-07-15,1,22668
2018-07-15,2,22577
2018-07-15,3,21973
2018-07-15,4,21630
2018-07-15,5,21538
2018-07-15,6,21390
2018-07-15,7,21354
2018-07-15,8,21136
2018-07-15,9,20663
2018-07-15,10,20653
2018-07-15,11,21129
2018-07-15,12,21390
2018-07-15,13,21776
2018-07-15,14,22052
2018-07-15,15,22166
2018-07-15,16,22650
2018-07-15,17,23224
2018-07-15,18,23499
2018-07-15,19,23634
2018-07-15,20,23568
2018-07-15,21,23550
2018-07-15,22,23442
2018-07-15,23,23374
2018-07-15,24,23322
2018-07-15,25,23116
2018-07-15,26,22704
2018-07-15,27,22555
2018-07-15,28,22545
2018-07-15,29,22981
2018-07-15,30,23566
2018-07-15,31,24243
2018-07-15,32,25212
2018-07-15,33,26313
2018-07-15,34,26874
2018-07-15,35,27978
2018-07-15,36,28552
2018-07-15,37,29084
2018-07-15,38,29172
2018-07-15,39,29143
2018-07-15,40,28962
2018-07-15,41,28784
2018-07-15,42,28795
2018-07-15,43,28603
2018-07-15,44,27218
2018-07-15,45,25543
2018-07-15,46,24347
2018-07-15,47,23588
2018-07-15,48,23067
2018-07-16,1,22978
2018-07-16,2,22846
2018-07-16,3,22628
2018-07-16,4,22248
2018-07-16,5,22391
2018-07-16,6,22282
2018-07-16,7,22292
2018-07-16,8,22314
2018-07-16,9,22436
2018-07-16,10,23020
2018-07-16,11,24488
2018-07-16,12,26744
2018-07-16,13,29260
2018-07-16,14,30812
2018-07-16,15,31864
2018-07-16,16,32105
2018-07-16,17,32496
2018-07-16,18,32677
2018-07-16,19,32276
2018-07-16,20,31927
2018-07-16,21,32070
2018-07-16,22,32133
2018-07-16,23,32183
2018-07-16,24,32090
2018-07-16,25,32216
2018-07-16,26,32136
2018-07-16,27,32120
2018-07-16,28,31745
2018-07-16,29,31663
2018-07-16,30,32082
2018-07-16,31,32740
2018-07-16,32,33333
2018-07-16,33,33956
2018-07-16,34,33960
2018-07-16,35,33556
2018-07-16,36,33580
2018-07-16,37,33140
2018-07-16,38,33017
2018-07-16,39,32887
2018-07-16,40,32402
2018-07-16,41,31839
2018-07-16,42,31426
2018-07-16,43,30644
2018-07-16,44,28888
2018-07-16,45,26937
2018-07-16,46,25498
2018-07-16,47,24686
2018-07-16,48,24045
2018-07-17,1,23877
2018-07-17,2,23612
2018-07-17,3,23638
2018-07-17,4,23503
2018-07-17,5,23322
2018-07-17,6,23190
2018-07-17,7,23527
2018-07-17,8,23499
2018-07-17,9,23482
2018-07-17,10,24081
2018-07-17,11,25341
2018-07-17,12,27177
2018-07-17,13,29398
2018-07-17,14,30584
2018-07-17,15,31340
2018-07-17,16,31581
2018-07-17,17,31886
2018-07-17,18,31754
2018-07-17,19,31599
2018-07-17,20,31801
2018-07-17,21,30983
2018-07-17,22,32149
2018-07-17,23,32616
2018-07-17,24,32459
2018-07-17,25,31943
2018-07-17,26,31622
2018-07-17,27,31434
2018-07-17,28,31346
2018-07-17,29,31259
2018-07-17,30,31799
2018-07-17,31,32630
2018-07-17,32,33190
2018-07-17,33,33464
2018-07-17,34,33626
2018-07-17,35,33393
2018-07-17,36,33340
2018-07-17,37,33074
2018-07-17,38,32873
2018-07-17,39,32374
2018-07-17,40,31900
2018-07-17,41,31647
2018-07-17,42,31410
2018-07-17,43,30450
2018-07-17,44,28794
2018-07-17,45,26895
2018-07-17,46,25296
2018-07-17,47,24394
2018-07-17,48,24094
2018-07-18,1,23756
2018-07-18,2,23925
2018-07-18,3,23741
2018-07-18,4,23612
2018-07-18,5,23397
2018-07-18,6,23451
2018-07-18,7,23528
2018-07-18,8,23565
2018-07-18,9,23441
2018-07-18,10,23674
2018-07-18,11,25295
2018-07-18,12,27361
2018-07-18,13,29796
2018-07-18,14,31286
2018-07-18,15,32165
2018-07-18,16,32221
2018-07-18,17,32310
2018-07-18,18,32112
2018-07-18,19,31933
2018-07-18,20,32000
2018-07-18,21,32243
2018-07-18,22,32378
2018-07-18,23,32457
2018-07-18,24,32153
2018-07-18,25,31996
2018-07-18,26,31936
2018-07-18,27,31932
2018-07-18,28,32029
2018-07-18,29,32014
2018-07-18,30,32559
2018-07-18,31,33144
2018-07-18,32,33744
2018-07-18,33,34084
2018-07-18,34,34178
2018-07-18,35,34038
2018-07-18,36,33836
2018-07-18,37,33480
2018-07-18,38,33108
2018-07-18,39,32697
2018-07-18,40,32418
2018-07-18,41,32027
2018-07-18,42,31746
2018-07-18,43,30766
2018-07-18,44,28966
2018-07-18,45,27162
2018-07-18,46,25688
2018-07-18,47,24914
2018-07-18,48,24649
2018-07-19,1,24208
2018-07-19,2,23839
2018-07-19,3,23449
2018-07-19,4,23256
2018-07-19,5,23543
2018-07-19,6,23645
2018-07-19,7,23573
2018-07-19,8,23536
2018-07-19,9,23800
2018-07-19,10,24040
2018-07-19,11,25294
2018-07-19,12,27129
2018-07-19,13,29619
2018-07-19,14,31048
2018-07-19,15,31914
2018-07-19,16,31941
2018-07-19,17,31870
2018-07-19,18,31493
2018-07-19,19,31116
2018-07-19,20,31012
2018-07-19,21,30881
2018-07-19,22,30817
2018-07-19,23,30963
2018-07-19,24,30826
2018-07-19,25,30628
2018-07-19,26,30424
2018-07-19,27,30426
2018-07-19,28,30452
2018-07-19,29,30579
2018-07-19,30,31128
2018-07-19,31,31671
2018-07-19,32,32134
2018-07-19,33,32728
2018-07-19,34,32705
2018-07-19,35,32781
2018-07-19,36,32977
2018-07-19,37,32883
2018-07-19,38,32692
2018-07-19,39,32295
2018-07-19,40,31822
2018-07-19,41,31374
2018-07-19,42,31264
2018-07-19,43,30395
2018-07-19,44,28665
2018-07-19,45,26755
2018-07-19,46,25234
2018-07-19,47,24466
2018-07-19,48,24222
2018-07-20,1,23978
2018-07-20,2,23708
2018-07-20,3,23444
2018-07-20,4,23264
2018-07-20,5,23095
2018-07-20,6,22911
2018-07-20,7,23189
2018-07-20,8,23078
2018-07-20,9,23323
2018-07-20,10,23648
2018-07-20,11,24825
2018-07-20,12,26392
2018-07-20,13,29231
2018-07-20,14,30404
2018-07-20,15,31385
2018-07-20,16,31499
2018-07-20,17,31681
2018-07-20,18,31707
2018-07-20,19,31595
2018-07-20,20,31643
2018-07-20,21,31455
2018-07-20,22,31432
2018-07-20,23,31419
2018-07-20,24,31319
2018-07-20,25,31086
2018-07-20,26,30896
2018-07-20,27,30778
2018-07-20,28,31121
2018-07-20,29,31054
2018-07-20,30,31350
2018-07-20,31,31778
2018-07-20,32,32482
2018-07-20,33,33142
2018-07-20,34,33252
2018-07-20,35,32948
2018-07-20,36,32873
2018-07-20,37,32426
2018-07-20,38,31934
2018-07-20,39,31412
2018-07-20,40,31014
2018-07-20,41,30586
2018-07-20,42,30298
2018-07-20,43,29475
2018-07-20,44,28092
2018-07-20,45,26378
2018-07-20,46,24999
2018-07-20,47,23844
2018-07-20,48,23213
2018-07-21,1,22822
2018-07-21,2,22724
2018-07-21,3,22736
2018-07-21,4,22471
2018-07-21,5,22239
2018-07-21,6,22186
2018-07-21,7,22141
2018-07-21,8,22021
2018-07-21,9,22174
2018-07-21,10,22227
2018-07-21,11,22462
2018-07-21,12,22954
2018-07-21,13,23735
2018-07-21,14,24738
2018-07-21,15,25880
2018-07-21,16,26478
2018-07-21,17,26889
2018-07-21,18,26915
2018-07-21,19,26947
2018-07-21,20,26795
2018-07-21,21,26550
2018-07-21,22,26235
2018-07-21,23,26019
2018-07-21,24,25974
2018-07-21,25,25579
2018-07-21,26,25275
2018-07-21,27,24998
2018-07-21,28,25040
2018-07-21,29,25110
2018-07-21,30,25308
2018-07-21,31,25944
2018-07-21,32,26666
2018-07-21,33,27599
2018-07-21,34,27978
2018-07-21,35,28149
2018-07-21,36,28331
2018-07-21,37,28172
2018-07-21,38,27892
2018-07-21,39,27678
2018-07-21,40,27374
2018-07-21,41,27350
2018-07-21,42,27485
2018-07-21,43,27204
2018-07-21,44,26074
2018-07-21,45,25013
2018-07-21,46,23813
2018-07-21,47,22677
2018-07-21,48,21908
2018-07-22,1,20902
2018-07-22,2,20705
2018-07-22,3,20742
2018-07-22,4,20724
2018-07-22,5,20960
2018-07-22,6,20873
2018-07-22,7,20934
2018-07-22,8,20767
2018-07-22,9,20655
2018-07-22,10,20714
2018-07-22,11,20986
2018-07-22,12,21177
2018-07-22,13,21504
2018-07-22,14,21770
2018-07-22,15,22536
2018-07-22,16,23296
2018-07-22,17,24111
2018-07-22,18,24466
2018-07-22,19,24622
2018-07-22,20,24571
2018-07-22,21,24671
2018-07-22,22,24639
2018-07-22,23,24775
2018-07-22,24,24677
2018-07-22,25,24250
2018-07-22,26,23686
2018-07-22,27,23501
2018-07-22,28,23458
2018-07-22,29,23693
2018-07-22,30,24115
2018-07-22,31,24911
2018-07-22,32,25960
2018-07-22,33,26806
2018-07-22,34,27579
2018-07-22,35,28098
2018-07-22,36,28574
2018-07-22,37,28898
2018-07-22,38,29005
2018-07-22,39,29055
2018-07-22,40,28899
2018-07-22,41,28744
2018-07-22,42,28791
2018-07-22,43,28497
2018-07-22,44,27277
2018-07-22,45,25638
2018-07-22,46,24159
2018-07-22,47,23236
2018-07-22,48,22531
2018-07-23,1,22098
2018-07-23,2,21974
2018-07-23,3,22125
2018-07-23,4,22061
2018-07-23,5,22032
2018-07-23,6,21983
2018-07-23,7,22139
2018-07-23,8,22168
2018-07-23,9,21764
2018-07-23,10,22145
2018-07-23,11,24302
2018-07-23,12,26205
2018-07-23,13,28543
2018-07-23,14,30110
2018-07-23,15,31336
2018-07-23,16,31966
2018-07-23,17,32405
2018-07-23,18,32423
2018-07-23,19,32033
2018-07-23,20,31748
2018-07-23,21,31633
2018-07-23,22,31646
2018-07-23,23,31522
2018-07-23,24,31493
2018-07-23,25,31449
2018-07-23,26,31330
2018-07-23,27,31262
2018-07-23,28,31298
2018-07-23,29,31704
2018-07-23,30,32044
2018-07-23,31,32448
2018-07-23,32,33091
2018-07-23,33,33621
2018-07-23,34,33918
2018-07-23,35,33883
2018-07-23,36,33906
2018-07-23,37,33841
2018-07-23,38,33537
2018-07-23,39,33226
2018-07-23,40,32654
2018-07-23,41,32225
2018-07-23,42,31962
2018-07-23,43,30956
2018-07-23,44,29130
2018-07-23,45,27161
2018-07-23,46,25818
2018-07-23,47,24976
2018-07-23,48,24222
2018-07-24,1,24128
2018-07-24,2,24301
2018-07-24,3,23831
2018-07-24,4,23631
2018-07-24,5,23495
2018-07-24,6,23550
2018-07-24,7,23514
2018-07-24,8,23422
2018-07-24,9,23195
2018-07-24,10,23694
2018-07-24,11,25061
2018-07-24,12,26962
2018-07-24,13,28982
2018-07-24,14,30480
2018-07-24,15,31659
2018-07-24,16,32270
2018-07-24,17,32394
2018-07-24,18,32235
2018-07-24,19,31950
2018-07-24,20,31803
2018-07-24,21,31616
2018-07-24,22,31454
2018-07-24,23,31438
2018-07-24,24,31218
2018-07-24,25,31184
2018-07-24,26,31293
2018-07-24,27,31380
2018-07-24,28,31529
2018-07-24,29,31714
2018-07-24,30,31812
2018-07-24,31,32058
2018-07-24,32,32776
2018-07-24,33,33326
2018-07-24,34,33607
2018-07-24,35,33749
2018-07-24,36,33813
2018-07-24,37,33480
2018-07-24,38,33155
2018-07-24,39,32710
2018-07-24,40,32454
2018-07-24,41,32277
2018-07-24,42,32052
2018-07-24,43,31229
2018-07-24,44,29541
2018-07-24,45,27684
2018-07-24,46,26121
2018-07-24,47,24689
2018-07-24,48,24012
2018-07-25,1,23998
2018-07-25,2,23790
2018-07-25,3,23512
2018-07-25,4,23202
2018-07-25,5,22995
2018-07-25,6,23000
2018-07-25,7,23147
2018-07-25,8,22863
2018-07-25,9,22200
2018-07-25,10,22742
2018-07-25,11,24621
2018-07-25,12,26471
2018-07-25,13,28724
2018-07-25,14,29858
2018-07-25,15,30819
2018-07-25,16,31313
2018-07-25,17,31621
2018-07-25,18,31317
2018-07-25,19,30821
2018-07-25,20,30496
2018-07-25,21,30295
2018-07-25,22,29998
2018-07-25,23,30045
2018-07-25,24,29758
2018-07-25,25,29550
2018-07-25,26,29439
2018-07-25,27,29339
2018-07-25,28,29409
2018-07-25,29,29732
2018-07-25,30,30145
2018-07-25,31,30635
2018-07-25,32,31528
2018-07-25,33,32421
2018-07-25,34,32756
2018-07-25,35,32850
2018-07-25,36,33099
2018-07-25,37,32824
2018-07-25,38,32455
2018-07-25,39,32221
2018-07-25,40,31770
2018-07-25,41,31746
2018-07-25,42,31685
2018-07-25,43,30905
2018-07-25,44,29373
2018-07-25,45,27426
2018-07-25,46,26010
2018-07-25,47,24800
2018-07-25,48,24010
2018-07-26,1,24104
2018-07-26,2,23892
2018-07-26,3,23693
2018-07-26,4,23386
2018-07-26,5,23118
2018-07-26,6,23165
2018-07-26,7,23249
2018-07-26,8,23196
2018-07-26,9,23021
2018-07-26,10,23341
2018-07-26,11,24562
2018-07-26,12,26320
2018-07-26,13,28410
2018-07-26,14,29706
2018-07-26,15,30712
2018-07-26,16,31202
2018-07-26,17,31433
2018-07-26,18,31105
2018-07-26,19,30743
2018-07-26,20,30716
2018-07-26,21,30757
2018-07-26,22,30811
2018-07-26,23,30863
2018-07-26,24,30737
2018-07-26,25,30851
2018-07-26,26,30828
2018-07-26,27,30658
2018-07-26,28,30791
2018-07-26,29,31213
2018-07-26,30,31485
2018-07-26,31,31559
2018-07-26,32,32156
2018-07-26,33,32851
2018-07-26,34,33122
2018-07-26,35,33231
2018-07-26,36,33298
2018-07-26,37,33238
2018-07-26,38,32922
2018-07-26,39,32397
2018-07-26,40,32242
2018-07-26,41,32105
2018-07-26,42,31974
2018-07-26,43,30978
2018-07-26,44,29531
2018-07-26,45,27597
2018-07-26,46,26056
2018-07-26,47,25463
2018-07-26,48,25194
2018-07-27,1,24718
2018-07-27,2,24454
2018-07-27,3,24018
2018-07-27,4,23683
2018-07-27,5,23512
2018-07-27,6,23514
2018-07-27,7,23659
2018-07-27,8,23900
2018-07-27,9,24237
2018-07-27,10,24524
2018-07-27,11,25276
2018-07-27,12,26694
2018-07-27,13,28695
2018-07-27,14,30084
2018-07-27,15,31095
2018-07-27,16,31715
2018-07-27,17,31790
2018-07-27,18,31787
2018-07-27,19,31714
2018-07-27,20,31612
2018-07-27,21,31441
2018-07-27,22,31259
2018-07-27,23,31528
2018-07-27,24,31414
2018-07-27,25,31115
2018-07-27,26,30849
2018-07-27,27,30911
2018-07-27,28,30974
2018-07-27,29,31326
2018-07-27,30,31800
2018-07-27,31,32283
2018-07-27,32,32823
2018-07-27,33,33342
2018-07-27,34,33595
2018-07-27,35,33306
2018-07-27,36,33024
2018-07-27,37,32460
2018-07-27,38,31889
2018-07-27,39,31388
2018-07-27,40,30921
2018-07-27,41,30809
2018-07-27,42,30134
2018-07-27,43,29168
2018-07-27,44,27394
2018-07-27,45,25615
2018-07-27,46,24228
2018-07-27,47,23121
2018-07-27,48,22466
2018-07-28,1,22514
2018-07-28,2,22320
2018-07-28,3,22015
2018-07-28,4,21694
2018-07-28,5,21590
2018-07-28,6,21582
2018-07-28,7,21678
2018-07-28,8,21559
2018-07-28,9,21289
2018-07-28,10,21459
2018-07-28,11,21782
2018-07-28,12,21826
2018-07-28,13,21870
2018-07-28,14,22597
2018-07-28,15,23240
2018-07-28,16,23420
2018-07-28,17,23419
2018-07-28,18,23272
2018-07-28,19,23170
2018-07-28,20,22514
2018-07-28,21,21988
2018-07-28,22,21874
2018-07-28,23,21153
2018-07-28,24,20748
2018-07-28,25,20317
2018-07-28,26,20045
2018-07-28,27,20521
2018-07-28,28,20877
2018-07-28,29,20942
2018-07-28,30,21385
2018-07-28,31,21871
2018-07-28,32,22470
2018-07-28,33,23110
2018-07-28,34,23483
2018-07-28,35,23539
2018-07-28,36,23725
2018-07-28,37,23924
2018-07-28,38,23673
2018-07-28,39,23661
2018-07-28,40,23700
2018-07-28,41,24056
2018-07-28,42,24224
2018-07-28,43,23744
2018-07-28,44,22873
2018-07-28,45,22054
2018-07-28,46,20822
2018-07-28,47,19969
2018-07-28,48,19463
2018-07-29,1,19664
2018-07-29,2,19310
2018-07-29,3,19218
2018-07-29,4,18952
2018-07-29,5,18936
2018-07-29,6,19005
2018-07-29,7,19035
2018-07-29,8,19048
2018-07-29,9,18928
2018-07-29,10,18966
2018-07-29,11,19275
2018-07-29,12,19633
2018-07-29,13,20140
2018-07-29,14,20814
2018-07-29,15,20798
2018-07-29,16,22022
2018-07-29,17,22926
2018-07-29,18,23740
2018-07-29,19,24518
2018-07-29,20,25626
2018-07-29,21,26060
2018-07-29,22,26012
2018-07-29,23,26263
2018-07-29,24,26144
2018-07-29,25,26072
2018-07-29,26,25551
2018-07-29,27,25630
2018-07-29,28,25520
2018-07-29,29,25524
2018-07-29,30,25625
2018-07-29,31,25994
2018-07-29,32,26544
2018-07-29,33,27128
2018-07-29,34,27222
2018-07-29,35,27323
2018-07-29,36,27464
2018-07-29,37,27283
2018-07-29,38,26994
2018-07-29,39,26973
2018-07-29,40,26854
2018-07-29,41,27198
2018-07-29,42,26979
2018-07-29,43,26332
2018-07-29,44,25044
2018-07-29,45,23819
2018-07-29,46,22654
2018-07-29,47,21693
2018-07-29,48,21253
2018-07-30,1,21000
2018-07-30,2,21287
2018-07-30,3,21155
2018-07-30,4,20933
2018-07-30,5,20634
2018-07-30,6,20705
2018-07-30,7,20422
2018-07-30,8,20466
2018-07-30,9,21118
2018-07-30,10,21648
2018-07-30,11,23555
2018-07-30,12,24762
2018-07-30,13,26736
2018-07-30,14,28427
2018-07-30,15,29860
2018-07-30,16,30693
2018-07-30,17,31111
2018-07-30,18,30986
2018-07-30,19,30709
2018-07-30,20,30793
2018-07-30,21,30742
2018-07-30,22,30766
2018-07-30,23,30758
2018-07-30,24,30483
2018-07-30,25,29901
2018-07-30,26,29703
2018-07-30,27,29573
2018-07-30,28,29249
2018-07-30,29,29464
2018-07-30,30,29829
2018-07-30,31,30148
2018-07-30,32,30857
2018-07-30,33,31671
2018-07-30,34,31883
2018-07-30,35,31830
2018-07-30,36,32029
2018-07-30,37,31751
2018-07-30,38,31520
2018-07-30,39,31298
2018-07-30,40,30980
2018-07-30,41,30837
2018-07-30,42,30092
2018-07-30,43,28771
2018-07-30,44,27278
2018-07-30,45,25507
2018-07-30,46,24279
2018-07-30,47,23686
2018-07-30,48,23333
2018-07-31,1,22934
2018-07-31,2,22614
2018-07-31,3,22410
2018-07-31,4,22246
2018-07-31,5,22156
2018-07-31,6,22143
2018-07-31,7,21973
2018-07-31,8,22072
2018-07-31,9,22508
2018-07-31,10,23207
2018-07-31,11,24130
2018-07-31,12,25231
2018-07-31,13,27238
2018-07-31,14,27992
2018-07-31,15,28844
2018-07-31,16,28919
2018-07-31,17,28604
2018-07-31,18,27785
2018-07-31,19,27197
2018-07-31,20,26881
2018-07-31,21,26636
2018-07-31,22,25846
2018-07-31,23,26803
2018-07-31,24,26638
2018-07-31,25,26425
2018-07-31,26,26154
2018-07-31,27,26141
2018-07-31,28,26206
2018-07-31,29,26516
2018-07-31,30,27076
2018-07-31,31,27888
2018-07-31,32,28971
2018-07-31,33,29726
2018-07-31,34,30357
2018-07-31,35,30663
2018-07-31,36,30718
2018-07-31,37,30338
2018-07-31,38,30227
2018-07-31,39,29982
2018-07-31,40,29702
2018-07-31,41,29867
2018-07-31,42,29276
2018-07-31,43,28020
2018-07-31,44,26329
2018-07-31,45,24622
2018-07-31,46,23036
2018-07-31,47,22163
2018-07-31,48,21617
2018-08-01,1,21527
2018-08-01,2,21516
2018-08-01,3,21222
2018-08-01,4,21028
2018-08-01,5,20998
2018-08-01,6,21082
2018-08-01,7,21037
2018-08-01,8,21147
2018-08-01,9,21274
2018-08-01,10,21867
2018-08-01,11,23168
2018-08-01,12,24802
2018-08-01,13,26552
2018-08-01,14,27663
2018-08-01,15,29042
2018-08-01,16,29290
2018-08-01,17,29433
2018-08-01,18,29266
2018-08-01,19,28930
2018-08-01,20,28675
2018-08-01,21,28403
2018-08-01,22,28168
2018-08-01,23,28110
2018-08-01,24,28121
2018-08-01,25,27968
2018-08-01,26,27741
2018-08-01,27,27775
2018-08-01,28,27831
2018-08-01,29,27933
2018-08-01,30,28399
2018-08-01,31,29038
2018-08-01,32,29682
2018-08-01,33,30319
2018-08-01,34,30954
2018-08-01,35,31139
2018-08-01,36,31474
2018-08-01,37,31546
2018-08-01,38,31124
2018-08-01,39,30769
2018-08-01,40,30376
2018-08-01,41,30404
2018-08-01,42,29730
2018-08-01,43,28340
2018-08-01,44,26600
2018-08-01,45,24620
2018-08-01,46,23147
2018-08-01,47,22471
2018-08-01,48,22127
2018-08-02,1,21725
2018-08-02,2,21654
2018-08-02,3,21542
2018-08-02,4,21400
2018-08-02,5,21272
2018-08-02,6,21338
2018-08-02,7,21384
2018-08-02,8,21463
2018-08-02,9,21641
2018-08-02,10,22156
2018-08-02,11,23380
2018-08-02,12,25201
2018-08-02,13,27187
2018-08-02,14,28548
2018-08-02,15,29760
2018-08-02,16,30268
2018-08-02,17,30473
2018-08-02,18,30388
2018-08-02,19,30008
2018-08-02,20,29863
2018-08-02,21,29994
2018-08-02,22,29837
2018-08-02,23,29822
2018-08-02,24,29853
2018-08-02,25,29752
2018-08-02,26,29682
2018-08-02,27,29798
2018-08-02,28,29961
2018-08-02,29,30157
2018-08-02,30,30512
2018-08-02,31,31098
2018-08-02,32,31806
2018-08-02,33,32470
2018-08-02,34,33032
2018-08-02,35,33288
2018-08-02,36,33433
2018-08-02,37,33415
2018-08-02,38,33225
2018-08-02,39,32736
2018-08-02,40,32392
2018-08-02,41,32595
2018-08-02,42,32034
2018-08-02,43,30829
2018-08-02,44,28746
2018-08-02,45,26994
2018-08-02,46,25444
2018-08-02,47,25108
2018-08-02,48,24453
2018-08-03,1,24146
2018-08-03,2,23918
2018-08-03,3,23657
2018-08-03,4,23520
2018-08-03,5,23412
2018-08-03,6,23304
2018-08-03,7,23255
2018-08-03,8,23186
2018-08-03,9,22788
2018-08-03,10,23101
2018-08-03,11,24535
2018-08-03,12,26286
2018-08-03,13,28365
2018-08-03,14,29867
2018-08-03,15,31368
2018-08-03,16,32119
2018-08-03,17,32592
2018-08-03,18,32262
2018-08-03,19,31990
2018-08-03,20,31956
2018-08-03,21,31802
2018-08-03,22,31741
2018-08-03,23,32060
2018-08-03,24,31914
2018-08-03,25,31455
2018-08-03,26,31108
2018-08-03,27,31063
2018-08-03,28,30962
2018-08-03,29,31594
2018-08-03,30,31992
2018-08-03,31,31690
2018-08-03,32,32246
2018-08-03,33,32736
2018-08-03,34,32902
2018-08-03,35,33069
2018-08-03,36,32910
2018-08-03,37,32524
2018-08-03,38,32067
2018-08-03,39,31593
2018-08-03,40,31134
2018-08-03,41,31094
2018-08-03,42,30820
2018-08-03,43,29562
2018-08-03,44,28055
2018-08-03,45,26538
2018-08-03,46,25152
2018-08-03,47,24047
2018-08-03,48,23246
2018-08-04,1,23072
2018-08-04,2,22986
2018-08-04,3,22839
2018-08-04,4,22597
2018-08-04,5,22726
2018-08-04,6,22624
2018-08-04,7,22565
2018-08-04,8,22433
2018-08-04,9,22043
2018-08-04,10,22005
2018-08-04,11,22090
2018-08-04,12,22390
2018-08-04,13,23388
2018-08-04,14,24288
2018-08-04,15,25534
2018-08-04,16,26181
2018-08-04,17,26535
2018-08-04,18,26460
2018-08-04,19,26316
2018-08-04,20,25934
2018-08-04,21,25560
2018-08-04,22,25286
2018-08-04,23,24998
2018-08-04,24,24580
2018-08-04,25,24040
2018-08-04,26,23528
2018-08-04,27,23104
2018-08-04,28,23115
2018-08-04,29,23164
2018-08-04,30,23438
2018-08-04,31,23883
2018-08-04,32,24828
2018-08-04,33,26068
2018-08-04,34,26969
2018-08-04,35,27441
2018-08-04,36,27769
2018-08-04,37,27953
2018-08-04,38,27973
2018-08-04,39,27940
2018-08-04,40,27653
2018-08-04,41,28226
2018-08-04,42,28200
2018-08-04,43,27487
2018-08-04,44,26366
2018-08-04,45,25048
2018-08-04,46,23933
2018-08-04,47,22910
2018-08-04,48,22389
2018-08-05,1,21867
2018-08-05,2,21860
2018-08-05,3,21623
2018-08-05,4,21442
2018-08-05,5,21589
2018-08-05,6,21680
2018-08-05,7,21548
2018-08-05,8,21390
2018-08-05,9,21230
2018-08-05,10,21140
2018-08-05,11,21396
2018-08-05,12,21472
2018-08-05,13,21252
2018-08-05,14,21498
2018-08-05,15,22264
2018-08-05,16,22778
2018-08-05,17,23197
2018-08-05,18,23218
2018-08-05,19,23229
2018-08-05,20,23118
2018-08-05,21,23172
2018-08-05,22,23027
2018-08-05,23,22998
2018-08-05,24,22946
2018-08-05,25,22647
2018-08-05,26,22332
2018-08-05,27,22289
2018-08-05,28,22229
2018-08-05,29,22428
2018-08-05,30,22978
2018-08-05,31,23830
2018-08-05,32,24710
2018-08-05,33,25806
2018-08-05,34,26734
2018-08-05,35,27400
2018-08-05,36,27978
2018-08-05,37,28384
2018-08-05,38,28295
2018-08-05,39,28251
2018-08-05,40,28294
2018-08-05,41,28836
2018-08-05,42,28544
2018-08-05,43,27773
2018-08-05,44,26379
2018-08-05,45,24767
2018-08-05,46,23474
2018-08-05,47,22613
2018-08-05,48,22385
2018-08-06,1,21999
2018-08-06,2,21688
2018-08-06,3,21670
2018-08-06,4,21398
2018-08-06,5,21376
2018-08-06,6,21284
2018-08-06,7,21470
2018-08-06,8,21312
2018-08-06,9,21120
2018-08-06,10,21698
2018-08-06,11,23651
2018-08-06,12,25293
2018-08-06,13,27408
2018-08-06,14,28915
2018-08-06,15,30096
2018-08-06,16,30714
2018-08-06,17,31008
2018-08-06,18,30747
2018-08-06,19,30276
2018-08-06,20,29837
2018-08-06,21,29338
2018-08-06,22,29193
2018-08-06,23,29137
2018-08-06,24,28871
2018-08-06,25,28552
2018-08-06,26,28410
2018-08-06,27,28392
2018-08-06,28,28432
2018-08-06,29,29156
2018-08-06,30,29659
2018-08-06,31,29897
2018-08-06,32,30670
2018-08-06,33,31864
2018-08-06,34,32746
2018-08-06,35,33606
2018-08-06,36,33855
2018-08-06,37,33174
2018-08-06,38,32891
2018-08-06,39,32570
2018-08-06,40,32479
2018-08-06,41,32748
2018-08-06,42,32234
2018-08-06,43,30845
2018-08-06,44,29170
2018-08-06,45,27146
2018-08-06,46,25734
2018-08-06,47,24844
2018-08-06,48,24392
2018-08-07,1,24314
2018-08-07,2,24127
2018-08-07,3,23840
2018-08-07,4,23676
2018-08-07,5,23475
2018-08-07,6,23304
2018-08-07,7,23225
2018-08-07,8,23385
2018-08-07,9,23051
2018-08-07,10,23368
2018-08-07,11,25546
2018-08-07,12,27340
2018-08-07,13,29310
2018-08-07,14,30272
2018-08-07,15,30453
2018-08-07,16,31103
2018-08-07,17,31730
2018-08-07,18,31635
2018-08-07,19,31270
2018-08-07,20,31097
2018-08-07,21,30927
2018-08-07,22,30773
2018-08-07,23,30778
2018-08-07,24,30538
2018-08-07,25,30896
2018-08-07,26,30722
2018-08-07,27,31061
2018-08-07,28,31058
2018-08-07,29,30568
2018-08-07,30,30719
2018-08-07,31,31908
2018-08-07,32,33042
2018-08-07,33,33352
2018-08-07,34,33737
2018-08-07,35,33832
2018-08-07,36,33767
2018-08-07,37,33284
2018-08-07,38,32863
2018-08-07,39,32425
2018-08-07,40,32482
2018-08-07,41,32368
2018-08-07,42,31548
2018-08-07,43,29960
2018-08-07,44,28118
2018-08-07,45,26160
2018-08-07,46,24557
2018-08-07,47,23506
2018-08-07,48,23219
2018-08-08,1,23349
2018-08-08,2,23204
2018-08-08,3,23088
2018-08-08,4,22784
2018-08-08,5,22350
2018-08-08,6,22283
2018-08-08,7,22385
2018-08-08,8,22574
2018-08-08,9,22628
2018-08-08,10,23023
2018-08-08,11,24121
2018-08-08,12,25791
2018-08-08,13,27809
2018-08-08,14,29157
2018-08-08,15,30234
2018-08-08,16,30487
2018-08-08,17,30455
2018-08-08,18,30268
2018-08-08,19,29716
2018-08-08,20,29751
2018-08-08,21,29431
2018-08-08,22,29249
2018-08-08,23,29486
2018-08-08,24,29384
2018-08-08,25,29230
2018-08-08,26,28930
2018-08-08,27,28762
2018-08-08,28,28817
2018-08-08,29,28766
2018-08-08,30,29031
2018-08-08,31,29632
2018-08-08,32,30410
2018-08-08,33,31225
2018-08-08,34,31824
2018-08-08,35,31998
2018-08-08,36,32246
2018-08-08,37,32081
2018-08-08,38,31885
2018-08-08,39,31586
2018-08-08,40,31361
2018-08-08,41,31731
2018-08-08,42,30936
2018-08-08,43,29615
2018-08-08,44,27722
2018-08-08,45,25910
2018-08-08,46,24653
2018-08-08,47,23822
2018-08-08,48,23185
2018-08-09,1,23109
2018-08-09,2,22906
2018-08-09,3,22814
2018-08-09,4,22709
2018-08-09,5,22952
2018-08-09,6,22867
2018-08-09,7,22871
2018-08-09,8,22923
2018-08-09,9,22891
2018-08-09,10,23167
2018-08-09,11,24598
2018-08-09,12,26208
2018-08-09,13,28217
2018-08-09,14,29615
2018-08-09,15,30819
2018-08-09,16,31309
2018-08-09,17,31543
2018-08-09,18,31400
2018-08-09,19,31158
2018-08-09,20,31080
2018-08-09,21,30970
2018-08-09,22,31003
2018-08-09,23,30873
2018-08-09,24,30659
2018-08-09,25,30463
2018-08-09,26,30180
2018-08-09,27,30277
2018-08-09,28,30182
2018-08-09,29,30104
2018-08-09,30,30200
2018-08-09,31,30497
2018-08-09,32,31063
2018-08-09,33,31791
2018-08-09,34,32242
2018-08-09,35,32445
2018-08-09,36,32500
2018-08-09,37,32531
2018-08-09,38,32246
2018-08-09,39,31685
2018-08-09,40,31664
2018-08-09,41,31709
2018-08-09,42,30735
2018-08-09,43,29281
2018-08-09,44,27359
2018-08-09,45,25530
2018-08-09,46,24076
2018-08-09,47,23129
2018-08-09,48,22334
2018-08-10,1,22293
2018-08-10,2,22255
2018-08-10,3,22320
2018-08-10,4,22016
2018-08-10,5,22263
2018-08-10,6,22187
2018-08-10,7,22136
2018-08-10,8,22216
2018-08-10,9,22062
2018-08-10,10,22098
2018-08-10,11,23633
2018-08-10,12,25375
2018-08-10,13,27557
2018-08-10,14,28933
2018-08-10,15,30131
2018-08-10,16,30757
2018-08-10,17,31142
2018-08-10,18,31080
2018-08-10,19,30900
2018-08-10,20,30970
2018-08-10,21,31094
2018-08-10,22,31232
2018-08-10,23,31156
2018-08-10,24,31233
2018-08-10,25,31060
2018-08-10,26,30520
2018-08-10,27,29930
2018-08-10,28,29400
2018-08-10,29,29196
2018-08-10,30,28838
2018-08-10,31,28882
2018-08-10,32,29140
2018-08-10,33,30034
2018-08-10,34,30573
2018-08-10,35,30926
2018-08-10,36,31074
2018-08-10,37,30923
2018-08-10,38,30562
2018-08-10,39,29962
2018-08-10,40,29853
2018-08-10,41,30165
2018-08-10,42,29337
2018-08-10,43,28102
2018-08-10,44,26426
2018-08-10,45,24774
2018-08-10,46,23382
2018-08-10,47,22135
2018-08-10,48,22126
2018-08-11,1,21694
2018-08-11,2,21542
2018-08-11,3,21434
2018-08-11,4,21222
2018-08-11,5,21093
2018-08-11,6,21097
2018-08-11,7,21093
2018-08-11,8,21042
2018-08-11,9,20768
2018-08-11,10,20392
2018-08-11,11,20855
2018-08-11,12,21749
2018-08-11,13,22754
2018-08-11,14,23497
2018-08-11,15,24442
2018-08-11,16,25022
2018-08-11,17,25434
2018-08-11,18,25421
2018-08-11,19,25293
2018-08-11,20,25033
2018-08-11,21,24981
2018-08-11,22,25032
2018-08-11,23,25040
2018-08-11,24,24953
2018-08-11,25,24579
2018-08-11,26,24434
2018-08-11,27,24293
2018-08-11,28,24538
2018-08-11,29,24844
2018-08-11,30,25289
2018-08-11,31,26090
2018-08-11,32,27102
2018-08-11,33,28125
2018-08-11,34,28700
2018-08-11,35,28892
2018-08-11,36,28832
2018-08-11,37,28703
2018-08-11,38,28419
2018-08-11,39,28190
2018-08-11,40,28175
2018-08-11,41,27984
2018-08-11,42,27147
2018-08-11,43,25996
2018-08-11,44,24665
2018-08-11,45,23413
2018-08-11,46,22214
2018-08-11,47,21273
2018-08-11,48,20565
2018-08-12,1,20268
2018-08-12,2,20166
2018-08-12,3,20435
2018-08-12,4,20084
2018-08-12,5,19995
2018-08-12,6,19898
2018-08-12,7,19496
2018-08-12,8,19536
2018-08-12,9,19705
2018-08-12,10,19804
2018-08-12,11,20417
2018-08-12,12,20575
2018-08-12,13,20738
2018-08-12,14,21494
2018-08-12,15,22906
2018-08-12,16,23848
2018-08-12,17,25063
2018-08-12,18,25653
2018-08-12,19,26343
2018-08-12,20,26839
2018-08-12,21,27509
2018-08-12,22,27920
2018-08-12,23,28078
2018-08-12,24,28123
2018-08-12,25,27958
2018-08-12,26,27543
2018-08-12,27,27295
2018-08-12,28,27008
2018-08-12,29,27031
2018-08-12,30,27496
2018-08-12,31,27822
2018-08-12,32,28348
2018-08-12,33,29004
2018-08-12,34,29356
2018-08-12,35,29557
2018-08-12,36,29659
2018-08-12,37,29524
2018-08-12,38,29238
2018-08-12,39,29163
2018-08-12,40,28878
2018-08-12,41,28895
2018-08-12,42,28136
2018-08-12,43,27207
2018-08-12,44,25824
2018-08-12,45,24237
2018-08-12,46,22996
2018-08-12,47,22176
2018-08-12,48,21890
2018-08-13,1,21908
2018-08-13,2,21840
2018-08-13,3,21580
2018-08-13,4,21545
2018-08-13,5,21648
2018-08-13,6,21606
2018-08-13,7,21732
2018-08-13,8,21931
2018-08-13,9,22430
2018-08-13,10,22640
2018-08-13,11,23848
2018-08-13,12,25690
2018-08-13,13,27970
2018-08-13,14,28972
2018-08-13,15,30258
2018-08-13,16,31106
2018-08-13,17,31828
2018-08-13,18,31902
2018-08-13,19,31807
2018-08-13,20,31924
2018-08-13,21,31793
2018-08-13,22,31757
2018-08-13,23,31574
2018-08-13,24,31616
2018-08-13,25,31543
2018-08-13,26,31366
2018-08-13,27,31289
2018-08-13,28,31078
2018-08-13,29,31166
2018-08-13,30,31366
2018-08-13,31,31484
2018-08-13,32,31960
2018-08-13,33,32637
2018-08-13,34,33007
2018-08-13,35,33002
2018-08-13,36,33190
2018-08-13,37,33154
2018-08-13,38,32640
2018-08-13,39,32410
2018-08-13,40,32498
2018-08-13,41,32361
2018-08-13,42,30958
2018-08-13,43,29618
2018-08-13,44,27811
2018-08-13,45,25904
2018-08-13,46,24328
2018-08-13,47,24158
2018-08-13,48,24079
2018-08-14,1,23474
2018-08-14,2,23336
2018-08-14,3,22988
2018-08-14,4,22666
2018-08-14,5,22509
2018-08-14,6,22556
2018-08-14,7,22432
2018-08-14,8,22552
2018-08-14,9,23046
2018-08-14,10,23198
2018-08-14,11,24090
2018-08-14,12,25871
2018-08-14,13,28279
2018-08-14,14,29900
2018-08-14,15,31206
2018-08-14,16,31779
2018-08-14,17,31818
2018-08-14,18,31584
2018-08-14,19,31517
2018-08-14,20,31442
2018-08-14,21,31512
2018-08-14,22,30818
2018-08-14,23,31983
2018-08-14,24,31768
2018-08-14,25,31378
2018-08-14,26,31185
2018-08-14,27,31198
2018-08-14,28,31152
2018-08-14,29,31057
2018-08-14,30,31081
2018-08-14,31,31343
2018-08-14,32,32104
2018-08-14,33,32729
2018-08-14,34,32969
2018-08-14,35,33019
2018-08-14,36,33074
2018-08-14,37,32770
2018-08-14,38,32538
2018-08-14,39,32172
2018-08-14,40,32150
2018-08-14,41,32083
2018-08-14,42,30914
2018-08-14,43,29303
2018-08-14,44,27400
2018-08-14,45,25554
2018-08-14,46,24190
2018-08-14,47,23342
2018-08-14,48,22784
2018-08-15,1,22786
2018-08-15,2,22330
2018-08-15,3,22116
2018-08-15,4,22102
2018-08-15,5,22044
2018-08-15,6,21965
2018-08-15,7,21863
2018-08-15,8,21974
2018-08-15,9,22595
2018-08-15,10,23090
2018-08-15,11,24043
2018-08-15,12,25226
2018-08-15,13,27543
2018-08-15,14,28910
2018-08-15,15,30174
2018-08-15,16,30856
2018-08-15,17,31156
2018-08-15,18,30878
2018-08-15,19,29924
2018-08-15,20,30612
2018-08-15,21,30558
2018-08-15,22,30343
2018-08-15,23,30276
2018-08-15,24,29710
2018-08-15,25,29254
2018-08-15,26,29000
2018-08-15,27,28679
2018-08-15,28,28484
2018-08-15,29,28786
2018-08-15,30,29259
2018-08-15,31,29982
2018-08-15,32,30556
2018-08-15,33,31388
2018-08-15,34,31872
2018-08-15,35,32077
2018-08-15,36,31922
2018-08-15,37,31805
2018-08-15,38,31477
2018-08-15,39,31274
2018-08-15,40,31432
2018-08-15,41,31198
2018-08-15,42,29695
2018-08-15,43,28081
2018-08-15,44,26191
2018-08-15,45,24358
2018-08-15,46,22992
2018-08-15,47,22274
2018-08-15,48,21917
2018-08-16,1,21662
2018-08-16,2,21632
2018-08-16,3,21507
2018-08-16,4,21106
2018-08-16,5,21264
2018-08-16,6,21380
2018-08-16,7,21388
2018-08-16,8,21500
2018-08-16,9,21601
2018-08-16,10,22155
2018-08-16,11,23439
2018-08-16,12,25524
2018-08-16,13,28107
2018-08-16,14,29973
2018-08-16,15,31674
2018-08-16,16,32523
2018-08-16,17,33051
2018-08-16,18,33025
2018-08-16,19,32608
2018-08-16,20,32068
2018-08-16,21,31772
2018-08-16,22,31315
2018-08-16,23,30833
2018-08-16,24,30272
2018-08-16,25,29594
2018-08-16,26,29111
2018-08-16,27,28898
2018-08-16,28,28789
2018-08-16,29,28909
2018-08-16,30,28960
2018-08-16,31,29572
2018-08-16,32,30345
2018-08-16,33,31114
2018-08-16,34,31560
2018-08-16,35,31860
2018-08-16,36,31851
2018-08-16,37,31852
2018-08-16,38,31606
2018-08-16,39,31195
2018-08-16,40,31721
2018-08-16,41,31661
2018-08-16,42,30565
2018-08-16,43,28954
2018-08-16,44,26931
2018-08-16,45,24919
2018-08-16,46,23489
2018-08-16,47,22485
2018-08-16,48,21894
2018-08-17,1,21818
2018-08-17,2,21752
2018-08-17,3,21659
2018-08-17,4,21298
2018-08-17,5,21296
2018-08-17,6,21281
2018-08-17,7,21264
2018-08-17,8,21483
2018-08-17,9,21865
2018-08-17,10,22320
2018-08-17,11,23477
2018-08-17,12,25142
2018-08-17,13,27383
2018-08-17,14,28590
2018-08-17,15,29560
2018-08-17,16,29701
2018-08-17,17,29648
2018-08-17,18,29249
2018-08-17,19,28974
2018-08-17,20,28608
2018-08-17,21,28593
2018-08-17,22,28536
2018-08-17,23,28503
2018-08-17,24,28174
2018-08-17,25,27640
2018-08-17,26,27251
2018-08-17,27,27194
2018-08-17,28,27140
2018-08-17,29,27336
2018-08-17,30,27409
2018-08-17,31,27732
2018-08-17,32,28467
2018-08-17,33,28995
2018-08-17,34,29255
2018-08-17,35,29289
2018-08-17,36,29480
2018-08-17,37,29286
2018-08-17,38,29113
2018-08-17,39,28955
2018-08-17,40,29252
2018-08-17,41,28845
2018-08-17,42,27657
2018-08-17,43,26390
2018-08-17,44,25020
2018-08-17,45,23465
2018-08-17,46,22289
2018-08-17,47,21174
2018-08-17,48,20524
2018-08-18,1,19849
2018-08-18,2,19552
2018-08-18,3,19119
2018-08-18,4,19081
2018-08-18,5,19406
2018-08-18,6,19432
2018-08-18,7,19163
2018-08-18,8,18949
2018-08-18,9,18908
2018-08-18,10,19214
2018-08-18,11,19769
2018-08-18,12,20526
2018-08-18,13,21719
2018-08-18,14,22870
2018-08-18,15,24387
2018-08-18,16,25634
2018-08-18,17,26500
2018-08-18,18,26742
2018-08-18,19,26938
2018-08-18,20,26955
2018-08-18,21,26895
2018-08-18,22,26691
2018-08-18,23,26570
2018-08-18,24,26167
2018-08-18,25,25722
2018-08-18,26,25093
2018-08-18,27,24604
2018-08-18,28,24416
2018-08-18,29,24398
2018-08-18,30,24853
2018-08-18,31,25481
2018-08-18,32,26586
2018-08-18,33,27733
2018-08-18,34,28475
2018-08-18,35,29061
2018-08-18,36,29177
2018-08-18,37,29197
2018-08-18,38,29081
2018-08-18,39,28936
2018-08-18,40,29019
2018-08-18,41,28676
2018-08-18,42,27900
2018-08-18,43,26846
2018-08-18,44,25604
2018-08-18,45,24390
2018-08-18,46,23194
2018-08-18,47,22124
2018-08-18,48,21230
2018-08-19,1,21011
2018-08-19,2,20904
2018-08-19,3,20958
2018-08-19,4,20911
2018-08-19,5,20606
2018-08-19,6,20354
2018-08-19,7,20317
2018-08-19,8,20131
2018-08-19,9,20075
2018-08-19,10,19858
2018-08-19,11,20070
2018-08-19,12,20348
2018-08-19,13,21117
2018-08-19,14,21461
2018-08-19,15,21887
2018-08-19,16,22935
2018-08-19,17,24130
2018-08-19,18,25004
2018-08-19,19,25723
2018-08-19,20,26144
2018-08-19,21,26410
2018-08-19,22,26684
2018-08-19,23,26791
2018-08-19,24,26515
2018-08-19,25,26046
2018-08-19,26,25583
2018-08-19,27,25347
2018-08-19,28,25197
2018-08-19,29,25420
2018-08-19,30,25796
2018-08-19,31,26518
2018-08-19,32,27484
2018-08-19,33,28398
2018-08-19,34,29064
2018-08-19,35,29506
2018-08-19,36,29395
2018-08-19,37,29383
2018-08-19,38,29225
2018-08-19,39,29319
2018-08-19,40,29544
2018-08-19,41,29333
2018-08-19,42,28620
2018-08-19,43,27770
2018-08-19,44,26434
2018-08-19,45,24913
2018-08-19,46,23680
2018-08-19,47,23059
2018-08-19,48,22760
2018-08-20,1,22578
2018-08-20,2,22348
2018-08-20,3,22159
2018-08-20,4,21827
2018-08-20,5,21735
2018-08-20,6,21716
2018-08-20,7,22004
2018-08-20,8,22244
2018-08-20,9,22550
2018-08-20,10,23126
2018-08-20,11,24786
2018-08-20,12,26633
2018-08-20,13,29172
2018-08-20,14,30734
2018-08-20,15,32029
2018-08-20,16,32583
2018-08-20,17,33116
2018-08-20,18,33301
2018-08-20,19,33019
2018-08-20,20,33258
2018-08-20,21,33462
2018-08-20,22,33504
2018-08-20,23,33769
2018-08-20,24,33478
2018-08-20,25,33390
2018-08-20,26,33392
2018-08-20,27,33369
2018-08-20,28,32832
2018-08-20,29,31483
2018-08-20,30,33787
2018-08-20,31,34091
2018-08-20,32,34749
2018-08-20,33,35451
2018-08-20,34,35749
2018-08-20,35,35619
2018-08-20,36,35516
2018-08-20,37,34631
2018-08-20,38,34363
2018-08-20,39,34157
2018-08-20,40,34483
2018-08-20,41,34120
2018-08-20,42,32782
2018-08-20,43,31086
2018-08-20,44,29131
2018-08-20,45,27093
2018-08-20,46,26043
2018-08-20,47,25560
2018-08-20,48,24785
2018-08-21,1,24476
2018-08-21,2,24328
2018-08-21,3,24035
2018-08-21,4,23808
2018-08-21,5,23787
2018-08-21,6,23812
2018-08-21,7,23788
2018-08-21,8,23943
2018-08-21,9,23968
2018-08-21,10,24172
2018-08-21,11,26337
2018-08-21,12,28209
2018-08-21,13,29810
2018-08-21,14,31191
2018-08-21,15,32651
2018-08-21,16,33310
2018-08-21,17,33495
2018-08-21,18,33455
2018-08-21,19,33337
2018-08-21,20,33187
2018-08-21,21,33309
2018-08-21,22,32776
2018-08-21,23,32988
2018-08-21,24,32583
2018-08-21,25,32260
2018-08-21,26,31554
2018-08-21,27,30451
2018-08-21,28,30167
2018-08-21,29,29896
2018-08-21,30,30257
2018-08-21,31,30896
2018-08-21,32,31737
2018-08-21,33,32343
2018-08-21,34,32740
2018-08-21,35,33082
2018-08-21,36,33198
2018-08-21,37,32888
2018-08-21,38,32715
2018-08-21,39,32255
2018-08-21,40,32440
2018-08-21,41,31987
2018-08-21,42,30733
2018-08-21,43,29030
2018-08-21,44,27174
2018-08-21,45,25454
2018-08-21,46,24185
2018-08-21,47,23747
2018-08-21,48,23364
2018-08-22,1,23209
2018-08-22,2,23001
2018-08-22,3,22700
2018-08-22,4,22336
2018-08-22,5,22148
2018-08-22,6,22394
2018-08-22,7,22402
2018-08-22,8,22338
2018-08-22,9,22502
2018-08-22,10,22489
2018-08-22,11,24208
2018-08-22,12,26222
2018-08-22,13,29115
2018-08-22,14,30591
2018-08-22,15,31232
2018-08-22,16,31763
2018-08-22,17,32670
2018-08-22,18,32543
2018-08-22,19,32122
2018-08-22,20,32681
2018-08-22,21,32614
2018-08-22,22,32420
2018-08-22,23,30811
2018-08-22,24,30923
2018-08-22,25,31914
2018-08-22,26,31547
2018-08-22,27,31208
2018-08-22,28,31257
2018-08-22,29,31491
2018-08-22,30,31914
2018-08-22,31,32485
2018-08-22,32,33227
2018-08-22,33,33931
2018-08-22,34,34357
2018-08-22,35,34090
2018-08-22,36,34028
2018-08-22,37,33904
2018-08-22,38,33724
2018-08-22,39,33854
2018-08-22,40,33838
2018-08-22,41,33033
2018-08-22,42,31550
2018-08-22,43,29924
2018-08-22,44,28106
2018-08-22,45,26178
2018-08-22,46,24870
2018-08-22,47,24441
2018-08-22,48,23815
2018-08-23,1,23520
2018-08-23,2,23316
2018-08-23,3,23124
2018-08-23,4,22794
2018-08-23,5,22694
2018-08-23,6,22932
2018-08-23,7,22763
2018-08-23,8,22885
2018-08-23,9,22910
2018-08-23,10,23446
2018-08-23,11,24710
2018-08-23,12,26777
2018-08-23,13,29206
2018-08-23,14,30680
2018-08-23,15,31609
2018-08-23,16,32114
2018-08-23,17,32499
2018-08-23,18,32109
2018-08-23,19,29980
2018-08-23,20,31093
2018-08-23,21,30694
2018-08-23,22,30363
2018-08-23,23,30282
2018-08-23,24,30185
2018-08-23,25,30700
2018-08-23,26,30652
2018-08-23,27,30653
2018-08-23,28,30510
2018-08-23,29,30399
2018-08-23,30,30602
2018-08-23,31,30785
2018-08-23,32,31484
2018-08-23,33,31974
2018-08-23,34,32256
2018-08-23,35,32189
2018-08-23,36,32052
2018-08-23,37,31766
2018-08-23,38,31820
2018-08-23,39,31828
2018-08-23,40,32188
2018-08-23,41,31257
2018-08-23,42,29658
2018-08-23,43,28791
2018-08-23,44,27106
2018-08-23,45,24684
2018-08-23,46,23510
2018-08-23,47,22716
2018-08-23,48,21800
2018-08-24,1,21416
2018-08-24,2,21158
2018-08-24,3,21118
2018-08-24,4,21194
2018-08-24,5,20987
2018-08-24,6,21013
2018-08-24,7,21105
2018-08-24,8,21118
2018-08-24,9,21125
2018-08-24,10,21589
2018-08-24,11,22969
2018-08-24,12,24583
2018-08-24,13,26529
2018-08-24,14,27807
2018-08-24,15,28801
2018-08-24,16,28795
2018-08-24,17,27542
2018-08-24,18,28034
2018-08-24,19,27733
2018-08-24,20,27742
2018-08-24,21,27577
2018-08-24,22,27631
2018-08-24,23,27784
2018-08-24,24,27590
2018-08-24,25,27437
2018-08-24,26,26955
2018-08-24,27,27113
2018-08-24,28,27263
2018-08-24,29,27597
2018-08-24,30,27962
2018-08-24,31,28597
2018-08-24,32,29476
2018-08-24,33,30254
2018-08-24,34,31158
2018-08-24,35,31616
2018-08-24,36,31735
2018-08-24,37,31393
2018-08-24,38,30875
2018-08-24,39,30734
2018-08-24,40,30994
2018-08-24,41,30530
2018-08-24,42,28988
2018-08-24,43,27716
2018-08-24,44,26381
2018-08-24,45,24498
2018-08-24,46,23011
2018-08-24,47,21823
2018-08-24,48,21496
2018-08-25,1,21216
2018-08-25,2,20932
2018-08-25,3,20583
2018-08-25,4,20552
2018-08-25,5,20395
2018-08-25,6,20462
2018-08-25,7,20414
2018-08-25,8,20265
2018-08-25,9,19747
2018-08-25,10,19641
2018-08-25,11,20346
2018-08-25,12,21184
2018-08-25,13,22616
2018-08-25,14,23539
2018-08-25,15,24549
2018-08-25,16,24877
2018-08-25,17,25257
2018-08-25,18,25085
2018-08-25,19,24833
2018-08-25,20,24586
2018-08-25,21,24427
2018-08-25,22,24368
2018-08-25,23,24296
2018-08-25,24,24161
2018-08-25,25,23812
2018-08-25,26,23366
2018-08-25,27,23047
2018-08-25,28,22780
2018-08-25,29,22804
2018-08-25,30,23164
2018-08-25,31,23905
2018-08-25,32,25132
2018-08-25,33,26622
2018-08-25,34,27649
2018-08-25,35,28277
2018-08-25,36,28772
2018-08-25,37,29024
2018-08-25,38,28996
2018-08-25,39,29300
2018-08-25,40,29535
2018-08-25,41,29102
2018-08-25,42,28170
2018-08-25,43,27190
2018-08-25,44,26006
2018-08-25,45,24446
2018-08-25,46,23263
2018-08-25,47,22127
2018-08-25,48,21410
2018-08-26,1,20823
2018-08-26,2,20419
2018-08-26,3,20031
2018-08-26,4,19770
2018-08-26,5,20087
2018-08-26,6,20095
2018-08-26,7,20042
2018-08-26,8,20103
2018-08-26,9,20150
2018-08-26,10,20190
2018-08-26,11,20466
2018-08-26,12,20805
2018-08-26,13,21600
2018-08-26,14,21532
2018-08-26,15,22497
2018-08-26,16,23574
2018-08-26,17,24856
2018-08-26,18,25819
2018-08-26,19,26589
2018-08-26,20,27101
2018-08-26,21,27686
2018-08-26,22,28150
2018-08-26,23,28566
2018-08-26,24,28655
2018-08-26,25,28387
2018-08-26,26,27768
2018-08-26,27,27255
2018-08-26,28,26814
2018-08-26,29,26890
2018-08-26,30,27378
2018-08-26,31,27803
2018-08-26,32,28166
2018-08-26,33,28711
2018-08-26,34,28907
2018-08-26,35,29150
2018-08-26,36,28967
2018-08-26,37,28780
2018-08-26,38,28695
2018-08-26,39,29096
2018-08-26,40,28807
2018-08-26,41,27888
2018-08-26,42,26573
2018-08-26,43,25787
2018-08-26,44,24222
2018-08-26,45,23099
2018-08-26,46,21682
2018-08-26,47,21390
2018-08-26,48,21339
2018-08-27,1,20852
2018-08-27,2,20989
2018-08-27,3,20875
2018-08-27,4,20614
2018-08-27,5,20724
2018-08-27,6,20635
2018-08-27,7,20093
2018-08-27,8,19944
2018-08-27,9,20249
2018-08-27,10,20381
2018-08-27,11,21419
2018-08-27,12,22189
2018-08-27,13,23289
2018-08-27,14,24323
2018-08-27,15,24989
2018-08-27,16,25598
2018-08-27,17,25871
2018-08-27,18,26165
2018-08-27,19,26082
2018-08-27,20,26012
2018-08-27,21,25650
2018-08-27,22,25761
2018-08-27,23,25909
2018-08-27,24,25778
2018-08-27,25,26178
2018-08-27,26,26165
2018-08-27,27,26243
2018-08-27,28,26368
2018-08-27,29,26738
2018-08-27,30,27318
2018-08-27,31,27958
2018-08-27,32,29032
2018-08-27,33,30002
2018-08-27,34,30636
2018-08-27,35,31192
2018-08-27,36,31343
2018-08-27,37,31562
2018-08-27,38,31646
2018-08-27,39,31824
2018-08-27,40,31736
2018-08-27,41,31006
2018-08-27,42,29661
2018-08-27,43,28191
2018-08-27,44,26369
2018-08-27,45,24760
2018-08-27,46,23211
2018-08-27,47,22145
2018-08-27,48,21592
2018-08-28,1,21405
2018-08-28,2,21590
2018-08-28,3,21546
2018-08-28,4,21407
2018-08-28,5,21495
2018-08-28,6,21386
2018-08-28,7,20882
2018-08-28,8,20632
2018-08-28,9,21280
2018-08-28,10,22364
2018-08-28,11,24505
2018-08-28,12,26435
2018-08-28,13,28912
2018-08-28,14,30424
2018-08-28,15,31599
2018-08-28,16,32312
2018-08-28,17,32816
2018-08-28,18,32639
2018-08-28,19,32369
2018-08-28,20,32373
2018-08-28,21,31867
2018-08-28,22,31797
2018-08-28,23,31833
2018-08-28,24,31459
2018-08-28,25,31423
2018-08-28,26,29757
2018-08-28,27,30596
2018-08-28,28,30241
2018-08-28,29,31215
2018-08-28,30,31475
2018-08-28,31,32169
2018-08-28,32,33076
2018-08-28,33,34137
2018-08-28,34,34716
2018-08-28,35,34801
2018-08-28,36,34954
2018-08-28,37,34894
2018-08-28,38,34924
2018-08-28,39,35171
2018-08-28,40,34807
2018-08-28,41,33785
2018-08-28,42,32134
2018-08-28,43,30302
2018-08-28,44,28027
2018-08-28,45,26331
2018-08-28,46,24674
2018-08-28,47,24292
2018-08-28,48,24075
2018-08-29,1,23876
2018-08-29,2,23575
2018-08-29,3,23268
2018-08-29,4,22944
2018-08-29,5,22716
2018-08-29,6,22856
2018-08-29,7,22877
2018-08-29,8,23162
2018-08-29,9,22544
2018-08-29,10,23261
2018-08-29,11,25240
2018-08-29,12,27134
2018-08-29,13,29454
2018-08-29,14,30951
2018-08-29,15,32624
2018-08-29,16,33114
2018-08-29,17,33476
2018-08-29,18,33054
2018-08-29,19,32964
2018-08-29,20,32879
2018-08-29,21,32744
2018-08-29,22,32486
2018-08-29,23,32495
2018-08-29,24,32038
2018-08-29,25,31754
2018-08-29,26,31642
2018-08-29,27,31380
2018-08-29,28,31068
2018-08-29,29,30873
2018-08-29,30,31042
2018-08-29,31,30975
2018-08-29,32,31614
2018-08-29,33,32532
2018-08-29,34,33064
2018-08-29,35,33602
2018-08-29,36,33958
2018-08-29,37,33838
2018-08-29,38,33798
2018-08-29,39,33953
2018-08-29,40,33816
2018-08-29,41,33086
2018-08-29,42,31641
2018-08-29,43,30026
2018-08-29,44,28110
2018-08-29,45,26092
2018-08-29,46,24735
2018-08-29,47,24327
2018-08-29,48,23940
2018-08-30,1,23589
2018-08-30,2,23487
2018-08-30,3,23152
2018-08-30,4,22927
2018-08-30,5,22862
2018-08-30,6,22908
2018-08-30,7,22813
2018-08-30,8,22911
2018-08-30,9,22822
2018-08-30,10,23488
2018-08-30,11,25235
2018-08-30,12,27111
2018-08-30,13,29485
2018-08-30,14,30820
2018-08-30,15,32213
2018-08-30,16,32552
2018-08-30,17,32590
2018-08-30,18,32102
2018-08-30,19,31471
2018-08-30,20,30967
2018-08-30,21,30671
2018-08-30,22,30573
2018-08-30,23,30793
2018-08-30,24,30571
2018-08-30,25,30573
2018-08-30,26,30526
2018-08-30,27,30576
2018-08-30,28,30600
2018-08-30,29,30774
2018-08-30,30,31133
2018-08-30,31,31820
2018-08-30,32,33003
2018-08-30,33,33866
2018-08-30,34,34144
2018-08-30,35,34346
2018-08-30,36,34344
2018-08-30,37,34281
2018-08-30,38,34530
2018-08-30,39,35076
2018-08-30,40,34888
2018-08-30,41,33721
2018-08-30,42,32135
2018-08-30,43,30349
2018-08-30,44,28374
2018-08-30,45,26544
2018-08-30,46,25134
2018-08-30,47,24464
2018-08-30,48,24000
2018-08-31,1,23844
2018-08-31,2,23647
2018-08-31,3,23264
2018-08-31,4,23380
2018-08-31,5,23149
2018-08-31,6,23069
2018-08-31,7,23116
2018-08-31,8,23340
2018-08-31,9,23550
2018-08-31,10,24072
2018-08-31,11,25043
2018-08-31,12,26801
2018-08-31,13,29086
2018-08-31,14,30456
2018-08-31,15,31313
2018-08-31,16,31149
2018-08-31,17,30938
2018-08-31,18,30098
2018-08-31,19,29179
2018-08-31,20,28584
2018-08-31,21,28287
2018-08-31,22,28196
2018-08-31,23,28173
2018-08-31,24,27872
2018-08-31,25,28424
2018-08-31,26,28208
2018-08-31,27,28431
2018-08-31,28,28384
2018-08-31,29,27638
2018-08-31,30,28101
2018-08-31,31,28430
2018-08-31,32,29394
2018-08-31,33,30555
2018-08-31,34,31228
2018-08-31,35,31554
2018-08-31,36,31865
2018-08-31,37,31922
2018-08-31,38,31646
2018-08-31,39,31978
2018-08-31,40,31872
2018-08-31,41,31296
2018-08-31,42,29986
2018-08-31,43,28316
2018-08-31,44,26598
2018-08-31,45,24876
2018-08-31,46,23400
2018-08-31,47,22735
2018-08-31,48,22342
2018-09-01,1,21850
2018-09-01,2,21584
2018-09-01,3,21315
2018-09-01,4,20936
2018-09-01,5,20639
2018-09-01,6,20589
2018-09-01,7,20470
2018-09-01,8,20545
2018-09-01,9,20775
2018-09-01,10,21074
2018-09-01,11,21219
2018-09-01,12,21902
2018-09-01,13,23220
2018-09-01,14,24213
2018-09-01,15,25598
2018-09-01,16,26400
2018-09-01,17,26899
2018-09-01,18,26911
2018-09-01,19,26765
2018-09-01,20,26376
2018-09-01,21,25978
2018-09-01,22,25668
2018-09-01,23,25403
2018-09-01,24,24961
2018-09-01,25,24562
2018-09-01,26,24164
2018-09-01,27,23967
2018-09-01,28,23910
2018-09-01,29,24124
2018-09-01,30,24550
2018-09-01,31,25479
2018-09-01,32,26751
2018-09-01,33,28221
2018-09-01,34,29240
2018-09-01,35,29755
2018-09-01,36,30030
2018-09-01,37,29996
2018-09-01,38,30060
2018-09-01,39,30241
2018-09-01,40,30023
2018-09-01,41,29261
2018-09-01,42,28317
2018-09-01,43,27045
2018-09-01,44,25710
2018-09-01,45,24296
2018-09-01,46,22989
2018-09-01,47,21819
2018-09-01,48,21133
2018-09-02,1,20644
2018-09-02,2,20170
2018-09-02,3,19974
2018-09-02,4,19814
2018-09-02,5,20177
2018-09-02,6,19986
2018-09-02,7,20110
2018-09-02,8,20129
2018-09-02,9,20188
2018-09-02,10,20331
2018-09-02,11,20538
2018-09-02,12,20952
2018-09-02,13,21312
2018-09-02,14,21724
2018-09-02,15,22715
2018-09-02,16,23288
2018-09-02,17,23938
2018-09-02,18,24234
2018-09-02,19,24355
2018-09-02,20,23979
2018-09-02,21,23823
2018-09-02,22,23561
2018-09-02,23,23333
2018-09-02,24,23248
2018-09-02,25,22941
2018-09-02,26,22452
2018-09-02,27,22550
2018-09-02,28,22765
2018-09-02,29,23201
2018-09-02,30,24090
2018-09-02,31,25286
2018-09-02,32,26663
2018-09-02,33,28008
2018-09-02,34,29134
2018-09-02,35,29859
2018-09-02,36,30290
2018-09-02,37,30380
2018-09-02,38,30288
2018-09-02,39,30876
2018-09-02,40,30523
2018-09-02,41,29776
2018-09-02,42,28737
2018-09-02,43,27621
2018-09-02,44,25896
2018-09-02,45,24262
2018-09-02,46,22934
2018-09-02,47,22104
2018-09-02,48,21656
2018-09-03,1,21661
2018-09-03,2,21678
2018-09-03,3,21582
2018-09-03,4,21289
2018-09-03,5,21280
2018-09-03,6,21223
2018-09-03,7,21381
2018-09-03,8,21559
2018-09-03,9,21678
2018-09-03,10,22876
2018-09-03,11,24694
2018-09-03,12,26727
2018-09-03,13,29351
2018-09-03,14,31060
2018-09-03,15,32582
2018-09-03,16,33127
2018-09-03,17,33477
2018-09-03,18,33094
2018-09-03,19,32502
2018-09-03,20,32233
2018-09-03,21,32082
2018-09-03,22,31774
2018-09-03,23,31803
2018-09-03,24,31574
2018-09-03,25,31398
2018-09-03,26,31268
2018-09-03,27,31376
2018-09-03,28,31604
2018-09-03,29,31850
2018-09-03,30,32390
2018-09-03,31,33046
2018-09-03,32,34043
2018-09-03,33,34937
2018-09-03,34,35420
2018-09-03,35,35596
2018-09-03,36,35382
2018-09-03,37,35085
2018-09-03,38,34973
2018-09-03,39,35325
2018-09-03,40,34764
2018-09-03,41,33368
2018-09-03,42,31499
2018-09-03,43,29603
2018-09-03,44,27517
2018-09-03,45,25531
2018-09-03,46,24133
2018-09-03,47,23663
2018-09-03,48,23141
2018-09-04,1,22784
2018-09-04,2,22621
2018-09-04,3,22526
2018-09-04,4,22380
2018-09-04,5,22274
2018-09-04,6,22444
2018-09-04,7,22526
2018-09-04,8,22674
2018-09-04,9,22966
2018-09-04,10,23966
2018-09-04,11,25647
2018-09-04,12,27660
2018-09-04,13,30581
2018-09-04,14,32432
2018-09-04,15,33642
2018-09-04,16,34178
2018-09-04,17,34442
2018-09-04,18,34288
2018-09-04,19,33762
2018-09-04,20,33532
2018-09-04,21,32818
2018-09-04,22,33318
2018-09-04,23,33502
2018-09-04,24,33037
2018-09-04,25,32876
2018-09-04,26,32505
2018-09-04,27,32392
2018-09-04,28,32296
2018-09-04,29,32390
2018-09-04,30,32850
2018-09-04,31,33980
2018-09-04,32,34996
2018-09-04,33,35816
2018-09-04,34,36206
2018-09-04,35,36100
2018-09-04,36,35988
2018-09-04,37,35796
2018-09-04,38,35835
2018-09-04,39,36236
2018-09-04,40,35362
2018-09-04,41,34048
2018-09-04,42,31963
2018-09-04,43,30033
2018-09-04,44,27970
2018-09-04,45,25935
2018-09-04,46,24412
2018-09-04,47,23698
2018-09-04,48,23315
2018-09-05,1,23233
2018-09-05,2,23318
2018-09-05,3,22980
2018-09-05,4,22791
2018-09-05,5,22759
2018-09-05,6,22624
2018-09-05,7,22740
2018-09-05,8,22785
2018-09-05,9,22223
2018-09-05,10,23618
2018-09-05,11,26077
2018-09-05,12,28257
2018-09-05,13,30976
2018-09-05,14,32436
2018-09-05,15,33382
2018-09-05,16,33344
2018-09-05,17,32878
2018-09-05,18,32914
2018-09-05,19,32296
2018-09-05,20,31965
2018-09-05,21,31880
2018-09-05,22,32096
2018-09-05,23,32158
2018-09-05,24,31976
2018-09-05,25,31862
2018-09-05,26,31575
2018-09-05,27,31370
2018-09-05,28,31163
2018-09-05,29,31174
2018-09-05,30,32024
2018-09-05,31,32756
2018-09-05,32,33847
2018-09-05,33,34762
2018-09-05,34,35155
2018-09-05,35,35100
2018-09-05,36,34975
2018-09-05,37,34978
2018-09-05,38,35089
2018-09-05,39,35581
2018-09-05,40,34689
2018-09-05,41,33589
2018-09-05,42,31776
2018-09-05,43,29952
2018-09-05,44,27914
2018-09-05,45,25988
2018-09-05,46,24485
2018-09-05,47,23280
2018-09-05,48,22972
2018-09-06,1,22891
2018-09-06,2,22765
2018-09-06,3,22818
2018-09-06,4,22640
2018-09-06,5,22616
2018-09-06,6,22734
2018-09-06,7,22790
2018-09-06,8,22778
2018-09-06,9,22539
2018-09-06,10,23541
2018-09-06,11,26610
2018-09-06,12,28979
2018-09-06,13,31327
2018-09-06,14,32717
2018-09-06,15,32834
2018-09-06,16,32516
2018-09-06,17,32759
2018-09-06,18,32588
2018-09-06,19,32558
2018-09-06,20,32516
2018-09-06,21,32522
2018-09-06,22,32821
2018-09-06,23,33036
2018-09-06,24,33124
2018-09-06,25,32999
2018-09-06,26,33071
2018-09-06,27,33157
2018-09-06,28,33157
2018-09-06,29,33337
2018-09-06,30,33829
2018-09-06,31,34339
2018-09-06,32,35002
2018-09-06,33,35745
2018-09-06,34,36006
2018-09-06,35,36106
2018-09-06,36,35875
2018-09-06,37,35556
2018-09-06,38,35369
2018-09-06,39,35785
2018-09-06,40,35220
2018-09-06,41,33808
2018-09-06,42,31826
2018-09-06,43,29564
2018-09-06,44,27467
2018-09-06,45,25562
2018-09-06,46,23974
2018-09-06,47,22738
2018-09-06,48,22257
2018-09-07,1,22000
2018-09-07,2,22185
2018-09-07,3,22083
2018-09-07,4,21879
2018-09-07,5,21843
2018-09-07,6,21765
2018-09-07,7,21831
2018-09-07,8,22048
2018-09-07,9,22018
2018-09-07,10,22822
2018-09-07,11,25102
2018-09-07,12,27381
2018-09-07,13,30230
2018-09-07,14,31386
2018-09-07,15,31720
2018-09-07,16,31100
2018-09-07,17,30915
2018-09-07,18,30302
2018-09-07,19,30020
2018-09-07,20,29878
2018-09-07,21,29837
2018-09-07,22,30106
2018-09-07,23,30035
2018-09-07,24,29789
2018-09-07,25,29567
2018-09-07,26,29011
2018-09-07,27,28831
2018-09-07,28,28636
2018-09-07,29,28238
2018-09-07,30,28942
2018-09-07,31,29812
2018-09-07,32,30760
2018-09-07,33,31882
2018-09-07,34,32341
2018-09-07,35,32606
2018-09-07,36,32750
2018-09-07,37,32681
2018-09-07,38,33075
2018-09-07,39,33338
2018-09-07,40,32708
2018-09-07,41,31828
2018-09-07,42,30361
2018-09-07,43,28665
2018-09-07,44,26899
2018-09-07,45,24938
2018-09-07,46,23414
2018-09-07,47,22256
2018-09-07,48,21496
2018-09-08,1,21078
2018-09-08,2,21012
2018-09-08,3,20626
2018-09-08,4,20246
2018-09-08,5,20432
2018-09-08,6,20470
2018-09-08,7,20650
2018-09-08,8,20814
2018-09-08,9,20556
2018-09-08,10,20974
2018-09-08,11,21969
2018-09-08,12,22486
2018-09-08,13,23929
2018-09-08,14,25423
2018-09-08,15,26992
2018-09-08,16,28111
2018-09-08,17,28970
2018-09-08,18,29114
2018-09-08,19,29155
2018-09-08,20,29191
2018-09-08,21,29036
2018-09-08,22,28890
2018-09-08,23,28485
2018-09-08,24,28108
2018-09-08,25,27939
2018-09-08,26,27362
2018-09-08,27,26895
2018-09-08,28,26724
2018-09-08,29,26912
2018-09-08,30,26946
2018-09-08,31,27622
2018-09-08,32,28460
2018-09-08,33,29430
2018-09-08,34,30078
2018-09-08,35,30387
2018-09-08,36,30452
2018-09-08,37,30638
2018-09-08,38,30980
2018-09-08,39,30858
2018-09-08,40,30213
2018-09-08,41,29302
2018-09-08,42,28194
2018-09-08,43,26921
2018-09-08,44,25615
2018-09-08,45,24223
2018-09-08,46,22845
2018-09-08,47,21882
2018-09-08,48,21001
2018-09-09,1,20566
2018-09-09,2,20373
2018-09-09,3,20358
2018-09-09,4,20568
2018-09-09,5,20633
2018-09-09,6,20561
2018-09-09,7,20370
2018-09-09,8,20289
2018-09-09,9,20316
2018-09-09,10,20491
2018-09-09,11,20900
2018-09-09,12,21090
2018-09-09,13,21745
2018-09-09,14,22222
2018-09-09,15,22453
2018-09-09,16,23366
2018-09-09,17,24001
2018-09-09,18,24469
2018-09-09,19,24744
2018-09-09,20,24500
2018-09-09,21,24189
2018-09-09,22,24247
2018-09-09,23,24148
2018-09-09,24,23857
2018-09-09,25,23619
2018-09-09,26,23174
2018-09-09,27,23212
2018-09-09,28,23159
2018-09-09,29,23338
2018-09-09,30,24158
2018-09-09,31,25050
2018-09-09,32,26273
2018-09-09,33,27484
2018-09-09,34,28591
2018-09-09,35,29156
2018-09-09,36,29596
2018-09-09,37,30197
2018-09-09,38,30920
2018-09-09,39,31476
2018-09-09,40,30455
2018-09-09,41,29292
2018-09-09,42,27536
2018-09-09,43,26060
2018-09-09,44,24297
2018-09-09,45,22604
2018-09-09,46,21171
2018-09-09,47,20740
2018-09-09,48,20449
2018-09-10,1,20606
2018-09-10,2,20956
2018-09-10,3,20913
2018-09-10,4,20655
2018-09-10,5,20632
2018-09-10,6,20687
2018-09-10,7,20745
2018-09-10,8,20726
2018-09-10,9,20456
2018-09-10,10,21386
2018-09-10,11,23756
2018-09-10,12,26378
2018-09-10,13,29583
2018-09-10,14,31444
2018-09-10,15,32396
2018-09-10,16,32268
2018-09-10,17,32342
2018-09-10,18,31942
2018-09-10,19,31747
2018-09-10,20,31664
2018-09-10,21,31513
2018-09-10,22,31138
2018-09-10,23,30862
2018-09-10,24,30639
2018-09-10,25,30267
2018-09-10,26,29955
2018-09-10,27,29744
2018-09-10,28,29927
2018-09-10,29,29970
2018-09-10,30,30734
2018-09-10,31,31840
2018-09-10,32,33014
2018-09-10,33,33800
2018-09-10,34,34349
2018-09-10,35,34319
2018-09-10,36,34406
2018-09-10,37,34430
2018-09-10,38,35258
2018-09-10,39,34793
2018-09-10,40,33287
2018-09-10,41,31672
2018-09-10,42,29602
2018-09-10,43,27677
2018-09-10,44,25562
2018-09-10,45,23418
2018-09-10,46,22505
2018-09-10,47,22784
2018-09-10,48,22179
2018-09-11,1,22531
2018-09-11,2,22595
2018-09-11,3,22762
2018-09-11,4,22486
2018-09-11,5,22227
2018-09-11,6,22241
2018-09-11,7,22240
2018-09-11,8,22501
2018-09-11,9,22222
2018-09-11,10,22564
2018-09-11,11,24390
2018-09-11,12,26540
2018-09-11,13,29325
2018-09-11,14,31270
2018-09-11,15,32483
2018-09-11,16,32479
2018-09-11,17,33012
2018-09-11,18,32962
2018-09-11,19,22178
2018-09-11,20,1738
2018-09-11,21,16199
2018-09-11,22,29457
2018-09-11,23,32244
2018-09-11,24,32317
2018-09-11,25,32230
2018-09-11,26,32014
2018-09-11,27,32090
2018-09-11,28,31753
2018-09-11,29,31439
2018-09-11,30,32208
2018-09-11,31,32768
2018-09-11,32,33630
2018-09-11,33,34226
2018-09-11,34,34523
2018-09-11,35,34799
2018-09-11,36,34753
2018-09-11,37,34855
2018-09-11,38,35389
2018-09-11,39,35187
2018-09-11,40,34030
2018-09-11,41,32932
2018-09-11,42,31106
2018-09-11,43,29128
2018-09-11,44,27003
2018-09-11,45,24821
2018-09-11,46,23287
2018-09-11,47,22167
2018-09-11,48,21522
2018-09-12,1,21561
2018-09-12,2,21507
2018-09-12,3,21384
2018-09-12,4,21179
2018-09-12,5,21272
2018-09-12,6,21476
2018-09-12,7,21450
2018-09-12,8,21580
2018-09-12,9,21945
2018-09-12,10,23166
2018-09-12,11,25827
2018-09-12,12,28399
2018-09-12,13,31490
2018-09-12,14,33120
2018-09-12,15,34025
2018-09-12,16,34126
2018-09-12,17,34562
2018-09-12,18,34468
2018-09-12,19,34050
2018-09-12,20,33822
2018-09-12,21,33645
2018-09-12,22,33618
2018-09-12,23,33373
2018-09-12,24,32944
2018-09-12,25,32713
2018-09-12,26,32484
2018-09-12,27,32288
2018-09-12,28,32154
2018-09-12,29,31749
2018-09-12,30,32178
2018-09-12,31,32953
2018-09-12,32,34014
2018-09-12,33,34504
2018-09-12,34,34860
2018-09-12,35,35141
2018-09-12,36,35289
2018-09-12,37,35309
2018-09-12,38,36073
2018-09-12,39,36358
2018-09-12,40,35448
2018-09-12,41,34268
2018-09-12,42,32154
2018-09-12,43,30027
2018-09-12,44,27733
2018-09-12,45,25648
2018-09-12,46,24064
2018-09-12,47,22924
2018-09-12,48,22119
2018-09-13,1,21980
2018-09-13,2,21812
2018-09-13,3,22036
2018-09-13,4,21875
2018-09-13,5,21889
2018-09-13,6,21822
2018-09-13,7,21846
2018-09-13,8,22102
2018-09-13,9,21910
2018-09-13,10,23089
2018-09-13,11,26125
2018-09-13,12,28558
2018-09-13,13,31441
2018-09-13,14,32709
2018-09-13,15,32656
2018-09-13,16,32149
2018-09-13,17,32028
2018-09-13,18,31380
2018-09-13,19,31141
2018-09-13,20,30579
2018-09-13,21,30366
2018-09-13,22,29962
2018-09-13,23,30010
2018-09-13,24,29980
2018-09-13,25,30021
2018-09-13,26,29810
2018-09-13,27,29969
2018-09-13,28,29906
2018-09-13,29,30386
2018-09-13,30,31507
2018-09-13,31,31760
2018-09-13,32,32844
2018-09-13,33,34027
2018-09-13,34,34524
2018-09-13,35,34903
2018-09-13,36,35241
2018-09-13,37,35428
2018-09-13,38,36436
2018-09-13,39,35962
2018-09-13,40,34730
2018-09-13,41,33442
2018-09-13,42,31611
2018-09-13,43,29483
2018-09-13,44,27230
2018-09-13,45,25309
2018-09-13,46,23611
2018-09-13,47,22511
2018-09-13,48,21886
2018-09-14,1,22318
2018-09-14,2,22621
2018-09-14,3,22341
2018-09-14,4,22195
2018-09-14,5,22095
2018-09-14,6,22018
2018-09-14,7,22045
2018-09-14,8,22233
2018-09-14,9,22049
2018-09-14,10,22620
2018-09-14,11,25249
2018-09-14,12,27682
2018-09-14,13,30222
2018-09-14,14,31918
2018-09-14,15,32678
2018-09-14,16,32422
2018-09-14,17,32404
2018-09-14,18,32027
2018-09-14,19,31453
2018-09-14,20,30974
2018-09-14,21,30477
2018-09-14,22,30398
2018-09-14,23,30413
2018-09-14,24,30380
2018-09-14,25,30118
2018-09-14,26,29839
2018-09-14,27,29613
2018-09-14,28,29279
2018-09-14,29,29279
2018-09-14,30,29956
2018-09-14,31,30788
2018-09-14,32,31708
2018-09-14,33,32694
2018-09-14,34,33317
2018-09-14,35,33554
2018-09-14,36,33621
2018-09-14,37,33706
2018-09-14,38,34307
2018-09-14,39,34026
2018-09-14,40,33094
2018-09-14,41,31938
2018-09-14,42,30495
2018-09-14,43,28779
2018-09-14,44,26872
2018-09-14,45,25106
2018-09-14,46,23681
2018-09-14,47,22837
2018-09-14,48,22392
2018-09-15,1,22175
2018-09-15,2,22069
2018-09-15,3,21680
2018-09-15,4,21260
2018-09-15,5,21136
2018-09-15,6,20941
2018-09-15,7,20868
2018-09-15,8,20672
2018-09-15,9,20455
2018-09-15,10,20907
2018-09-15,11,22318
2018-09-15,12,23206
2018-09-15,13,24704
2018-09-15,14,25883
2018-09-15,15,27242
2018-09-15,16,27915
2018-09-15,17,28043
2018-09-15,18,27874
2018-09-15,19,27640
2018-09-15,20,27362
2018-09-15,21,27025
2018-09-15,22,26897
2018-09-15,23,26847
2018-09-15,24,26661
2018-09-15,25,26160
2018-09-15,26,25786
2018-09-15,27,25598
2018-09-15,28,25552
2018-09-15,29,25709
2018-09-15,30,26074
2018-09-15,31,26982
2018-09-15,32,28069
2018-09-15,33,29410
2018-09-15,34,30311
2018-09-15,35,30788
2018-09-15,36,31179
2018-09-15,37,31648
2018-09-15,38,32059
2018-09-15,39,31430
2018-09-15,40,30166
2018-09-15,41,28984
2018-09-15,42,27679
2018-09-15,43,26390
2018-09-15,44,24771
2018-09-15,45,23288
2018-09-15,46,22444
2018-09-15,47,20992
2018-09-15,48,20788
2018-09-16,1,20483
2018-09-16,2,20445
2018-09-16,3,20724
2018-09-16,4,20880
2018-09-16,5,21309
2018-09-16,6,20914
2018-09-16,7,20563
2018-09-16,8,20378
2018-09-16,9,20293
2018-09-16,10,20536
2018-09-16,11,21066
2018-09-16,12,21421
2018-09-16,13,21702
2018-09-16,14,22048
2018-09-16,15,22673
2018-09-16,16,23689
2018-09-16,17,24706
2018-09-16,18,25191
2018-09-16,19,25640
2018-09-16,20,25863
2018-09-16,21,25624
2018-09-16,22,25560
2018-09-16,23,25575
2018-09-16,24,25520
2018-09-16,25,25115
2018-09-16,26,25066
2018-09-16,27,25196
2018-09-16,28,25080
2018-09-16,29,25378
2018-09-16,30,26277
2018-09-16,31,27580
2018-09-16,32,28902
2018-09-16,33,30184
2018-09-16,34,31025
2018-09-16,35,31544
2018-09-16,36,31914
2018-09-16,37,32434
2018-09-16,38,33167
2018-09-16,39,32878
2018-09-16,40,31794
2018-09-16,41,30763
2018-09-16,42,29358
2018-09-16,43,27844
2018-09-16,44,25908
2018-09-16,45,23936
2018-09-16,46,22691
2018-09-16,47,22153
2018-09-16,48,21846
2018-09-17,1,21924
2018-09-17,2,21708
2018-09-17,3,21713
2018-09-17,4,21534
2018-09-17,5,21354
2018-09-17,6,21356
2018-09-17,7,21610
2018-09-17,8,21477
2018-09-17,9,21761
2018-09-17,10,22706
2018-09-17,11,25354
2018-09-17,12,27831
2018-09-17,13,31038
2018-09-17,14,32856
2018-09-17,15,33664
2018-09-17,16,33586
2018-09-17,17,33800
2018-09-17,18,33596
2018-09-17,19,33173
2018-09-17,20,32764
2018-09-17,21,32402
2018-09-17,22,32085
2018-09-17,23,31527
2018-09-17,24,31106
2018-09-17,25,30440
2018-09-17,26,29834
2018-09-17,27,29392
2018-09-17,28,29262
2018-09-17,29,29804
2018-09-17,30,30426
2018-09-17,31,31048
2018-09-17,32,32005
2018-09-17,33,32598
2018-09-17,34,33029
2018-09-17,35,33427
2018-09-17,36,33722
2018-09-17,37,34092
2018-09-17,38,34938
2018-09-17,39,34134
2018-09-17,40,32646
2018-09-17,41,31545
2018-09-17,42,29581
2018-09-17,43,28352
2018-09-17,44,26131
2018-09-17,45,23623
2018-09-17,46,22811
2018-09-17,47,22705
2018-09-17,48,22097
2018-09-18,1,21887
2018-09-18,2,21895
2018-09-18,3,21706
2018-09-18,4,21434
2018-09-18,5,21236
2018-09-18,6,21021
2018-09-18,7,20862
2018-09-18,8,20790
2018-09-18,9,20851
2018-09-18,10,21442
2018-09-18,11,23776
2018-09-18,12,26217
2018-09-18,13,29661
2018-09-18,14,31437
2018-09-18,15,31982
2018-09-18,16,32044
2018-09-18,17,32450
2018-09-18,18,32230
2018-09-18,19,31708
2018-09-18,20,31418
2018-09-18,21,30423
2018-09-18,22,28888
2018-09-18,23,29990
2018-09-18,24,29073
2018-09-18,25,28996
2018-09-18,26,28919
2018-09-18,27,29059
2018-09-18,28,29065
2018-09-18,29,28929
2018-09-18,30,29758
2018-09-18,31,30597
2018-09-18,32,31497
2018-09-18,33,32332
2018-09-18,34,32870
2018-09-18,35,32994
2018-09-18,36,33326
2018-09-18,37,33824
2018-09-18,38,34394
2018-09-18,39,33755
2018-09-18,40,32293
2018-09-18,41,30906
2018-09-18,42,28875
2018-09-18,43,26746
2018-09-18,44,24990
2018-09-18,45,23458
2018-09-18,46,22072
2018-09-18,47,22018
2018-09-18,48,21495
2018-09-19,1,22085
2018-09-19,2,22163
2018-09-19,3,22078
2018-09-19,4,21917
2018-09-19,5,21906
2018-09-19,6,21920
2018-09-19,7,21846
2018-09-19,8,22064
2018-09-19,9,20966
2018-09-19,10,21491
2018-09-19,11,23771
2018-09-19,12,26285
2018-09-19,13,29248
2018-09-19,14,30478
2018-09-19,15,30943
2018-09-19,16,30586
2018-09-19,17,30208
2018-09-19,18,30163
2018-09-19,19,30041
2018-09-19,20,29591
2018-09-19,21,29616
2018-09-19,22,29529
2018-09-19,23,29257
2018-09-19,24,29194
2018-09-19,25,29158
2018-09-19,26,28983
2018-09-19,27,29404
2018-09-19,28,29611
2018-09-19,29,29830
2018-09-19,30,30351
2018-09-19,31,31172
2018-09-19,32,32150
2018-09-19,33,32936
2018-09-19,34,33370
2018-09-19,35,33324
2018-09-19,36,33404
2018-09-19,37,34008
2018-09-19,38,34802
2018-09-19,39,33987
2018-09-19,40,32666
2018-09-19,41,31266
2018-09-19,42,29458
2018-09-19,43,27624
2018-09-19,44,25653
2018-09-19,45,23668
2018-09-19,46,22391
2018-09-19,47,21356
2018-09-19,48,20965
2018-09-20,1,21095
2018-09-20,2,21000
2018-09-20,3,20908
2018-09-20,4,20946
2018-09-20,5,20888
2018-09-20,6,20939
2018-09-20,7,21053
2018-09-20,8,21249
2018-09-20,9,21508
2018-09-20,10,22679
2018-09-20,11,25276
2018-09-20,12,28126
2018-09-20,13,31530
2018-09-20,14,33018
2018-09-20,15,33624
2018-09-20,16,33726
2018-09-20,17,34181
2018-09-20,18,33892
2018-09-20,19,34191
2018-09-20,20,34232
2018-09-20,21,34253
2018-09-20,22,34166
2018-09-20,23,34497
2018-09-20,24,34476
2018-09-20,25,34278
2018-09-20,26,34001
2018-09-20,27,33906
2018-09-20,28,33670
2018-09-20,29,33530
2018-09-20,30,34224
2018-09-20,31,35388
2018-09-20,32,36338
2018-09-20,33,36581
2018-09-20,34,36321
2018-09-20,35,36105
2018-09-20,36,36178
2018-09-20,37,36030
2018-09-20,38,35928
2018-09-20,39,35236
2018-09-20,40,34086
2018-09-20,41,32292
2018-09-20,42,30253
2018-09-20,43,28185
2018-09-20,44,26079
2018-09-20,45,23985
2018-09-20,46,22660
2018-09-20,47,21652
2018-09-20,48,21014
2018-09-21,1,21155
2018-09-21,2,21270
2018-09-21,3,21060
2018-09-21,4,20814
2018-09-21,5,20694
2018-09-21,6,20642
2018-09-21,7,20523
2018-09-21,8,20576
2018-09-21,9,20686
2018-09-21,10,21710
2018-09-21,11,23955
2018-09-21,12,25764
2018-09-21,13,28801
2018-09-21,14,29966
2018-09-21,15,30158
2018-09-21,16,29411
2018-09-21,17,29164
2018-09-21,18,28613
2018-09-21,19,27944
2018-09-21,20,27640
2018-09-21,21,27740
2018-09-21,22,27960
2018-09-21,23,28073
2018-09-21,24,27982
2018-09-21,25,27804
2018-09-21,26,27286
2018-09-21,27,27352
2018-09-21,28,27516
2018-09-21,29,27145
2018-09-21,30,27776
2018-09-21,31,28698
2018-09-21,32,30119
2018-09-21,33,31032
2018-09-21,34,31749
2018-09-21,35,32271
2018-09-21,36,32749
2018-09-21,37,33613
2018-09-21,38,34282
2018-09-21,39,33799
2018-09-21,40,32674
2018-09-21,41,31486
2018-09-21,42,29876
2018-09-21,43,28092
2018-09-21,44,26385
2018-09-21,45,24846
2018-09-21,46,23547
2018-09-21,47,23074
2018-09-21,48,22744
2018-09-22,1,22750
2018-09-22,2,22876
2018-09-22,3,22510
2018-09-22,4,22352
2018-09-22,5,22300
2018-09-22,6,22352
2018-09-22,7,22377
2018-09-22,8,22360
2018-09-22,9,22463
2018-09-22,10,22496
2018-09-22,11,22339
2018-09-22,12,23269
2018-09-22,13,24926
2018-09-22,14,26597
2018-09-22,15,28500
2018-09-22,16,29472
2018-09-22,17,30564
2018-09-22,18,30874
2018-09-22,19,31326
2018-09-22,20,31382
2018-09-22,21,31507
2018-09-22,22,31366
2018-09-22,23,31288
2018-09-22,24,31356
2018-09-22,25,31149
2018-09-22,26,30751
2018-09-22,27,30495
2018-09-22,28,30383
2018-09-22,29,30430
2018-09-22,30,30514
2018-09-22,31,31001
2018-09-22,32,31893
2018-09-22,33,32727
2018-09-22,34,32989
2018-09-22,35,33227
2018-09-22,36,33308
2018-09-22,37,33635
2018-09-22,38,33734
2018-09-22,39,33144
2018-09-22,40,32167
2018-09-22,41,31389
2018-09-22,42,30213
2018-09-22,43,28744
2018-09-22,44,27289
2018-09-22,45,25864
2018-09-22,46,24517
2018-09-22,47,23427
2018-09-22,48,23078
2018-09-23,1,23027
2018-09-23,2,22916
2018-09-23,3,22457
2018-09-23,4,22048
2018-09-23,5,21720
2018-09-23,6,21573
2018-09-23,7,21660
2018-09-23,8,21530
2018-09-23,9,21869
2018-09-23,10,21904
2018-09-23,11,22525
2018-09-23,12,22976
2018-09-23,13,24612
2018-09-23,14,25254
2018-09-23,15,26228
2018-09-23,16,27773
2018-09-23,17,29287
2018-09-23,18,30283
2018-09-23,19,30657
2018-09-23,20,30405
2018-09-23,21,30034
2018-09-23,22,29254
2018-09-23,23,28597
2018-09-23,24,27833
2018-09-23,25,26914
2018-09-23,26,26017
2018-09-23,27,25596
2018-09-23,28,25342
2018-09-23,29,25740
2018-09-23,30,26157
2018-09-23,31,27035
2018-09-23,32,28747
2018-09-23,33,30313
2018-09-23,34,31398
2018-09-23,35,32448
2018-09-23,36,33104
2018-09-23,37,34169
2018-09-23,38,34834
2018-09-23,39,34172
2018-09-23,40,33021
2018-09-23,41,31625
2018-09-23,42,30051
2018-09-23,43,28562
2018-09-23,44,27064
2018-09-23,45,25301
2018-09-23,46,24434
2018-09-23,47,23834
2018-09-23,48,23494
2018-09-24,1,23340
2018-09-24,2,23287
2018-09-24,3,22828
2018-09-24,4,22500
2018-09-24,5,22420
2018-09-24,6,22408
2018-09-24,7,22563
2018-09-24,8,22736
2018-09-24,9,23436
2018-09-24,10,24464
2018-09-24,11,26886
2018-09-24,12,29695
2018-09-24,13,32967
2018-09-24,14,34369
2018-09-24,15,34778
2018-09-24,16,34150
2018-09-24,17,33960
2018-09-24,18,33310
2018-09-24,19,32284
2018-09-24,20,31503
2018-09-24,21,31005
2018-09-24,22,30902
2018-09-24,23,30877
2018-09-24,24,30727
2018-09-24,25,30442
2018-09-24,26,30293
2018-09-24,27,30450
2018-09-24,28,30530
2018-09-24,29,30710
2018-09-24,30,31660
2018-09-24,31,33116
2018-09-24,32,34399
2018-09-24,33,35701
2018-09-24,34,36683
2018-09-24,35,37390
2018-09-24,36,38198
2018-09-24,37,39050
2018-09-24,38,39419
2018-09-24,39,38282
2018-09-24,40,36762
2018-09-24,41,35407
2018-09-24,42,33401
2018-09-24,43,31470
2018-09-24,44,28958
2018-09-24,45,26762
2018-09-24,46,25200
2018-09-24,47,24494
2018-09-24,48,24334
2018-09-25,1,24569
2018-09-25,2,24634
2018-09-25,3,24396
2018-09-25,4,24178
2018-09-25,5,24043
2018-09-25,6,24130
2018-09-25,7,24165
2018-09-25,8,24417
2018-09-25,9,24973
2018-09-25,10,26032
2018-09-25,11,28156
2018-09-25,12,30672
2018-09-25,13,33361
2018-09-25,14,34710
2018-09-25,15,34837
2018-09-25,16,34089
2018-09-25,17,33818
2018-09-25,18,32728
2018-09-25,19,31476
2018-09-25,20,30625
2018-09-25,21,29208
2018-09-25,22,28816
2018-09-25,23,28913
2018-09-25,24,28631
2018-09-25,25,28046
2018-09-25,26,27589
2018-09-25,27,27635
2018-09-25,28,27639
2018-09-25,29,27792
2018-09-25,30,28900
2018-09-25,31,30517
2018-09-25,32,32010
2018-09-25,33,33615
2018-09-25,34,34577
2018-09-25,35,35427
2018-09-25,36,36267
2018-09-25,37,37407
2018-09-25,38,37520
2018-09-25,39,36280
2018-09-25,40,34644
2018-09-25,41,33100
2018-09-25,42,30921
2018-09-25,43,28808
2018-09-25,44,26434
2018-09-25,45,24619
2018-09-25,46,23002
2018-09-25,47,22780
2018-09-25,48,22698
2018-09-26,1,22547
2018-09-26,2,22733
2018-09-26,3,22494
2018-09-26,4,22248
2018-09-26,5,22165
2018-09-26,6,22121
2018-09-26,7,22134
2018-09-26,8,22212
2018-09-26,9,22456
2018-09-26,10,23346
2018-09-26,11,25903
2018-09-26,12,28616
2018-09-26,13,31668
2018-09-26,14,33098
2018-09-26,15,33396
2018-09-26,16,32766
2018-09-26,17,32724
2018-09-26,18,32016
2018-09-26,19,31239
2018-09-26,20,30973
2018-09-26,21,30246
2018-09-26,22,30237
2018-09-26,23,30088
2018-09-26,24,29683
2018-09-26,25,29354
2018-09-26,26,29076
2018-09-26,27,29046
2018-09-26,28,28574
2018-09-26,29,29558
2018-09-26,30,30729
2018-09-26,31,32314
2018-09-26,32,33774
2018-09-26,33,35170
2018-09-26,34,35852
2018-09-26,35,36168
2018-09-26,36,36479
2018-09-26,37,37401
2018-09-26,38,37390
2018-09-26,39,36767
2018-09-26,40,35586
2018-09-26,41,34330
2018-09-26,42,32177
2018-09-26,43,29961
2018-09-26,44,27777
2018-09-26,45,25838
2018-09-26,46,24384
2018-09-26,47,23056
2018-09-26,48,22321
2018-09-27,1,22357
2018-09-27,2,22448
2018-09-27,3,22411
2018-09-27,4,22032
2018-09-27,5,22105
2018-09-27,6,22102
2018-09-27,7,21843
2018-09-27,8,21766
2018-09-27,9,22081
2018-09-27,10,23342
2018-09-27,11,26326
2018-09-27,12,29088
2018-09-27,13,31760
2018-09-27,14,32961
2018-09-27,15,33278
2018-09-27,16,32649
2018-09-27,17,32521
2018-09-27,18,31847
2018-09-27,19,30812
2018-09-27,20,29961
2018-09-27,21,28812
2018-09-27,22,28895
2018-09-27,23,28645
2018-09-27,24,28387
2018-09-27,25,28217
2018-09-27,26,28093
2018-09-27,27,28200
2018-09-27,28,28321
2018-09-27,29,28731
2018-09-27,30,29998
2018-09-27,31,31510
2018-09-27,32,33001
2018-09-27,33,34424
2018-09-27,34,35589
2018-09-27,35,36381
2018-09-27,36,36696
2018-09-27,37,37733
2018-09-27,38,37837
2018-09-27,39,36842
2018-09-27,40,35834
2018-09-27,41,34150
2018-09-27,42,32137
2018-09-27,43,30131
2018-09-27,44,28028
2018-09-27,45,25806
2018-09-27,46,24624
2018-09-27,47,24603
2018-09-27,48,24330
2018-09-28,1,23859
2018-09-28,2,23996
2018-09-28,3,23713
2018-09-28,4,23602
2018-09-28,5,23383
2018-09-28,6,23388
2018-09-28,7,23293
2018-09-28,8,23422
2018-09-28,9,23547
2018-09-28,10,24320
2018-09-28,11,26582
2018-09-28,12,29468
2018-09-28,13,32645
2018-09-28,14,33911
2018-09-28,15,34328
2018-09-28,16,34034
2018-09-28,17,33838
2018-09-28,18,33120
2018-09-28,19,32442
2018-09-28,20,31820
2018-09-28,21,31246
2018-09-28,22,29299
2018-09-28,23,30832
2018-09-28,24,30631
2018-09-28,25,30246
2018-09-28,26,29938
2018-09-28,27,29635
2018-09-28,28,29349
2018-09-28,29,29472
2018-09-28,30,30197
2018-09-28,31,31291
2018-09-28,32,32551
2018-09-28,33,33846
2018-09-28,34,34905
2018-09-28,35,35745
2018-09-28,36,36502
2018-09-28,37,37600
2018-09-28,38,37165
2018-09-28,39,36190
2018-09-28,40,34924
2018-09-28,41,33683
2018-09-28,42,32192
2018-09-28,43,30485
2018-09-28,44,28542
2018-09-28,45,26748
2018-09-28,46,25248
2018-09-28,47,23853
2018-09-28,48,23094
2018-09-29,1,22756
2018-09-29,2,22873
2018-09-29,3,22757
2018-09-29,4,22431
2018-09-29,5,22792
2018-09-29,6,22732
2018-09-29,7,22820
2018-09-29,8,22702
2018-09-29,9,22460
2018-09-29,10,22826
2018-09-29,11,24260
2018-09-29,12,24900
2018-09-29,13,25797
2018-09-29,14,27002
2018-09-29,15,28091
2018-09-29,16,28420
2018-09-29,17,28675
2018-09-29,18,28251
2018-09-29,19,27624
2018-09-29,20,26588
2018-09-29,21,25729
2018-09-29,22,25043
2018-09-29,23,24619
2018-09-29,24,24127
2018-09-29,25,23671
2018-09-29,26,23158
2018-09-29,27,22786
2018-09-29,28,22866
2018-09-29,29,23037
2018-09-29,30,23739
2018-09-29,31,24908
2018-09-29,32,26674
2018-09-29,33,28712
2018-09-29,34,30316
2018-09-29,35,31435
2018-09-29,36,32174
2018-09-29,37,32828
2018-09-29,38,32546
2018-09-29,39,31800
2018-09-29,40,31139
2018-09-29,41,29967
2018-09-29,42,28754
2018-09-29,43,27494
2018-09-29,44,25885
2018-09-29,45,24188
2018-09-29,46,22917
2018-09-29,47,22020
2018-09-29,48,21432
2018-09-30,1,21085
2018-09-30,2,20951
2018-09-30,3,20820
2018-09-30,4,20843
2018-09-30,5,21416
2018-09-30,6,21160
2018-09-30,7,21070
2018-09-30,8,21077
2018-09-30,9,21193
2018-09-30,10,21423
2018-09-30,11,21648
2018-09-30,12,21708
2018-09-30,13,22566
2018-09-30,14,23685
2018-09-30,15,24782
2018-09-30,16,25924
2018-09-30,17,26758
2018-09-30,18,27236
2018-09-30,19,27380
2018-09-30,20,27236
2018-09-30,21,27585
2018-09-30,22,27931
2018-09-30,23,25898
2018-09-30,24,28018
2018-09-30,25,27732
2018-09-30,26,27312
2018-09-30,27,27204
2018-09-30,28,27294
2018-09-30,29,27754
2018-09-30,30,27929
2018-09-30,31,28747
2018-09-30,32,29752
2018-09-30,33,30894
2018-09-30,34,31706
2018-09-30,35,32291
2018-09-30,36,32762
2018-09-30,37,33525
2018-09-30,38,33199
2018-09-30,39,32902
2018-09-30,40,31577
2018-09-30,41,30476
2018-09-30,42,28772
2018-09-30,43,27021
2018-09-30,44,25104
2018-09-30,45,23391
2018-09-30,46,22335
2018-09-30,47,21886
2018-09-30,48,21607
2018-10-01,1,21904
2018-10-01,2,21961
2018-10-01,3,21839
2018-10-01,4,22050
2018-10-01,5,22404
2018-10-01,6,22265
2018-10-01,7,22290
2018-10-01,8,22366
2018-10-01,9,23096
2018-10-01,10,24506
2018-10-01,11,27137
2018-10-01,12,29947
2018-10-01,13,33480
2018-10-01,14,35197
2018-10-01,15,35654
2018-10-01,16,35049
2018-10-01,17,34871
2018-10-01,18,34047
2018-10-01,19,33209
2018-10-01,20,32684
2018-10-01,21,32655
2018-10-01,22,32583
2018-10-01,23,32624
2018-10-01,24,32373
2018-10-01,25,32213
2018-10-01,26,32222
2018-10-01,27,32224
2018-10-01,28,32256
2018-10-01,29,32177
2018-10-01,30,33145
2018-10-01,31,34445
2018-10-01,32,35629
2018-10-01,33,36534
2018-10-01,34,37344
2018-10-01,35,37936
2018-10-01,36,38719
2018-10-01,37,39077
2018-10-01,38,38329
2018-10-01,39,36783
2018-10-01,40,34987
2018-10-01,41,33288
2018-10-01,42,31229
2018-10-01,43,28902
2018-10-01,44,26797
2018-10-01,45,24668
2018-10-01,46,22856
2018-10-01,47,22117
2018-10-01,48,21617
2018-10-02,48,22540
2018-10-03,1,22478
2018-10-03,2,22596
2018-10-03,3,22511
2018-10-03,4,22976
2018-10-03,5,23202
2018-10-03,6,23328
2018-10-03,7,23404
2018-10-03,8,23671
2018-10-03,9,24603
2018-10-03,10,25989
2018-10-03,11,28207
2018-10-03,12,31041
2018-10-03,13,34295
2018-10-03,14,35530
2018-10-03,15,36089
2018-10-03,16,35924
2018-10-03,17,35830
2018-10-03,18,35432
2018-10-03,19,34774
2018-10-03,20,34422
2018-10-03,21,34025
2018-10-03,22,33724
2018-10-03,23,33670
2018-10-03,24,33256
2018-10-03,25,33981
2018-10-03,26,33593
2018-10-03,27,33289
2018-10-03,28,32799
2018-10-03,29,31672
2018-10-03,30,32278
2018-10-03,31,33403
2018-10-03,32,34475
2018-10-03,33,35788
2018-10-03,34,36668
2018-10-03,35,37202
2018-10-03,36,38290
2018-10-03,37,38907
2018-10-03,38,38495
2018-10-03,39,37145
2018-10-03,40,36027
2018-10-03,41,34546
2018-10-03,42,32456
2018-10-03,43,30280
2018-10-03,44,28185
2018-10-03,45,26276
2018-10-03,46,24947
2018-10-03,47,23690
2018-10-03,48,23291
2018-10-04,1,23288
2018-10-04,2,23420
2018-10-04,3,23272
2018-10-04,4,23097
2018-10-04,5,23446
2018-10-04,6,23298
2018-10-04,7,23539
2018-10-04,8,23770
2018-10-04,9,24386
2018-10-04,10,25524
2018-10-04,11,27624
2018-10-04,12,29902
2018-10-04,13,33116
2018-10-04,14,34583
2018-10-04,15,35278
2018-10-04,16,35043
2018-10-04,17,34831
2018-10-04,18,34599
2018-10-04,19,34782
2018-10-04,20,34558
2018-10-04,21,34543
2018-10-04,22,34100
2018-10-04,23,33576
2018-10-04,24,32879
2018-10-04,25,31900
2018-10-04,26,31078
2018-10-04,27,30605
2018-10-04,28,30474
2018-10-04,29,30120
2018-10-04,30,31123
2018-10-04,31,32550
2018-10-04,32,34130
2018-10-04,33,35662
2018-10-04,34,36553
2018-10-04,35,37601
2018-10-04,36,38989
2018-10-04,37,39666
2018-10-04,38,38899
2018-10-04,39,37718
2018-10-04,40,36492
2018-10-04,41,34884
2018-10-04,42,32876
2018-10-04,43,30858
2018-10-04,44,29030
2018-10-04,45,27211
2018-10-04,46,25633
2018-10-04,47,25325
2018-10-04,48,25086
2018-10-05,1,24622
2018-10-05,2,24560
2018-10-05,3,24344
2018-10-05,4,23997
2018-10-05,5,23633
2018-10-05,6,23444
2018-10-05,7,23438
2018-10-05,8,23623
2018-10-05,9,24641
2018-10-05,10,25874
2018-10-05,11,27513
2018-10-05,12,30540
2018-10-05,13,34093
2018-10-05,14,35925
2018-10-05,15,36522
2018-10-05,16,36293
2018-10-05,17,36278
2018-10-05,18,35425
2018-10-05,19,35652
2018-10-05,20,35225
2018-10-05,21,34650
2018-10-05,22,34136
2018-10-05,23,34097
2018-10-05,24,33568
2018-10-05,25,33142
2018-10-05,26,32920
2018-10-05,27,32957
2018-10-05,28,33068
2018-10-05,29,33195
2018-10-05,30,33987
2018-10-05,31,34864
2018-10-05,32,35813
2018-10-05,33,36771
2018-10-05,34,37282
2018-10-05,35,37744
2018-10-05,36,38456
2018-10-05,37,38184
2018-10-05,38,37223
2018-10-05,39,36426
2018-10-05,40,35213
2018-10-05,41,33993
2018-10-05,42,32312
2018-10-05,43,30656
2018-10-05,44,29025
2018-10-05,45,27157
2018-10-05,46,25799
2018-10-05,47,25470
2018-10-05,48,25097
2018-10-06,1,24327
2018-10-06,2,24320
2018-10-06,3,23862
2018-10-06,4,23338
2018-10-06,5,22874
2018-10-06,6,22719
2018-10-06,7,22878
2018-10-06,8,22715
2018-10-06,9,22856
2018-10-06,10,23288
2018-10-06,11,24254
2018-10-06,12,24818
2018-10-06,13,26119
2018-10-06,14,27600
2018-10-06,15,29384
2018-10-06,16,30684
2018-10-06,17,32027
2018-10-06,18,32494
2018-10-06,19,32748
2018-10-06,20,32723
2018-10-06,21,32652
2018-10-06,22,32436
2018-10-06,23,32196
2018-10-06,24,31585
2018-10-06,25,31180
2018-10-06,26,30577
2018-10-06,27,30334
2018-10-06,28,30096
2018-10-06,29,30138
2018-10-06,30,30284
2018-10-06,31,30868
2018-10-06,32,31795
2018-10-06,33,32837
2018-10-06,34,33606
2018-10-06,35,34032
2018-10-06,36,34765
2018-10-06,37,34875
2018-10-06,38,34410
2018-10-06,39,33410
2018-10-06,40,32434
2018-10-06,41,30996
2018-10-06,42,29747
2018-10-06,43,28713
2018-10-06,44,27477
2018-10-06,45,25867
2018-10-06,46,24585
2018-10-06,47,23749
2018-10-06,48,23235
2018-10-07,1,22996
2018-10-07,2,23326
2018-10-07,3,23321
2018-10-07,4,22978
2018-10-07,5,22801
2018-10-07,6,22666
2018-10-07,7,22430
2018-10-07,8,22451
2018-10-07,9,22441
2018-10-07,10,22656
2018-10-07,11,23480
2018-10-07,12,24304
2018-10-07,13,25144
2018-10-07,14,25395
2018-10-07,15,26184
2018-10-07,16,26780
2018-10-07,17,27328
2018-10-07,18,27554
2018-10-07,19,27688
2018-10-07,20,27428
2018-10-07,21,27161
2018-10-07,22,26757
2018-10-07,23,26501
2018-10-07,24,26142
2018-10-07,25,25689
2018-10-07,26,25414
2018-10-07,27,25701
2018-10-07,28,26110
2018-10-07,29,26915
2018-10-07,30,27706
2018-10-07,31,28938
2018-10-07,32,30210
2018-10-07,33,31329
2018-10-07,34,32178
2018-10-07,35,32786
2018-10-07,36,33957
2018-10-07,37,34022
2018-10-07,38,33048
2018-10-07,39,32427
2018-10-07,40,31116
2018-10-07,41,29925
2018-10-07,42,28402
2018-10-07,43,26658
2018-10-07,44,24912
2018-10-07,45,23122
2018-10-07,46,21848
2018-10-07,47,21014
2018-10-07,48,20412
2018-10-08,1,20654
2018-10-08,2,21118
2018-10-08,3,20952
2018-10-08,4,20980
2018-10-08,5,21164
2018-10-08,6,20925
2018-10-08,7,21087
2018-10-08,8,21489
2018-10-08,9,22387
2018-10-08,10,23643
2018-10-08,11,26118
2018-10-08,12,29106
2018-10-08,13,32475
2018-10-08,14,34024
2018-10-08,15,34810
2018-10-08,16,34568
2018-10-08,17,34445
2018-10-08,18,34059
2018-10-08,19,33514
2018-10-08,20,32925
2018-10-08,21,32735
2018-10-08,22,32607
2018-10-08,23,32616
2018-10-08,24,32645
2018-10-08,25,32330
2018-10-08,26,32140
2018-10-08,27,32183
2018-10-08,28,32044
2018-10-08,29,32068
2018-10-08,30,32828
2018-10-08,31,34213
2018-10-08,32,35351
2018-10-08,33,36314
2018-10-08,34,36872
2018-10-08,35,37576
2018-10-08,36,38186
2018-10-08,37,37813
2018-10-08,38,36949
2018-10-08,39,35584
2018-10-08,40,34168
2018-10-08,41,32950
2018-10-08,42,31235
2018-10-08,43,30492
2018-10-08,44,28115
2018-10-08,45,24190
2018-10-08,46,22734
2018-10-08,47,22017
2018-10-08,48,21395
2018-10-09,1,21127
2018-10-09,2,21280
2018-10-09,3,21315
2018-10-09,4,21277
2018-10-09,5,21623
2018-10-09,6,21426
2018-10-09,7,21361
2018-10-09,8,21518
2018-10-09,9,22238
2018-10-09,10,23454
2018-10-09,11,26287
2018-10-09,12,29086
2018-10-09,13,32580
2018-10-09,14,33768
2018-10-09,15,33510
2018-10-09,16,32676
2018-10-09,17,32456
2018-10-09,18,30098
2018-10-09,19,31108
2018-10-09,20,30234
2018-10-09,21,30224
2018-10-09,22,29907
2018-10-09,23,29744
2018-10-09,24,29373
2018-10-09,25,28980
2018-10-09,26,28797
2018-10-09,27,28967
2018-10-09,28,29103
2018-10-09,29,29053
2018-10-09,30,30364
2018-10-09,31,31565
2018-10-09,32,33380
2018-10-09,33,34804
2018-10-09,34,35906
2018-10-09,35,36539
2018-10-09,36,38038
2018-10-09,37,38373
2018-10-09,38,37582
2018-10-09,39,36314
2018-10-09,40,34857
2018-10-09,41,33460
2018-10-09,42,31634
2018-10-09,43,29676
2018-10-09,44,27574
2018-10-09,45,25728
2018-10-09,46,24301
2018-10-09,47,23376
2018-10-09,48,23110
2018-10-10,1,23157
2018-10-10,2,23333
2018-10-10,3,23127
2018-10-10,4,23061
2018-10-10,5,23091
2018-10-10,6,23030
2018-10-10,7,23034
2018-10-10,8,23225
2018-10-10,9,24132
2018-10-10,10,25346
2018-10-10,11,27552
2018-10-10,12,30162
2018-10-10,13,33167
2018-10-10,14,34218
2018-10-10,15,34331
2018-10-10,16,33700
2018-10-10,17,33443
2018-10-10,18,32749
2018-10-10,19,31696
2018-10-10,20,31074
2018-10-10,21,30728
2018-10-10,22,30315
2018-10-10,23,29682
2018-10-10,24,29355
2018-10-10,25,28909
2018-10-10,26,28612
2018-10-10,27,28687
2018-10-10,28,28697
2018-10-10,29,29258
2018-10-10,30,30570
2018-10-10,31,32042
2018-10-10,32,33678
2018-10-10,33,34912
2018-10-10,34,35693
2018-10-10,35,36327
2018-10-10,36,37986
2018-10-10,37,38109
2018-10-10,38,36947
2018-10-10,39,35610
2018-10-10,40,34081
2018-10-10,41,32695
2018-10-10,42,30709
2018-10-10,43,28769
2018-10-10,44,27004
2018-10-10,45,25216
2018-10-10,46,23764
2018-10-10,47,23020
2018-10-10,48,22602
2018-10-11,1,22487
2018-10-11,2,22697
2018-10-11,3,23057
2018-10-11,4,22811
2018-10-11,5,22603
2018-10-11,6,22324
2018-10-11,7,22377
2018-10-11,8,22557
2018-10-11,9,23234
2018-10-11,10,24344
2018-10-11,11,26404
2018-10-11,12,28886
2018-10-11,13,32309
2018-10-11,14,33834
2018-10-11,15,34291
2018-10-11,16,33650
2018-10-11,17,33574
2018-10-11,18,33070
2018-10-11,19,32379
2018-10-11,20,32110
2018-10-11,21,32223
2018-10-11,22,32292
2018-10-11,23,32604
2018-10-11,24,32370
2018-10-11,25,32049
2018-10-11,26,31962
2018-10-11,27,32611
2018-10-11,28,32459
2018-10-11,29,32258
2018-10-11,30,33135
2018-10-11,31,34407
2018-10-11,32,35251
2018-10-11,33,35646
2018-10-11,34,36436
2018-10-11,35,37233
2018-10-11,36,37898
2018-10-11,37,37954
2018-10-11,38,36702
2018-10-11,39,34892
2018-10-11,40,34430
2018-10-11,41,33212
2018-10-11,42,31265
2018-10-11,43,29366
2018-10-11,44,27298
2018-10-11,45,25672
2018-10-11,46,24254
2018-10-11,47,22963
2018-10-11,48,22354
2018-10-12,1,22499
2018-10-12,2,23269
2018-10-12,3,22900
2018-10-12,4,22472
2018-10-12,5,22083
2018-10-12,6,21588
2018-10-12,7,21271
2018-10-12,8,21278
2018-10-12,9,21904
2018-10-12,10,22809
2018-10-12,11,24596
2018-10-12,12,26743
2018-10-12,13,30092
2018-10-12,14,31659
2018-10-12,15,32098
2018-10-12,16,32256
2018-10-12,17,32541
2018-10-12,18,32692
2018-10-12,19,32896
2018-10-12,20,32684
2018-10-12,21,32692
2018-10-12,22,33065
2018-10-12,23,33108
2018-10-12,24,32741
2018-10-12,25,32080
2018-10-12,26,31744
2018-10-12,27,31402
2018-10-12,28,31332
2018-10-12,29,31219
2018-10-12,30,31865
2018-10-12,31,32702
2018-10-12,32,33580
2018-10-12,33,34536
2018-10-12,34,34772
2018-10-12,35,35574
2018-10-12,36,36082
2018-10-12,37,35512
2018-10-12,38,34511
2018-10-12,39,33298
2018-10-12,40,31835
2018-10-12,41,30601
2018-10-12,42,29143
2018-10-12,43,27370
2018-10-12,44,25885
2018-10-12,45,24559
2018-10-12,46,23868
2018-10-12,47,23264
2018-10-12,48,22658
2018-10-13,1,22480
2018-10-13,2,22649
2018-10-13,3,22251
2018-10-13,4,21831
2018-10-13,5,21361
2018-10-13,6,21186
2018-10-13,7,20969
2018-10-13,8,21080
2018-10-13,9,21345
2018-10-13,10,21758
2018-10-13,11,22288
2018-10-13,12,23079
2018-10-13,13,24678
2018-10-13,14,25960
2018-10-13,15,27660
2018-10-13,16,28773
2018-10-13,17,29606
2018-10-13,18,29960
2018-10-13,19,30126
2018-10-13,20,29910
2018-10-13,21,29634
2018-10-13,22,29246
2018-10-13,23,28655
2018-10-13,24,28193
2018-10-13,25,27832
2018-10-13,26,27527
2018-10-13,27,27361
2018-10-13,28,27090
2018-10-13,29,27157
2018-10-13,30,27334
2018-10-13,31,27912
2018-10-13,32,28814
2018-10-13,33,30230
2018-10-13,34,31365
2018-10-13,35,32457
2018-10-13,36,32991
2018-10-13,37,31830
2018-10-13,38,30420
2018-10-13,39,29313
2018-10-13,40,28540
2018-10-13,41,27374
2018-10-13,42,26312
2018-10-13,43,25104
2018-10-13,44,24085
2018-10-13,45,22771
2018-10-13,46,21914
2018-10-13,47,21882
2018-10-13,48,21751
2018-10-14,1,21844
2018-10-14,2,21846
2018-10-14,3,21489
2018-10-14,4,20789
2018-10-14,5,20439
2018-10-14,6,20331
2018-10-14,7,20326
2018-10-14,8,20466
2018-10-14,9,20688
2018-10-14,10,20941
2018-10-14,11,21712
2018-10-14,12,22553
2018-10-14,13,23682
2018-10-14,14,24737
2018-10-14,15,26184
2018-10-14,16,27640
2018-10-14,17,28946
2018-10-14,18,29673
2018-10-14,19,30639
2018-10-14,20,31054
2018-10-14,21,31442
2018-10-14,22,31932
2018-10-14,23,32771
2018-10-14,24,33118
2018-10-14,25,32478
2018-10-14,26,31924
2018-10-14,27,31687
2018-10-14,28,31553
2018-10-14,29,31612
2018-10-14,30,31954
2018-10-14,31,32835
2018-10-14,32,33828
2018-10-14,33,34916
2018-10-14,34,35806
2018-10-14,35,36726
2018-10-14,36,37093
2018-10-14,37,36699
2018-10-14,38,35613
2018-10-14,39,34468
2018-10-14,40,33306
2018-10-14,41,31725
2018-10-14,42,29998
2018-10-14,43,28625
2018-10-14,44,26884
2018-10-14,45,25374
2018-10-14,46,24621
2018-10-14,47,24405
2018-10-14,48,23834
2018-10-15,1,23606
2018-10-15,2,23719
2018-10-15,3,23568
2018-10-15,4,23334
2018-10-15,5,23171
2018-10-15,6,23120
2018-10-15,7,23007
2018-10-15,8,23168
2018-10-15,9,23796
2018-10-15,10,24936
2018-10-15,11,26829
2018-10-15,12,29925
2018-10-15,13,34050
2018-10-15,14,36312
2018-10-15,15,37372
2018-10-15,16,37340
2018-10-15,17,38015
2018-10-15,18,38267
2018-10-15,19,38074
2018-10-15,20,37887
2018-10-15,21,37786
2018-10-15,22,37599
2018-10-15,23,37619
2018-10-15,24,37463
2018-10-15,25,37347
2018-10-15,26,36962
2018-10-15,27,37062
2018-10-15,28,36850
2018-10-15,29,36630
2018-10-15,30,37224
2018-10-15,31,38404
2018-10-15,32,39245
2018-10-15,33,40134
2018-10-15,34,40726
2018-10-15,35,41496
2018-10-15,36,41833
2018-10-15,37,41274
2018-10-15,38,40294
2018-10-15,39,38711
2018-10-15,40,36971
2018-10-15,41,35066
2018-10-15,42,33118
2018-10-15,43,31106
2018-10-15,44,29129
2018-10-15,45,27022
2018-10-15,46,25731
2018-10-15,47,24875
2018-10-15,48,24691
2018-10-16,1,24848
2018-10-16,2,24829
2018-10-16,3,24867
2018-10-16,4,24564
2018-10-16,5,24233
2018-10-16,6,23925
2018-10-16,7,23937
2018-10-16,8,24228
2018-10-16,9,24887
2018-10-16,10,25997
2018-10-16,11,28650
2018-10-16,12,31364
2018-10-16,13,33905
2018-10-16,14,35175
2018-10-16,15,35877
2018-10-16,16,35526
2018-10-16,17,36057
2018-10-16,18,36137
2018-10-16,19,36916
2018-10-16,20,36556
2018-10-16,21,36496
2018-10-16,22,35750
2018-10-16,23,35534
2018-10-16,24,35064
2018-10-16,25,34511
2018-10-16,26,34188
2018-10-16,27,34211
2018-10-16,28,34062
2018-10-16,29,33628
2018-10-16,30,34479
2018-10-16,31,35840
2018-10-16,32,37191
2018-10-16,33,37858
2018-10-16,34,38396
2018-10-16,35,39536
2018-10-16,36,40297
2018-10-16,37,39727
2018-10-16,38,39036
2018-10-16,39,37520
2018-10-16,40,35929
2018-10-16,41,34252
2018-10-16,42,32313
2018-10-16,43,30706
2018-10-16,44,28597
2018-10-16,45,26101
2018-10-16,46,25190
2018-10-16,47,24906
2018-10-16,48,24450
2018-10-17,1,24349
2018-10-17,2,24745
2018-10-17,3,24515
2018-10-17,4,24146
2018-10-17,5,24031
2018-10-17,6,23901
2018-10-17,7,24048
2018-10-17,8,24089
2018-10-17,9,24707
2018-10-17,10,25972
2018-10-17,11,29090
2018-10-17,12,32076
2018-10-17,13,35620
2018-10-17,14,37608
2018-10-17,15,37495
2018-10-17,16,37420
2018-10-17,17,37500
2018-10-17,18,37194
2018-10-17,19,37320
2018-10-17,20,37187
2018-10-17,21,37575
2018-10-17,22,37235
2018-10-17,23,37220
2018-10-17,24,36997
2018-10-17,25,35839
2018-10-17,26,35591
2018-10-17,27,35129
2018-10-17,28,35076
2018-10-17,29,35306
2018-10-17,30,36101
2018-10-17,31,36967
2018-10-17,32,38142
2018-10-17,33,39255
2018-10-17,34,40097
2018-10-17,35,40892
2018-10-17,36,41847
2018-10-17,37,41624
2018-10-17,38,40504
2018-10-17,39,39094
2018-10-17,40,37443
2018-10-17,41,35793
2018-10-17,42,33754
2018-10-17,43,31700
2018-10-17,44,29577
2018-10-17,45,27722
2018-10-17,46,26498
2018-10-17,47,25676
2018-10-17,48,25280
2018-10-18,1,25554
2018-10-18,2,25771
2018-10-18,3,25659
2018-10-18,4,25261
2018-10-18,5,25108
2018-10-18,6,24802
2018-10-18,7,24942
2018-10-18,8,25155
2018-10-18,9,25834
2018-10-18,10,26836
2018-10-18,11,29168
2018-10-18,12,32101
2018-10-18,13,35917
2018-10-18,14,37640
2018-10-18,15,38307
2018-10-18,16,37405
2018-10-18,17,37187
2018-10-18,18,36622
2018-10-18,19,24912
2018-10-18,20,2876
2018-10-18,21,7509
2018-10-18,22,32457
2018-10-18,23,32753
2018-10-18,24,33301
2018-10-18,25,33065
2018-10-18,26,32778
2018-10-18,27,33062
2018-10-18,28,33296
2018-10-18,29,33600
2018-10-18,30,34549
2018-10-18,31,35568
2018-10-18,32,37036
2018-10-18,33,38321
2018-10-18,34,39364
2018-10-18,35,40524
2018-10-18,36,41398
2018-10-18,37,41083
2018-10-18,38,40421
2018-10-18,39,39288
2018-10-18,40,37908
2018-10-18,41,36082
2018-10-18,42,34138
2018-10-18,43,31847
2018-10-18,44,29565
2018-10-18,45,27335
2018-10-18,46,25866
2018-10-18,47,24965
2018-10-18,48,24191
2018-10-19,1,24408
2018-10-19,2,25032
2018-10-19,3,24768
2018-10-19,4,24409
2018-10-19,5,24155
2018-10-19,6,23904
2018-10-19,7,23890
2018-10-19,8,24070
2018-10-19,9,25161
2018-10-19,10,26341
2018-10-19,11,28690
2018-10-19,12,31472
2018-10-19,13,34399
2018-10-19,14,35896
2018-10-19,15,37133
2018-10-19,16,36935
2018-10-19,17,36268
2018-10-19,18,35498
2018-10-19,19,34978
2018-10-19,20,34475
2018-10-19,21,34021
2018-10-19,22,33470
2018-10-19,23,33140
2018-10-19,24,32350
2018-10-19,25,31489
2018-10-19,26,31093
2018-10-19,27,31148
2018-10-19,28,31322
2018-10-19,29,31683
2018-10-19,30,32680
2018-10-19,31,34420
2018-10-19,32,35939
2018-10-19,33,37103
2018-10-19,34,37974
2018-10-19,35,39334
2018-10-19,36,39912
2018-10-19,37,39118
2018-10-19,38,38074
2018-10-19,39,37315
2018-10-19,40,36066
2018-10-19,41,34343
2018-10-19,42,32565
2018-10-19,43,30840
2018-10-19,44,28972
2018-10-19,45,27115
2018-10-19,46,25563
2018-10-19,47,24238
2018-10-19,48,23572
2018-10-20,1,23771
2018-10-20,2,24640
2018-10-20,3,24383
2018-10-20,4,24030
2018-10-20,5,23503
2018-10-20,6,23189
2018-10-20,7,22937
2018-10-20,8,21198
2018-10-20,9,23213
2018-10-20,10,23806
2018-10-20,11,24678
2018-10-20,12,25172
2018-10-20,13,26983
2018-10-20,14,28296
2018-10-20,15,29753
2018-10-20,16,30469
2018-10-20,17,30870
2018-10-20,18,30505
2018-10-20,19,30058
2018-10-20,20,29377
2018-10-20,21,28878
2018-10-20,22,28085
2018-10-20,23,27450
2018-10-20,24,26764
2018-10-20,25,26295
2018-10-20,26,25757
2018-10-20,27,25402
2018-10-20,28,25538
2018-10-20,29,25936
2018-10-20,30,26764
2018-10-20,31,28015
2018-10-20,32,29611
2018-10-20,33,31414
2018-10-20,34,32604
2018-10-20,35,34278
2018-10-20,36,35062
2018-10-20,37,34493
2018-10-20,38,33467
2018-10-20,39,32201
2018-10-20,40,31275
2018-10-20,41,30216
2018-10-20,42,29138
2018-10-20,43,28054
2018-10-20,44,26856
2018-10-20,45,25343
2018-10-20,46,23911
2018-10-20,47,22883
2018-10-20,48,22391
2018-10-21,1,22420
2018-10-21,2,22546
2018-10-21,3,22626
2018-10-21,4,22349
2018-10-21,5,21894
2018-10-21,6,21575
2018-10-21,7,21278
2018-10-21,8,21231
2018-10-21,9,21518
2018-10-21,10,21668
2018-10-21,11,22449
2018-10-21,12,23128
2018-10-21,13,23614
2018-10-21,14,24154
2018-10-21,15,25629
2018-10-21,16,26459
2018-10-21,17,27053
2018-10-21,18,27192
2018-10-21,19,27152
2018-10-21,20,26934
2018-10-21,21,26704
2018-10-21,22,26332
2018-10-21,23,26208
2018-10-21,24,26002
2018-10-21,25,25682
2018-10-21,26,25403
2018-10-21,27,25495
2018-10-21,28,25779
2018-10-21,29,26798
2018-10-21,30,27930
2018-10-21,31,29367
2018-10-21,32,30810
2018-10-21,33,32002
2018-10-21,34,32981
2018-10-21,35,34192
2018-10-21,36,34532
2018-10-21,37,33929
2018-10-21,38,33134
2018-10-21,39,32214
2018-10-21,40,31384
2018-10-21,41,30028
2018-10-21,42,28596
2018-10-21,43,27362
2018-10-21,44,25731
2018-10-21,45,24103
2018-10-21,46,23334
2018-10-21,47,22732
2018-10-21,48,22252
2018-10-22,1,22391
2018-10-22,2,22710
2018-10-22,3,22387
2018-10-22,4,22106
2018-10-22,5,22007
2018-10-22,6,21938
2018-10-22,7,21832
2018-10-22,8,21934
2018-10-22,9,22374
2018-10-22,10,23800
2018-10-22,11,26439
2018-10-22,12,29302
2018-10-22,13,33133
2018-10-22,14,35230
2018-10-22,15,36700
2018-10-22,16,36516
2018-10-22,17,36011
2018-10-22,18,35058
2018-10-22,19,34105
2018-10-22,20,33140
2018-10-22,21,32419
2018-10-22,22,31736
2018-10-22,23,31474
2018-10-22,24,30936
2018-10-22,25,30624
2018-10-22,26,30382
2018-10-22,27,30452
2018-10-22,28,30574
2018-10-22,29,31116
2018-10-22,30,32018
2018-10-22,31,33243
2018-10-22,32,34979
2018-10-22,33,36750
2018-10-22,34,37888
2018-10-22,35,39470
2018-10-22,36,39897
2018-10-22,37,39356
2018-10-22,38,38416
2018-10-22,39,36945
2018-10-22,40,35306
2018-10-22,41,33570
2018-10-22,42,31564
2018-10-22,43,29620
2018-10-22,44,27407
2018-10-22,45,25323
2018-10-22,46,23542
2018-10-22,47,22703
2018-10-22,48,22148
2018-10-23,1,22319
2018-10-23,2,22698
2018-10-23,3,22532
2018-10-23,4,22166
2018-10-23,5,21800
2018-10-23,6,21599
2018-10-23,7,21770
2018-10-23,8,21830
2018-10-23,9,22558
2018-10-23,10,23628
2018-10-23,11,25825
2018-10-23,12,28288
2018-10-23,13,31810
2018-10-23,14,33559
2018-10-23,15,34474
2018-10-23,16,34676
2018-10-23,17,34754
2018-10-23,18,34246
2018-10-23,19,33575
2018-10-23,20,32675
2018-10-23,21,32304
2018-10-23,22,31395
2018-10-23,23,31392
2018-10-23,24,31100
2018-10-23,25,30885
2018-10-23,26,30745
2018-10-23,27,31062
2018-10-23,28,31463
2018-10-23,29,31865
2018-10-23,30,32972
2018-10-23,31,34113
2018-10-23,32,35490
2018-10-23,33,36973
2018-10-23,34,37991
2018-10-23,35,39121
2018-10-23,36,39193
2018-10-23,37,38748
2018-10-23,38,37782
2018-10-23,39,36353
2018-10-23,40,34543
2018-10-23,41,32587
2018-10-23,42,30740
2018-10-23,43,28984
2018-10-23,44,26915
2018-10-23,45,25132
2018-10-23,46,24000
2018-10-23,47,23186
2018-10-23,48,22834
2018-10-24,1,22780
2018-10-24,2,23179
2018-10-24,3,23384
2018-10-24,4,23059
2018-10-24,5,22561
2018-10-24,6,22547
2018-10-24,7,22419
2018-10-24,8,22564
2018-10-24,9,23247
2018-10-24,10,24298
2018-10-24,11,26406
2018-10-24,12,28912
2018-10-24,13,32878
2018-10-24,14,34965
2018-10-24,15,36012
2018-10-24,16,36093
2018-10-24,17,36052
2018-10-24,18,35345
2018-10-24,19,34188
2018-10-24,20,33564
2018-10-24,21,33080
2018-10-24,22,32502
2018-10-24,23,32159
2018-10-24,24,31980
2018-10-24,25,32680
2018-10-24,26,32621
2018-10-24,27,32474
2018-10-24,28,32615
2018-10-24,29,32364
2018-10-24,30,33145
2018-10-24,31,34306
2018-10-24,32,35746
2018-10-24,33,37394
2018-10-24,34,38750
2018-10-24,35,40289
2018-10-24,36,40496
2018-10-24,37,39660
2018-10-24,38,38975
2018-10-24,39,37725
2018-10-24,40,36218
2018-10-24,41,34717
2018-10-24,42,32704
2018-10-24,43,30708
2018-10-24,44,28680
2018-10-24,45,27300
2018-10-24,46,26410
2018-10-24,47,25609
2018-10-24,48,24840
2018-10-25,1,24792
2018-10-25,2,25012
2018-10-25,3,24971
2018-10-25,4,24562
2018-10-25,5,24410
2018-10-25,6,24177
2018-10-25,7,24059
2018-10-25,8,24125
2018-10-25,9,24770
2018-10-25,10,25849
2018-10-25,11,28570
2018-10-25,12,31052
2018-10-25,13,35756
2018-10-25,14,37346
2018-10-25,15,37465
2018-10-25,16,37356
2018-10-25,17,37163
2018-10-25,18,36755
2018-10-25,19,36130
2018-10-25,20,35571
2018-10-25,21,35267
2018-10-25,22,35022
2018-10-25,23,35077
2018-10-25,24,34705
2018-10-25,25,35164
2018-10-25,26,35093
2018-10-25,27,35375
2018-10-25,28,35478
2018-10-25,29,35939
2018-10-25,30,36457
2018-10-25,31,36528
2018-10-25,32,37729
2018-10-25,33,39167
2018-10-25,34,40278
2018-10-25,35,41420
2018-10-25,36,41290
2018-10-25,37,40405
2018-10-25,38,39339
2018-10-25,39,37916
2018-10-25,40,36246
2018-10-25,41,34330
2018-10-25,42,32394
2018-10-25,43,30815
2018-10-25,44,28922
2018-10-25,45,26484
2018-10-25,46,25056
2018-10-25,47,23908
2018-10-25,48,23346
2018-10-26,1,23864
2018-10-26,2,24357
2018-10-26,3,24337
2018-10-26,4,24003
2018-10-26,5,23580
2018-10-26,6,23352
2018-10-26,7,22987
2018-10-26,8,23200
2018-10-26,9,23901
2018-10-26,10,25199
2018-10-26,11,27633
2018-10-26,12,29942
2018-10-26,13,32985
2018-10-26,14,34752
2018-10-26,15,36115
2018-10-26,16,36532
2018-10-26,17,36477
2018-10-26,18,35887
2018-10-26,19,35244
2018-10-26,20,34578
2018-10-26,21,34855
2018-10-26,22,34487
2018-10-26,23,33648
2018-10-26,24,32861
2018-10-26,25,32860
2018-10-26,26,32407
2018-10-26,27,32612
2018-10-26,28,32319
2018-10-26,29,32626
2018-10-26,30,33276
2018-10-26,31,33104
2018-10-26,32,34380
2018-10-26,33,36126
2018-10-26,34,37392
2018-10-26,35,39038
2018-10-26,36,39008
2018-10-26,37,38106
2018-10-26,38,37175
2018-10-26,39,35901
2018-10-26,40,34568
2018-10-26,41,32843
2018-10-26,42,31268
2018-10-26,43,30039
2018-10-26,44,28500
2018-10-26,45,26395
2018-10-26,46,25074
2018-10-26,47,23859
2018-10-26,48,23278
2018-10-27,1,23189
2018-10-27,2,23478
2018-10-27,3,23822
2018-10-27,4,23623
2018-10-27,5,23416
2018-10-27,6,23310
2018-10-27,7,22940
2018-10-27,8,22784
2018-10-27,9,22929
2018-10-27,10,23441
2018-10-27,11,24657
2018-10-27,12,25874
2018-10-27,13,28031
2018-10-27,14,29565
2018-10-27,15,31625
2018-10-27,16,32112
2018-10-27,17,32403
2018-10-27,18,32221
2018-10-27,19,31834
2018-10-27,20,31353
2018-10-27,21,30885
2018-10-27,22,30840
2018-10-27,23,30904
2018-10-27,24,30810
2018-10-27,25,30884
2018-10-27,26,30751
2018-10-27,27,31039
2018-10-27,28,31146
2018-10-27,29,31400
2018-10-27,30,31697
2018-10-27,31,32685
2018-10-27,32,34088
2018-10-27,33,35869
2018-10-27,34,37210
2018-10-27,35,38261
2018-10-27,36,38048
2018-10-27,37,37282
2018-10-27,38,36073
2018-10-27,39,34883
2018-10-27,40,33836
2018-10-27,41,32441
2018-10-27,42,31080
2018-10-27,43,29800
2018-10-27,44,28521
2018-10-27,45,27326
2018-10-27,46,26248
2018-10-27,47,25102
2018-10-27,48,24709
2018-10-28,1,24616
2018-10-28,2,24609
2018-10-28,3,24599
2018-10-28,4,24191
2018-10-28,5,24103
2018-10-28,6,24185
2018-10-28,7,24160
2018-10-28,8,24070
2018-10-28,9,23919
2018-10-28,10,23810
2018-10-28,11,24003
2018-10-28,12,24475
2018-10-28,13,25159
2018-10-28,14,25781
2018-10-28,15,26954
2018-10-28,16,28363
2018-10-28,17,30005
2018-10-28,18,30925
2018-10-28,19,31366
2018-10-28,20,31216
2018-10-28,21,31128
2018-10-28,22,30616
2018-10-28,23,30624
2018-10-28,24,30790
2018-10-28,25,31244
2018-10-28,26,31466
2018-10-28,27,31701
2018-10-28,28,32056
2018-10-28,29,32455
2018-10-28,30,32982
2018-10-28,31,33956
2018-10-28,32,35504
2018-10-28,33,37339
2018-10-28,34,39195
2018-10-28,35,41833
2018-10-28,36,42076
2018-10-28,37,41281
2018-10-28,38,40646
2018-10-28,39,39706
2018-10-28,40,38572
2018-10-28,41,37394
2018-10-28,42,36181
2018-10-28,43,34642
2018-10-28,44,32799
2018-10-28,45,31054
2018-10-28,46,29534
2018-10-28,47,27756
2018-10-28,48,26521
2018-10-29,1,26167
2018-10-29,2,26397
2018-10-29,3,26199
2018-10-29,4,25749
2018-10-29,5,25318
2018-10-29,6,25771
2018-10-29,7,26093
2018-10-29,8,25889
2018-10-29,9,25696
2018-10-29,10,26336
2018-10-29,11,27234
2018-10-29,12,28882
2018-10-29,13,31677
2018-10-29,14,33695
2018-10-29,15,38099
2018-10-29,16,39058
2018-10-29,17,39866
2018-10-29,18,39795
2018-10-29,19,39755
2018-10-29,20,39129
2018-10-29,21,38366
2018-10-29,22,37780
2018-10-29,23,37372
2018-10-29,24,37116
2018-10-29,25,37363
2018-10-29,26,37550
2018-10-29,27,38254
2018-10-29,28,38518
2018-10-29,29,38531
2018-10-29,30,39702
2018-10-29,31,40512
2018-10-29,32,41609
2018-10-29,33,42088
2018-10-29,34,44124
2018-10-29,35,46028
2018-10-29,36,46208
2018-10-29,37,45846
2018-10-29,38,45305
2018-10-29,39,44326
2018-10-29,40,42838
2018-10-29,41,41259
2018-10-29,42,39538
2018-10-29,43,39362
2018-10-29,44,37184
2018-10-29,45,35772
2018-10-29,46,32780
2018-10-29,47,29109
2018-10-29,48,28004
2018-10-30,1,27862
2018-10-30,2,28343
2018-10-30,3,28376
2018-10-30,4,28695
2018-10-30,5,28673
2018-10-30,6,28314
2018-10-30,7,27861
2018-10-30,8,27406
2018-10-30,9,27095
2018-10-30,10,27354
2018-10-30,11,28528
2018-10-30,12,29881
2018-10-30,13,33308
2018-10-30,14,36051
2018-10-30,15,39482
2018-10-30,16,41068
2018-10-30,17,41473
2018-10-30,18,41596
2018-10-30,19,40409
2018-10-30,20,40794
2018-10-30,21,40847
2018-10-30,22,40508
2018-10-30,23,40389
2018-10-30,24,40054
2018-10-30,25,40356
2018-10-30,26,40396
2018-10-30,27,40434
2018-10-30,28,40529
2018-10-30,29,40447
2018-10-30,30,40659
2018-10-30,31,40869
2018-10-30,32,41775
2018-10-30,33,43335
2018-10-30,34,45188
2018-10-30,35,47084
2018-10-30,36,47309
2018-10-30,37,46984
2018-10-30,38,46188
2018-10-30,39,45050
2018-10-30,40,43994
2018-10-30,41,42730
2018-10-30,42,40925
2018-10-30,43,39200
2018-10-30,44,37100
2018-10-30,45,35110
2018-10-30,46,33020
2018-10-30,47,30383
2018-10-30,48,29329
2018-10-31,1,29493
2018-10-31,2,29947
2018-10-31,3,30060
2018-10-31,4,29616
2018-10-31,5,29069
2018-10-31,6,28920
2018-10-31,7,28406
2018-10-31,8,28003
2018-10-31,9,27922
2018-10-31,10,28169
2018-10-31,11,29097
2018-10-31,12,30702
2018-10-31,13,34064
2018-10-31,14,36279
2018-10-31,15,38639
2018-10-31,16,39822
2018-10-31,17,40084
2018-10-31,18,39981
2018-10-31,19,40089
2018-10-31,20,39566
2018-10-31,21,40072
2018-10-31,22,39595
2018-10-31,23,39384
2018-10-31,24,38937
2018-10-31,25,39745
2018-10-31,26,39774
2018-10-31,27,39845
2018-10-31,28,39835
2018-10-31,29,40036
2018-10-31,30,40569
2018-10-31,31,40442
2018-10-31,32,41598
2018-10-31,33,42288
2018-10-31,34,44124
2018-10-31,35,45475
2018-10-31,36,44965
2018-10-31,37,44053
2018-10-31,38,43121
2018-10-31,39,42410
2018-10-31,40,41610
2018-10-31,41,40509
2018-10-31,42,39131
2018-10-31,43,37336
2018-10-31,44,35145
2018-10-31,45,33158
2018-10-31,46,31328
2018-10-31,47,29682
2018-10-31,48,28700
2018-11-01,1,28254
2018-11-01,2,28381
2018-11-01,3,28760
2018-11-01,4,28285
2018-11-01,5,28131
2018-11-01,6,28019
2018-11-01,7,27502
2018-11-01,8,27277
2018-11-01,9,27164
2018-11-01,10,27348
2018-11-01,11,28108
2018-11-01,12,29111
2018-11-01,13,30932
2018-11-01,14,33406
2018-11-01,15,36481
2018-11-01,16,38202
2018-11-01,17,39243
2018-11-01,18,39371
2018-11-01,19,39710
2018-11-01,20,38827
2018-11-01,21,39182
2018-11-01,22,38818
2018-11-01,23,39132
2018-11-01,24,39174
2018-11-01,25,39023
2018-11-01,26,38739
2018-11-01,27,38908
2018-11-01,28,38755
2018-11-01,29,39044
2018-11-01,30,39297
2018-11-01,31,39793
2018-11-01,32,40857
2018-11-01,33,41904
2018-11-01,34,43490
2018-11-01,35,44638
2018-11-01,36,44692
2018-11-01,37,44600
2018-11-01,38,44165
2018-11-01,39,43801
2018-11-01,40,42678
2018-11-01,41,41444
2018-11-01,42,39796
2018-11-01,43,37912
2018-11-01,44,35778
2018-11-01,45,33633
2018-11-01,46,31856
2018-11-01,47,29932
2018-11-01,48,28656
2018-11-02,1,28114
2018-11-02,2,28303
2018-11-02,3,28481
2018-11-02,4,28498
2018-11-02,5,28400
2018-11-02,6,28228
2018-11-02,7,28016
2018-11-02,8,27802
2018-11-02,9,27747
2018-11-02,10,27836
2018-11-02,11,28318
2018-11-02,12,29521
2018-11-02,13,31741
2018-11-02,14,34416
2018-11-02,15,37582
2018-11-02,16,38822
2018-11-02,17,39274
2018-11-02,18,38818
2018-11-02,19,38515
2018-11-02,20,38008
2018-11-02,21,37022
2018-11-02,22,36428
2018-11-02,23,36007
2018-11-02,24,35820
2018-11-02,25,35537
2018-11-02,26,35093
2018-11-02,27,35155
2018-11-02,28,35325
2018-11-02,29,35828
2018-11-02,30,36354
2018-11-02,31,37150
2018-11-02,32,38555
2018-11-02,33,39899
2018-11-02,34,42163
2018-11-02,35,43746
2018-11-02,36,43684
2018-11-02,37,43012
2018-11-02,38,42195
2018-11-02,39,41075
2018-11-02,40,39582
2018-11-02,41,38338
2018-11-02,42,36614
2018-11-02,43,35507
2018-11-02,44,33640
2018-11-02,45,32614
2018-11-02,46,30406
2018-11-02,47,27022
2018-11-02,48,25791
2018-11-03,1,25231
2018-11-03,2,25158
2018-11-03,3,24544
2018-11-03,4,23681
2018-11-03,5,23240
2018-11-03,6,23529
2018-11-03,7,23031
2018-11-03,8,22243
2018-11-03,9,22006
2018-11-03,10,21972
2018-11-03,11,22206
2018-11-03,12,22773
2018-11-03,13,24145
2018-11-03,14,24693
2018-11-03,15,26815
2018-11-03,16,28108
2018-11-03,17,28433
2018-11-03,18,29386
2018-11-03,19,30384
2018-11-03,20,30453
2018-11-03,21,30347
2018-11-03,22,30197
2018-11-03,23,29994
2018-11-03,24,29920
2018-11-03,25,29932
2018-11-03,26,29944
2018-11-03,27,29889
2018-11-03,28,29810
2018-11-03,29,30013
2018-11-03,30,30317
2018-11-03,31,30532
2018-11-03,32,31334
2018-11-03,33,32727
2018-11-03,34,34929
2018-11-03,35,36928
2018-11-03,36,36723
2018-11-03,37,36007
2018-11-03,38,34965
2018-11-03,39,33610
2018-11-03,40,32274
2018-11-03,41,31335
2018-11-03,42,30475
2018-11-03,43,29685
2018-11-03,44,28465
2018-11-03,45,28010
2018-11-03,46,27076
2018-11-03,47,24756
2018-11-03,48,23692
2018-11-04,1,23578
2018-11-04,2,23549
2018-11-04,3,23518
2018-11-04,4,22982
2018-11-04,5,22542
2018-11-04,6,22244
2018-11-04,7,22497
2018-11-04,8,22272
2018-11-04,9,22120
2018-11-04,10,22102
2018-11-04,11,21920
2018-11-04,12,22152
2018-11-04,13,22794
2018-11-04,14,23556
2018-11-04,15,24096
2018-11-04,16,24841
2018-11-04,17,26428
2018-11-04,18,27931
2018-11-04,19,29626
2018-11-04,20,30624
2018-11-04,21,31061
2018-11-04,22,31369
2018-11-04,23,31787
2018-11-04,24,32176
2018-11-04,25,32676
2018-11-04,26,32862
2018-11-04,27,32987
2018-11-04,28,33440
2018-11-04,29,33921
2018-11-04,30,34178
2018-11-04,31,35041
2018-11-04,32,36042
2018-11-04,33,37569
2018-11-04,34,39925
2018-11-04,35,40702
2018-11-04,36,40376
2018-11-04,37,39841
2018-11-04,38,39013
2018-11-04,39,38078
2018-11-04,40,36895
2018-11-04,41,35945
2018-11-04,42,34893
2018-11-04,43,33616
2018-11-04,44,32049
2018-11-04,45,30407
2018-11-04,46,28699
2018-11-04,47,26943
2018-11-04,48,25774
2018-11-05,1,25984
2018-11-05,2,26853
2018-11-05,3,27014
2018-11-05,4,26437
2018-11-05,5,26089
2018-11-05,6,25890
2018-11-05,7,25399
2018-11-05,8,25068
2018-11-05,9,24856
2018-11-05,10,25190
2018-11-05,11,26000
2018-11-05,12,27500
2018-11-05,13,30129
2018-11-05,14,32841
2018-11-05,15,36334
2018-11-05,16,37979
2018-11-05,17,38174
2018-11-05,18,38268
2018-11-05,19,39459
2018-11-05,20,39337
2018-11-05,21,39075
2018-11-05,22,39042
2018-11-05,23,38762
2018-11-05,24,38712
2018-11-05,25,38804
2018-11-05,26,38440
2018-11-05,27,38166
2018-11-05,28,38000
2018-11-05,29,38248
2018-11-05,30,38408
2018-11-05,31,38796
2018-11-05,32,39790
2018-11-05,33,41205
2018-11-05,34,43442
2018-11-05,35,44107
2018-11-05,36,43986
2018-11-05,37,43458
2018-11-05,38,42630
2018-11-05,39,41748
2018-11-05,40,40544
2018-11-05,41,39248
2018-11-05,42,37951
2018-11-05,43,35983
2018-11-05,44,33800
2018-11-05,45,32006
2018-11-05,46,30075
2018-11-05,47,27983
2018-11-05,48,26522
2018-11-06,1,26089
2018-11-06,2,26327
2018-11-06,3,25845
2018-11-06,4,25656
2018-11-06,5,25870
2018-11-06,6,25618
2018-11-06,7,25293
2018-11-06,8,24948
2018-11-06,9,24742
2018-11-06,10,24842
2018-11-06,11,25691
2018-11-06,12,27026
2018-11-06,13,29282
2018-11-06,14,31879
2018-11-06,15,34832
2018-11-06,16,35872
2018-11-06,17,36367
2018-11-06,18,36510
2018-11-06,19,37036
2018-11-06,20,36969
2018-11-06,21,36715
2018-11-06,22,36698
2018-11-06,23,36813
2018-11-06,24,36372
2018-11-06,25,36246
2018-11-06,26,36232
2018-11-06,27,36028
2018-11-06,28,35888
2018-11-06,29,36141
2018-11-06,30,36181
2018-11-06,31,36457
2018-11-06,32,37630
2018-11-06,33,38687
2018-11-06,34,40778
2018-11-06,35,42172
2018-11-06,36,42174
2018-11-06,37,41579
2018-11-06,38,40882
2018-11-06,39,39953
2018-11-06,40,38769
2018-11-06,41,37393
2018-11-06,42,35791
2018-11-06,43,34027
2018-11-06,44,31925
2018-11-06,45,29675
2018-11-06,46,27588
2018-11-06,47,25936
2018-11-06,48,25510
2018-11-07,1,25633
2018-11-07,2,26299
2018-11-07,3,26122
2018-11-07,4,25634
2018-11-07,5,25394
2018-11-07,6,25180
2018-11-07,7,24706
2018-11-07,8,24109
2018-11-07,9,23929
2018-11-07,10,23943
2018-11-07,11,24408
2018-11-07,12,25584
2018-11-07,13,27798
2018-11-07,14,30612
2018-11-07,15,33917
2018-11-07,16,35612
2018-11-07,17,36286
2018-11-07,18,36323
2018-11-07,19,36706
2018-11-07,20,36775
2018-11-07,21,36089
2018-11-07,22,36593
2018-11-07,23,36436
2018-11-07,24,36414
2018-11-07,25,36160
2018-11-07,26,35836
2018-11-07,27,35679
2018-11-07,28,35814
2018-11-07,29,35901
2018-11-07,30,36157
2018-11-07,31,36780
2018-11-07,32,38218
2018-11-07,33,39998
2018-11-07,34,42200
2018-11-07,35,43294
2018-11-07,36,43361
2018-11-07,37,43090
2018-11-07,38,42309
2018-11-07,39,41686
2018-11-07,40,40966
2018-11-07,41,39518
2018-11-07,42,37806
2018-11-07,43,35941
2018-11-07,44,33775
2018-11-07,45,32211
2018-11-07,46,30311
2018-11-07,47,28265
2018-11-07,48,27169
2018-11-08,1,26711
2018-11-08,2,27632
2018-11-08,3,27238
2018-11-08,4,26472
2018-11-08,5,26272
2018-11-08,6,25778
2018-11-08,7,25510
2018-11-08,8,25375
2018-11-08,9,25463
2018-11-08,10,25535
2018-11-08,11,26235
2018-11-08,12,27442
2018-11-08,13,29394
2018-11-08,14,32412
2018-11-08,15,35668
2018-11-08,16,36941
2018-11-08,17,37404
2018-11-08,18,36884
2018-11-08,19,36563
2018-11-08,20,35498
2018-11-08,21,35664
2018-11-08,22,35288
2018-11-08,23,35631
2018-11-08,24,35602
2018-11-08,25,35932
2018-11-08,26,36010
2018-11-08,27,35770
2018-11-08,28,36126
2018-11-08,29,36045
2018-11-08,30,36168
2018-11-08,31,37192
2018-11-08,32,38432
2018-11-08,33,40452
2018-11-08,34,42614
2018-11-08,35,43273
2018-11-08,36,43356
2018-11-08,37,43038
2018-11-08,38,42521
2018-11-08,39,41464
2018-11-08,40,40172
2018-11-08,41,38558
2018-11-08,42,36776
2018-11-08,43,34751
2018-11-08,44,32656
2018-11-08,45,30610
2018-11-08,46,28827
2018-11-08,47,26887
2018-11-08,48,25611
2018-11-10,48,26500
2018-11-11,1,27093
2018-11-11,2,27231
2018-11-11,3,26609
2018-11-11,4,26178
2018-11-11,5,25553
2018-11-11,6,25131
2018-11-11,7,24603
2018-11-11,8,24064
2018-11-11,9,24022
2018-11-11,10,23942
2018-11-11,11,23890
2018-11-11,12,23977
2018-11-11,13,24888
2018-11-11,14,25359
2018-11-11,15,26293
2018-11-11,16,26634
2018-11-11,17,27879
2018-11-11,18,29142
2018-11-11,19,29966
2018-11-11,20,30247
2018-11-11,21,30250
2018-11-11,22,30129
2018-11-11,23,29632
2018-11-11,24,30258
2018-11-11,25,30534
2018-11-11,26,30560
2018-11-11,27,30610
2018-11-11,28,30566
2018-11-11,29,31206
2018-11-11,30,31803
2018-11-11,31,32945
2018-11-11,32,34394
2018-11-11,33,36348
2018-11-11,34,38788
2018-11-11,35,40152
2018-11-11,36,39903
2018-11-11,37,39082
2018-11-11,38,38259
2018-11-11,39,37380
2018-11-11,40,36091
2018-11-11,41,34906
2018-11-11,42,33785
2018-11-11,43,32141
2018-11-11,44,30643
2018-11-11,45,28960
2018-11-11,46,27324
2018-11-11,47,26149
2018-11-11,48,25232
2018-11-12,1,25239
2018-11-12,2,25457
2018-11-12,3,25379
2018-11-12,4,24885
2018-11-12,5,24315
2018-11-12,6,23986
2018-11-12,7,23774
2018-11-12,8,23395
2018-11-12,9,23523
2018-11-12,10,23894
2018-11-12,11,24804
2018-11-12,12,26098
2018-11-12,13,28567
2018-11-12,14,31156
2018-11-12,15,34563
2018-11-12,16,36267
2018-11-12,17,37291
2018-11-12,18,37102
2018-11-12,19,37134
2018-11-12,20,36695
2018-11-12,21,36422
2018-11-12,22,35803
2018-11-12,23,35530
2018-11-12,24,35282
2018-11-12,25,35250
2018-11-12,26,35390
2018-11-12,27,36356
2018-11-12,28,36830
2018-11-12,29,37322
2018-11-12,30,37945
2018-11-12,31,37624
2018-11-12,32,39161
2018-11-12,33,40656
2018-11-12,34,43002
2018-11-12,35,44114
2018-11-12,36,44105
2018-11-12,37,43437
2018-11-12,38,42660
2018-11-12,39,41582
2018-11-12,40,40182
2018-11-12,41,38444
2018-11-12,42,36482
2018-11-12,43,34700
2018-11-12,44,32756
2018-11-12,45,30276
2018-11-12,46,28430
2018-11-12,47,26863
2018-11-12,48,25607
2018-11-13,1,24878
2018-11-13,2,25115
2018-11-13,3,25558
2018-11-13,4,25245
2018-11-13,5,24971
2018-11-13,6,24509
2018-11-13,7,24296
2018-11-13,8,24124
2018-11-13,9,24132
2018-11-13,10,24474
2018-11-13,11,25078
2018-11-13,12,26294
2018-11-13,13,28652
2018-11-13,14,31723
2018-11-13,15,35070
2018-11-13,16,36511
2018-11-13,17,36988
2018-11-13,18,36440
2018-11-13,19,35890
2018-11-13,20,35178
2018-11-13,21,34660
2018-11-13,22,34038
2018-11-13,23,33757
2018-11-13,24,33619
2018-11-13,25,33612
2018-11-13,26,33590
2018-11-13,27,33860
2018-11-13,28,34273
2018-11-13,29,34802
2018-11-13,30,35528
2018-11-13,31,36306
2018-11-13,32,38135
2018-11-13,33,40094
2018-11-13,34,42668
2018-11-13,35,43199
2018-11-13,36,43252
2018-11-13,37,43006
2018-11-13,38,42432
2018-11-13,39,41480
2018-11-13,40,40149
2018-11-13,41,38399
2018-11-13,42,36557
2018-11-13,43,34748
2018-11-13,44,32566
2018-11-13,45,30204
2018-11-13,46,28153
2018-11-13,47,26465
2018-11-13,48,25089
2018-11-14,1,24705
2018-11-14,2,24794
2018-11-14,3,24704
2018-11-14,4,24931
2018-11-14,5,24417
2018-11-14,6,24004
2018-11-14,7,23606
2018-11-14,8,23444
2018-11-14,9,23323
2018-11-14,10,23440
2018-11-14,11,23983
2018-11-14,12,25390
2018-11-14,13,28116
2018-11-14,14,31202
2018-11-14,15,34180
2018-11-14,16,35668
2018-11-14,17,36044
2018-11-14,18,35500
2018-11-14,19,35380
2018-11-14,20,34992
2018-11-14,21,34550
2018-11-14,22,34217
2018-11-14,23,34006
2018-11-14,24,32280
2018-11-14,25,33829
2018-11-14,26,33616
2018-11-14,27,33720
2018-11-14,28,33850
2018-11-14,29,34352
2018-11-14,30,34946
2018-11-14,31,36135
2018-11-14,32,37718
2018-11-14,33,39453
2018-11-14,34,42078
2018-11-14,35,43162
2018-11-14,36,42878
2018-11-14,37,42223
2018-11-14,38,41805
2018-11-14,39,41061
2018-11-14,40,39902
2018-11-14,41,38496
2018-11-14,42,36765
2018-11-14,43,34941
2018-11-14,44,32844
2018-11-14,45,30876
2018-11-14,46,28966
2018-11-14,47,27009
2018-11-14,48,25995
2018-11-15,1,25618
2018-11-15,2,25833
2018-11-15,3,25660
2018-11-15,4,25422
2018-11-15,5,25268
2018-11-15,6,24830
2018-11-15,7,24606
2018-11-15,8,24240
2018-11-15,9,24237
2018-11-15,10,24393
2018-11-15,11,24985
2018-11-15,12,26650
2018-11-15,13,28678
2018-11-15,14,31747
2018-11-15,15,34733
2018-11-15,16,35926
2018-11-15,17,36449
2018-11-15,18,36436
2018-11-15,19,37200
2018-11-15,20,37051
2018-11-15,21,36586
2018-11-15,22,36456
2018-11-15,23,36308
2018-11-15,24,36045
2018-11-15,25,36373
2018-11-15,26,36314
2018-11-15,27,36442
2018-11-15,28,36498
2018-11-15,29,36607
2018-11-15,30,37278
2018-11-15,31,37594
2018-11-15,32,38892
2018-11-15,33,40680
2018-11-15,34,43039
2018-11-15,35,43922
2018-11-15,36,43931
2018-11-15,37,43676
2018-11-15,38,43150
2018-11-15,39,41991
2018-11-15,40,40782
2018-11-15,41,39537
2018-11-15,42,38506
2018-11-15,43,36780
2018-11-15,44,34774
2018-11-15,45,32518
2018-11-15,46,30524
2018-11-15,47,28690
2018-11-15,48,27570
2018-11-16,1,27661
2018-11-16,2,27730
2018-11-16,3,27501
2018-11-16,4,26775
2018-11-16,5,26356
2018-11-16,6,26043
2018-11-16,7,25648
2018-11-16,8,25454
2018-11-16,9,25328
2018-11-16,10,25596
2018-11-16,11,26298
2018-11-16,12,27434
2018-11-16,13,30068
2018-11-16,14,32895
2018-11-16,15,35865
2018-11-16,16,37350
2018-11-16,17,38229
2018-11-16,18,38341
2018-11-16,19,38715
2018-11-16,20,38632
2018-11-16,21,38511
2018-11-16,22,38588
2018-11-16,23,38630
2018-11-16,24,38628
2018-11-16,25,38468
2018-11-16,26,38506
2018-11-16,27,38425
2018-11-16,28,38511
2018-11-16,29,38890
2018-11-16,30,38622
2018-11-16,31,38806
2018-11-16,32,39458
2018-11-16,33,40396
2018-11-16,34,41847
2018-11-16,35,42595
2018-11-16,36,42279
2018-11-16,37,41795
2018-11-16,38,41188
2018-11-16,39,40228
2018-11-16,40,38924
2018-11-16,41,37606
2018-11-16,42,35992
2018-11-16,43,34444
2018-11-16,44,32690
2018-11-16,45,31070
2018-11-16,46,29599
2018-11-16,47,27984
2018-11-16,48,27175
2018-11-17,1,27351
2018-11-17,2,27794
2018-11-17,3,27360
2018-11-17,4,26400
2018-11-17,5,25804
2018-11-17,6,25336
2018-11-17,7,24939
2018-11-17,8,24400
2018-11-17,9,24039
2018-11-17,10,24136
2018-11-17,11,24346
2018-11-17,12,24867
2018-11-17,13,25716
2018-11-17,14,26420
2018-11-17,15,28096
2018-11-17,16,29218
2018-11-17,17,30870
2018-11-17,18,31820
2018-11-17,19,32479
2018-11-17,20,32558
2018-11-17,21,32442
2018-11-17,22,31958
2018-11-17,23,31507
2018-11-17,24,30964
2018-11-17,25,30399
2018-11-17,26,30064
2018-11-17,27,30040
2018-11-17,28,29938
2018-11-17,29,30238
2018-11-17,30,30745
2018-11-17,31,31690
2018-11-17,32,32718
2018-11-17,33,34661
2018-11-17,34,37548
2018-11-17,35,38572
2018-11-17,36,38702
2018-11-17,37,38421
2018-11-17,38,37382
2018-11-17,39,36263
2018-11-17,40,34936
2018-11-17,41,34075
2018-11-17,42,32804
2018-11-17,43,31539
2018-11-17,44,30459
2018-11-17,45,29100
2018-11-17,46,27790
2018-11-17,47,26428
2018-11-17,48,25511
2018-11-18,1,25478
2018-11-18,2,25844
2018-11-18,3,26135
2018-11-18,4,25698
2018-11-18,5,25120
2018-11-18,6,24649
2018-11-18,7,24101
2018-11-18,8,23632
2018-11-18,9,23418
2018-11-18,10,23402
2018-11-18,11,23599
2018-11-18,12,23808
2018-11-18,13,24761
2018-11-18,14,25805
2018-11-18,15,26092
2018-11-18,16,26675
2018-11-18,17,27817
2018-11-18,18,28787
2018-11-18,19,29470
2018-11-18,20,29963
2018-11-18,21,30127
2018-11-18,22,29894
2018-11-18,23,29840
2018-11-18,24,29803
2018-11-18,25,30046
2018-11-18,26,29950
2018-11-18,27,30189
2018-11-18,28,30502
2018-11-18,29,31134
2018-11-18,30,32083
2018-11-18,31,33356
2018-11-18,32,34921
2018-11-18,33,37297
2018-11-18,34,39997
2018-11-18,35,40675
2018-11-18,36,40380
2018-11-18,37,39708
2018-11-18,38,38992
2018-11-18,39,37941
2018-11-18,40,36560
2018-11-18,41,35961
2018-11-18,42,34732
2018-11-18,43,33256
2018-11-18,44,31582
2018-11-18,45,29745
2018-11-18,46,28228
2018-11-18,47,26480
2018-11-18,48,26076
2018-11-19,1,26285
2018-11-19,2,26553
2018-11-19,3,26262
2018-11-19,4,25827
2018-11-19,5,25402
2018-11-19,6,25000
2018-11-19,7,24854
2018-11-19,8,24512
2018-11-19,9,24787
2018-11-19,10,24964
2018-11-19,11,25851
2018-11-19,12,27258
2018-11-19,13,30028
2018-11-19,14,33088
2018-11-19,15,36922
2018-11-19,16,38620
2018-11-19,17,39939
2018-11-19,18,39960
2018-11-19,19,40951
2018-11-19,20,40951
2018-11-19,21,41241
2018-11-19,22,41035
2018-11-19,23,40861
2018-11-19,24,40925
2018-11-19,25,41121
2018-11-19,26,41026
2018-11-19,27,40836
2018-11-19,28,40811
2018-11-19,29,41196
2018-11-19,30,41430
2018-11-19,31,41040
2018-11-19,32,42344
2018-11-19,33,43598
2018-11-19,34,45251
2018-11-19,35,45851
2018-11-19,36,45687
2018-11-19,37,45782
2018-11-19,38,45165
2018-11-19,39,44392
2018-11-19,40,43025
2018-11-19,41,42316
2018-11-19,42,40910
2018-11-19,43,39247
2018-11-19,44,37245
2018-11-19,45,35014
2018-11-19,46,33010
2018-11-19,47,29975
2018-11-19,48,28637
2018-11-20,1,27406
2018-11-20,2,27957
2018-11-20,3,27840
2018-11-20,4,27292
2018-11-20,5,26705
2018-11-20,6,26407
2018-11-20,7,26214
2018-11-20,8,25921
2018-11-20,9,26572
2018-11-20,10,26705
2018-11-20,11,26767
2018-11-20,12,28050
2018-11-20,13,30802
2018-11-20,14,33749
2018-11-20,15,37416
2018-11-20,16,39135
2018-11-20,17,40942
2018-11-20,18,41093
2018-11-20,19,42070
2018-11-20,20,42126
2018-11-20,21,42384
2018-11-20,22,42642
2018-11-20,23,42716
2018-11-20,24,42034
2018-11-20,25,43133
2018-11-20,26,43149
2018-11-20,27,42405
2018-11-20,28,42393
2018-11-20,29,42714
2018-11-20,30,42731
2018-11-20,31,43076
2018-11-20,32,44398
2018-11-20,33,45688
2018-11-20,34,46518
2018-11-20,35,46868
2018-11-20,36,47042
2018-11-20,37,47211
2018-11-20,38,46742
2018-11-20,39,45723
2018-11-20,40,44854
2018-11-20,41,43620
2018-11-20,42,41995
2018-11-20,43,40261
2018-11-20,44,38173
2018-11-20,45,35713
2018-11-20,46,33675
2018-11-20,47,31692
2018-11-20,48,30504
2018-11-21,1,30418
2018-11-21,2,31167
2018-11-21,3,30314
2018-11-21,4,29618
2018-11-21,5,28773
2018-11-21,6,28726
2018-11-21,7,29103
2018-11-21,8,28785
2018-11-21,9,29402
2018-11-21,10,29584
2018-11-21,11,30415
2018-11-21,12,32142
2018-11-21,13,34182
2018-11-21,14,37065
2018-11-21,15,40914
2018-11-21,16,42424
2018-11-21,17,43539
2018-11-21,18,43528
2018-11-21,19,43978
2018-11-21,20,43742
2018-11-21,21,43426
2018-11-21,22,44044
2018-11-21,23,43764
2018-11-21,24,43711
2018-11-21,25,43834
2018-11-21,26,43572
2018-11-21,27,43536
2018-11-21,28,43638
2018-11-21,29,43869
2018-11-21,30,43939
2018-11-21,31,44139
2018-11-21,32,45510
2018-11-21,33,45534
2018-11-21,34,45961
2018-11-21,35,46014
2018-11-21,36,46046
2018-11-21,37,47790
2018-11-21,38,47646
2018-11-21,39,47162
2018-11-21,40,46257
2018-11-21,41,45560
2018-11-21,42,43935
2018-11-21,43,42003
2018-11-21,44,39690
2018-11-21,45,37780
2018-11-21,46,35672
2018-11-21,47,33987
2018-11-21,48,33531
2018-11-22,1,33092
2018-11-22,2,33513
2018-11-22,3,32281
2018-11-22,4,31532
2018-11-22,5,30605
2018-11-22,6,30437
2018-11-22,7,30162
2018-11-22,8,29846
2018-11-22,9,31339
2018-11-22,10,31729
2018-11-22,11,32416
2018-11-22,12,33808
2018-11-22,13,36016
2018-11-22,14,39291
2018-11-22,15,42950
2018-11-22,16,44328
2018-11-22,17,45073
2018-11-22,18,45149
2018-11-22,19,45194
2018-11-22,20,44869
2018-11-22,21,44329
2018-11-22,22,44132
2018-11-22,23,44083
2018-11-22,24,44063
2018-11-22,25,44170
2018-11-22,26,44263
2018-11-22,27,44239
2018-11-22,28,44264
2018-11-22,29,44425
2018-11-22,30,44416
2018-11-22,31,44054
2018-11-22,32,44956
2018-11-22,33,46270
2018-11-22,34,46748
2018-11-22,35,46348
2018-11-22,36,46026
2018-11-22,37,45826
2018-11-22,38,45525
2018-11-22,39,45881
2018-11-22,40,45633
2018-11-22,41,44116
2018-11-22,42,42367
2018-11-22,43,40631
2018-11-22,44,38503
2018-11-22,45,36668
2018-11-22,46,34743
2018-11-22,47,34208
2018-11-22,48,33371
2018-11-23,1,32057
2018-11-23,2,32145
2018-11-23,3,31870
2018-11-23,4,31190
2018-11-23,5,30105
2018-11-23,6,29819
2018-11-23,7,30068
2018-11-23,8,29714
2018-11-23,9,30687
2018-11-23,10,30895
2018-11-23,11,32211
2018-11-23,12,33490
2018-11-23,13,35489
2018-11-23,14,38089
2018-11-23,15,41194
2018-11-23,16,42708
2018-11-23,17,43634
2018-11-23,18,43669
2018-11-23,19,44108
2018-11-23,20,44250
2018-11-23,21,43868
2018-11-23,22,43683
2018-11-23,23,43330
2018-11-23,24,43292
2018-11-23,25,43283
2018-11-23,26,42948
2018-11-23,27,42943
2018-11-23,28,42845
2018-11-23,29,43071
2018-11-23,30,43037
2018-11-23,31,43298
2018-11-23,32,44200
2018-11-23,33,44634
2018-11-23,34,45438
2018-11-23,35,45940
2018-11-23,36,45788
2018-11-23,37,45762
2018-11-23,38,45340
2018-11-23,39,44275
2018-11-23,40,42730
2018-11-23,41,41270
2018-11-23,42,39619
2018-11-23,43,37798
2018-11-23,44,36020
2018-11-23,45,33927
2018-11-23,46,32443
2018-11-23,47,30516
2018-11-23,48,29368
2018-11-24,1,29107
2018-11-24,2,29382
2018-11-24,3,29096
2018-11-24,4,28653
2018-11-24,5,28545
2018-11-24,6,28272
2018-11-24,7,27836
2018-11-24,8,27306
2018-11-24,9,26952
2018-11-24,10,26734
2018-11-24,11,26855
2018-11-24,12,27095
2018-11-24,13,28350
2018-11-24,14,29308
2018-11-24,15,30498
2018-11-24,16,31795
2018-11-24,17,33825
2018-11-24,18,35484
2018-11-24,19,36805
2018-11-24,20,37236
2018-11-24,21,37349
2018-11-24,22,37414
2018-11-24,23,37081
2018-11-24,24,37146
2018-11-24,25,37254
2018-11-24,26,37191
2018-11-24,27,37610
2018-11-24,28,37405
2018-11-24,29,37467
2018-11-24,30,37566
2018-11-24,31,37729
2018-11-24,32,38442
2018-11-24,33,39844
2018-11-24,34,41277
2018-11-24,35,42351
2018-11-24,36,42275
2018-11-24,37,41782
2018-11-24,38,40953
2018-11-24,39,39654
2018-11-24,40,38276
2018-11-24,41,37285
2018-11-24,42,36036
2018-11-24,43,34747
2018-11-24,44,33383
2018-11-24,45,31833
2018-11-24,46,30509
2018-11-24,47,29002
2018-11-24,48,28132
2018-11-25,1,28106
2018-11-25,2,28048
2018-11-25,3,27706
2018-11-25,4,27398
2018-11-25,5,27012
2018-11-25,6,26851
2018-11-25,7,26395
2018-11-25,8,26262
2018-11-25,9,26100
2018-11-25,10,25966
2018-11-25,11,25879
2018-11-25,12,26166
2018-11-25,13,27079
2018-11-25,14,27867
2018-11-25,15,28345
2018-11-25,16,28641
2018-11-25,17,29694
2018-11-25,18,31201
2018-11-25,19,32739
2018-11-25,20,33884
2018-11-25,21,34694
2018-11-25,22,34964
2018-11-25,23,35312
2018-11-25,24,35650
2018-11-25,25,36014
2018-11-25,26,36537
2018-11-25,27,36588
2018-11-25,28,36584
2018-11-25,29,36886
2018-11-25,30,37228
2018-11-25,31,38057
2018-11-25,32,39291
2018-11-25,33,41244
2018-11-25,34,42769
2018-11-25,35,43404
2018-11-25,36,43311
2018-11-25,37,42872
2018-11-25,38,41988
2018-11-25,39,40639
2018-11-25,40,39132
2018-11-25,41,38219
2018-11-25,42,36870
2018-11-25,43,35534
2018-11-25,44,33689
2018-11-25,45,32157
2018-11-25,46,30687
2018-11-25,47,28956
2018-11-25,48,27770
2018-11-26,1,28282
2018-11-26,2,28905
2018-11-26,3,29262
2018-11-26,4,28864
2018-11-26,5,28328
2018-11-26,6,28204
2018-11-26,7,27944
2018-11-26,8,27586
2018-11-26,9,27651
2018-11-26,10,27712
2018-11-26,11,28290
2018-11-26,12,29262
2018-11-26,13,32851
2018-11-26,14,36193
2018-11-26,15,40827
2018-11-26,16,42696
2018-11-26,17,43933
2018-11-26,18,43846
2018-11-26,19,43987
2018-11-26,20,43766
2018-11-26,21,43058
2018-11-26,22,43319
2018-11-26,23,42798
2018-11-26,24,42764
2018-11-26,25,42686
2018-11-26,26,42634
2018-11-26,27,42695
2018-11-26,28,42721
2018-11-26,29,42988
2018-11-26,30,43294
2018-11-26,31,43342
2018-11-26,32,44286
2018-11-26,33,45385
2018-11-26,34,45795
2018-11-26,35,46149
2018-11-26,36,46050
2018-11-26,37,45736
2018-11-26,38,45607
2018-11-26,39,45238
2018-11-26,40,44512
2018-11-26,41,43658
2018-11-26,42,42149
2018-11-26,43,40956
2018-11-26,44,38561
2018-11-26,45,36613
2018-11-26,46,34227
2018-11-26,47,31518
2018-11-26,48,30494
2018-11-27,1,30537
2018-11-27,2,30446
2018-11-27,3,30376
2018-11-27,4,30040
2018-11-27,5,29609
2018-11-27,6,29425
2018-11-27,7,29000
2018-11-27,8,28763
2018-11-27,9,28294
2018-11-27,10,28325
2018-11-27,11,29729
2018-11-27,12,30857
2018-11-27,13,33571
2018-11-27,14,36716
2018-11-27,15,39981
2018-11-27,16,41338
2018-11-27,17,42082
2018-11-27,18,42179
2018-11-27,19,42680
2018-11-27,20,42808
2018-11-27,21,42696
2018-11-27,22,42652
2018-11-27,23,42764
2018-11-27,24,42111
2018-11-27,25,42749
2018-11-27,26,42757
2018-11-27,27,43140
2018-11-27,28,43542
2018-11-27,29,44125
2018-11-27,30,44380
2018-11-27,31,44264
2018-11-27,32,45862
2018-11-27,33,46647
2018-11-27,34,46730
2018-11-27,35,46407
2018-11-27,36,46288
2018-11-27,37,46337
2018-11-27,38,46104
2018-11-27,39,44526
2018-11-27,40,43239
2018-11-27,41,41649
2018-11-27,42,39972
2018-11-27,43,38069
2018-11-27,44,35762
2018-11-27,45,33658
2018-11-27,46,31704
2018-11-27,47,29533
2018-11-27,48,28413
2018-11-28,1,27940
2018-11-28,2,28232
2018-11-28,3,28021
2018-11-28,4,27659
2018-11-28,5,27629
2018-11-28,6,27502
2018-11-28,7,27431
2018-11-28,8,27324
2018-11-28,9,27036
2018-11-28,10,26808
2018-11-28,11,27282
2018-11-28,12,28196
2018-11-28,13,30406
2018-11-28,14,32895
2018-11-28,15,36129
2018-11-28,16,37770
2018-11-28,17,38515
2018-11-28,18,38470
2018-11-28,19,39056
2018-11-28,20,39333
2018-11-28,21,39006
2018-11-28,22,39015
2018-11-28,23,39311
2018-11-28,24,39107
2018-11-28,25,39269
2018-11-28,26,39229
2018-11-28,27,39164
2018-11-28,28,38876
2018-11-28,29,39048
2018-11-28,30,38934
2018-11-28,31,39050
2018-11-28,32,40500
2018-11-28,33,41527
2018-11-28,34,42888
2018-11-28,35,43216
2018-11-28,36,43130
2018-11-28,37,42648
2018-11-28,38,42003
2018-11-28,39,40927
2018-11-28,40,39596
2018-11-28,41,38405
2018-11-28,42,36739
2018-11-28,43,34851
2018-11-28,44,32717
2018-11-28,45,30756
2018-11-28,46,28750
2018-11-28,47,26992
2018-11-28,48,26094
2018-11-29,1,26193
2018-11-29,2,26778
2018-11-29,3,26833
2018-11-29,4,26355
2018-11-29,5,26153
2018-11-29,6,25954
2018-11-29,7,25664
2018-11-29,8,25469
2018-11-29,9,25268
2018-11-29,10,25324
2018-11-29,11,25422
2018-11-29,12,25828
2018-11-29,13,28737
2018-11-29,14,31913
2018-11-29,15,35652
2018-11-29,16,37433
2018-11-29,17,37991
2018-11-29,18,37812
2018-11-29,19,38267
2018-11-29,20,38434
2018-11-29,21,38134
2018-11-29,22,37538
2018-11-29,23,37778
2018-11-29,24,37739
2018-11-29,25,37549
2018-11-29,26,37264
2018-11-29,27,36970
2018-11-29,28,36204
2018-11-29,29,36729
2018-11-29,30,37041
2018-11-29,31,37801
2018-11-29,32,39244
2018-11-29,33,40793
2018-11-29,34,42321
2018-11-29,35,42859
2018-11-29,36,42631
2018-11-29,37,41904
2018-11-29,38,41354
2018-11-29,39,40421
2018-11-29,40,39430
2018-11-29,41,38191
2018-11-29,42,36771
2018-11-29,43,34899
2018-11-29,44,32804
2018-11-29,45,30772
2018-11-29,46,29064
2018-11-29,47,26980
2018-11-29,48,25964
2018-11-30,1,26194
2018-11-30,2,26567
2018-11-30,3,26770
2018-11-30,4,26092
2018-11-30,5,25203
2018-11-30,6,25212
2018-11-30,7,24822
2018-11-30,8,24475
2018-11-30,9,24859
2018-11-30,10,24852
2018-11-30,11,25536
2018-11-30,12,26560
2018-11-30,13,28514
2018-11-30,14,31537
2018-11-30,15,35270
2018-11-30,16,36841
2018-11-30,17,37725
2018-11-30,18,37320
2018-11-30,19,37410
2018-11-30,20,36894
2018-11-30,21,36184
2018-11-30,22,35479
2018-11-30,23,35290
2018-11-30,24,35035
2018-11-30,25,35100
2018-11-30,26,35093
2018-11-30,27,35152
2018-11-30,28,35542
2018-11-30,29,36049
2018-11-30,30,36443
2018-11-30,31,37098
2018-11-30,32,38542
2018-11-30,33,40704
2018-11-30,34,42160
2018-11-30,35,42906
2018-11-30,36,42716
2018-11-30,37,42172
2018-11-30,38,41738
2018-11-30,39,41214
2018-11-30,40,40069
2018-11-30,41,38766
2018-11-30,42,37570
2018-11-30,43,35930
2018-11-30,44,34176
2018-11-30,45,32727
2018-11-30,46,31319
2018-11-30,47,29579
2018-11-30,48,28205
2018-12-01,1,27585
2018-12-01,2,27608
2018-12-01,3,27000
2018-12-01,4,26320
2018-12-01,5,25742
2018-12-01,6,25379
2018-12-01,7,25343
2018-12-01,8,25112
2018-12-01,9,25073
2018-12-01,10,24906
2018-12-01,11,25005
2018-12-01,12,25525
2018-12-01,13,26386
2018-12-01,14,27825
2018-12-01,15,30098
2018-12-01,16,31633
2018-12-01,17,33443
2018-12-01,18,34977
2018-12-01,19,36526
2018-12-01,20,37031
2018-12-01,21,37622
2018-12-01,22,37584
2018-12-01,23,37362
2018-12-01,24,37200
2018-12-01,25,37067
2018-12-01,26,36862
2018-12-01,27,36743
2018-12-01,28,36194
2018-12-01,29,36246
2018-12-01,30,36309
2018-12-01,31,36740
2018-12-01,32,37492
2018-12-01,33,39002
2018-12-01,34,40248
2018-12-01,35,40863
2018-12-01,36,40841
2018-12-01,37,40575
2018-12-01,38,39814
2018-12-01,39,38900
2018-12-01,40,37722
2018-12-01,41,36546
2018-12-01,42,35115
2018-12-01,43,33534
2018-12-01,44,32216
2018-12-01,45,30983
2018-12-01,46,29948
2018-12-01,47,28396
2018-12-01,48,27255
2018-12-02,1,26668
2018-12-02,2,26855
2018-12-02,3,26484
2018-12-02,4,25482
2018-12-02,5,25188
2018-12-02,6,24676
2018-12-02,7,24548
2018-12-02,8,24259
2018-12-02,9,24029
2018-12-02,10,23857
2018-12-02,11,24108
2018-12-02,12,24380
2018-12-02,13,25260
2018-12-02,14,25848
2018-12-02,15,26502
2018-12-02,16,26889
2018-12-02,17,28100
2018-12-02,18,29669
2018-12-02,19,31039
2018-12-02,20,31782
2018-12-02,21,32450
2018-12-02,22,32746
2018-12-02,23,33113
2018-12-02,24,33556
2018-12-02,25,34186
2018-12-02,26,34391
2018-12-02,27,34242
2018-12-02,28,34030
2018-12-02,29,34224
2018-12-02,30,34458
2018-12-02,31,35091
2018-12-02,32,36143
2018-12-02,33,38039
2018-12-02,34,39135
2018-12-02,35,39893
2018-12-02,36,40080
2018-12-02,37,39565
2018-12-02,38,38781
2018-12-02,39,37569
2018-12-02,40,36098
2018-12-02,41,34924
2018-12-02,42,33539
2018-12-02,43,32158
2018-12-02,44,30560
2018-12-02,45,28784
2018-12-02,46,27286
2018-12-02,47,25728
2018-12-02,48,25170
2018-12-03,1,24636
2018-12-03,2,24914
2018-12-03,3,25403
2018-12-03,4,25262
2018-12-03,5,24897
2018-12-03,6,24953
2018-12-03,7,24642
2018-12-03,8,24190
2018-12-03,9,23805
2018-12-03,10,24048
2018-12-03,11,24772
2018-12-03,12,25578
2018-12-03,13,28130
2018-12-03,14,31664
2018-12-03,15,36135
2018-12-03,16,38514
2018-12-03,17,39666
2018-12-03,18,39805
2018-12-03,19,40385
2018-12-03,20,40285
2018-12-03,21,40142
2018-12-03,22,40048
2018-12-03,23,39886
2018-12-03,24,39909
2018-12-03,25,39989
2018-12-03,26,39728
2018-12-03,27,39608
2018-12-03,28,39482
2018-12-03,29,39859
2018-12-03,30,40275
2018-12-03,31,40909
2018-12-03,32,42361
2018-12-03,33,44275
2018-12-03,34,45920
2018-12-03,35,46336
2018-12-03,36,46177
2018-12-03,37,45954
2018-12-03,38,45241
2018-12-03,39,44138
2018-12-03,40,42861
2018-12-03,41,41970
2018-12-03,42,41011
2018-12-03,43,39272
2018-12-03,44,37119
2018-12-03,45,35121
2018-12-03,46,33216
2018-12-03,47,31320
2018-12-03,48,30330
2018-12-04,1,29725
2018-12-04,2,29908
2018-12-04,3,29719
2018-12-04,4,29775
2018-12-04,5,29690
2018-12-04,6,29610
2018-12-04,7,29218
2018-12-04,8,28942
2018-12-04,9,28856
2018-12-04,10,29178
2018-12-04,11,29712
2018-12-04,12,30808
2018-12-04,13,32880
2018-12-04,14,36056
2018-12-04,15,40837
2018-12-04,16,42672
2018-12-04,17,43322
2018-12-04,18,43123
2018-12-04,19,43312
2018-12-04,20,43024
2018-12-04,21,42365
2018-12-04,22,42020
2018-12-04,23,41964
2018-12-04,24,42028
2018-12-04,25,42756
2018-12-04,26,42876
2018-12-04,27,42973
2018-12-04,28,43027
2018-12-04,29,43378
2018-12-04,30,43547
2018-12-04,31,44027
2018-12-04,32,45583
2018-12-04,33,46456
2018-12-04,34,46281
2018-12-04,35,46769
2018-12-04,36,46546
2018-12-04,37,46314
2018-12-04,38,46072
2018-12-04,39,45352
2018-12-04,40,44610
2018-12-04,41,43538
2018-12-04,42,41772
2018-12-04,43,39821
2018-12-04,44,37413
2018-12-04,45,35242
2018-12-04,46,33394
2018-12-04,47,31277
2018-12-04,48,29872
2018-12-05,1,29689
2018-12-05,2,29905
2018-12-05,3,29746
2018-12-05,4,29521
2018-12-05,5,30115
2018-12-05,6,30107
2018-12-05,7,29692
2018-12-05,8,29160
2018-12-05,9,29062
2018-12-05,10,29056
2018-12-05,11,29336
2018-12-05,12,30006
2018-12-05,13,32340
2018-12-05,14,35423
2018-12-05,15,39087
2018-12-05,16,40932
2018-12-05,17,41845
2018-12-05,18,42135
2018-12-05,19,43010
2018-12-05,20,42992
2018-12-05,21,42459
2018-12-05,22,43080
2018-12-05,23,43622
2018-12-05,24,43757
2018-12-05,25,44097
2018-12-05,26,44092
2018-12-05,27,43998
2018-12-05,28,43751
2018-12-05,29,43652
2018-12-05,30,43422
2018-12-05,31,43926
2018-12-05,32,45324
2018-12-05,33,46333
2018-12-05,34,46764
2018-12-05,35,46870
2018-12-05,36,46551
2018-12-05,37,46187
2018-12-05,38,45862
2018-12-05,39,45452
2018-12-05,40,44495
2018-12-05,41,42930
2018-12-05,42,40970
2018-12-05,43,38784
2018-12-05,44,36625
2018-12-05,45,34680
2018-12-05,46,32846
2018-12-05,47,30422
2018-12-05,48,28905
2018-12-06,1,28290
2018-12-06,2,28265
2018-12-06,3,28514
2018-12-06,4,28114
2018-12-06,5,27764
2018-12-06,6,27908
2018-12-06,7,27812
2018-12-06,8,27440
2018-12-06,9,27177
2018-12-06,10,27384
2018-12-06,11,27752
2018-12-06,12,28363
2018-12-06,13,30406
2018-12-06,14,33291
2018-12-06,15,36812
2018-12-06,16,38276
2018-12-06,17,39067
2018-12-06,18,38881
2018-12-06,19,39147
2018-12-06,20,39112
2018-12-06,21,38931
2018-12-06,22,38732
2018-12-06,23,38622
2018-12-06,24,38684
2018-12-06,25,38752
2018-12-06,26,38447
2018-12-06,27,38666
2018-12-06,28,38685
2018-12-06,29,38920
2018-12-06,30,39152
2018-12-06,31,39630
2018-12-06,32,41290
2018-12-06,33,43396
2018-12-06,34,44241
2018-12-06,35,44803
2018-12-06,36,44456
2018-12-06,37,43845
2018-12-06,38,43355
2018-12-06,39,42674
2018-12-06,40,41467
2018-12-06,41,39916
2018-12-06,42,38523
2018-12-06,43,36626
2018-12-06,44,34636
2018-12-06,45,32546
2018-12-06,46,30549
2018-12-06,47,28447
2018-12-06,48,26850
2018-12-07,1,26142
2018-12-07,2,26116
2018-12-07,3,26281
2018-12-07,4,26418
2018-12-07,5,25724
2018-12-07,6,25245
2018-12-07,7,24705
2018-12-07,8,24212
2018-12-07,9,23740
2018-12-07,10,23634
2018-12-07,11,24090
2018-12-07,12,24906
2018-12-07,13,27500
2018-12-07,14,30067
2018-12-07,15,34091
2018-12-07,16,35864
2018-12-07,17,36906
2018-12-07,18,37376
2018-12-07,19,38064
2018-12-07,20,37995
2018-12-07,21,37904
2018-12-07,22,37508
2018-12-07,23,37004
2018-12-07,24,36549
2018-12-07,25,36424
2018-12-07,26,36298
2018-12-07,27,35874
2018-12-07,28,35470
2018-12-07,29,35659
2018-12-07,30,35956
2018-12-07,31,36663
2018-12-07,32,38082
2018-12-07,33,40344
2018-12-07,34,41978
2018-12-07,35,42532
2018-12-07,36,42234
2018-12-07,37,41594
2018-12-07,38,40640
2018-12-07,39,39053
2018-12-07,40,37650
2018-12-07,41,36513
2018-12-07,42,35062
2018-12-07,43,33294
2018-12-07,44,31697
2018-12-07,45,29929
2018-12-07,46,28328
2018-12-07,47,26720
2018-12-07,48,25700
2018-12-08,1,25152
2018-12-08,2,25774
2018-12-08,3,25296
2018-12-08,4,24661
2018-12-08,5,25016
2018-12-08,6,25092
2018-12-08,7,24822
2018-12-08,8,24333
2018-12-08,9,23496
2018-12-08,10,23172
2018-12-08,11,23332
2018-12-08,12,23375
2018-12-08,13,24345
2018-12-08,14,25420
2018-12-08,15,26341
2018-12-08,16,27770
2018-12-08,17,29748
2018-12-08,18,31257
2018-12-08,19,32473
2018-12-08,20,32746
2018-12-08,21,32886
2018-12-08,22,32646
2018-12-08,23,32590
2018-12-08,24,32952
2018-12-08,25,33090
2018-12-08,26,33481
2018-12-08,27,33757
2018-12-08,28,33554
2018-12-08,29,33804
2018-12-08,30,34094
2018-12-08,31,34326
2018-12-08,32,35657
2018-12-08,33,37849
2018-12-08,34,39135
2018-12-08,35,39990
2018-12-08,36,39778
2018-12-08,37,39271
2018-12-08,38,38332
2018-12-08,39,36902
2018-12-08,40,35566
2018-12-08,41,34495
2018-12-08,42,33159
2018-12-08,43,31870
2018-12-08,44,30438
2018-12-08,45,29213
2018-12-08,46,28099
2018-12-08,47,26529
2018-12-08,48,25576
2018-12-09,1,25227
2018-12-09,2,25456
2018-12-09,3,25433
2018-12-09,4,24814
2018-12-09,5,24674
2018-12-09,6,24474
2018-12-09,7,24364
2018-12-09,8,24072
2018-12-09,9,23441
2018-12-09,10,23820
2018-12-09,11,24069
2018-12-09,12,23988
2018-12-09,13,24755
2018-12-09,14,24925
2018-12-09,15,25620
2018-12-09,16,26461
2018-12-09,17,28083
2018-12-09,18,29576
2018-12-09,19,30878
2018-12-09,20,31656
2018-12-09,21,32310
2018-12-09,22,32380
2018-12-09,23,32434
2018-12-09,24,32378
2018-12-09,25,32561
2018-12-09,26,32911
2018-12-09,27,33099
2018-12-09,28,33264
2018-12-09,29,33744
2018-12-09,30,34506
2018-12-09,31,35724
2018-12-09,32,37187
2018-12-09,33,39474
2018-12-09,34,41290
2018-12-09,35,41953
2018-12-09,36,41865
2018-12-09,37,41306
2018-12-09,38,40382
2018-12-09,39,40324
2018-12-09,40,39285
2018-12-09,41,38366
2018-12-09,42,37220
2018-12-09,43,35644
2018-12-09,44,33784
2018-12-09,45,32376
2018-12-09,46,31077
2018-12-09,47,29690
2018-12-09,48,29030
2018-12-10,1,28928
2018-12-10,2,29250
2018-12-10,3,29399
2018-12-10,4,28798
2018-12-10,5,28348
2018-12-10,6,28201
2018-12-10,7,28196
2018-12-10,8,27939
2018-12-10,9,27888
2018-12-10,10,28082
2018-12-10,11,28918
2018-12-10,12,30023
2018-12-10,13,32228
2018-12-10,14,35254
2018-12-10,15,39662
2018-12-10,16,41883
2018-12-10,17,42644
2018-12-10,18,42638
2018-12-10,19,42766
2018-12-10,20,42474
2018-12-10,21,42033
2018-12-10,22,41264
2018-12-10,23,41446
2018-12-10,24,41806
2018-12-10,25,42342
2018-12-10,26,42678
2018-12-10,27,42904
2018-12-10,28,42876
2018-12-10,29,43132
2018-12-10,30,43414
2018-12-10,31,43978
2018-12-10,32,45377
2018-12-10,33,46810
2018-12-10,34,46881
2018-12-10,35,46985
2018-12-10,36,46643
2018-12-10,37,46786
2018-12-10,38,46687
2018-12-10,39,46033
2018-12-10,40,45216
2018-12-10,41,44039
2018-12-10,42,42318
2018-12-10,43,40232
2018-12-10,44,37775
2018-12-10,45,35550
2018-12-10,46,33468
2018-12-10,47,31330
2018-12-10,48,30137
2018-12-11,1,29709
2018-12-11,2,29944
2018-12-11,3,30306
2018-12-11,4,30090
2018-12-11,5,30258
2018-12-11,6,30055
2018-12-11,7,29721
2018-12-11,8,29339
2018-12-11,9,29202
2018-12-11,10,29210
2018-12-11,11,29317
2018-12-11,12,30691
2018-12-11,13,33035
2018-12-11,14,36264
2018-12-11,15,40283
2018-12-11,16,42049
2018-12-11,17,42810
2018-12-11,18,42885
2018-12-11,19,43256
2018-12-11,20,42937
2018-12-11,21,42009
2018-12-11,22,22027
2018-12-11,23,2481
2018-12-11,24,2620
2018-12-11,25,27056
2018-12-11,26,40972
2018-12-11,27,40906
2018-12-11,28,41086
2018-12-11,29,41423
2018-12-11,30,41692
2018-12-11,31,42224
2018-12-11,32,43824
2018-12-11,33,45549
2018-12-11,34,45996
2018-12-11,35,46327
2018-12-11,36,46255
2018-12-11,37,46151
2018-12-11,38,46426
2018-12-11,39,45986
2018-12-11,40,44759
2018-12-11,41,43381
2018-12-11,42,41452
2018-12-11,43,39426
2018-12-11,44,37166
2018-12-11,45,35226
2018-12-11,46,32968
2018-12-11,47,30835
2018-12-11,48,30142
2018-12-12,1,29623
2018-12-12,2,29969
2018-12-12,3,29831
2018-12-12,4,29129
2018-12-12,5,28979
2018-12-12,6,28703
2018-12-12,7,28326
2018-12-12,8,27897
2018-12-12,9,27912
2018-12-12,10,27962
2018-12-12,11,27508
2018-12-12,12,28540
2018-12-12,13,32841
2018-12-12,14,36281
2018-12-12,15,40051
2018-12-12,16,42140
2018-12-12,17,42893
2018-12-12,18,42731
2018-12-12,19,42752
2018-12-12,20,42544
2018-12-12,21,42194
2018-12-12,22,41948
2018-12-12,23,41718
2018-12-12,24,41568
2018-12-12,25,41679
2018-12-12,26,41546
2018-12-12,27,41221
2018-12-12,28,41093
2018-12-12,29,41351
2018-12-12,30,41518
2018-12-12,31,41559
2018-12-12,32,42637
2018-12-12,33,43950
2018-12-12,34,44394
2018-12-12,35,44565
2018-12-12,36,44309
2018-12-12,37,43924
2018-12-12,38,43645
2018-12-12,39,43377
2018-12-12,40,42616
2018-12-12,41,41381
2018-12-12,42,39765
2018-12-12,43,37613
2018-12-12,44,35300
2018-12-12,45,33054
2018-12-12,46,30988
2018-12-12,47,28974
2018-12-12,48,27892
2018-12-13,1,27334
2018-12-13,2,27588
2018-12-13,3,27537
2018-12-13,4,27138
2018-12-13,5,27235
2018-12-13,6,27133
2018-12-13,7,26794
2018-12-13,8,26417
2018-12-13,9,25988
2018-12-13,10,26034
2018-12-13,11,26063
2018-12-13,12,27549
2018-12-13,13,31122
2018-12-13,14,34558
2018-12-13,15,39694
2018-12-13,16,41633
2018-12-13,17,42496
2018-12-13,18,42594
2018-12-13,19,42743
2018-12-13,20,42719
2018-12-13,21,42301
2018-12-13,22,42071
2018-12-13,23,41898
2018-12-13,24,41597
2018-12-13,25,41634
2018-12-13,26,41512
2018-12-13,27,40546
2018-12-13,28,40554
2018-12-13,29,40713
2018-12-13,30,41191
2018-12-13,31,42016
2018-12-13,32,43773
2018-12-13,33,44949
2018-12-13,34,45273
2018-12-13,35,45172
2018-12-13,36,45103
2018-12-13,37,45440
2018-12-13,38,45329
2018-12-13,39,45152
2018-12-13,40,44394
2018-12-13,41,43372
2018-12-13,42,41856
2018-12-13,43,40136
2018-12-13,44,38078
2018-12-13,45,35780
2018-12-13,46,33854
2018-12-13,47,31662
2018-12-13,48,30512
2018-12-14,1,30438
2018-12-14,2,31044
2018-12-14,3,31170
2018-12-14,4,30703
2018-12-14,5,30293
2018-12-14,6,30258
2018-12-14,7,30056
2018-12-14,8,29563
2018-12-14,9,29492
2018-12-14,10,29509
2018-12-14,11,29682
2018-12-14,12,30847
2018-12-14,13,34490
2018-12-14,14,38076
2018-12-14,15,41510
2018-12-14,16,43583
2018-12-14,17,44374
2018-12-14,18,44544
2018-12-14,19,45278
2018-12-14,20,45092
2018-12-14,21,44718
2018-12-14,22,44418
2018-12-14,23,44365
2018-12-14,24,44391
2018-12-14,25,44428
2018-12-14,26,44190
2018-12-14,27,44002
2018-12-14,28,43794
2018-12-14,29,43866
2018-12-14,30,43983
2018-12-14,31,44306
2018-12-14,32,45133
2018-12-14,33,45560
2018-12-14,34,45479
2018-12-14,35,45180
2018-12-14,36,45201
2018-12-14,37,44997
2018-12-14,38,44948
2018-12-14,39,44933
2018-12-14,40,43778
2018-12-14,41,42328
2018-12-14,42,40530
2018-12-14,43,39493
2018-12-14,44,37791
2018-12-14,45,35149
2018-12-14,46,33066
2018-12-14,47,30739
2018-12-14,48,29490
2018-12-15,1,29098
2018-12-15,2,29126
2018-12-15,3,28925
2018-12-15,4,28498
2018-12-15,5,28215
2018-12-15,6,27994
2018-12-15,7,27743
2018-12-15,8,27434
2018-12-15,9,26859
2018-12-15,10,26769
2018-12-15,11,26569
2018-12-15,12,26871
2018-12-15,13,27942
2018-12-15,14,28977
2018-12-15,15,30608
2018-12-15,16,31998
2018-12-15,17,33461
2018-12-15,18,35348
2018-12-15,19,36887
2018-12-15,20,37649
2018-12-15,21,38326
2018-12-15,22,38640
2018-12-15,23,38765
2018-12-15,24,38955
2018-12-15,25,39129
2018-12-15,26,39361
2018-12-15,27,39504
2018-12-15,28,39502
2018-12-15,29,39668
2018-12-15,30,39759
2018-12-15,31,40231
2018-12-15,32,41102
2018-12-15,33,42295
2018-12-15,34,42924
2018-12-15,35,43637
2018-12-15,36,43588
2018-12-15,37,42697
2018-12-15,38,41405
2018-12-15,39,39882
2018-12-15,40,38468
2018-12-15,41,37454
2018-12-15,42,36212
2018-12-15,43,35110
2018-12-15,44,33440
2018-12-15,45,31888
2018-12-15,46,30618
2018-12-15,47,29054
2018-12-15,48,28128
2018-12-16,1,27825
2018-12-16,2,28033
2018-12-16,3,27726
2018-12-16,4,27344
2018-12-16,5,27200
2018-12-16,6,26978
2018-12-16,7,26761
2018-12-16,8,26532
2018-12-16,9,26204
2018-12-16,10,26017
2018-12-16,11,25944
2018-12-16,12,25817
2018-12-16,13,26886
2018-12-16,14,27639
2018-12-16,15,28376
2018-12-16,16,29512
2018-12-16,17,31164
2018-12-16,18,32834
2018-12-16,19,34168
2018-12-16,20,35048
2018-12-16,21,35925
2018-12-16,22,36437
2018-12-16,23,37075
2018-12-16,24,37725
2018-12-16,25,38242
2018-12-16,26,38483
2018-12-16,27,38786
2018-12-16,28,38876
2018-12-16,29,39171
2018-12-16,30,39674
2018-12-16,31,40269
2018-12-16,32,41719
2018-12-16,33,43299
2018-12-16,34,44507
2018-12-16,35,44897
2018-12-16,36,44604
2018-12-16,37,44225
2018-12-16,38,43276
2018-12-16,39,42063
2018-12-16,40,40816
2018-12-16,41,39638
2018-12-16,42,38246
2018-12-16,43,36804
2018-12-16,44,35046
2018-12-16,45,33233
2018-12-16,46,31834
2018-12-16,47,30626
2018-12-16,48,29444
2018-12-17,1,29127
2018-12-17,2,29256
2018-12-17,3,29540
2018-12-17,4,29084
2018-12-17,5,29243
2018-12-17,6,28990
2018-12-17,7,28469
2018-12-17,8,28044
2018-12-17,9,27897
2018-12-17,10,28149
2018-12-17,11,28652
2018-12-17,12,29962
2018-12-17,13,32451
2018-12-17,14,35607
2018-12-17,15,39794
2018-12-17,16,42020
2018-12-17,17,43042
2018-12-17,18,43061
2018-12-17,19,43379
2018-12-17,20,42952
2018-12-17,21,41763
2018-12-17,22,41072
2018-12-17,23,41500
2018-12-17,24,41468
2018-12-17,25,41845
2018-12-17,26,41884
2018-12-17,27,41795
2018-12-17,28,41992
2018-12-17,29,42386
2018-12-17,30,42459
2018-12-17,31,43134
2018-12-17,32,44603
2018-12-17,33,45501
2018-12-17,34,45315
2018-12-17,35,45180
2018-12-17,36,45208
2018-12-17,37,45014
2018-12-17,38,44540
2018-12-17,39,43616
2018-12-17,40,42207
2018-12-17,41,40644
2018-12-17,42,38960
2018-12-17,43,36906
2018-12-17,44,34759
2018-12-17,45,32325
2018-12-17,46,30135
2018-12-17,47,28124
2018-12-17,48,27118
2018-12-18,1,26556
2018-12-18,2,27151
2018-12-18,3,27457
2018-12-18,4,26897
2018-12-18,5,26335
2018-12-18,6,26168
2018-12-18,7,25442
2018-12-18,8,24981
2018-12-18,9,24602
2018-12-18,10,24518
2018-12-18,11,24753
2018-12-18,12,25453
2018-12-18,13,28747
2018-12-18,14,31611
2018-12-18,15,35285
2018-12-18,16,37385
2018-12-18,17,38532
2018-12-18,18,38494
2018-12-18,19,39196
2018-12-18,20,39390
2018-12-18,21,39350
2018-12-18,22,39493
2018-12-18,23,39901
2018-12-18,24,39954
2018-12-18,25,40062
2018-12-18,26,40356
2018-12-18,27,40454
2018-12-18,28,40440
2018-12-18,29,40737
2018-12-18,30,40782
2018-12-18,31,41322
2018-12-18,32,42948
2018-12-18,33,44596
2018-12-18,34,45586
2018-12-18,35,46246
2018-12-18,36,46133
2018-12-18,37,45879
2018-12-18,38,45303
2018-12-18,39,44291
2018-12-18,40,43218
2018-12-18,41,42100
2018-12-18,42,40229
2018-12-18,43,38260
2018-12-18,44,36030
2018-12-18,45,33967
2018-12-18,46,32042
2018-12-18,47,30017
2018-12-18,48,28727
2018-12-19,1,28181
2018-12-19,2,28455
2018-12-19,3,28321
2018-12-19,4,27920
2018-12-19,5,27671
2018-12-19,6,27696
2018-12-19,7,27357
2018-12-19,8,27152
2018-12-19,9,27184
2018-12-19,10,27088
2018-12-19,11,27872
2018-12-19,12,28890
2018-12-19,13,31495
2018-12-19,14,34433
2018-12-19,15,37995
2018-12-19,16,40222
2018-12-19,17,40752
2018-12-19,18,40607
2018-12-19,19,40890
2018-12-19,20,40670
2018-12-19,21,40356
2018-12-19,22,40067
2018-12-19,23,39435
2018-12-19,24,39099
2018-12-19,25,39040
2018-12-19,26,38990
2018-12-19,27,38816
2018-12-19,28,38939
2018-12-19,29,39544
2018-12-19,30,39850
2018-12-19,31,40537
2018-12-19,32,41890
2018-12-19,33,43760
2018-12-19,34,44767
2018-12-19,35,45367
2018-12-19,36,45234
2018-12-19,37,44756
2018-12-19,38,44216
2018-12-19,39,43363
2018-12-19,40,42393
2018-12-19,41,40994
2018-12-19,42,39369
2018-12-19,43,37692
2018-12-19,44,35764
2018-12-19,45,33674
2018-12-19,46,31634
2018-12-19,47,29576
2018-12-19,48,28189
2018-12-20,1,27931
2018-12-20,2,28256
2018-12-20,3,28094
2018-12-20,4,27641
2018-12-20,5,27565
2018-12-20,6,27494
2018-12-20,7,26912
2018-12-20,8,26494
2018-12-20,9,26389
2018-12-20,10,26809
2018-12-20,11,27722
2018-12-20,12,28728
2018-12-20,13,31019
2018-12-20,14,33928
2018-12-20,15,37400
2018-12-20,16,39209
2018-12-20,17,40281
2018-12-20,18,40435
2018-12-20,19,40430
2018-12-20,20,39918
2018-12-20,21,39560
2018-12-20,22,38832
2018-12-20,23,38427
2018-12-20,24,38360
2018-12-20,25,38278
2018-12-20,26,38102
2018-12-20,27,38261
2018-12-20,28,38533
2018-12-20,29,39154
2018-12-20,30,39536
2018-12-20,31,39990
2018-12-20,32,41041
2018-12-20,33,42294
2018-12-20,34,43654
2018-12-20,35,44342
2018-12-20,36,44165
2018-12-20,37,43777
2018-12-20,38,43315
2018-12-20,39,42635
2018-12-20,40,41788
2018-12-20,41,40863
2018-12-20,42,39430
2018-12-20,43,37680
2018-12-20,44,35732
2018-12-20,45,33813
2018-12-20,46,32275
2018-12-20,47,30500
2018-12-20,48,29358
2018-12-21,1,28638
2018-12-21,2,28950
2018-12-21,3,29013
2018-12-21,4,28507
2018-12-21,5,28322
2018-12-21,6,28142
2018-12-21,7,27667
2018-12-21,8,27408
2018-12-21,9,27261
2018-12-21,10,27284
2018-12-21,11,27378
2018-12-21,12,28068
2018-12-21,13,29986
2018-12-21,14,32438
2018-12-21,15,35704
2018-12-21,16,37526
2018-12-21,17,38263
2018-12-21,18,38543
2018-12-21,19,38977
2018-12-21,20,38851
2018-12-21,21,38665
2018-12-21,22,38548
2018-12-21,23,38373
2018-12-21,24,38019
2018-12-21,25,37719
2018-12-21,26,37580
2018-12-21,27,37659
2018-12-21,28,37638
2018-12-21,29,37806
2018-12-21,30,38036
2018-12-21,31,38436
2018-12-21,32,39153
2018-12-21,33,40522
2018-12-21,34,41650
2018-12-21,35,42372
2018-12-21,36,42193
2018-12-21,37,41268
2018-12-21,38,40679
2018-12-21,39,40210
2018-12-21,40,39190
2018-12-21,41,37817
2018-12-21,42,36271
2018-12-21,43,34788
2018-12-21,44,33116
2018-12-21,45,31379
2018-12-21,46,29864
2018-12-21,47,28105
2018-12-21,48,26917
2018-12-22,1,26475
2018-12-22,2,26536
2018-12-22,3,25871
2018-12-22,4,25049
2018-12-22,5,24671
2018-12-22,6,24702
2018-12-22,7,24715
2018-12-22,8,24352
2018-12-22,9,23874
2018-12-22,10,23913
2018-12-22,11,24277
2018-12-22,12,24578
2018-12-22,13,25307
2018-12-22,14,25826
2018-12-22,15,27402
2018-12-22,16,28752
2018-12-22,17,30142
2018-12-22,18,31478
2018-12-22,19,32497
2018-12-22,20,32733
2018-12-22,21,32559
2018-12-22,22,32418
2018-12-22,23,32236
2018-12-22,24,32078
2018-12-22,25,32149
2018-12-22,26,31970
2018-12-22,27,32120
2018-12-22,28,32253
2018-12-22,29,32716
2018-12-22,30,33127
2018-12-22,31,34113
2018-12-22,32,35373
2018-12-22,33,37433
2018-12-22,34,38518
2018-12-22,35,39333
2018-12-22,36,39404
2018-12-22,37,39250
2018-12-22,38,38874
2018-12-22,39,38178
2018-12-22,40,37091
2018-12-22,41,36214
2018-12-22,42,34978
2018-12-22,43,33526
2018-12-22,44,32292
2018-12-22,45,31104
2018-12-22,46,30098
2018-12-22,47,28708
2018-12-22,48,27863
2018-12-23,1,27477
2018-12-23,2,27533
2018-12-23,3,27244
2018-12-23,4,26922
2018-12-23,5,26459
2018-12-23,6,26103
2018-12-23,7,26015
2018-12-23,8,25782
2018-12-23,9,25587
2018-12-23,10,25463
2018-12-23,11,25654
2018-12-23,12,25510
2018-12-23,13,25852
2018-12-23,14,26462
2018-12-23,15,26954
2018-12-23,16,27766
2018-12-23,17,29357
2018-12-23,18,30962
2018-12-23,19,32698
2018-12-23,20,33941
2018-12-23,21,34872
2018-12-23,22,35559
2018-12-23,23,36074
2018-12-23,24,36530
2018-12-23,25,36892
2018-12-23,26,36873
2018-12-23,27,36894
2018-12-23,28,36891
2018-12-23,29,36972
2018-12-23,30,36894
2018-12-23,31,37438
2018-12-23,32,38315
2018-12-23,33,39454
2018-12-23,34,40366
2018-12-23,35,40901
2018-12-23,36,40956
2018-12-23,37,40626
2018-12-23,38,39881
2018-12-23,39,39221
2018-12-23,40,38200
2018-12-23,41,37370
2018-12-23,42,36012
2018-12-23,43,34782
2018-12-23,44,33315
2018-12-23,45,32007
2018-12-23,46,30668
2018-12-23,47,29131
2018-12-23,48,28042
2018-12-24,1,27707
2018-12-24,2,27788
2018-12-24,3,27533
2018-12-24,4,26750
2018-12-24,5,26905
2018-12-24,6,27117
2018-12-24,7,27358
2018-12-24,8,27225
2018-12-24,9,26911
2018-12-24,10,26899
2018-12-24,11,27002
2018-12-24,12,27163
2018-12-24,13,27922
2018-12-24,14,29154
2018-12-24,15,31225
2018-12-24,16,32746
2018-12-24,17,34247
2018-12-24,18,35816
2018-12-24,19,37018
2018-12-24,20,37504
2018-12-24,21,37714
2018-12-24,22,37554
2018-12-24,23,37459
2018-12-24,24,37216
2018-12-24,25,37097
2018-12-24,26,36776
2018-12-24,27,36568
2018-12-24,28,36381
2018-12-24,29,36472
2018-12-24,30,36768
2018-12-24,31,37297
2018-12-24,32,38249
2018-12-24,33,40007
2018-12-24,34,41168
2018-12-24,35,41638
2018-12-24,36,41371
2018-12-24,37,40614
2018-12-24,38,39864
2018-12-24,39,38899
2018-12-24,40,37772
2018-12-24,41,36739
2018-12-24,42,35446
2018-12-24,43,34176
2018-12-24,44,32823
2018-12-24,45,31413
2018-12-24,46,30193
2018-12-24,47,28544
2018-12-24,48,27226
2018-12-25,1,26646
2018-12-25,2,26476
2018-12-25,3,26481
2018-12-25,4,26093
2018-12-25,5,26152
2018-12-25,6,26137
2018-12-25,7,25772
2018-12-25,8,25378
2018-12-25,9,25036
2018-12-25,10,24858
2018-12-25,11,24875
2018-12-25,12,25193
2018-12-25,13,26110
2018-12-25,14,27089
2018-12-25,15,27801
2018-12-25,16,28270
2018-12-25,17,29737
2018-12-25,18,31557
2018-12-25,19,33132
2018-12-25,20,34082
2018-12-25,21,34688
2018-12-25,22,35109
2018-12-25,23,35576
2018-12-25,24,36026
2018-12-25,25,36638
2018-12-25,26,37218
2018-12-25,27,37295
2018-12-25,28,36593
2018-12-25,29,36133
2018-12-25,30,35168
2018-12-25,31,34092
2018-12-25,32,33481
2018-12-25,33,33164
2018-12-25,34,32701
2018-12-25,35,32326
2018-12-25,36,31657
2018-12-25,37,31021
2018-12-25,38,30650
2018-12-25,39,30212
2018-12-25,40,29931
2018-12-25,41,29604
2018-12-25,42,29122
2018-12-25,43,28521
2018-12-25,44,27605
2018-12-25,45,26814
2018-12-25,46,26292
2018-12-25,47,25265
2018-12-25,48,24480
2018-12-26,1,24392
2018-12-26,2,24843
2018-12-26,3,25092
2018-12-26,4,24600
2018-12-26,5,23994
2018-12-26,6,23659
2018-12-26,7,23268
2018-12-26,8,22911
2018-12-26,9,22761
2018-12-26,10,22878
2018-12-26,11,22702
2018-12-26,12,22817
2018-12-26,13,23301
2018-12-26,14,23605
2018-12-26,15,24115
2018-12-26,16,24772
2018-12-26,17,25862
2018-12-26,18,27273
2018-12-26,19,28815
2018-12-26,20,30082
2018-12-26,21,31021
2018-12-26,22,31322
2018-12-26,23,31726
2018-12-26,24,32112
2018-12-26,25,32554
2018-12-26,26,32729
2018-12-26,27,32834
2018-12-26,28,32653
2018-12-26,29,32618
2018-12-26,30,32648
2018-12-26,31,33032
2018-12-26,32,33705
2018-12-26,33,34868
2018-12-26,34,35788
2018-12-26,35,36078
2018-12-26,36,35962
2018-12-26,37,35488
2018-12-26,38,34928
2018-12-26,39,34474
2018-12-26,40,33960
2018-12-26,41,33219
2018-12-26,42,32409
2018-12-26,43,31290
2018-12-26,44,30081
2018-12-26,45,29126
2018-12-26,46,28220
2018-12-26,47,26878
2018-12-26,48,25979
2018-12-27,1,26209
2018-12-27,2,26566
2018-12-27,3,26486
2018-12-27,4,26033
2018-12-27,5,25968
2018-12-27,6,25677
2018-12-27,7,25659
2018-12-27,8,25557
2018-12-27,9,25564
2018-12-27,10,25580
2018-12-27,11,25200
2018-12-27,12,25125
2018-12-27,13,25966
2018-12-27,14,27296
2018-12-27,15,29216
2018-12-27,16,30424
2018-12-27,17,32449
2018-12-27,18,33994
2018-12-27,19,35177
2018-12-27,20,35910
2018-12-27,21,36363
2018-12-27,22,36518
2018-12-27,23,36730
2018-12-27,24,36755
2018-12-27,25,36845
2018-12-27,26,36782
2018-12-27,27,36699
2018-12-27,28,36605
2018-12-27,29,36778
2018-12-27,30,37027
2018-12-27,31,37633
2018-12-27,32,38645
2018-12-27,33,40166
2018-12-27,34,41576
2018-12-27,35,42196
2018-12-27,36,42135
2018-12-27,37,41711
2018-12-27,38,40860
2018-12-27,39,40111
2018-12-27,40,39314
2018-12-27,41,38384
2018-12-27,42,36814
2018-12-27,43,35102
2018-12-27,44,33463
2018-12-27,45,32026
2018-12-27,46,30538
2018-12-27,47,28764
2018-12-27,48,27605
2018-12-28,1,27046
2018-12-28,2,27121
2018-12-28,3,26858
2018-12-28,4,26156
2018-12-28,5,26462
2018-12-28,6,26554
2018-12-28,7,25931
2018-12-28,8,25503
2018-12-28,9,25153
2018-12-28,10,25188
2018-12-28,11,25502
2018-12-28,12,25998
2018-12-28,13,26534
2018-12-28,14,27298
2018-12-28,15,29244
2018-12-28,16,30284
2018-12-28,17,31438
2018-12-28,18,32969
2018-12-28,19,34840
2018-12-28,20,35826
2018-12-28,21,36161
2018-12-28,22,36487
2018-12-28,23,36504
2018-12-28,24,36506
2018-12-28,25,36583
2018-12-28,26,36612
2018-12-28,27,36615
2018-12-28,28,36435
2018-12-28,29,36570
2018-12-28,30,36990
2018-12-28,31,37586
2018-12-28,32,38446
2018-12-28,33,39554
2018-12-28,34,40917
2018-12-28,35,41509
2018-12-28,36,41375
2018-12-28,37,40965
2018-12-28,38,40350
2018-12-28,39,39350
2018-12-28,40,38032
2018-12-28,41,36816
2018-12-28,42,35050
2018-12-28,43,33518
2018-12-28,44,32022
2018-12-28,45,30483
2018-12-28,46,29179
2018-12-28,47,27377
2018-12-28,48,26059
2018-12-29,1,25282
2018-12-29,2,25437
2018-12-29,3,24848
2018-12-29,4,23947
2018-12-29,5,23291
2018-12-29,6,23202
2018-12-29,7,23241
2018-12-29,8,22869
2018-12-29,9,22347
2018-12-29,10,21965
2018-12-29,11,22010
2018-12-29,12,22234
2018-12-29,13,22983
2018-12-29,14,23502
2018-12-29,15,24593
2018-12-29,16,25385
2018-12-29,17,25979
2018-12-29,18,27358
2018-12-29,19,28906
2018-12-29,20,29710
2018-12-29,21,30741
2018-12-29,22,31134
2018-12-29,23,31567
2018-12-29,24,31838
2018-12-29,25,32055
2018-12-29,26,31974
2018-12-29,27,31958
2018-12-29,28,31984
2018-12-29,29,32166
2018-12-29,30,32452
2018-12-29,31,33478
2018-12-29,32,34550
2018-12-29,33,36529
2018-12-29,34,38434
2018-12-29,35,39488
2018-12-29,36,39196
2018-12-29,37,38763
2018-12-29,38,38036
2018-12-29,39,37044
2018-12-29,40,36135
2018-12-29,41,35628
2018-12-29,42,34775
2018-12-29,43,33506
2018-12-29,44,32231
2018-12-29,45,31022
2018-12-29,46,29863
2018-12-29,47,28320
2018-12-29,48,27034
2018-12-30,1,26505
2018-12-30,2,26710
2018-12-30,3,25910
2018-12-30,4,25174
2018-12-30,5,24615
2018-12-30,6,24426
2018-12-30,7,24678
2018-12-30,8,24716
2018-12-30,9,24640
2018-12-30,10,24400
2018-12-30,11,24266
2018-12-30,12,24178
2018-12-30,13,24837
2018-12-30,14,25208
2018-12-30,15,25428
2018-12-30,16,25690
2018-12-30,17,26437
2018-12-30,18,27880
2018-12-30,19,29592
2018-12-30,20,30873
2018-12-30,21,31867
2018-12-30,22,32464
2018-12-30,23,32948
2018-12-30,24,33396
2018-12-30,25,34031
2018-12-30,26,34081
2018-12-30,27,34241
2018-12-30,28,33911
2018-12-30,29,34093
2018-12-30,30,34293
2018-12-30,31,34871
2018-12-30,32,35678
2018-12-30,33,37236
2018-12-30,34,38672
2018-12-30,35,39142
2018-12-30,36,39208
2018-12-30,37,38553
2018-12-30,38,37707
2018-12-30,39,36823
2018-12-30,40,35570
2018-12-30,41,34503
2018-12-30,42,33203
2018-12-30,43,32014
2018-12-30,44,30644
2018-12-30,45,29540
2018-12-30,46,28157
2018-12-30,47,26696
2018-12-30,48,25514
2018-12-31,1,24927
2018-12-31,2,25110
2018-12-31,3,25140
2018-12-31,4,24550
2018-12-31,5,24389
2018-12-31,6,24473
2018-12-31,7,24157
2018-12-31,8,23670
2018-12-31,9,23382
2018-12-31,10,23227
2018-12-31,11,23470
2018-12-31,12,24030
2018-12-31,13,25054
2018-12-31,14,25483
2018-12-31,15,26747
2018-12-31,16,27614
2018-12-31,17,28984
2018-12-31,18,30434
2018-12-31,19,31897
2018-12-31,20,32956
2018-12-31,21,33972
2018-12-31,22,34099
2018-12-31,23,34089
2018-12-31,24,34117
2018-12-31,25,34505
2018-12-31,26,34756
2018-12-31,27,34788
2018-12-31,28,34706
2018-12-31,29,34795
2018-12-31,30,34834
2018-12-31,31,35121
2018-12-31,32,35748
2018-12-31,33,37200
2018-12-31,34,38681
2018-12-31,35,39250
2018-12-31,36,38764
2018-12-31,37,38001
2018-12-31,38,36758
2018-12-31,39,35253
2018-12-31,40,33754
2018-12-31,41,32357
2018-12-31,42,30857
2018-12-31,43,29511
2018-12-31,44,28356
2018-12-31,45,27477
2018-12-31,46,26898
2018-12-31,47,26170
2018-12-31,48,25742
2019-01-01,1,25268
2019-01-01,2,25706
2019-01-01,3,25462
2019-01-01,4,24541
2019-01-01,5,24319
2019-01-01,6,24511
2019-01-01,7,23785
2019-01-01,8,23352
2019-01-01,9,23032
2019-01-01,10,22786
2019-01-01,11,22573
2019-01-01,12,22796
2019-01-01,13,23508
2019-01-01,14,23728
2019-01-01,15,23970
2019-01-01,16,24153
2019-01-01,17,24624
2019-01-01,18,25360
2019-01-01,19,26508
2019-01-01,20,27669
2019-01-01,21,28548
2019-01-01,22,29426
2019-01-01,23,30171
2019-01-01,24,30780
2019-01-01,25,31386
2019-01-01,26,31743
2019-01-01,27,32015
2019-01-01,28,31977
2019-01-01,29,32289
2019-01-01,30,32625
2019-01-01,31,33256
2019-01-01,32,34078
2019-01-01,33,35833
2019-01-01,34,37872
2019-01-01,35,38419
2019-01-01,36,38314
2019-01-01,37,37879
2019-01-01,38,37180
2019-01-01,39,36599
2019-01-01,40,35652
2019-01-01,41,34835
2019-01-01,42,33707
2019-01-01,43,32706
2019-01-01,44,31313
2019-01-01,45,29958
2019-01-01,46,28729
2019-01-01,47,27545
2019-01-01,48,26647
2019-01-02,1,26743
2019-01-02,2,27346
2019-01-02,3,27325
2019-01-02,4,27020
2019-01-02,5,26896
2019-01-02,6,26790
2019-01-02,7,26594
2019-01-02,8,26350
2019-01-02,9,26086
2019-01-02,10,26243
2019-01-02,11,26626
2019-01-02,12,27675
2019-01-02,13,29264
2019-01-02,14,31349
2019-01-02,15,34164
2019-01-02,16,35910
2019-01-02,17,37692
2019-01-02,18,39114
2019-01-02,19,40246
2019-01-02,20,40633
2019-01-02,21,40794
2019-01-02,22,40775
2019-01-02,23,40819
2019-01-02,24,40695
2019-01-02,25,41081
2019-01-02,26,41290
2019-01-02,27,41550
2019-01-02,28,41730
2019-01-02,29,42126
2019-01-02,30,42609
2019-01-02,31,42829
2019-01-02,32,43813
2019-01-02,33,44994
2019-01-02,34,45981
2019-01-02,35,46524
2019-01-02,36,46395
2019-01-02,37,46218
2019-01-02,38,45846
2019-01-02,39,45174
2019-01-02,40,43978
2019-01-02,41,42738
2019-01-02,42,41108
2019-01-02,43,39535
2019-01-02,44,37618
2019-01-02,45,35721
2019-01-02,46,33873
2019-01-02,47,32171
2019-01-02,48,31468
2019-01-03,1,31154
2019-01-03,2,31133
2019-01-03,3,30935
2019-01-03,4,30577
2019-01-03,5,30837
2019-01-03,6,30878
2019-01-03,7,30782
2019-01-03,8,30338
2019-01-03,9,30140
2019-01-03,10,30204
2019-01-03,11,30837
2019-01-03,12,31126
2019-01-03,13,31960
2019-01-03,14,34255
2019-01-03,15,37361
2019-01-03,16,39191
2019-01-03,17,40980
2019-01-03,18,42241
2019-01-03,19,43507
2019-01-03,20,43824
2019-01-03,21,44079
2019-01-03,22,44242
2019-01-03,23,44612
2019-01-03,24,44680
2019-01-03,25,44104
2019-01-03,26,43847
2019-01-03,27,43967
2019-01-03,28,44620
2019-01-03,29,44803
2019-01-03,30,44911
2019-01-03,31,45138
2019-01-03,32,45653
2019-01-03,33,46306
2019-01-03,34,46183
2019-01-03,35,46244
2019-01-03,36,46146
2019-01-03,37,45881
2019-01-03,38,46023
2019-01-03,39,46137
2019-01-03,40,45344
2019-01-03,41,43998
2019-01-03,42,42558
2019-01-03,43,40736
2019-01-03,44,38676
2019-01-03,45,36750
2019-01-03,46,34765
2019-01-03,47,33460
2019-01-03,48,32799
2019-01-04,1,32484
2019-01-04,2,32568
2019-01-04,3,32481
2019-01-04,4,32052
2019-01-04,5,31625
2019-01-04,6,31545
2019-01-04,7,31253
2019-01-04,8,30848
2019-01-04,9,30613
2019-01-04,10,30778
2019-01-04,11,31289
2019-01-04,12,31749
2019-01-04,13,32952
2019-01-04,14,35024
2019-01-04,15,38198
2019-01-04,16,40240
2019-01-04,17,41560
2019-01-04,18,42615
2019-01-04,19,43473
2019-01-04,20,43712
2019-01-04,21,43718
2019-01-04,22,43530
2019-01-04,23,42524
2019-01-04,24,42519
2019-01-04,25,43510
2019-01-04,26,43457
2019-01-04,27,43295
2019-01-04,28,43249
2019-01-04,29,43466
2019-01-04,30,43490
2019-01-04,31,43929
2019-01-04,32,44451
2019-01-04,33,44425
2019-01-04,34,45503
2019-01-04,35,45615
2019-01-04,36,45609
2019-01-04,37,45741
2019-01-04,38,45440
2019-01-04,39,45142
2019-01-04,40,44050
2019-01-04,41,42340
2019-01-04,42,40946
2019-01-04,43,39197
2019-01-04,44,37309
2019-01-04,45,35401
2019-01-04,46,33716
2019-01-04,47,31890
2019-01-04,48,30833
2019-01-05,1,30368
2019-01-05,2,30590
2019-01-05,3,30361
2019-01-05,4,29572
2019-01-05,5,29754
2019-01-05,6,29896
2019-01-05,7,29721
2019-01-05,8,29347
2019-01-05,9,29075
2019-01-05,10,28919
2019-01-05,11,28845
2019-01-05,12,29118
2019-01-05,13,29668
2019-01-05,14,30171
2019-01-05,15,30812
2019-01-05,16,31856
2019-01-05,17,33583
2019-01-05,18,35198
2019-01-05,19,37093
2019-01-05,20,38070
2019-01-05,21,38653
2019-01-05,22,38903
2019-01-05,23,39211
2019-01-05,24,39422
2019-01-05,25,39580
2019-01-05,26,39801
2019-01-05,27,40042
2019-01-05,28,40055
2019-01-05,29,40026
2019-01-05,30,40021
2019-01-05,31,40236
2019-01-05,32,40725
2019-01-05,33,42056
2019-01-05,34,43701
2019-01-05,35,44288
2019-01-05,36,44163
2019-01-05,37,43739
2019-01-05,38,42868
2019-01-05,39,41838
2019-01-05,40,40360
2019-01-05,41,39199
2019-01-05,42,37558
2019-01-05,43,36275
2019-01-05,44,34758
2019-01-05,45,33389
2019-01-05,46,32251
2019-01-05,47,30707
2019-01-05,48,29822
2019-01-06,1,29452
2019-01-06,2,29701
2019-01-06,3,29187
2019-01-06,4,28487
2019-01-06,5,28324
2019-01-06,6,28328
2019-01-06,7,28407
2019-01-06,8,27991
2019-01-06,9,27588
2019-01-06,10,27450
2019-01-06,11,27356
2019-01-06,12,27880
2019-01-06,13,28507
2019-01-06,14,28864
2019-01-06,15,28872
2019-01-06,16,29179
2019-01-06,17,30458
2019-01-06,18,31866
2019-01-06,19,33548
2019-01-06,20,35081
2019-01-06,21,36382
2019-01-06,22,37031
2019-01-06,23,37220
2019-01-06,24,37906
2019-01-06,25,38474
2019-01-06,26,38661
2019-01-06,27,38831
2019-01-06,28,38881
2019-01-06,29,39081
2019-01-06,30,39166
2019-01-06,31,39925
2019-01-06,32,40756
2019-01-06,33,42229
2019-01-06,34,43531
2019-01-06,35,44093
2019-01-06,36,43768
2019-01-06,37,43412
2019-01-06,38,42975
2019-01-06,39,41726
2019-01-06,40,40301
2019-01-06,41,39051
2019-01-06,42,37590
2019-01-06,43,35610
2019-01-06,44,33882
2019-01-06,45,32290
2019-01-06,46,30439
2019-01-06,47,28576
2019-01-06,48,27512
2019-01-07,1,27682
2019-01-07,2,28151
2019-01-07,3,28357
2019-01-07,4,27781
2019-01-07,5,27237
2019-01-07,6,27054
2019-01-07,7,26642
2019-01-07,8,25957
2019-01-07,9,25674
2019-01-07,10,25846
2019-01-07,11,26478
2019-01-07,12,27156
2019-01-07,13,29923
2019-01-07,14,33020
2019-01-07,15,35392
2019-01-07,16,37202
2019-01-07,17,38277
2019-01-07,18,38515
2019-01-07,19,39248
2019-01-07,20,39466
2019-01-07,21,38748
2019-01-07,22,38764
2019-01-07,23,38657
2019-01-07,24,38460
2019-01-07,25,38614
2019-01-07,26,38592
2019-01-07,27,39596
2019-01-07,28,39521
2019-01-07,29,39522
2019-01-07,30,39285
2019-01-07,31,39226
2019-01-07,32,40159
2019-01-07,33,42296
2019-01-07,34,43886
2019-01-07,35,44415
2019-01-07,36,44317
2019-01-07,37,43840
2019-01-07,38,43092
2019-01-07,39,41984
2019-01-07,40,40699
2019-01-07,41,39381
2019-01-07,42,37633
2019-01-07,43,35411
2019-01-07,44,33323
2019-01-07,45,31191
2019-01-07,46,29334
2019-01-07,47,27544
2019-01-07,48,26386
2019-01-08,1,26187
2019-01-08,2,26483
2019-01-08,3,26458
2019-01-08,4,25948
2019-01-08,5,26118
2019-01-08,6,26066
2019-01-08,7,26132
2019-01-08,8,26249
2019-01-08,9,26254
2019-01-08,10,25866
2019-01-08,11,25486
2019-01-08,12,26139
2019-01-08,13,29387
2019-01-08,14,32596
2019-01-08,15,36647
2019-01-08,16,38517
2019-01-08,17,39467
2019-01-08,18,39792
2019-01-08,19,40264
2019-01-08,20,40088
2019-01-08,21,39848
2019-01-08,22,39605
2019-01-08,23,39108
2019-01-08,24,38716
2019-01-08,25,38508
2019-01-08,26,38171
2019-01-08,27,38330
2019-01-08,28,38459
2019-01-08,29,39128
2019-01-08,30,39584
2019-01-08,31,40352
2019-01-08,32,41689
2019-01-08,33,43564
2019-01-08,34,45904
2019-01-08,35,46520
2019-01-08,36,46433
2019-01-08,37,46020
2019-01-08,38,45701
2019-01-08,39,44934
2019-01-08,40,43397
2019-01-08,41,42675
2019-01-08,42,41182
2019-01-08,43,39122
2019-01-08,44,36756
2019-01-08,45,34807
2019-01-08,46,32716
2019-01-08,47,31068
2019-01-08,48,30289
2019-01-09,1,29804
2019-01-09,2,30172
2019-01-09,3,29891
2019-01-09,4,29610
2019-01-09,5,29627
2019-01-09,6,29619
2019-01-09,7,29546
2019-01-09,8,29058
2019-01-09,9,29167
2019-01-09,10,29527
2019-01-09,11,29874
2019-01-09,12,30544
2019-01-09,13,32657
2019-01-09,14,36299
2019-01-09,15,39853
2019-01-09,16,42525
2019-01-09,17,43466
2019-01-09,18,43546
2019-01-09,19,44109
2019-01-09,20,43869
2019-01-09,21,43304
2019-01-09,22,42784
2019-01-09,23,42350
2019-01-09,24,42115
2019-01-09,25,42074
2019-01-09,26,42077
2019-01-09,27,42396
2019-01-09,28,42471
2019-01-09,29,42986
2019-01-09,30,43559
2019-01-09,31,43969
2019-01-09,32,45364
2019-01-09,33,46398
2019-01-09,34,46504
2019-01-09,35,47006
2019-01-09,36,46851
2019-01-09,37,46736
2019-01-09,38,46345
2019-01-09,39,46503
2019-01-09,40,46123
2019-01-09,41,45396
2019-01-09,42,43708
2019-01-09,43,41463
2019-01-09,44,39447
2019-01-09,45,36441
2019-01-09,46,34690
2019-01-09,47,32616
2019-01-09,48,31456
2019-01-10,1,31355
2019-01-10,2,31468
2019-01-10,3,31294
2019-01-10,4,31110
2019-01-10,5,30910
2019-01-10,6,30840
2019-01-10,7,30309
2019-01-10,8,30126
2019-01-10,9,30105
2019-01-10,10,30092
2019-01-10,11,29858
2019-01-10,12,31254
2019-01-10,13,34690
2019-01-10,14,37999
2019-01-10,15,41308
2019-01-10,16,43896
2019-01-10,17,44280
2019-01-10,18,44406
2019-01-10,19,44612
2019-01-10,20,44790
2019-01-10,21,44729
2019-01-10,22,44856
2019-01-10,23,44540
2019-01-10,24,44040
2019-01-10,25,44424
2019-01-10,26,44510
2019-01-10,27,44920
2019-01-10,28,44682
2019-01-10,29,45214
2019-01-10,30,45115
2019-01-10,31,44536
2019-01-10,32,45593
2019-01-10,33,45956
2019-01-10,34,46060
2019-01-10,35,46703
2019-01-10,36,46579
2019-01-10,37,46382
2019-01-10,38,46451
2019-01-10,39,46433
2019-01-10,40,45866
2019-01-10,41,44397
2019-01-10,42,43192
2019-01-10,43,41348
2019-01-10,44,39096
2019-01-10,45,35946
2019-01-10,46,34376
2019-01-10,47,31427
2019-01-10,48,30403
2019-01-11,1,30897
2019-01-11,2,31128
2019-01-11,3,31045
2019-01-11,4,30496
2019-01-11,5,30571
2019-01-11,6,30480
2019-01-11,7,29940
2019-01-11,8,29411
2019-01-11,9,29219
2019-01-11,10,29119
2019-01-11,11,29789
2019-01-11,12,30257
2019-01-11,13,34207
2019-01-11,14,36467
2019-01-11,15,41114
2019-01-11,16,43856
2019-01-11,17,44096
2019-01-11,18,44160
2019-01-11,19,43850
2019-01-11,20,43590
2019-01-11,21,43999
2019-01-11,22,43863
2019-01-11,23,43953
2019-01-11,24,43647
2019-01-11,25,43034
2019-01-11,26,42700
2019-01-11,27,42656
2019-01-11,28,42429
2019-01-11,29,42411
2019-01-11,30,42064
2019-01-11,31,43361
2019-01-11,32,43550
2019-01-11,33,44776
2019-01-11,34,45982
2019-01-11,35,46877
2019-01-11,36,46506
2019-01-11,37,45387
2019-01-11,38,44745
2019-01-11,39,43486
2019-01-11,40,41486
2019-01-11,41,40477
2019-01-11,42,38689
2019-01-11,43,38117
2019-01-11,44,35632
2019-01-11,45,33744
2019-01-11,46,31562
2019-01-11,47,28747
2019-01-11,48,27489
2019-01-12,1,26886
2019-01-12,2,26788
2019-01-12,3,26465
2019-01-12,4,25556
2019-01-12,5,25365
2019-01-12,6,25330
2019-01-12,7,25110
2019-01-12,8,24550
2019-01-12,9,24270
2019-01-12,10,24103
2019-01-12,11,23979
2019-01-12,12,24164
2019-01-12,13,24781
2019-01-12,14,25153
2019-01-12,15,27158
2019-01-12,16,27967
2019-01-12,17,30032
2019-01-12,18,31744
2019-01-12,19,33687
2019-01-12,20,34446
2019-01-12,21,34295
2019-01-12,22,34459
2019-01-12,23,34638
2019-01-12,24,34750
2019-01-12,25,34794
2019-01-12,26,34455
2019-01-12,27,34270
2019-01-12,28,33858
2019-01-12,29,33579
2019-01-12,30,33406
2019-01-12,31,34217
2019-01-12,32,34741
2019-01-12,33,36165
2019-01-12,34,37091
2019-01-12,35,39056
2019-01-12,36,39476
2019-01-12,37,39177
2019-01-12,38,38846
2019-01-12,39,37143
2019-01-12,40,35692
2019-01-12,41,34146
2019-01-12,42,32920
2019-01-12,43,31586
2019-01-12,44,30099
2019-01-12,45,28606
2019-01-12,46,26991
2019-01-12,47,25642
2019-01-12,48,24876
2019-01-13,1,24394
2019-01-13,2,24624
2019-01-13,3,24206
2019-01-13,4,23722
2019-01-13,5,23874
2019-01-13,6,23591
2019-01-13,7,23844
2019-01-13,8,23524
2019-01-13,9,23028
2019-01-13,10,22830
2019-01-13,11,22717
2019-01-13,12,22842
2019-01-13,13,23526
2019-01-13,14,23759
2019-01-13,15,23820
2019-01-13,16,24537
2019-01-13,17,25613
2019-01-13,18,27701
2019-01-13,19,29229
2019-01-13,20,30247
2019-01-13,21,31486
2019-01-13,22,31763
2019-01-13,23,32234
2019-01-13,24,32540
2019-01-13,25,32872
2019-01-13,26,33083
2019-01-13,27,33086
2019-01-13,28,32882
2019-01-13,29,33246
2019-01-13,30,33390
2019-01-13,31,33891
2019-01-13,32,34434
2019-01-13,33,36510
2019-01-13,34,38442
2019-01-13,35,38992
2019-01-13,36,39068
2019-01-13,37,38357
2019-01-13,38,37219
2019-01-13,39,36630
2019-01-13,40,35715
2019-01-13,41,34512
2019-01-13,42,32997
2019-01-13,43,31989
2019-01-13,44,30175
2019-01-13,45,28337
2019-01-13,46,27553
2019-01-13,47,26038
2019-01-13,48,25672
2019-01-14,1,25310
2019-01-14,2,26030
2019-01-14,3,25929
2019-01-14,4,25504
2019-01-14,5,25271
2019-01-14,6,25003
2019-01-14,7,24460
2019-01-14,8,24272
2019-01-14,9,24181
2019-01-14,10,24538
2019-01-14,11,25370
2019-01-14,12,26896
2019-01-14,13,29905
2019-01-14,14,34138
2019-01-14,15,37812
2019-01-14,16,40559
2019-01-14,17,41926
2019-01-14,18,41976
2019-01-14,19,42485
2019-01-14,20,42258
2019-01-14,21,42977
2019-01-14,22,42774
2019-01-14,23,42581
2019-01-14,24,42703
2019-01-14,25,41991
2019-01-14,26,41936
2019-01-14,27,42018
2019-01-14,28,42116
2019-01-14,29,42313
2019-01-14,30,42538
2019-01-14,31,42668
2019-01-14,32,43112
2019-01-14,33,44278
2019-01-14,34,46002
2019-01-14,35,46398
2019-01-14,36,46168
2019-01-14,37,45987
2019-01-14,38,45619
2019-01-14,39,44430
2019-01-14,40,43070
2019-01-14,41,41749
2019-01-14,42,40080
2019-01-14,43,37719
2019-01-14,44,35342
2019-01-14,45,33411
2019-01-14,46,31257
2019-01-14,47,28852
2019-01-14,48,27856
2019-01-15,1,27466
2019-01-15,2,27786
2019-01-15,3,27794
2019-01-15,4,27663
2019-01-15,5,27718
2019-01-15,6,27423
2019-01-15,7,26886
2019-01-15,8,26361
2019-01-15,9,26170
2019-01-15,10,26374
2019-01-15,11,26773
2019-01-15,12,27585
2019-01-15,13,30180
2019-01-15,14,33309
2019-01-15,15,37105
2019-01-15,16,38985
2019-01-15,17,40223
2019-01-15,18,40356
2019-01-15,19,40551
2019-01-15,20,40436
2019-01-15,21,39916
2019-01-15,22,39603
2019-01-15,23,39254
2019-01-15,24,39353
2019-01-15,25,39583
2019-01-15,26,39483
2019-01-15,27,39392
2019-01-15,28,39410
2019-01-15,29,39668
2019-01-15,30,39836
2019-01-15,31,40116
2019-01-15,32,40924
2019-01-15,33,42752
2019-01-15,34,44215
2019-01-15,35,45040
2019-01-15,36,44944
2019-01-15,37,44596
2019-01-15,38,43906
2019-01-15,39,42807
2019-01-15,40,41276
2019-01-15,41,39903
2019-01-15,42,38318
2019-01-15,43,36165
2019-01-15,44,33713
2019-01-15,45,31529
2019-01-15,46,29258
2019-01-15,47,27457
2019-01-15,48,25778
2019-01-16,1,26178
2019-01-16,2,26703
2019-01-16,3,26590
2019-01-16,4,26494
2019-01-16,5,26206
2019-01-16,6,26104
2019-01-16,7,25838
2019-01-16,8,25437
2019-01-16,9,25075
2019-01-16,10,25034
2019-01-16,11,24589
2019-01-16,12,25943
2019-01-16,13,30027
2019-01-16,14,33260
2019-01-16,15,37930
2019-01-16,16,39978
2019-01-16,17,40264
2019-01-16,18,40344
2019-01-16,19,40490
2019-01-16,20,40528
2019-01-16,21,40738
2019-01-16,22,40772
2019-01-16,23,40947
2019-01-16,24,41161
2019-01-16,25,41499
2019-01-16,26,41544
2019-01-16,27,41396
2019-01-16,28,41047
2019-01-16,29,41091
2019-01-16,30,40876
2019-01-16,31,40584
2019-01-16,32,41855
2019-01-16,33,43261
2019-01-16,34,44922
2019-01-16,35,45681
2019-01-16,36,45504
2019-01-16,37,45190
2019-01-16,38,44470
2019-01-16,39,43414
2019-01-16,40,42391
2019-01-16,41,41325
2019-01-16,42,39850
2019-01-16,43,37991
2019-01-16,44,35806
2019-01-16,45,33460
2019-01-16,46,31484
2019-01-16,47,29376
2019-01-16,48,28009
2019-01-17,1,28263
2019-01-17,2,28778
2019-01-17,3,28443
2019-01-17,4,28489
2019-01-17,5,28622
2019-01-17,6,28458
2019-01-17,7,28068
2019-01-17,8,27360
2019-01-17,9,27380
2019-01-17,10,27403
2019-01-17,11,27755
2019-01-17,12,28621
2019-01-17,13,30913
2019-01-17,14,34163
2019-01-17,15,38536
2019-01-17,16,40991
2019-01-17,17,42420
2019-01-17,18,42607
2019-01-17,19,42381
2019-01-17,20,41776
2019-01-17,21,40863
2019-01-17,22,40161
2019-01-17,23,40131
2019-01-17,24,39554
2019-01-17,25,39106
2019-01-17,26,39034
2019-01-17,27,39146
2019-01-17,28,39532
2019-01-17,29,40220
2019-01-17,30,41121
2019-01-17,31,42152
2019-01-17,32,43857
2019-01-17,33,45280
2019-01-17,34,46301
2019-01-17,35,46612
2019-01-17,36,46780
2019-01-17,37,46922
2019-01-17,38,46764
2019-01-17,39,46764
2019-01-17,40,46037
2019-01-17,41,45019
2019-01-17,42,43434
2019-01-17,43,41406
2019-01-17,44,38949
2019-01-17,45,36649
2019-01-17,46,34576
2019-01-17,47,32521
2019-01-17,48,31235
2019-01-18,1,31246
2019-01-18,2,31408
2019-01-18,3,31424
2019-01-18,4,30850
2019-01-18,5,31178
2019-01-18,6,31231
2019-01-18,7,31026
2019-01-18,8,30577
2019-01-18,9,30362
2019-01-18,10,30200
2019-01-18,11,29872
2019-01-18,12,30882
2019-01-18,13,33921
2019-01-18,14,37159
2019-01-18,15,41103
2019-01-18,16,43174
2019-01-18,17,44046
2019-01-18,18,44078
2019-01-18,19,44877
2019-01-18,20,44864
2019-01-18,21,44574
2019-01-18,22,44301
2019-01-18,23,44192
2019-01-18,24,43952
2019-01-18,25,43903
2019-01-18,26,43736
2019-01-18,27,43439
2019-01-18,28,43097
2019-01-18,29,43118
2019-01-18,30,43220
2019-01-18,31,43211
2019-01-18,32,43989
2019-01-18,33,44878
2019-01-18,34,45988
2019-01-18,35,46480
2019-01-18,36,46262
2019-01-18,37,46162
2019-01-18,38,46165
2019-01-18,39,45565
2019-01-18,40,44227
2019-01-18,41,42554
2019-01-18,42,40731
2019-01-18,43,38736
2019-01-18,44,36900
2019-01-18,45,35140
2019-01-18,46,33490
2019-01-18,47,31840
2019-01-18,48,30694
2019-01-19,1,30474
2019-01-19,2,30708
2019-01-19,3,30140
2019-01-19,4,29329
2019-01-19,5,29147
2019-01-19,6,29101
2019-01-19,7,29091
2019-01-19,8,28587
2019-01-19,9,28173
2019-01-19,10,28135
2019-01-19,11,28134
2019-01-19,12,28392
2019-01-19,13,28912
2019-01-19,14,30164
2019-01-19,15,32145
2019-01-19,16,33708
2019-01-19,17,35801
2019-01-19,18,37764
2019-01-19,19,39728
2019-01-19,20,40608
2019-01-19,21,41179
2019-01-19,22,41318
2019-01-19,23,41623
2019-01-19,24,41661
2019-01-19,25,41677
2019-01-19,26,41581
2019-01-19,27,41173
2019-01-19,28,40832
2019-01-19,29,40657
2019-01-19,30,40634
2019-01-19,31,40804
2019-01-19,32,40982
2019-01-19,33,42129
2019-01-19,34,43672
2019-01-19,35,44910
2019-01-19,36,44805
2019-01-19,37,44195
2019-01-19,38,43942
2019-01-19,39,42979
2019-01-19,40,41414
2019-01-19,41,40599
2019-01-19,42,39165
2019-01-19,43,37739
2019-01-19,44,36451
2019-01-19,45,35049
2019-01-19,46,33866
2019-01-19,47,32190
2019-01-19,48,31143
2019-01-20,1,30860
2019-01-20,2,31008
2019-01-20,3,30424
2019-01-20,4,29464
2019-01-20,5,29365
2019-01-20,6,29131
2019-01-20,7,29053
2019-01-20,8,28808
2019-01-20,9,28707
2019-01-20,10,28750
2019-01-20,11,28752
2019-01-20,12,29018
2019-01-20,13,29657
2019-01-20,14,30234
2019-01-20,15,30453
2019-01-20,16,31107
2019-01-20,17,32185
2019-01-20,18,33867
2019-01-20,19,35655
2019-01-20,20,36623
2019-01-20,21,37353
2019-01-20,22,37563
2019-01-20,23,37628
2019-01-20,24,37691
2019-01-20,25,37784
2019-01-20,26,37795
2019-01-20,27,37724
2019-01-20,28,37557
2019-01-20,29,37773
2019-01-20,30,38174
2019-01-20,31,38900
2019-01-20,32,40013
2019-01-20,33,41794
2019-01-20,34,44225
2019-01-20,35,45901
2019-01-20,36,45809
2019-01-20,37,45280
2019-01-20,38,44899
2019-01-20,39,43962
2019-01-20,40,42621
2019-01-20,41,41470
2019-01-20,42,40166
2019-01-20,43,38511
2019-01-20,44,36711
2019-01-20,45,34963
2019-01-20,46,33300
2019-01-20,47,31587
2019-01-20,48,31005
2019-01-21,1,31528
2019-01-21,2,31729
2019-01-21,3,31918
2019-01-21,4,31483
2019-01-21,5,31388
2019-01-21,6,31348
2019-01-21,7,31004
2019-01-21,8,30734
2019-01-21,9,30484
2019-01-21,10,30580
2019-01-21,11,30755
2019-01-21,12,32048
2019-01-21,13,35105
2019-01-21,14,38322
2019-01-21,15,40991
2019-01-21,16,42778
2019-01-21,17,43980
2019-01-21,18,44152
2019-01-21,19,44811
2019-01-21,20,44785
2019-01-21,21,44764
2019-01-21,22,44781
2019-01-21,23,45285
2019-01-21,24,45243
2019-01-21,25,45147
2019-01-21,26,44889
2019-01-21,27,45178
2019-01-21,28,45050
2019-01-21,29,45431
2019-01-21,30,45659
2019-01-21,31,44979
2019-01-21,32,45480
2019-01-21,33,46568
2019-01-21,34,47185
2019-01-21,35,47123
2019-01-21,36,46696
2019-01-21,37,46934
2019-01-21,38,46782
2019-01-21,39,45234
2019-01-21,40,44106
2019-01-21,41,42451
2019-01-21,42,40504
2019-01-21,43,38373
2019-01-21,44,36150
2019-01-21,45,34033
2019-01-21,46,32308
2019-01-21,47,31573
2019-01-21,48,30620
2019-01-22,1,30172
2019-01-22,2,30652
2019-01-22,3,30004
2019-01-22,4,29461
2019-01-22,5,29715
2019-01-22,6,29728
2019-01-22,7,29339
2019-01-22,8,29047
2019-01-22,9,28641
2019-01-22,10,28677
2019-01-22,11,30586
2019-01-22,12,32099
2019-01-22,13,35941
2019-01-22,14,39271
2019-01-22,15,42560
2019-01-22,16,44646
2019-01-22,17,45412
2019-01-22,18,45347
2019-01-22,19,45822
2019-01-22,20,45454
2019-01-22,21,45109
2019-01-22,22,44326
2019-01-22,23,43668
2019-01-22,24,44543
2019-01-22,25,43759
2019-01-22,26,43761
2019-01-22,27,44500
2019-01-22,28,44787
2019-01-22,29,44615
2019-01-22,30,44704
2019-01-22,31,44339
2019-01-22,32,44971
2019-01-22,33,46250
2019-01-22,34,46860
2019-01-22,35,47358
2019-01-22,36,47604
2019-01-22,37,47688
2019-01-22,38,47647
2019-01-22,39,46805
2019-01-22,40,46590
2019-01-22,41,45043
2019-01-22,42,43644
2019-01-22,43,41685
2019-01-22,44,39321
2019-01-22,45,37159
2019-01-22,46,34907
2019-01-22,47,32724
2019-01-22,48,31480
2019-01-23,1,32167
2019-01-23,2,32815
2019-01-23,3,32751
2019-01-23,4,32428
2019-01-23,5,32168
2019-01-23,6,31984
2019-01-23,7,31500
2019-01-23,8,31012
2019-01-23,9,30799
2019-01-23,10,31056
2019-01-23,11,31690
2019-01-23,12,33015
2019-01-23,13,37512
2019-01-23,14,41152
2019-01-23,15,42900
2019-01-23,16,44791
2019-01-23,17,45754
2019-01-23,18,45845
2019-01-23,19,45507
2019-01-23,20,45356
2019-01-23,21,45129
2019-01-23,22,44739
2019-01-23,23,44030
2019-01-23,24,43774
2019-01-23,25,43721
2019-01-23,26,43524
2019-01-23,27,43296
2019-01-23,28,43226
2019-01-23,29,43528
2019-01-23,30,43752
2019-01-23,31,44393
2019-01-23,32,45447
2019-01-23,33,46475
2019-01-23,34,47344
2019-01-23,35,48582
2019-01-23,36,48640
2019-01-23,37,48498
2019-01-23,38,48304
2019-01-23,39,47686
2019-01-23,40,47528
2019-01-23,41,46918
2019-01-23,42,45363
2019-01-23,43,43138
2019-01-23,44,40859
2019-01-23,45,38430
2019-01-23,46,36455
2019-01-23,47,34963
2019-01-23,48,34004
2019-01-24,1,33937
2019-01-24,2,34258
2019-01-24,3,33933
2019-01-24,4,33295
2019-01-24,5,32903
2019-01-24,6,32699
2019-01-24,7,32332
2019-01-24,8,31994
2019-01-24,9,32288
2019-01-24,10,32648
2019-01-24,11,34623
2019-01-24,12,35846
2019-01-24,13,38001
2019-01-24,14,40840
2019-01-24,15,42190
2019-01-24,16,43815
2019-01-24,17,44652
2019-01-24,18,44897
2019-01-24,19,45890
2019-01-24,20,46068
2019-01-24,21,45951
2019-01-24,22,45880
2019-01-24,23,45506
2019-01-24,24,45198
2019-01-24,25,45349
2019-01-24,26,45013
2019-01-24,27,44548
2019-01-24,28,44295
2019-01-24,29,44442
2019-01-24,30,44442
2019-01-24,31,44457
2019-01-24,32,45046
2019-01-24,33,45753
2019-01-24,34,46512
2019-01-24,35,46878
2019-01-24,36,46776
2019-01-24,37,46852
2019-01-24,38,46705
2019-01-24,39,46153
2019-01-24,40,45889
2019-01-24,41,44659
2019-01-24,42,43118
2019-01-24,43,41182
2019-01-24,44,38619
2019-01-24,45,37288
2019-01-24,46,34880
2019-01-24,47,31890
2019-01-24,48,30562
2019-01-25,1,30901
2019-01-25,2,31762
2019-01-25,3,31572
2019-01-25,4,31001
2019-01-25,5,30898
2019-01-25,6,30708
2019-01-25,7,30251
2019-01-25,8,29781
2019-01-25,9,30414
2019-01-25,10,30330
2019-01-25,11,31281
2019-01-25,12,32392
2019-01-25,13,34862
2019-01-25,14,37389
2019-01-25,15,40985
2019-01-25,16,42916
2019-01-25,17,43698
2019-01-25,18,43900
2019-01-25,19,43874
2019-01-25,20,43494
2019-01-25,21,43149
2019-01-25,22,42754
2019-01-25,23,42610
2019-01-25,24,42210
2019-01-25,25,41866
2019-01-25,26,41114
2019-01-25,27,40096
2019-01-25,28,39570
2019-01-25,29,39658
2019-01-25,30,39756
2019-01-25,31,40434
2019-01-25,32,41277
2019-01-25,33,41460
2019-01-25,34,43078
2019-01-25,35,45028
2019-01-25,36,45176
2019-01-25,37,44593
2019-01-25,38,43700
2019-01-25,39,42330
2019-01-25,40,40992
2019-01-25,41,39331
2019-01-25,42,37433
2019-01-25,43,35397
2019-01-25,44,33526
2019-01-25,45,31793
2019-01-25,46,30096
2019-01-25,47,28208
2019-01-25,48,27277
2019-01-26,1,26925
2019-01-26,2,27147
2019-01-26,3,26696
2019-01-26,4,25864
2019-01-26,5,25914
2019-01-26,6,25755
2019-01-26,7,25536
2019-01-26,8,25119
2019-01-26,9,25105
2019-01-26,10,25246
2019-01-26,11,25428
2019-01-26,12,25546
2019-01-26,13,26386
2019-01-26,14,27421
2019-01-26,15,28859
2019-01-26,16,29335
2019-01-26,17,30539
2019-01-26,18,33154
2019-01-26,19,34292
2019-01-26,20,34819
2019-01-26,21,35342
2019-01-26,22,35116
2019-01-26,23,35081
2019-01-26,24,35029
2019-01-26,25,34948
2019-01-26,26,34800
2019-01-26,27,34512
2019-01-26,28,34261
2019-01-26,29,34273
2019-01-26,30,34528
2019-01-26,31,34712
2019-01-26,32,35278
2019-01-26,33,36360
2019-01-26,34,38080
2019-01-26,35,40002
2019-01-26,36,40244
2019-01-26,37,39860
2019-01-26,38,39029
2019-01-26,39,38072
2019-01-26,40,36678
2019-01-26,41,35478
2019-01-26,42,34114
2019-01-26,43,32539
2019-01-26,44,31480
2019-01-26,45,29762
2019-01-26,46,28397
2019-01-26,47,27090
2019-01-26,48,26330
2019-01-27,1,26008
2019-01-27,2,26354
2019-01-27,3,26171
2019-01-27,4,25241
2019-01-27,5,25256
2019-01-27,6,25398
2019-01-27,7,25378
2019-01-27,8,24738
2019-01-27,9,24414
2019-01-27,10,24166
2019-01-27,11,24358
2019-01-27,12,24530
2019-01-27,13,25401
2019-01-27,14,25854
2019-01-27,15,26300
2019-01-27,16,26436
2019-01-27,17,26917
2019-01-27,18,28470
2019-01-27,19,29774
2019-01-27,20,30344
2019-01-27,21,31017
2019-01-27,22,31270
2019-01-27,23,31740
2019-01-27,24,32217
2019-01-27,25,32804
2019-01-27,26,33154
2019-01-27,27,33525
2019-01-27,28,33520
2019-01-27,29,33964
2019-01-27,30,34448
2019-01-27,31,35254
2019-01-27,32,36244
2019-01-27,33,37547
2019-01-27,34,39835
2019-01-27,35,41766
2019-01-27,36,42103
2019-01-27,37,41665
2019-01-27,38,40695
2019-01-27,39,40027
2019-01-27,40,38965
2019-01-27,41,38065
2019-01-27,42,36672
2019-01-27,43,35357
2019-01-27,44,33630
2019-01-27,45,31998
2019-01-27,46,30415
2019-01-27,47,28770
2019-01-27,48,28207
2019-01-28,1,28196
2019-01-28,2,27918
2019-01-28,3,27645
2019-01-28,4,27387
2019-01-28,5,27221
2019-01-28,6,27238
2019-01-28,7,27330
2019-01-28,8,27184
2019-01-28,9,27148
2019-01-28,10,27275
2019-01-28,11,27668
2019-01-28,12,29140
2019-01-28,13,32152
2019-01-28,14,35458
2019-01-28,15,39464
2019-01-28,16,40915
2019-01-28,17,42074
2019-01-28,18,42338
2019-01-28,19,42961
2019-01-28,20,42680
2019-01-28,21,41582
2019-01-28,22,40798
2019-01-28,23,40360
2019-01-28,24,40211
2019-01-28,25,40372
2019-01-28,26,40425
2019-01-28,27,40357
2019-01-28,28,40580
2019-01-28,29,40653
2019-01-28,30,41097
2019-01-28,31,41908
2019-01-28,32,43094
2019-01-28,33,44308
2019-01-28,34,45718
2019-01-28,35,47388
2019-01-28,36,47627
2019-01-28,37,47638
2019-01-28,38,47290
2019-01-28,39,46394
2019-01-28,40,45499
2019-01-28,41,45012
2019-01-28,42,43399
2019-01-28,43,41144
2019-01-28,44,38723
2019-01-28,45,36386
2019-01-28,46,34179
2019-01-28,47,32088
2019-01-28,48,31587
2019-01-29,1,31414
2019-01-29,2,31676
2019-01-29,3,31474
2019-01-29,4,31156
2019-01-29,5,31414
2019-01-29,6,31620
2019-01-29,7,31486
2019-01-29,8,31172
2019-01-29,9,30952
2019-01-29,10,31129
2019-01-29,11,30572
2019-01-29,12,31392
2019-01-29,13,34153
2019-01-29,14,37513
2019-01-29,15,41758
2019-01-29,16,43618
2019-01-29,17,44470
2019-01-29,18,44422
2019-01-29,19,44833
2019-01-29,20,44856
2019-01-29,21,44265
2019-01-29,22,44447
2019-01-29,23,44693
2019-01-29,24,44744
2019-01-29,25,45091
2019-01-29,26,45030
2019-01-29,27,44732
2019-01-29,28,44312
2019-01-29,29,44414
2019-01-29,30,44399
2019-01-29,31,44764
2019-01-29,32,45492
2019-01-29,33,46314
2019-01-29,34,47116
2019-01-29,35,47219
2019-01-29,36,47575
2019-01-29,37,47428
2019-01-29,38,47142
2019-01-29,39,47045
2019-01-29,40,46447
2019-01-29,41,44966
2019-01-29,42,42961
2019-01-29,43,41117
2019-01-29,44,38886
2019-01-29,45,36344
2019-01-29,46,34134
2019-01-29,47,32180
2019-01-29,48,31089
2019-01-30,1,31379
2019-01-30,2,32129
2019-01-30,3,32374
2019-01-30,4,32083
2019-01-30,5,31710
2019-01-30,6,31741
2019-01-30,7,31620
2019-01-30,8,31288
2019-01-30,9,31160
2019-01-30,10,31295
2019-01-30,11,31997
2019-01-30,12,33025
2019-01-30,13,35058
2019-01-30,14,38532
2019-01-30,15,42834
2019-01-30,16,44639
2019-01-30,17,45397
2019-01-30,18,45654
2019-01-30,19,45874
2019-01-30,20,45886
2019-01-30,21,45790
2019-01-30,22,45024
2019-01-30,23,44664
2019-01-30,24,44113
2019-01-30,25,43614
2019-01-30,26,43354
2019-01-30,27,42887
2019-01-30,28,42876
2019-01-30,29,43178
2019-01-30,30,43602
2019-01-30,31,44406
2019-01-30,32,45574
2019-01-30,33,46548
2019-01-30,34,47240
2019-01-30,35,47908
2019-01-30,36,48232
2019-01-30,37,48417
2019-01-30,38,48448
2019-01-30,39,48066
2019-01-30,40,47336
2019-01-30,41,46611
2019-01-30,42,45154
2019-01-30,43,43501
2019-01-30,44,41335
2019-01-30,45,39044
2019-01-30,46,36997
2019-01-30,47,34846
2019-01-30,48,33549
2019-01-31,1,33115
2019-01-31,2,33216
2019-01-31,3,33632
2019-01-31,4,33215
2019-01-31,5,33060
2019-01-31,6,32940
2019-01-31,7,33023
2019-01-31,8,32958
2019-01-31,9,32822
2019-01-31,10,32926
2019-01-31,11,32947
2019-01-31,12,33490
2019-01-31,13,36183
2019-01-31,14,39600
2019-01-31,15,43722
2019-01-31,16,44794
2019-01-31,17,45748
2019-01-31,18,46052
2019-01-31,19,46522
2019-01-31,20,45950
2019-01-31,21,45511
2019-01-31,22,45322
2019-01-31,23,44917
2019-01-31,24,45009
2019-01-31,25,45345
2019-01-31,26,45132
2019-01-31,27,45051
2019-01-31,28,45030
2019-01-31,29,45193
2019-01-31,30,45290
2019-01-31,31,45600
2019-01-31,32,46219
2019-01-31,33,47110
2019-01-31,34,47594
2019-01-31,35,47826
2019-01-31,36,47636
2019-01-31,37,47591
2019-01-31,38,47534
2019-01-31,39,47346
2019-01-31,40,46549
2019-01-31,41,45256
2019-01-31,42,43339
2019-01-31,43,41324
2019-01-31,44,38920
2019-01-31,45,36577
2019-01-31,46,34426
2019-01-31,47,32416
2019-01-31,48,31416
2019-02-01,1,31626
2019-02-01,2,31752
2019-02-01,3,32417
2019-02-01,4,31996
2019-02-01,5,31412
2019-02-01,6,31304
2019-02-01,7,31414
2019-02-01,8,30997
2019-02-01,9,30808
2019-02-01,10,30914
2019-02-01,11,30431
2019-02-01,12,31419
2019-02-01,13,35138
2019-02-01,14,38201
2019-02-01,15,42235
2019-02-01,16,44109
2019-02-01,17,45098
2019-02-01,18,45528
2019-02-01,19,45469
2019-02-01,20,45933
2019-02-01,21,46662
2019-02-01,22,46605
2019-02-01,23,46348
2019-02-01,24,46228
2019-02-01,25,46358
2019-02-01,26,46265
2019-02-01,27,45810
2019-02-01,28,45513
2019-02-01,29,44688
2019-02-01,30,44941
2019-02-01,31,44909
2019-02-01,32,45288
2019-02-01,33,45946
2019-02-01,34,46346
2019-02-01,35,47072
2019-02-01,36,47373
2019-02-01,37,47444
2019-02-01,38,47100
2019-02-01,39,46588
2019-02-01,40,45399
2019-02-01,41,43710
2019-02-01,42,42094
2019-02-01,43,39908
2019-02-01,44,37795
2019-02-01,45,36215
2019-02-01,46,34924
2019-02-01,47,32701
2019-02-01,48,31172
2019-02-02,1,30688
2019-02-02,2,30750
2019-02-02,3,30679
2019-02-02,4,30125
2019-02-02,5,30235
2019-02-02,6,30250
2019-02-02,7,30420
2019-02-02,8,30094
2019-02-02,9,29689
2019-02-02,10,29527
2019-02-02,11,29282
2019-02-02,12,29653
2019-02-02,13,30793
2019-02-02,14,31844
2019-02-02,15,32701
2019-02-02,16,33760
2019-02-02,17,35917
2019-02-02,18,37792
2019-02-02,19,39165
2019-02-02,20,39079
2019-02-02,21,38954
2019-02-02,22,38759
2019-02-02,23,38336
2019-02-02,24,37939
2019-02-02,25,37463
2019-02-02,26,36762
2019-02-02,27,36498
2019-02-02,28,36216
2019-02-02,29,36408
2019-02-02,30,36895
2019-02-02,31,37676
2019-02-02,32,38783
2019-02-02,33,40232
2019-02-02,34,41927
2019-02-02,35,43855
2019-02-02,36,44739
2019-02-02,37,44346
2019-02-02,38,43893
2019-02-02,39,43309
2019-02-02,40,42370
2019-02-02,41,41370
2019-02-02,42,39998
2019-02-02,43,38702
2019-02-02,44,37316
2019-02-02,45,35721
2019-02-02,46,34594
2019-02-02,47,32983
2019-02-02,48,31902
2019-02-03,1,31321
2019-02-03,2,31435
2019-02-03,3,31655
2019-02-03,4,30921
2019-02-03,5,30395
2019-02-03,6,30424
2019-02-03,7,30378
2019-02-03,8,29984
2019-02-03,9,29597
2019-02-03,10,29340
2019-02-03,11,29217
2019-02-03,12,29521
2019-02-03,13,30464
2019-02-03,14,31062
2019-02-03,15,31568
2019-02-03,16,31481
2019-02-03,17,32457
2019-02-03,18,33716
2019-02-03,19,34791
2019-02-03,20,35387
2019-02-03,21,35784
2019-02-03,22,35860
2019-02-03,23,35680
2019-02-03,24,35435
2019-02-03,25,35654
2019-02-03,26,35742
2019-02-03,27,35797
2019-02-03,28,35789
2019-02-03,29,36195
2019-02-03,30,36801
2019-02-03,31,38121
2019-02-03,32,39241
2019-02-03,33,40318
2019-02-03,34,41930
2019-02-03,35,43655
2019-02-03,36,44123
2019-02-03,37,43659
2019-02-03,38,42783
2019-02-03,39,41883
2019-02-03,40,40347
2019-02-03,41,39167
2019-02-03,42,37337
2019-02-03,43,35735
2019-02-03,44,33619
2019-02-03,45,32258
2019-02-03,46,30453
2019-02-03,47,27681
2019-02-03,48,26612
2019-02-04,1,26451
2019-02-04,2,26962
2019-02-04,3,27548
2019-02-04,4,27635
2019-02-04,5,27596
2019-02-04,6,27326
2019-02-04,7,27251
2019-02-04,8,26904
2019-02-04,9,26865
2019-02-04,10,27058
2019-02-04,11,27275
2019-02-04,12,28348
2019-02-04,13,31009
2019-02-04,14,34477
2019-02-04,15,39990
2019-02-04,16,42110
2019-02-04,17,43077
2019-02-04,18,43391
2019-02-04,19,43434
2019-02-04,20,43872
2019-02-04,21,44176
2019-02-04,22,43573
2019-02-04,23,44217
2019-02-04,24,44186
2019-02-04,25,43606
2019-02-04,26,43072
2019-02-04,27,41926
2019-02-04,28,41334
2019-02-04,29,41548
2019-02-04,30,41363
2019-02-04,31,41782
2019-02-04,32,42838
2019-02-04,33,44280
2019-02-04,34,45270
2019-02-04,35,45918
2019-02-04,36,46522
2019-02-04,37,46531
2019-02-04,38,46181
2019-02-04,39,45842
2019-02-04,40,45545
2019-02-04,41,44374
2019-02-04,42,42661
2019-02-04,43,40562
2019-02-04,44,38372
2019-02-04,45,36262
2019-02-04,46,34202
2019-02-04,47,32046
2019-02-04,48,30984
2019-02-05,1,30691
2019-02-05,2,31004
2019-02-05,3,31860
2019-02-05,4,31724
2019-02-05,5,31578
2019-02-05,6,31514
2019-02-05,7,31027
2019-02-05,8,30610
2019-02-05,9,30457
2019-02-05,10,30684
2019-02-05,11,31135
2019-02-05,12,32571
2019-02-05,13,34420
2019-02-05,14,37483
2019-02-05,15,41399
2019-02-05,16,42611
2019-02-05,17,43417
2019-02-05,18,43525
2019-02-05,19,43826
2019-02-05,20,43663
2019-02-05,21,43305
2019-02-05,22,43141
2019-02-05,23,42973
2019-02-05,24,43016
2019-02-05,25,43271
2019-02-05,26,43452
2019-02-05,27,43321
2019-02-05,28,43307
2019-02-05,29,43349
2019-02-05,30,43149
2019-02-05,31,43147
2019-02-05,32,43853
2019-02-05,33,44598
2019-02-05,34,45578
2019-02-05,35,45991
2019-02-05,36,45604
2019-02-05,37,45586
2019-02-05,38,45446
2019-02-05,39,44797
2019-02-05,40,43450
2019-02-05,41,41844
2019-02-05,42,39816
2019-02-05,43,37600
2019-02-05,44,35581
2019-02-05,45,33607
2019-02-05,46,31742
2019-02-05,47,29745
2019-02-05,48,28292
2019-02-06,1,28174
2019-02-06,2,28704
2019-02-06,3,28888
2019-02-06,4,28587
2019-02-06,5,28452
2019-02-06,6,28483
2019-02-06,7,28550
2019-02-06,8,28374
2019-02-06,9,28375
2019-02-06,10,28326
2019-02-06,11,28654
2019-02-06,12,29173
2019-02-06,13,32615
2019-02-06,14,36034
2019-02-06,15,39816
2019-02-06,16,40864
2019-02-06,17,41572
2019-02-06,18,41305
2019-02-06,19,41731
2019-02-06,20,41399
2019-02-06,21,40150
2019-02-06,22,39820
2019-02-06,23,39509
2019-02-06,24,39292
2019-02-06,25,39222
2019-02-06,26,39726
2019-02-06,27,39790
2019-02-06,28,39715
2019-02-06,29,39989
2019-02-06,30,40074
2019-02-06,31,40304
2019-02-06,32,41255
2019-02-06,33,42611
2019-02-06,34,43626
2019-02-06,35,45162
2019-02-06,36,45636
2019-02-06,37,45477
2019-02-06,38,44945
2019-02-06,39,44195
2019-02-06,40,43769
2019-02-06,41,42795
2019-02-06,42,41034
2019-02-06,43,39116
2019-02-06,44,36834
2019-02-06,45,34645
2019-02-06,46,33046
2019-02-06,47,30926
2019-02-06,48,29374
2019-02-07,1,29104
2019-02-07,2,29177
2019-02-07,3,28974
2019-02-07,4,28863
2019-02-07,5,28454
2019-02-07,6,28366
2019-02-07,7,28138
2019-02-07,8,27795
2019-02-07,9,27509
2019-02-07,10,27837
2019-02-07,11,28223
2019-02-07,12,29020
2019-02-07,13,31809
2019-02-07,14,34862
2019-02-07,15,38226
2019-02-07,16,39621
2019-02-07,17,40275
2019-02-07,18,40042
2019-02-07,19,40497
2019-02-07,20,40211
2019-02-07,21,39480
2019-02-07,22,39245
2019-02-07,23,38915
2019-02-07,24,38364
2019-02-07,25,38057
2019-02-07,26,37614
2019-02-07,27,37109
2019-02-07,28,36806
2019-02-07,29,37032
2019-02-07,30,37086
2019-02-07,31,37444
2019-02-07,32,38956
2019-02-07,33,40503
2019-02-07,34,42450
2019-02-07,35,44179
2019-02-07,36,45140
2019-02-07,37,45118
2019-02-07,38,44679
2019-02-07,39,43455
2019-02-07,40,42576
2019-02-07,41,41142
2019-02-07,42,39456
2019-02-07,43,37263
2019-02-07,44,35038
2019-02-07,45,32601
2019-02-07,46,30804
2019-02-07,47,28769
2019-02-07,48,27527
2019-02-08,1,27169
2019-02-08,2,27494
2019-02-08,3,27238
2019-02-08,4,26698
2019-02-08,5,26644
2019-02-08,6,26760
2019-02-08,7,26552
2019-02-08,8,26421
2019-02-08,9,25974
2019-02-08,10,26047
2019-02-08,11,25880
2019-02-08,12,26621
2019-02-08,13,28962
2019-02-08,14,31947
2019-02-08,15,35545
2019-02-08,16,37212
2019-02-08,17,38220
2019-02-08,18,38424
2019-02-08,19,39398
2019-02-08,20,39639
2019-02-08,21,39635
2019-02-08,22,39621
2019-02-08,23,39568
2019-02-08,24,39464
2019-02-08,25,39571
2019-02-08,26,39226
2019-02-08,27,38667
2019-02-08,28,38024
2019-02-08,29,37653
2019-02-08,30,37105
2019-02-08,31,37072
2019-02-08,32,37601
2019-02-08,33,38403
2019-02-08,34,39456
2019-02-08,35,40991
2019-02-08,36,41741
2019-02-08,37,41551
2019-02-08,38,40809
2019-02-08,39,39803
2019-02-08,40,38584
2019-02-08,41,36953
2019-02-08,42,35289
2019-02-08,43,33782
2019-02-08,44,28717
2019-02-08,45,30050
2019-02-08,46,28710
2019-02-08,47,27120
2019-02-08,48,26072
2019-02-09,1,25802
2019-02-09,2,18318
2019-02-09,3,3502
2019-02-09,4,3282
2019-02-09,5,2964
2019-02-09,6,9987
2019-02-09,7,24174
2019-02-09,8,23946
2019-02-09,9,24197
2019-02-09,10,24307
2019-02-09,11,24060
2019-02-09,12,24422
2019-02-09,13,25181
2019-02-09,14,25940
2019-02-09,15,27554
2019-02-09,16,28513
2019-02-09,17,30238
2019-02-09,18,31380
2019-02-09,19,32274
2019-02-09,20,32302
2019-02-09,21,32354
2019-02-09,22,32162
2019-02-09,23,31747
2019-02-09,24,31388
2019-02-09,25,31060
2019-02-09,26,30834
2019-02-09,27,30903
2019-02-09,28,30880
2019-02-09,29,31025
2019-02-09,30,31410
2019-02-09,31,32203
2019-02-09,32,33029
2019-02-09,33,34462
2019-02-09,34,36293
2019-02-09,35,38462
2019-02-09,36,39548
2019-02-09,37,39334
2019-02-09,38,38904
2019-02-09,39,37925
2019-02-09,40,37008
2019-02-09,41,36240
2019-02-09,42,35266
2019-02-09,43,34089
2019-02-09,44,33035
2019-02-09,45,31835
2019-02-09,46,30836
2019-02-09,47,29537
2019-02-09,48,28958
2019-02-10,1,28938
2019-02-10,2,28846
2019-02-10,3,28849
2019-02-10,4,28483
2019-02-10,5,27824
2019-02-10,6,27395
2019-02-10,7,27063
2019-02-10,8,26681
2019-02-10,9,26554
2019-02-10,10,26596
2019-02-10,11,26453
2019-02-10,12,26615
2019-02-10,13,27135
2019-02-10,14,27411
2019-02-10,15,28116
2019-02-10,16,28634
2019-02-10,17,30206
2019-02-10,18,31634
2019-02-10,19,33031
2019-02-10,20,33727
2019-02-10,21,34273
2019-02-10,22,34513
2019-02-10,23,35021
2019-02-10,24,35041
2019-02-10,25,34966
2019-02-10,26,34549
2019-02-10,27,34006
2019-02-10,28,33245
2019-02-10,29,33155
2019-02-10,30,33124
2019-02-10,31,33677
2019-02-10,32,34820
2019-02-10,33,36111
2019-02-10,34,37992
2019-02-10,35,40410
2019-02-10,36,41330
2019-02-10,37,41073
2019-02-10,38,40540
2019-02-10,39,40342
2019-02-10,40,39202
2019-02-10,41,37980
2019-02-10,42,36495
2019-02-10,43,35059
2019-02-10,44,33131
2019-02-10,45,31380
2019-02-10,46,29832
2019-02-10,47,28688
2019-02-10,48,27980
2019-02-11,1,28754
2019-02-11,2,29280
2019-02-11,3,29265
2019-02-11,4,28558
2019-02-11,5,27866
2019-02-11,6,28109
2019-02-11,7,28357
2019-02-11,8,28065
2019-02-11,9,28042
2019-02-11,10,28211
2019-02-11,11,28744
2019-02-11,12,30045
2019-02-11,13,32582
2019-02-11,14,35961
2019-02-11,15,39377
2019-02-11,16,40368
2019-02-11,17,41321
2019-02-11,18,41787
2019-02-11,19,42066
2019-02-11,20,41551
2019-02-11,21,41238
2019-02-11,22,40879
2019-02-11,23,40484
2019-02-11,24,40406
2019-02-11,25,40570
2019-02-11,26,40274
2019-02-11,27,40239
2019-02-11,28,40090
2019-02-11,29,40646
2019-02-11,30,40702
2019-02-11,31,40901
2019-02-11,32,41679
2019-02-11,33,42829
2019-02-11,34,43054
2019-02-11,35,44493
2019-02-11,36,45522
2019-02-11,37,45359
2019-02-11,38,45406
2019-02-11,39,44625
2019-02-11,40,44048
2019-02-11,41,43035
2019-02-11,42,41404
2019-02-11,43,39379
2019-02-11,44,36836
2019-02-11,45,34220
2019-02-11,46,32489
2019-02-11,47,30398
2019-02-11,48,29644
2019-02-12,1,29532
2019-02-12,2,29873
2019-02-12,3,30427
2019-02-12,4,29892
2019-02-12,5,29273
2019-02-12,6,29059
2019-02-12,7,28675
2019-02-12,8,28301
2019-02-12,9,28251
2019-02-12,10,28522
2019-02-12,11,28914
2019-02-12,12,30144
2019-02-12,13,32956
2019-02-12,14,35652
2019-02-12,15,39095
2019-02-12,16,40168
2019-02-12,17,40660
2019-02-12,18,40625
2019-02-12,19,40811
2019-02-12,20,40605
2019-02-12,21,40218
2019-02-12,22,39973
2019-02-12,23,39269
2019-02-12,24,38508
2019-02-12,25,39110
2019-02-12,26,38996
2019-02-12,27,38868
2019-02-12,28,38830
2019-02-12,29,39136
2019-02-12,30,39247
2019-02-12,31,39556
2019-02-12,32,40540
2019-02-12,33,41940
2019-02-12,34,43077
2019-02-12,35,44616
2019-02-12,36,46017
2019-02-12,37,46042
2019-02-12,38,45717
2019-02-12,39,44840
2019-02-12,40,43535
2019-02-12,41,41947
2019-02-12,42,39848
2019-02-12,43,38004
2019-02-12,44,35652
2019-02-12,45,33776
2019-02-12,46,31868
2019-02-12,47,29739
2019-02-12,48,28522
2019-02-13,1,28527
2019-02-13,2,28734
2019-02-13,3,28915
2019-02-13,4,28570
2019-02-13,5,28262
2019-02-13,6,27882
2019-02-13,7,27644
2019-02-13,8,27312
2019-02-13,9,27204
2019-02-13,10,27363
2019-02-13,11,27523
2019-02-13,12,28196
2019-02-13,13,30701
2019-02-13,14,33956
2019-02-13,15,37569
2019-02-13,16,38719
2019-02-13,17,39305
2019-02-13,18,39182
2019-02-13,19,39217
2019-02-13,20,38925
2019-02-13,21,38073
2019-02-13,22,37277
2019-02-13,23,36610
2019-02-13,24,36002
2019-02-13,25,35890
2019-02-13,26,35382
2019-02-13,27,35317
2019-02-13,28,35285
2019-02-13,29,35586
2019-02-13,30,35850
2019-02-13,31,36450
2019-02-13,32,37722
2019-02-13,33,38860
2019-02-13,34,40405
2019-02-13,35,42183
2019-02-13,36,43742
2019-02-13,37,43686
2019-02-13,38,43253
2019-02-13,39,42756
2019-02-13,40,41690
2019-02-13,41,40558
2019-02-13,42,38714
2019-02-13,43,36890
2019-02-13,44,34719
2019-02-13,45,32729
2019-02-13,46,30689
2019-02-13,47,29522
2019-02-13,48,28770
2019-02-14,1,28536
2019-02-14,2,29021
2019-02-14,3,29286
2019-02-14,4,28639
2019-02-14,5,28252
2019-02-14,6,28028
2019-02-14,7,27897
2019-02-14,8,27594
2019-02-14,9,27561
2019-02-14,10,27958
2019-02-14,11,28165
2019-02-14,12,29033
2019-02-14,13,31999
2019-02-14,14,35175
2019-02-14,15,38249
2019-02-14,16,39208
2019-02-14,17,39393
2019-02-14,18,39138
2019-02-14,19,38787
2019-02-14,20,38300
2019-02-14,21,37374
2019-02-14,22,36723
2019-02-14,23,35940
2019-02-14,24,34922
2019-02-14,25,35160
2019-02-14,26,34882
2019-02-14,27,34675
2019-02-14,28,34644
2019-02-14,29,34567
2019-02-14,30,34713
2019-02-14,31,35314
2019-02-14,32,36760
2019-02-14,33,38114
2019-02-14,34,39518
2019-02-14,35,41269
2019-02-14,36,43239
2019-02-14,37,43656
2019-02-14,38,43384
2019-02-14,39,42562
2019-02-14,40,41504
2019-02-14,41,40569
2019-02-14,42,39101
2019-02-14,43,37213
2019-02-14,44,35098
2019-02-14,45,32988
2019-02-14,46,31365
2019-02-14,47,29430
2019-02-14,48,28286
2019-02-15,1,28744
2019-02-15,2,29337
2019-02-15,3,29348
2019-02-15,4,29028
2019-02-15,5,28570
2019-02-15,6,28382
2019-02-15,7,27996
2019-02-15,8,27730
2019-02-15,9,27820
2019-02-15,10,27884
2019-02-15,11,27876
2019-02-15,12,28850
2019-02-15,13,31854
2019-02-15,14,34823
2019-02-15,15,38000
2019-02-15,16,39049
2019-02-15,17,39415
2019-02-15,18,39118
2019-02-15,19,38860
2019-02-15,20,37951
2019-02-15,21,36866
2019-02-15,22,35879
2019-02-15,23,34935
2019-02-15,24,34194
2019-02-15,25,33752
2019-02-15,26,33106
2019-02-15,27,32757
2019-02-15,28,32516
2019-02-15,29,32550
2019-02-15,30,32944
2019-02-15,31,33374
2019-02-15,32,34669
2019-02-15,33,36444
2019-02-15,34,38002
2019-02-15,35,39796
2019-02-15,36,41236
2019-02-15,37,41932
2019-02-15,38,41525
2019-02-15,39,40783
2019-02-15,40,39410
2019-02-15,41,37803
2019-02-15,42,36188
2019-02-15,43,34710
2019-02-15,44,32908
2019-02-15,45,30887
2019-02-15,46,29127
2019-02-15,47,27585
2019-02-15,48,26387
2019-02-16,1,26400
2019-02-16,2,27023
2019-02-16,3,27081
2019-02-16,4,26528
2019-02-16,5,26108
2019-02-16,6,25763
2019-02-16,7,25443
2019-02-16,8,25024
2019-02-16,9,24843
2019-02-16,10,24702
2019-02-16,11,24840
2019-02-16,12,24909
2019-02-16,13,25853
2019-02-16,14,27155
2019-02-16,15,28614
2019-02-16,16,29791
2019-02-16,17,31659
2019-02-16,18,32976
2019-02-16,19,34011
2019-02-16,20,33970
2019-02-16,21,33776
2019-02-16,22,33418
2019-02-16,23,33102
2019-02-16,24,33085
2019-02-16,25,32940
2019-02-16,26,32507
2019-02-16,27,32240
2019-02-16,28,31856
2019-02-16,29,31873
2019-02-16,30,31857
2019-02-16,31,32346
2019-02-16,32,32974
2019-02-16,33,34138
2019-02-16,34,35452
2019-02-16,35,37413
2019-02-16,36,38659
2019-02-16,37,38328
2019-02-16,38,38028
2019-02-16,39,37206
2019-02-16,40,35768
2019-02-16,41,34377
2019-02-16,42,32901
2019-02-16,43,31536
2019-02-16,44,30220
2019-02-16,45,28706
2019-02-16,46,27624
2019-02-16,47,26038
2019-02-16,48,25274
2019-02-17,1,24997
2019-02-17,2,25281
2019-02-17,3,25019
2019-02-17,4,24413
2019-02-17,5,23998
2019-02-17,6,23812
2019-02-17,7,23566
2019-02-17,8,23348
2019-02-17,9,22884
2019-02-17,10,22924
2019-02-17,11,23138
2019-02-17,12,23451
2019-02-17,13,23832
2019-02-17,14,24022
2019-02-17,15,24700
2019-02-17,16,25264
2019-02-17,17,26597
2019-02-17,18,27393
2019-02-17,19,28147
2019-02-17,20,28814
2019-02-17,21,29091
2019-02-17,22,29105
2019-02-17,23,29340
2019-02-17,24,29450
2019-02-17,25,29387
2019-02-17,26,29531
2019-02-17,27,29143
2019-02-17,28,28962
2019-02-17,29,28973
2019-02-17,30,29110
2019-02-17,31,29819
2019-02-17,32,30761
2019-02-17,33,32248
2019-02-17,34,33970
2019-02-17,35,35458
2019-02-17,36,36883
2019-02-17,37,37386
2019-02-17,38,36718
2019-02-17,39,36022
2019-02-17,40,35142
2019-02-17,41,34035
2019-02-17,42,32798
2019-02-17,43,31325
2019-02-17,44,29651
2019-02-17,45,28181
2019-02-17,46,26953
2019-02-17,47,25370
2019-02-17,48,24555
2019-02-18,1,24654
2019-02-18,2,24908
2019-02-18,3,25015
2019-02-18,4,24759
2019-02-18,5,24573
2019-02-18,6,24512
2019-02-18,7,24504
2019-02-18,8,24398
2019-02-18,9,24101
2019-02-18,10,24185
2019-02-18,11,24242
2019-02-18,12,25738
2019-02-18,13,28322
2019-02-18,14,30809
2019-02-18,15,33424
2019-02-18,16,34793
2019-02-18,17,36365
2019-02-18,18,37310
2019-02-18,19,37794
2019-02-18,20,37796
2019-02-18,21,37474
2019-02-18,22,37235
2019-02-18,23,37046
2019-02-18,24,37136
2019-02-18,25,37477
2019-02-18,26,37305
2019-02-18,27,37091
2019-02-18,28,36575
2019-02-18,29,36533
2019-02-18,30,36546
2019-02-18,31,36790
2019-02-18,32,37326
2019-02-18,33,38211
2019-02-18,34,39495
2019-02-18,35,41443
2019-02-18,36,43167
2019-02-18,37,43950
2019-02-18,38,43578
2019-02-18,39,42442
2019-02-18,40,41211
2019-02-18,41,39986
2019-02-18,42,38529
2019-02-18,43,36690
2019-02-18,44,34729
2019-02-18,45,32772
2019-02-18,46,30931
2019-02-18,47,28826
2019-02-18,48,27902
2019-02-19,1,27407
2019-02-19,2,27575
2019-02-19,3,28278
2019-02-19,4,28063
2019-02-19,5,27624
2019-02-19,6,27236
2019-02-19,7,26909
2019-02-19,8,26481
2019-02-19,9,26455
2019-02-19,10,26752
2019-02-19,11,27040
2019-02-19,12,27903
2019-02-19,13,30403
2019-02-19,14,33163
2019-02-19,15,35933
2019-02-19,16,37269
2019-02-19,17,37334
2019-02-19,18,38136
2019-02-19,19,37888
2019-02-19,20,37127
2019-02-19,21,36230
2019-02-19,22,35591
2019-02-19,23,35250
2019-02-19,24,35386
2019-02-19,25,35807
2019-02-19,26,35809
2019-02-19,27,35962
2019-02-19,28,36224
2019-02-19,29,36631
2019-02-19,30,37020
2019-02-19,31,37798
2019-02-19,32,38542
2019-02-19,33,39552
2019-02-19,34,40485
2019-02-19,35,41952
2019-02-19,36,43156
2019-02-19,37,43433
2019-02-19,38,43324
2019-02-19,39,42937
2019-02-19,40,41500
2019-02-19,41,39990
2019-02-19,42,38131
2019-02-19,43,36124
2019-02-19,44,33855
2019-02-19,45,31677
2019-02-19,46,29732
2019-02-19,47,27729
2019-02-19,48,26624
2019-02-20,1,26266
2019-02-20,2,26520
2019-02-20,3,26371
2019-02-20,4,25962
2019-02-20,5,26134
2019-02-20,6,25940
2019-02-20,7,26034
2019-02-20,8,25589
2019-02-20,9,25416
2019-02-20,10,25272
2019-02-20,11,24894
2019-02-20,12,25918
2019-02-20,13,28952
2019-02-20,14,31164
2019-02-20,15,33833
2019-02-20,16,35017
2019-02-20,17,36332
2019-02-20,18,36763
2019-02-20,19,37029
2019-02-20,20,36735
2019-02-20,21,36379
2019-02-20,22,36334
2019-02-20,23,36445
2019-02-20,24,36331
2019-02-20,25,36544
2019-02-20,26,36241
2019-02-20,27,35948
2019-02-20,28,35646
2019-02-20,29,35840
2019-02-20,30,35981
2019-02-20,31,36325
2019-02-20,32,37062
2019-02-20,33,38017
2019-02-20,34,39199
2019-02-20,35,40233
2019-02-20,36,41848
2019-02-20,37,42142
2019-02-20,38,41606
2019-02-20,39,40678
2019-02-20,40,40075
2019-02-20,41,38958
2019-02-20,42,37258
2019-02-20,43,35496
2019-02-20,44,33422
2019-02-20,45,31490
2019-02-20,46,29716
2019-02-20,47,27828
2019-02-20,48,26718
2019-02-21,1,26729
2019-02-21,2,27043
2019-02-21,3,27321
2019-02-21,4,26576
2019-02-21,5,26660
2019-02-21,6,26277
2019-02-21,7,25823
2019-02-21,8,25367
2019-02-21,9,25412
2019-02-21,10,25676
2019-02-21,11,25809
2019-02-21,12,27052
2019-02-21,13,29279
2019-02-21,14,31608
2019-02-21,15,34120
2019-02-21,16,35671
2019-02-21,17,36868
2019-02-21,18,37607
2019-02-21,19,37854
2019-02-21,20,37223
2019-02-21,21,36820
2019-02-21,22,36272
2019-02-21,23,35800
2019-02-21,24,34953
2019-02-21,25,34346
2019-02-21,26,33636
2019-02-21,27,33191
2019-02-21,28,32804
2019-02-21,29,32990
2019-02-21,30,33130
2019-02-21,31,33711
2019-02-21,32,34774
2019-02-21,33,35946
2019-02-21,34,37308
2019-02-21,35,38711
2019-02-21,36,40432
2019-02-21,37,41568
2019-02-21,38,41322
2019-02-21,39,40691
2019-02-21,40,39753
2019-02-21,41,38795
2019-02-21,42,37481
2019-02-21,43,35662
2019-02-21,44,33489
2019-02-21,45,31694
2019-02-21,46,29981
2019-02-21,47,28301
2019-02-21,48,27546
2019-02-22,1,27937
2019-02-22,2,28077
2019-02-22,3,27769
2019-02-22,4,27220
2019-02-22,5,27112
2019-02-22,6,27086
2019-02-22,7,26525
2019-02-22,8,26237
2019-02-22,9,26214
2019-02-22,10,26280
2019-02-22,11,27012
2019-02-22,12,27921
2019-02-22,13,30388
2019-02-22,14,31894
2019-02-22,15,34350
2019-02-22,16,35459
2019-02-22,17,36881
2019-02-22,18,37184
2019-02-22,19,37051
2019-02-22,20,36744
2019-02-22,21,36234
2019-02-22,22,35683
2019-02-22,23,35006
2019-02-22,24,34465
2019-02-22,25,34004
2019-02-22,26,33149
2019-02-22,27,32434
2019-02-22,28,32228
2019-02-22,29,32117
2019-02-22,30,32271
2019-02-22,31,32814
2019-02-22,32,34044
2019-02-22,33,35123
2019-02-22,34,36350
2019-02-22,35,37927
2019-02-22,36,39331
2019-02-22,37,39923
2019-02-22,38,39512
2019-02-22,39,39364
2019-02-22,40,38308
2019-02-22,41,37000
2019-02-22,42,35534
2019-02-22,43,34036
2019-02-22,44,32351
2019-02-22,45,30587
2019-02-22,46,29171
2019-02-22,47,27688
2019-02-22,48,26738
2019-02-23,1,26392
2019-02-23,2,26641
2019-02-23,3,26251
2019-02-23,4,25537
2019-02-23,5,25533
2019-02-23,6,25337
2019-02-23,7,25107
2019-02-23,8,24886
2019-02-23,9,24698
2019-02-23,10,24676
2019-02-23,11,24793
2019-02-23,12,25175
2019-02-23,13,26284
2019-02-23,14,27148
2019-02-23,15,28088
2019-02-23,16,28987
2019-02-23,17,30106
2019-02-23,18,31071
2019-02-23,19,31672
2019-02-23,20,31403
2019-02-23,21,30997
2019-02-23,22,29797
2019-02-23,23,28716
2019-02-23,24,27913
2019-02-23,25,27520
2019-02-23,26,27144
2019-02-23,27,26941
2019-02-23,28,26819
2019-02-23,29,27146
2019-02-23,30,27548
2019-02-23,31,28652
2019-02-23,32,29880
2019-02-23,33,31489
2019-02-23,34,33607
2019-02-23,35,35564
2019-02-23,36,37686
2019-02-23,37,38262
2019-02-23,38,38083
2019-02-23,39,37432
2019-02-23,40,36333
2019-02-23,41,35326
2019-02-23,42,34036
2019-02-23,43,32769
2019-02-23,44,31500
2019-02-23,45,30288
2019-02-23,46,29240
2019-02-23,47,27946
2019-02-23,48,27249
2019-02-24,1,26909
2019-02-24,2,27011
2019-02-24,3,26818
2019-02-24,4,26384
2019-02-24,5,25900
2019-02-24,6,25714
2019-02-24,7,25242
2019-02-24,8,24843
2019-02-24,9,24894
2019-02-24,10,25061
2019-02-24,11,25275
2019-02-24,12,25583
2019-02-24,13,26588
2019-02-24,14,27235
2019-02-24,15,27664
2019-02-24,16,27962
2019-02-24,17,28436
2019-02-24,18,28948
2019-02-24,19,29507
2019-02-24,20,29479
2019-02-24,21,29300
2019-02-24,22,28835
2019-02-24,23,28590
2019-02-24,24,28213
2019-02-24,25,28125
2019-02-24,26,27789
2019-02-24,27,27496
2019-02-24,28,27392
2019-02-24,29,27534
2019-02-24,30,27905
2019-02-24,31,29020
2019-02-24,32,30240
2019-02-24,33,32351
2019-02-24,34,34500
2019-02-24,35,36504
2019-02-24,36,38217
2019-02-24,37,38426
2019-02-24,38,38154
2019-02-24,39,37683
2019-02-24,40,36849
2019-02-24,41,35756
2019-02-24,42,34294
2019-02-24,43,32971
2019-02-24,44,31392
2019-02-24,45,29636
2019-02-24,46,28196
2019-02-24,47,27183
2019-02-24,48,26725
2019-02-25,1,26702
2019-02-25,2,27157
2019-02-25,3,26630
2019-02-25,4,26304
2019-02-25,5,26260
2019-02-25,6,26010
2019-02-25,7,25809
2019-02-25,8,25571
2019-02-25,9,25726
2019-02-25,10,25930
2019-02-25,11,26152
2019-02-25,12,27817
2019-02-25,13,30725
2019-02-25,14,33921
2019-02-25,15,37141
2019-02-25,16,37636
2019-02-25,17,37980
2019-02-25,18,37707
2019-02-25,19,37280
2019-02-25,20,36546
2019-02-25,21,35384
2019-02-25,22,34526
2019-02-25,23,33774
2019-02-25,24,33372
2019-02-25,25,33057
2019-02-25,26,32582
2019-02-25,27,32264
2019-02-25,28,32188
2019-02-25,29,32367
2019-02-25,30,32635
2019-02-25,31,33264
2019-02-25,32,34606
2019-02-25,33,36114
2019-02-25,34,37742
2019-02-25,35,39477
2019-02-25,36,41206
2019-02-25,37,42139
2019-02-25,38,41999
2019-02-25,39,41416
2019-02-25,40,40524
2019-02-25,41,39090
2019-02-25,42,37644
2019-02-25,43,35788
2019-02-25,44,33835
2019-02-25,45,31633
2019-02-25,46,30121
2019-02-25,47,28629
2019-02-25,48,27840
2019-02-26,1,27964
2019-02-26,2,28319
2019-02-26,3,27853
2019-02-26,4,27631
2019-02-26,5,27622
2019-02-26,6,27540
2019-02-26,7,27567
2019-02-26,8,27226
2019-02-26,9,27122
2019-02-26,10,27188
2019-02-26,11,27001
2019-02-26,12,28441
2019-02-26,13,31580
2019-02-26,14,34638
2019-02-26,15,37758
2019-02-26,16,38566
2019-02-26,17,38627
2019-02-26,18,37836
2019-02-26,19,37313
2019-02-26,20,36426
2019-02-26,21,35225
2019-02-26,22,34618
2019-02-26,23,34015
2019-02-26,24,33566
2019-02-26,25,33208
2019-02-26,26,32807
2019-02-26,27,32757
2019-02-26,28,32663
2019-02-26,29,32844
2019-02-26,30,33105
2019-02-26,31,33849
2019-02-26,32,35093
2019-02-26,33,36692
2019-02-26,34,38359
2019-02-26,35,39677
2019-02-26,36,40967
2019-02-26,37,42400
2019-02-26,38,42372
2019-02-26,39,41781
2019-02-26,40,41450
2019-02-26,41,40256
2019-02-26,42,38572
2019-02-26,43,36668
2019-02-26,44,34526
2019-02-26,45,32863
2019-02-26,46,30923
2019-02-26,47,29069
2019-02-26,48,28027
2019-02-27,1,28151
2019-02-27,2,28605
2019-02-27,3,28640
2019-02-27,4,28110
2019-02-27,5,27738
2019-02-27,6,27647
2019-02-27,7,27406
2019-02-27,8,26933
2019-02-27,9,27169
2019-02-27,10,27367
2019-02-27,11,27525
2019-02-27,12,28493
2019-02-27,13,31492
2019-02-27,14,33827
2019-02-27,15,36537
2019-02-27,16,37240
2019-02-27,17,37392
2019-02-27,18,37267
2019-02-27,19,37026
2019-02-27,20,36386
2019-02-27,21,35359
2019-02-27,22,34662
2019-02-27,23,34027
2019-02-27,24,33424
2019-02-27,25,33165
2019-02-27,26,32803
2019-02-27,27,32524
2019-02-27,28,32418
2019-02-27,29,32694
2019-02-27,30,33012
2019-02-27,31,33737
2019-02-27,32,35094
2019-02-27,33,36698
2019-02-27,34,38461
2019-02-27,35,40027
2019-02-27,36,41338
2019-02-27,37,42389
2019-02-27,38,42470
2019-02-27,39,41685
2019-02-27,40,41017
2019-02-27,41,40036
2019-02-27,42,38838
2019-02-27,43,37190
2019-02-27,44,35296
2019-02-27,45,33409
2019-02-27,46,31718
2019-02-27,47,29732
2019-02-27,48,28755
2019-02-28,1,28736
2019-02-28,2,28567
2019-02-28,3,28756
2019-02-28,4,28537
2019-02-28,5,28167
2019-02-28,6,27814
2019-02-28,7,27230
2019-02-28,8,27135
2019-02-28,9,26990
2019-02-28,10,27231
2019-02-28,11,28055
2019-02-28,12,28790
2019-02-28,13,30818
2019-02-28,14,33536
2019-02-28,15,37052
2019-02-28,16,38473
2019-02-28,17,39440
2019-02-28,18,39438
2019-02-28,19,39815
2019-02-28,20,39830
2019-02-28,21,39579
2019-02-28,22,39444
2019-02-28,23,39533
2019-02-28,24,39562
2019-02-28,25,39573
2019-02-28,26,39323
2019-02-28,27,39253
2019-02-28,28,38863
2019-02-28,29,38737
2019-02-28,30,38502
2019-02-28,31,38612
2019-02-28,32,39359
2019-02-28,33,40084
2019-02-28,34,40735
2019-02-28,35,41558
2019-02-28,36,42586
2019-02-28,37,43343
2019-02-28,38,42971
2019-02-28,39,42610
2019-02-28,40,41975
2019-02-28,41,40845
2019-02-28,42,39430
2019-02-28,43,37378
2019-02-28,44,35282
2019-02-28,45,33501
2019-02-28,46,31711
2019-02-28,47,29826
2019-02-28,48,28446
2019-03-01,1,27956
2019-03-01,2,28158
2019-03-01,3,28141
2019-03-01,4,27686
2019-03-01,5,27414
2019-03-01,6,27200
2019-03-01,7,27030
2019-03-01,8,26861
2019-03-01,9,26635
2019-03-01,10,26853
2019-03-01,11,27658
2019-03-01,12,28624
2019-03-01,13,30980
2019-03-01,14,33686
2019-03-01,15,36861
2019-03-01,16,38346
2019-03-01,17,39213
2019-03-01,18,39079
2019-03-01,19,39767
2019-03-01,20,39896
2019-03-01,21,39676
2019-03-01,22,39398
2019-03-01,23,39026
2019-03-01,24,38765
2019-03-01,25,38710
2019-03-01,26,38351
2019-03-01,27,38107
2019-03-01,28,37876
2019-03-01,29,37560
2019-03-01,30,37274
2019-03-01,31,37325
2019-03-01,32,37752
2019-03-01,33,38479
2019-03-01,34,39411
2019-03-01,35,40353
2019-03-01,36,41192
2019-03-01,37,41741
2019-03-01,38,41583
2019-03-01,39,40399
2019-03-01,40,39372
2019-03-01,41,38183
2019-03-01,42,36877
2019-03-01,43,34918
2019-03-01,44,32832
2019-03-01,45,31281
2019-03-01,46,29865
2019-03-01,47,28384
2019-03-01,48,27559
2019-03-02,1,27345
2019-03-02,2,27266
2019-03-02,3,26684
2019-03-02,4,25810
2019-03-02,5,25794
2019-03-02,6,25433
2019-03-02,7,24695
2019-03-02,8,24418
2019-03-02,9,24492
2019-03-02,10,24629
2019-03-02,11,24976
2019-03-02,12,24966
2019-03-02,13,25735
2019-03-02,14,26621
2019-03-02,15,27496
2019-03-02,16,28213
2019-03-02,17,29521
2019-03-02,18,30506
2019-03-02,19,31037
2019-03-02,20,30795
2019-03-02,21,30909
2019-03-02,22,30642
2019-03-02,23,30371
2019-03-02,24,29848
2019-03-02,25,29494
2019-03-02,26,28945
2019-03-02,27,28572
2019-03-02,28,28616
2019-03-02,29,28715
2019-03-02,30,28859
2019-03-02,31,29286
2019-03-02,32,29676
2019-03-02,33,30530
2019-03-02,34,31642
2019-03-02,35,33191
2019-03-02,36,34167
2019-03-02,37,34509
2019-03-02,38,34074
2019-03-02,39,33564
2019-03-02,40,32783
2019-03-02,41,31622
2019-03-02,42,30270
2019-03-02,43,29006
2019-03-02,44,27718
2019-03-02,45,26263
2019-03-02,46,25236
2019-03-02,47,23832
2019-03-02,48,23251
2019-03-03,1,23110
2019-03-03,2,23494
2019-03-03,3,23746
2019-03-03,4,23357
2019-03-03,5,23204
2019-03-03,6,22948
2019-03-03,7,22617
2019-03-03,8,22355
2019-03-03,9,22360
2019-03-03,10,22287
2019-03-03,11,21726
2019-03-03,12,22014
2019-03-03,13,22705
2019-03-03,14,22967
2019-03-03,15,23302
2019-03-03,16,24380
2019-03-03,17,26113
2019-03-03,18,27689
2019-03-03,19,29645
2019-03-03,20,30896
2019-03-03,21,31670
2019-03-03,22,32166
2019-03-03,23,32853
2019-03-03,24,33085
2019-03-03,25,33224
2019-03-03,26,32992
2019-03-03,27,32857
2019-03-03,28,32502
2019-03-03,29,32532
2019-03-03,30,32731
2019-03-03,31,33459
2019-03-03,32,33981
2019-03-03,33,34639
2019-03-03,34,35316
2019-03-03,35,36079
2019-03-03,36,36590
2019-03-03,37,37442
2019-03-03,38,37190
2019-03-03,39,36521
2019-03-03,40,35531
2019-03-03,41,34784
2019-03-03,42,33325
2019-03-03,43,31953
2019-03-03,44,30308
2019-03-03,45,28817
2019-03-03,46,27572
2019-03-03,47,25620
2019-03-03,48,24609
2019-03-04,1,24511
2019-03-04,2,24651
2019-03-04,3,24842
2019-03-04,4,24659
2019-03-04,5,24333
2019-03-04,6,24506
2019-03-04,7,24587
2019-03-04,8,24578
2019-03-04,9,24531
2019-03-04,10,24796
2019-03-04,11,25068
2019-03-04,12,26048
2019-03-04,13,28366
2019-03-04,14,31026
2019-03-04,15,34278
2019-03-04,16,35644
2019-03-04,17,36071
2019-03-04,18,36004
2019-03-04,19,35706
2019-03-04,20,35151
2019-03-04,21,34586
2019-03-04,22,34161
2019-03-04,23,33732
2019-03-04,24,33904
2019-03-04,25,34171
2019-03-04,26,33786
2019-03-04,27,33698
2019-03-04,28,33828
2019-03-04,29,34443
2019-03-04,30,34494
2019-03-04,31,34661
2019-03-04,32,35903
2019-03-04,33,37373
2019-03-04,34,38927
2019-03-04,35,40303
2019-03-04,36,41476
2019-03-04,37,42833
2019-03-04,38,42608
2019-03-04,39,41667
2019-03-04,40,40592
2019-03-04,41,39780
2019-03-04,42,37968
2019-03-04,43,36097
2019-03-04,44,33915
2019-03-04,45,31791
2019-03-04,46,29932
2019-03-04,47,28069
2019-03-04,48,27055
2019-03-05,1,26956
2019-03-05,2,27361
2019-03-05,3,27547
2019-03-05,4,27249
2019-03-05,5,27300
2019-03-05,6,27246
2019-03-05,7,26902
2019-03-05,8,26570
2019-03-05,9,26292
2019-03-05,10,26629
2019-03-05,11,26950
2019-03-05,12,28072
2019-03-05,13,30719
2019-03-05,14,33108
2019-03-05,15,36180
2019-03-05,16,37212
2019-03-05,17,37310
2019-03-05,18,36536
2019-03-05,19,36302
2019-03-05,20,35618
2019-03-05,21,35057
2019-03-05,22,34815
2019-03-05,23,34938
2019-03-05,24,34879
2019-03-05,25,35398
2019-03-05,26,35426
2019-03-05,27,35778
2019-03-05,28,35969
2019-03-05,29,36126
2019-03-05,30,36318
2019-03-05,31,36790
2019-03-05,32,37904
2019-03-05,33,39286
2019-03-05,34,40668
2019-03-05,35,41886
2019-03-05,36,42941
2019-03-05,37,43744
2019-03-05,38,43499
2019-03-05,39,42728
2019-03-05,40,41708
2019-03-05,41,40649
2019-03-05,42,38700
2019-03-05,43,36602
2019-03-05,44,34517
2019-03-05,45,32674
2019-03-05,46,30867
2019-03-05,47,28643
2019-03-05,48,27248
2019-03-06,1,26718
2019-03-06,2,26831
2019-03-06,3,26268
2019-03-06,4,25815
2019-03-06,5,25898
2019-03-06,6,25998
2019-03-06,7,25810
2019-03-06,8,25969
2019-03-06,9,25787
2019-03-06,10,25860
2019-03-06,11,26243
2019-03-06,12,27178
2019-03-06,13,29713
2019-03-06,14,32123
2019-03-06,15,35235
2019-03-06,16,36764
2019-03-06,17,37586
2019-03-06,18,37824
2019-03-06,19,38299
2019-03-06,20,38084
2019-03-06,21,37340
2019-03-06,22,37064
2019-03-06,23,37456
2019-03-06,24,37189
2019-03-06,25,37442
2019-03-06,26,37378
2019-03-06,27,37486
2019-03-06,28,37087
2019-03-06,29,36964
2019-03-06,30,36746
2019-03-06,31,36857
2019-03-06,32,37484
2019-03-06,33,38479
2019-03-06,34,39634
2019-03-06,35,40742
2019-03-06,36,41250
2019-03-06,37,42162
2019-03-06,38,42081
2019-03-06,39,41172
2019-03-06,40,40153
2019-03-06,41,39645
2019-03-06,42,37989
2019-03-06,43,36218
2019-03-06,44,34086
2019-03-06,45,31925
2019-03-06,46,29982
2019-03-06,47,27731
2019-03-06,48,26472
2019-03-07,1,26755
2019-03-07,2,27236
2019-03-07,3,26901
2019-03-07,4,26492
2019-03-07,5,26352
2019-03-07,6,26428
2019-03-07,7,26335
2019-03-07,8,25876
2019-03-07,9,25770
2019-03-07,10,25896
2019-03-07,11,26615
2019-03-07,12,27678
2019-03-07,13,29476
2019-03-07,14,31874
2019-03-07,15,34791
2019-03-07,16,35464
2019-03-07,17,35528
2019-03-07,18,34877
2019-03-07,19,34844
2019-03-07,20,34627
2019-03-07,21,34471
2019-03-07,22,34406
2019-03-07,23,34360
2019-03-07,24,34475
2019-03-07,25,34856
2019-03-07,26,34832
2019-03-07,27,34818
2019-03-07,28,34760
2019-03-07,29,35010
2019-03-07,30,35201
2019-03-07,31,35476
2019-03-07,32,36532
2019-03-07,33,37594
2019-03-07,34,38420
2019-03-07,35,39469
2019-03-07,36,40404
2019-03-07,37,41605
2019-03-07,38,41910
2019-03-07,39,41343
2019-03-07,40,40254
2019-03-07,41,39458
2019-03-07,42,38102
2019-03-07,43,36451
2019-03-07,44,34543
2019-03-07,45,32469
2019-03-07,46,30747
2019-03-07,47,28882
2019-03-07,48,28391
2019-03-08,1,28234
2019-03-08,2,28490
2019-03-08,3,28334
2019-03-08,4,27826
2019-03-08,5,27584
2019-03-08,6,27444
2019-03-08,7,27154
2019-03-08,8,26880
2019-03-08,9,26533
2019-03-08,10,26764
2019-03-08,11,27449
2019-03-08,12,28607
2019-03-08,13,31042
2019-03-08,14,33342
2019-03-08,15,35784
2019-03-08,16,36377
2019-03-08,17,37078
2019-03-08,18,37101
2019-03-08,19,37415
2019-03-08,20,37271
2019-03-08,21,37535
2019-03-08,22,37718
2019-03-08,23,37485
2019-03-08,24,37628
2019-03-08,25,37877
2019-03-08,26,37642
2019-03-08,27,37304
2019-03-08,28,36633
2019-03-08,29,36374
2019-03-08,30,36183
2019-03-08,31,36085
2019-03-08,32,36834
2019-03-08,33,37828
2019-03-08,34,38701
2019-03-08,35,39588
2019-03-08,36,40038
2019-03-08,37,40942
2019-03-08,38,40832
2019-03-08,39,39918
2019-03-08,40,38542
2019-03-08,41,36736
2019-03-08,42,34944
2019-03-08,43,33166
2019-03-08,44,31424
2019-03-08,45,29428
2019-03-08,46,28151
2019-03-08,47,27007
2019-03-08,48,26377
2019-03-09,1,25742
2019-03-09,2,25972
2019-03-09,3,25968
2019-03-09,4,25498
2019-03-09,5,25344
2019-03-09,6,25198
2019-03-09,7,24732
2019-03-09,8,24370
2019-03-09,9,24596
2019-03-09,10,24507
2019-03-09,11,24258
2019-03-09,12,24550
2019-03-09,13,25031
2019-03-09,14,25682
2019-03-09,15,26662
2019-03-09,16,27666
2019-03-09,17,28866
2019-03-09,18,29463
2019-03-09,19,29775
2019-03-09,20,29547
2019-03-09,21,29195
2019-03-09,22,28688
2019-03-09,23,27747
2019-03-09,24,27210
2019-03-09,25,27097
2019-03-09,26,27058
2019-03-09,27,26921
2019-03-09,28,26954
2019-03-09,29,27123
2019-03-09,30,27399
2019-03-09,31,28496
2019-03-09,32,29468
2019-03-09,33,30961
2019-03-09,34,32894
2019-03-09,35,34856
2019-03-09,36,36551
2019-03-09,37,37854
2019-03-09,38,38362
2019-03-09,39,37500
2019-03-09,40,36239
2019-03-09,41,35785
2019-03-09,42,34822
2019-03-09,43,33851
2019-03-09,44,32930
2019-03-09,45,31327
2019-03-09,46,30345
2019-03-09,47,28854
2019-03-09,48,27910
2019-03-10,1,27512
2019-03-10,2,27702
2019-03-10,3,26907
2019-03-10,4,26250
2019-03-10,5,25738
2019-03-10,6,25184
2019-03-10,7,24923
2019-03-10,8,24586
2019-03-10,9,24491
2019-03-10,10,24418
2019-03-10,11,24464
2019-03-10,12,24724
2019-03-10,13,25458
2019-03-10,14,26125
2019-03-10,15,26522
2019-03-10,16,26754
2019-03-10,17,27587
2019-03-10,18,28565
2019-03-10,19,29507
2019-03-10,20,30396
2019-03-10,21,30784
2019-03-10,22,30728
2019-03-10,23,30342
2019-03-10,24,29820
2019-03-10,25,29228
2019-03-10,26,28941
2019-03-10,27,28125
2019-03-10,28,27790
2019-03-10,29,27642
2019-03-10,30,27834
2019-03-10,31,28552
2019-03-10,32,29656
2019-03-10,33,31111
2019-03-10,34,32543
2019-03-10,35,34084
2019-03-10,36,35339
2019-03-10,37,36619
2019-03-10,38,37223
2019-03-10,39,36597
2019-03-10,40,35689
2019-03-10,41,35082
2019-03-10,42,33733
2019-03-10,43,32196
2019-03-10,44,30438
2019-03-10,45,28596
2019-03-10,46,27041
2019-03-10,47,25415
2019-03-10,48,24896
2019-03-11,1,24972
2019-03-11,2,25333
2019-03-11,3,25768
2019-03-11,4,25472
2019-03-11,5,25046
2019-03-11,6,24768
2019-03-11,7,24627
2019-03-11,8,24455
2019-03-11,9,24041
2019-03-11,10,24638
2019-03-11,11,25469
2019-03-11,12,26420
2019-03-11,13,29240
2019-03-11,14,32343
2019-03-11,15,35806
2019-03-11,16,36675
2019-03-11,17,36618
2019-03-11,18,36108
2019-03-11,19,35767
2019-03-11,20,35098
2019-03-11,21,34222
2019-03-11,22,33748
2019-03-11,23,33548
2019-03-11,24,33292
2019-03-11,25,33071
2019-03-11,26,32681
2019-03-11,27,32478
2019-03-11,28,32433
2019-03-11,29,32917
2019-03-11,30,33249
2019-03-11,31,34013
2019-03-11,32,35762
2019-03-11,33,37811
2019-03-11,34,39340
2019-03-11,35,40428
2019-03-11,36,41539
2019-03-11,37,42536
2019-03-11,38,42451
2019-03-11,39,41918
2019-03-11,40,40790
2019-03-11,41,39092
2019-03-11,42,37226
2019-03-11,43,34891
2019-03-11,44,32476
2019-03-11,45,30108
2019-03-11,46,28032
2019-03-11,47,25942
2019-03-11,48,24822
2019-03-12,1,24993
2019-03-12,2,25236
2019-03-12,3,25533
2019-03-12,4,25200
2019-03-12,5,24778
2019-03-12,6,24672
2019-03-12,7,24133
2019-03-12,8,23850
2019-03-12,9,23783
2019-03-12,10,23794
2019-03-12,11,23814
2019-03-12,12,24996
2019-03-12,13,28339
2019-03-12,14,31339
2019-03-12,15,34736
2019-03-12,16,36245
2019-03-12,17,37638
2019-03-12,18,38011
2019-03-12,19,38595
2019-03-12,20,38820
2019-03-12,21,39265
2019-03-12,22,39489
2019-03-12,23,39500
2019-03-12,24,39520
2019-03-12,25,39782
2019-03-12,26,39595
2019-03-12,27,39436
2019-03-12,28,38814
2019-03-12,29,38326
2019-03-12,30,37415
2019-03-12,31,36476
2019-03-12,32,37043
2019-03-12,33,37633
2019-03-12,34,38646
2019-03-12,35,39717
2019-03-12,36,40547
2019-03-12,37,41506
2019-03-12,38,42158
2019-03-12,39,41193
2019-03-12,40,40293
2019-03-12,41,39167
2019-03-12,42,37410
2019-03-12,43,35302
2019-03-12,44,33108
2019-03-12,45,31032
2019-03-12,46,29219
2019-03-12,47,27414
2019-03-12,48,25970
2019-03-13,1,25473
2019-03-13,2,25769
2019-03-13,3,25567
2019-03-13,4,25256
2019-03-13,5,25068
2019-03-13,6,25102
2019-03-13,7,24967
2019-03-13,8,24542
2019-03-13,9,24343
2019-03-13,10,24620
2019-03-13,11,25346
2019-03-13,12,26232
2019-03-13,13,28639
2019-03-13,14,31264
2019-03-13,15,34371
2019-03-13,16,35164
2019-03-13,17,35358
2019-03-13,18,35006
2019-03-13,19,34624
2019-03-13,20,34208
2019-03-13,21,33824
2019-03-13,22,33397
2019-03-13,23,33493
2019-03-13,24,33618
2019-03-13,25,33647
2019-03-13,26,33449
2019-03-13,27,33607
2019-03-13,28,33473
2019-03-13,29,33678
2019-03-13,30,33807
2019-03-13,31,34068
2019-03-13,32,35323
2019-03-13,33,36617
2019-03-13,34,38089
2019-03-13,35,39347
2019-03-13,36,39986
2019-03-13,37,40992
2019-03-13,38,41481
2019-03-13,39,40856
2019-03-13,40,39765
2019-03-13,41,38523
2019-03-13,42,37016
2019-03-13,43,35198
2019-03-13,44,33031
2019-03-13,45,30770
2019-03-13,46,28818
2019-03-13,47,26786
2019-03-13,48,25473
2019-03-14,1,25351
2019-03-14,2,25778
2019-03-14,3,25912
2019-03-14,4,25396
2019-03-14,5,25134
2019-03-14,6,25027
2019-03-14,7,24542
2019-03-14,8,24264
2019-03-14,9,24036
2019-03-14,10,24106
2019-03-14,11,24890
2019-03-14,12,25884
2019-03-14,13,28395
2019-03-14,14,30979
2019-03-14,15,34238
2019-03-14,16,35314
2019-03-14,17,35753
2019-03-14,18,35497
2019-03-14,19,35599
2019-03-14,20,35224
2019-03-14,21,34331
2019-03-14,22,33770
2019-03-14,23,33374
2019-03-14,24,32828
2019-03-14,25,32566
2019-03-14,26,32012
2019-03-14,27,31652
2019-03-14,28,31353
2019-03-14,29,31394
2019-03-14,30,31642
2019-03-14,31,32112
2019-03-14,32,33438
2019-03-14,33,34687
2019-03-14,34,36282
2019-03-14,35,37858
2019-03-14,36,38804
2019-03-14,37,39756
2019-03-14,38,40561
2019-03-14,39,39999
2019-03-14,40,39135
2019-03-14,41,38221
2019-03-14,42,36743
2019-03-14,43,34868
2019-03-14,44,33076
2019-03-14,45,31134
2019-03-14,46,29176
2019-03-14,47,27243
2019-03-14,48,26188
2019-03-15,1,25818
2019-03-15,2,26160
2019-03-15,3,25934
2019-03-15,4,25574
2019-03-15,5,24942
2019-03-15,6,24790
2019-03-15,7,24634
2019-03-15,8,24201
2019-03-15,9,24159
2019-03-15,10,24067
2019-03-15,11,24714
2019-03-15,12,25738
2019-03-15,13,27690
2019-03-15,14,29455
2019-03-15,15,32313
2019-03-15,16,33581
2019-03-15,17,34128
2019-03-15,18,34121
2019-03-15,19,34299
2019-03-15,20,34157
2019-03-15,21,33883
2019-03-15,22,33584
2019-03-15,23,33463
2019-03-15,24,33468
2019-03-15,25,33234
2019-03-15,26,33130
2019-03-15,27,33003
2019-03-15,28,32666
2019-03-15,29,32420
2019-03-15,30,32189
2019-03-15,31,32249
2019-03-15,32,32822
2019-03-15,33,33857
2019-03-15,34,35352
2019-03-15,35,36597
2019-03-15,36,37568
2019-03-15,37,38482
2019-03-15,38,39300
2019-03-15,39,38823
2019-03-15,40,37950
2019-03-15,41,36750
2019-03-15,42,35474
2019-03-15,43,34192
2019-03-15,44,32643
2019-03-15,45,30647
2019-03-15,46,29199
2019-03-15,47,27546
2019-03-15,48,26753
2019-03-16,1,26697
2019-03-16,2,26094
2019-03-16,3,25474
2019-03-16,4,25109
2019-03-16,5,24799
2019-03-16,6,24496
2019-03-16,7,24342
2019-03-16,8,24296
2019-03-16,9,24650
2019-03-16,10,24399
2019-03-16,11,24718
2019-03-16,12,24650
2019-03-16,13,25288
2019-03-16,14,25824
2019-03-16,15,26675
2019-03-16,16,27884
2019-03-16,17,29771
2019-03-16,18,31136
2019-03-16,19,32447
2019-03-16,20,32718
2019-03-16,21,32790
2019-03-16,22,32709
2019-03-16,23,32742
2019-03-16,24,32658
2019-03-16,25,32442
2019-03-16,26,32160
2019-03-16,27,31914
2019-03-16,28,31683
2019-03-16,29,31790
2019-03-16,30,31656
2019-03-16,31,31824
2019-03-16,32,32070
2019-03-16,33,32482
2019-03-16,34,33416
2019-03-16,35,34496
2019-03-16,36,34917
2019-03-16,37,35207
2019-03-16,38,35438
2019-03-16,39,35208
2019-03-16,40,34356
2019-03-16,41,33599
2019-03-16,42,32390
2019-03-16,43,31040
2019-03-16,44,29954
2019-03-16,45,28770
2019-03-16,46,27760
2019-03-16,47,26665
2019-03-16,48,25929
2019-03-17,1,25744
2019-03-17,2,26054
2019-03-17,3,26039
2019-03-17,4,25423
2019-03-17,5,25133
2019-03-17,6,24988
2019-03-17,7,24632
2019-03-17,8,24314
2019-03-17,9,23964
2019-03-17,10,24081
2019-03-17,11,23889
2019-03-17,12,24326
2019-03-17,13,24692
2019-03-17,14,25121
2019-03-17,15,25040
2019-03-17,16,24513
2019-03-17,17,24586
2019-03-17,18,24897
2019-03-17,19,25770
2019-03-17,20,26016
2019-03-17,21,26432
2019-03-17,22,26582
2019-03-17,23,26885
2019-03-17,24,27065
2019-03-17,25,27224
2019-03-17,26,27269
2019-03-17,27,27080
2019-03-17,28,27162
2019-03-17,29,27439
2019-03-17,30,28009
2019-03-17,31,28898
2019-03-17,32,30070
2019-03-17,33,31634
2019-03-17,34,33493
2019-03-17,35,35076
2019-03-17,36,36177
2019-03-17,37,36773
2019-03-17,38,37821
2019-03-17,39,37522
2019-03-17,40,36469
2019-03-17,41,35714
2019-03-17,42,34767
2019-03-17,43,33367
2019-03-17,44,31609
2019-03-17,45,29818
2019-03-17,46,28385
2019-03-17,47,26654
2019-03-17,48,26260
2019-03-18,1,26559
2019-03-18,2,26955
2019-03-18,3,26332
2019-03-18,4,25954
2019-03-18,5,25941
2019-03-18,6,25977
2019-03-18,7,26156
2019-03-18,8,25903
2019-03-18,9,25992
2019-03-18,10,26009
2019-03-18,11,26389
2019-03-18,12,27476
2019-03-18,13,30314
2019-03-18,14,33189
2019-03-18,15,35768
2019-03-18,16,36622
2019-03-18,17,37195
2019-03-18,18,37157
2019-03-18,19,37325
2019-03-18,20,37054
2019-03-18,21,36786
2019-03-18,22,36399
2019-03-18,23,36337
2019-03-18,24,36669
2019-03-18,25,37170
2019-03-18,26,37146
2019-03-18,27,37274
2019-03-18,28,37094
2019-03-18,29,37496
2019-03-18,30,37613
2019-03-18,31,37551
2019-03-18,32,38128
2019-03-18,33,39559
2019-03-18,34,41006
2019-03-18,35,41708
2019-03-18,36,42143
2019-03-18,37,42745
2019-03-18,38,43546
2019-03-18,39,43009
2019-03-18,40,42114
2019-03-18,41,40731
2019-03-18,42,39452
2019-03-18,43,37969
2019-03-18,44,35794
2019-03-18,45,33522
2019-03-18,46,31412
2019-03-18,47,29609
2019-03-18,48,28608
2019-03-19,1,28749
2019-03-19,2,28900
2019-03-19,3,28963
2019-03-19,4,28731
2019-03-19,5,28644
2019-03-19,6,28492
2019-03-19,7,28111
2019-03-19,8,27702
2019-03-19,9,27576
2019-03-19,10,27709
2019-03-19,11,28412
2019-03-19,12,29418
2019-03-19,13,31664
2019-03-19,14,33896
2019-03-19,15,36692
2019-03-19,16,37659
2019-03-19,17,37832
2019-03-19,18,37442
2019-03-19,19,37304
2019-03-19,20,36956
2019-03-19,21,36429
2019-03-19,22,36157
2019-03-19,23,36154
2019-03-19,24,35448
2019-03-19,25,36402
2019-03-19,26,36435
2019-03-19,27,36412
2019-03-19,28,36334
2019-03-19,29,36461
2019-03-19,30,36256
2019-03-19,31,36070
2019-03-19,32,36979
2019-03-19,33,38114
2019-03-19,34,39294
2019-03-19,35,40507
2019-03-19,36,41223
2019-03-19,37,42080
2019-03-19,38,42774
2019-03-19,39,42241
2019-03-19,40,41107
2019-03-19,41,39875
2019-03-19,42,38222
2019-03-19,43,36400
2019-03-19,44,34178
2019-03-19,45,31935
2019-03-19,46,30072
2019-03-19,47,28358
2019-03-19,48,27189
2019-03-20,1,27434
2019-03-20,2,27956
2019-03-20,3,27663
2019-03-20,4,27047
2019-03-20,5,26577
2019-03-20,6,26286
2019-03-20,7,25964
2019-03-20,8,25621
2019-03-20,9,25492
2019-03-20,10,25803
2019-03-20,11,26415
2019-03-20,12,27890
2019-03-20,13,30017
2019-03-20,14,32453
2019-03-20,15,35402
2019-03-20,16,36401
2019-03-20,17,36830
2019-03-20,18,36672
2019-03-20,19,36775
2019-03-20,20,36284
2019-03-20,21,35919
2019-03-20,22,35542
2019-03-20,23,35365
2019-03-20,24,35146
2019-03-20,25,34986
2019-03-20,26,34596
2019-03-20,27,34405
2019-03-20,28,34127
2019-03-20,29,34060
2019-03-20,30,33907
2019-03-20,31,34171
2019-03-20,32,34985
2019-03-20,33,36216
2019-03-20,34,37304
2019-03-20,35,38430
2019-03-20,36,39091
2019-03-20,37,39966
2019-03-20,38,41066
2019-03-20,39,40877
2019-03-20,40,39638
2019-03-20,41,38536
2019-03-20,42,36657
2019-03-20,43,34953
2019-03-20,44,32879
2019-03-20,45,30730
2019-03-20,46,28930
2019-03-20,47,27516
2019-03-20,48,27178
2019-03-21,1,27052
2019-03-21,2,27263
2019-03-21,3,26877
2019-03-21,4,26142
2019-03-21,5,25746
2019-03-21,6,25460
2019-03-21,7,25166
2019-03-21,8,24720
2019-03-21,9,24590
2019-03-21,10,24431
2019-03-21,11,25028
2019-03-21,12,26408
2019-03-21,13,28943
2019-03-21,14,31763
2019-03-21,15,34735
2019-03-21,16,35946
2019-03-21,17,36683
2019-03-21,18,36664
2019-03-21,19,36870
2019-03-21,20,36419
2019-03-21,21,35973
2019-03-21,22,35958
2019-03-21,23,36422
2019-03-21,24,36714
2019-03-21,25,36999
2019-03-21,26,36970
2019-03-21,27,36816
2019-03-21,28,36717
2019-03-21,29,36778
2019-03-21,30,36854
2019-03-21,31,36945
2019-03-21,32,37296
2019-03-21,33,37754
2019-03-21,34,38610
2019-03-21,35,39558
2019-03-21,36,39729
2019-03-21,37,40375
2019-03-21,38,41210
2019-03-21,39,40622
2019-03-21,40,40026
2019-03-21,41,38877
2019-03-21,42,37273
2019-03-21,43,35159
2019-03-21,44,33317
2019-03-21,45,31019
2019-03-21,46,29438
2019-03-21,47,27731
2019-03-21,48,26528
2019-03-22,1,27000
2019-03-22,2,27355
2019-03-22,3,26885
2019-03-22,4,26194
2019-03-22,5,25582
2019-03-22,6,25301
2019-03-22,7,24770
2019-03-22,8,24442
2019-03-22,9,24339
2019-03-22,10,24555
2019-03-22,11,25336
2019-03-22,12,26584
2019-03-22,13,28457
2019-03-22,14,30451
2019-03-22,15,33293
2019-03-22,16,34617
2019-03-22,17,35458
2019-03-22,18,35408
2019-03-22,19,35524
2019-03-22,20,35567
2019-03-22,21,35172
2019-03-22,22,35103
2019-03-22,23,35123
2019-03-22,24,35230
2019-03-22,25,34987
2019-03-22,26,34582
2019-03-22,27,34236
2019-03-22,28,33782
2019-03-22,29,33786
2019-03-22,30,33634
2019-03-22,31,33506
2019-03-22,32,34268
2019-03-22,33,35141
2019-03-22,34,36351
2019-03-22,35,37467
2019-03-22,36,38034
2019-03-22,37,38505
2019-03-22,38,38837
2019-03-22,39,38625
2019-03-22,40,38059
2019-03-22,41,37108
2019-03-22,42,35841
2019-03-22,43,34349
2019-03-22,44,32778
2019-03-22,45,30689
2019-03-22,46,29388
2019-03-22,47,27782
2019-03-22,48,26558
2019-03-23,1,26144
2019-03-23,2,26178
2019-03-23,3,25651
2019-03-23,4,25585
2019-03-23,5,25176
2019-03-23,6,24796
2019-03-23,7,24524
2019-03-23,8,24225
2019-03-23,9,24026
2019-03-23,10,23941
2019-03-23,11,24170
2019-03-23,12,24793
2019-03-23,13,25200
2019-03-23,14,26269
2019-03-23,15,28179
2019-03-23,16,29186
2019-03-23,17,30472
2019-03-23,18,31302
2019-03-23,19,31392
2019-03-23,20,31011
2019-03-23,21,30877
2019-03-23,22,30688
2019-03-23,23,30467
2019-03-23,24,30344
2019-03-23,25,30118
2019-03-23,26,30029
2019-03-23,27,29842
2019-03-23,28,29676
2019-03-23,29,29542
2019-03-23,30,29809
2019-03-23,31,30370
2019-03-23,32,31085
2019-03-23,33,32144
2019-03-23,34,33618
2019-03-23,35,35277
2019-03-23,36,36273
2019-03-23,37,37068
2019-03-23,38,37861
2019-03-23,39,37627
2019-03-23,40,36608
2019-03-23,41,36015
2019-03-23,42,35200
2019-03-23,43,33737
2019-03-23,44,32226
2019-03-23,45,30948
2019-03-23,46,29790
2019-03-23,47,28429
2019-03-23,48,27357
2019-03-24,1,27339
2019-03-24,2,27517
2019-03-24,3,26935
2019-03-24,4,26482
2019-03-24,5,26070
2019-03-24,6,25664
2019-03-24,7,24903
2019-03-24,8,24473
2019-03-24,9,24325
2019-03-24,10,24264
2019-03-24,11,24477
2019-03-24,12,24685
2019-03-24,13,25048
2019-03-24,14,25358
2019-03-24,15,25649
2019-03-24,16,25449
2019-03-24,17,25415
2019-03-24,18,25682
2019-03-24,19,25720
2019-03-24,20,25362
2019-03-24,21,24932
2019-03-24,22,24301
2019-03-24,23,24052
2019-03-24,24,23777
2019-03-24,25,23788
2019-03-24,26,23694
2019-03-24,27,23371
2019-03-24,28,23101
2019-03-24,29,23362
2019-03-24,30,23970
2019-03-24,31,24695
2019-03-24,32,25793
2019-03-24,33,27243
2019-03-24,34,29351
2019-03-24,35,29481
2019-03-24,36,30692
2019-03-24,37,33998
2019-03-24,38,35123
2019-03-24,39,35501
2019-03-24,40,34890
2019-03-24,41,34328
2019-03-24,42,33027
2019-03-24,43,31396
2019-03-24,44,29762
2019-03-24,45,28028
2019-03-24,46,26523
2019-03-24,47,25110
2019-03-24,48,24559
2019-03-25,1,24328
2019-03-25,2,24798
2019-03-25,3,24414
2019-03-25,4,24067
2019-03-25,5,23772
2019-03-25,6,23781
2019-03-25,7,23926
2019-03-25,8,23750
2019-03-25,9,23840
2019-03-25,10,24018
2019-03-25,11,24749
2019-03-25,12,25865
2019-03-25,13,28201
2019-03-25,14,30687
2019-03-25,15,33486
2019-03-25,16,34147
2019-03-25,17,34184
2019-03-25,18,33340
2019-03-25,19,32916
2019-03-25,20,32253
2019-03-25,21,31801
2019-03-25,22,31636
2019-03-25,23,31665
2019-03-25,24,31651
2019-03-25,25,31624
2019-03-25,26,31386
2019-03-25,27,31170
2019-03-25,28,30900
2019-03-25,29,31178
2019-03-25,30,31521
2019-03-25,31,32238
2019-03-25,32,33618
2019-03-25,33,35194
2019-03-25,34,37005
2019-03-25,35,38798
2019-03-25,36,40002
2019-03-25,37,40654
2019-03-25,38,42231
2019-03-25,39,42643
2019-03-25,40,42098
2019-03-25,41,40734
2019-03-25,42,39417
2019-03-25,43,37768
2019-03-25,44,35756
2019-03-25,45,33373
2019-03-25,46,31479
2019-03-25,47,29704
2019-03-25,48,28632
2019-03-26,1,28040
2019-03-26,2,28213
2019-03-26,3,27760
2019-03-26,4,27190
2019-03-26,5,27534
2019-03-26,6,27615
2019-03-26,7,27242
2019-03-26,8,26960
2019-03-26,9,26962
2019-03-26,10,27050
2019-03-26,11,27801
2019-03-26,12,28735
2019-03-26,13,30608
2019-03-26,14,32686
2019-03-26,15,35249
2019-03-26,16,36095
2019-03-26,17,36378
2019-03-26,18,35761
2019-03-26,19,35323
2019-03-26,20,34476
2019-03-26,21,33676
2019-03-26,22,33196
2019-03-26,23,33416
2019-03-26,24,33800
2019-03-26,25,34080
2019-03-26,26,33604
2019-03-26,27,33300
2019-03-26,28,32984
2019-03-26,29,32959
2019-03-26,30,32893
2019-03-26,31,33097
2019-03-26,32,34254
2019-03-26,33,35549
2019-03-26,34,37380
2019-03-26,35,39044
2019-03-26,36,39916
2019-03-26,37,40687
2019-03-26,38,42059
2019-03-26,39,42266
2019-03-26,40,41633
2019-03-26,41,40490
2019-03-26,42,38942
2019-03-26,43,37358
2019-03-26,44,35172
2019-03-26,45,32849
2019-03-26,46,31090
2019-03-26,47,29066
2019-03-26,48,27803
2019-03-27,1,27359
2019-03-27,2,27542
2019-03-27,3,27811
2019-03-27,4,27374
2019-03-27,5,26774
2019-03-27,6,26464
2019-03-27,7,26218
2019-03-27,8,25903
2019-03-27,9,25813
2019-03-27,10,26164
2019-03-27,11,27104
2019-03-27,12,28251
2019-03-27,13,30317
2019-03-27,14,32606
2019-03-27,15,35370
2019-03-27,16,36409
2019-03-27,17,36645
2019-03-27,18,36566
2019-03-27,19,36534
2019-03-27,20,36365
2019-03-27,21,36125
2019-03-27,22,35953
2019-03-27,23,35930
2019-03-27,24,35772
2019-03-27,25,35801
2019-03-27,26,35363
2019-03-27,27,35059
2019-03-27,28,34470
2019-03-27,29,34260
2019-03-27,30,34228
2019-03-27,31,34456
2019-03-27,32,35324
2019-03-27,33,36427
2019-03-27,34,38004
2019-03-27,35,39251
2019-03-27,36,40048
2019-03-27,37,40788
2019-03-27,38,41807
2019-03-27,39,42275
2019-03-27,40,41547
2019-03-27,41,40390
2019-03-27,42,39271
2019-03-27,43,37628
2019-03-27,44,35582
2019-03-27,45,33376
2019-03-27,46,31757
2019-03-27,47,29688
2019-03-27,48,28576
2019-03-28,1,28321
2019-03-28,2,28534
2019-03-28,3,28293
2019-03-28,4,28057
2019-03-28,5,27715
2019-03-28,6,27573
2019-03-28,7,27171
2019-03-28,8,26927
2019-03-28,9,26967
2019-03-28,10,27123
2019-03-28,11,27865
2019-03-28,12,28980
2019-03-28,13,31014
2019-03-28,14,33301
2019-03-28,15,36008
2019-03-28,16,36427
2019-03-28,17,36444
2019-03-28,18,36104
2019-03-28,19,35784
2019-03-28,20,34888
2019-03-28,21,34005
2019-03-28,22,33368
2019-03-28,23,32802
2019-03-28,24,32549
2019-03-28,25,32305
2019-03-28,26,31842
2019-03-28,27,31413
2019-03-28,28,31058
2019-03-28,29,31129
2019-03-28,30,31007
2019-03-28,31,31316
2019-03-28,32,32313
2019-03-28,33,33639
2019-03-28,34,35475
2019-03-28,35,36775
2019-03-28,36,37044
2019-03-28,37,38054
2019-03-28,38,39473
2019-03-28,39,40389
2019-03-28,40,39764
2019-03-28,41,38759
2019-03-28,42,37688
2019-03-28,43,35882
2019-03-28,44,33769
2019-03-28,45,31578
2019-03-28,46,29968
2019-03-28,47,28219
2019-03-28,48,26818
2019-03-29,1,26242
2019-03-29,2,26407
2019-03-29,3,25978
2019-03-29,4,25402
2019-03-29,5,25677
2019-03-29,6,25712
2019-03-29,7,25299
2019-03-29,8,25104
2019-03-29,9,25082
2019-03-29,10,25366
2019-03-29,11,26296
2019-03-29,12,27325
2019-03-29,13,29465
2019-03-29,14,31520
2019-03-29,15,33850
2019-03-29,16,34419
2019-03-29,17,34804
2019-03-29,18,34089
2019-03-29,19,33582
2019-03-29,20,32677
2019-03-29,21,31792
2019-03-29,22,31019
2019-03-29,23,30585
2019-03-29,24,30117
2019-03-29,25,29896
2019-03-29,26,29498
2019-03-29,27,29142
2019-03-29,28,28967
2019-03-29,29,29078
2019-03-29,30,29394
2019-03-29,31,29916
2019-03-29,32,30999
2019-03-29,33,32354
2019-03-29,34,34049
2019-03-29,35,35490
2019-03-29,36,36426
2019-03-29,37,37246
2019-03-29,38,38080
2019-03-29,39,38568
2019-03-29,40,37910
2019-03-29,41,37272
2019-03-29,42,36439
2019-03-29,43,34954
2019-03-29,44,33170
2019-03-29,45,31338
2019-03-29,46,29796
2019-03-29,47,28292
2019-03-29,48,27551
2019-03-30,1,27151
2019-03-30,2,27289
2019-03-30,3,27249
2019-03-30,4,26843
2019-03-30,5,26573
2019-03-30,6,26290
2019-03-30,7,25804
2019-03-30,8,25503
2019-03-30,9,25537
2019-03-30,10,25373
2019-03-30,11,25614
2019-03-30,12,25892
2019-03-30,13,26382
2019-03-30,14,27097
2019-03-30,15,27721
2019-03-30,16,28378
2019-03-30,17,28839
2019-03-30,18,29179
2019-03-30,19,29523
2019-03-30,20,29327
2019-03-30,21,29185
2019-03-30,22,28692
2019-03-30,23,28260
2019-03-30,24,27754
2019-03-30,25,27374
2019-03-30,26,26928
2019-03-30,27,26542
2019-03-30,28,26323
2019-03-30,29,26120
2019-03-30,30,26306
2019-03-30,31,26782
2019-03-30,32,27618
2019-03-30,33,28895
2019-03-30,34,30243
2019-03-30,35,31948
2019-03-30,36,33106
2019-03-30,37,33976
2019-03-30,38,34990
2019-03-30,39,35152
2019-03-30,40,34580
2019-03-30,41,33752
2019-03-30,42,32846
2019-03-30,43,31871
2019-03-30,44,30543
2019-03-30,45,29245
2019-03-30,46,28132
2019-03-30,47,26558
2019-03-30,48,25634
2019-03-31,1,25614
2019-03-31,2,26146
2019-03-31,3,25920
2019-03-31,4,25156
2019-03-31,5,24581
2019-03-31,6,24254
2019-03-31,7,23950
2019-03-31,8,23618
2019-03-31,9,23626
2019-03-31,10,23678
2019-03-31,11,24042
2019-03-31,12,24031
2019-03-31,13,24272
2019-03-31,14,25135
2019-03-31,15,26386
2019-03-31,16,27109
2019-03-31,17,28212
2019-03-31,18,28590
2019-03-31,19,28683
2019-03-31,20,28560
2019-03-31,21,28444
2019-03-31,22,28284
2019-03-31,23,28014
2019-03-31,24,27936
2019-03-31,25,27642
2019-03-31,26,27256
2019-03-31,27,27265
2019-03-31,28,27030
2019-03-31,29,27097
2019-03-31,30,27443
2019-03-31,31,27865
2019-03-31,32,28823
2019-03-31,33,30002
2019-03-31,34,30835
2019-03-31,35,31806
2019-03-31,36,32546
2019-03-31,37,33230
2019-03-31,38,34205
2019-03-31,39,35365
2019-03-31,40,34792
2019-03-31,41,33988
2019-03-31,42,32479
2019-03-31,43,30710
2019-03-31,44,28940
2019-03-31,45,26887
2019-03-31,46,25655
2019-03-31,47,25316
2019-03-31,48,24812
2019-04-01,1,24807
2019-04-01,2,25166
2019-04-01,3,25578
2019-04-01,4,25600
2019-04-01,5,25384
2019-04-01,6,25053
2019-04-01,7,24902
2019-04-01,8,25161
2019-04-01,9,25637
2019-04-01,10,26912
2019-04-01,11,29356
2019-04-01,12,31681
2019-04-01,13,34970
2019-04-01,14,36820
2019-04-01,15,37234
2019-04-01,16,37167
2019-04-01,17,36818
2019-04-01,18,35850
2019-04-01,19,34749
2019-04-01,20,33754
2019-04-01,21,33260
2019-04-01,22,32725
2019-04-01,23,32571
2019-04-01,24,32040
2019-04-01,25,31560
2019-04-01,26,31113
2019-04-01,27,31090
2019-04-01,28,31153
2019-04-01,29,31230
2019-04-01,30,31976
2019-04-01,31,33101
2019-04-01,32,34280
2019-04-01,33,35404
2019-04-01,34,36084
2019-04-01,35,36851
2019-04-01,36,37310
2019-04-01,37,37998
2019-04-01,38,38454
2019-04-01,39,38296
2019-04-01,40,37684
2019-04-01,41,36522
2019-04-01,42,34546
2019-04-01,43,32353
2019-04-01,44,30279
2019-04-01,45,28218
2019-04-01,46,26858
2019-04-01,47,25633
2019-04-01,48,25146
2019-04-02,1,25221
2019-04-02,2,25678
2019-04-02,3,25849
2019-04-02,4,25869
2019-04-02,5,26474
2019-04-02,6,26366
2019-04-02,7,26283
2019-04-02,8,26268
2019-04-02,9,26828
2019-04-02,10,28079
2019-04-02,11,30322
2019-04-02,12,32499
2019-04-02,13,35660
2019-04-02,14,37333
2019-04-02,15,38281
2019-04-02,16,38078
2019-04-02,17,38354
2019-04-02,18,38006
2019-04-02,19,37688
2019-04-02,20,37724
2019-04-02,21,37600
2019-04-02,22,37552
2019-04-02,23,37352
2019-04-02,24,36982
2019-04-02,25,36322
2019-04-02,26,35595
2019-04-02,27,35270
2019-04-02,28,34924
2019-04-02,29,34608
2019-04-02,30,35407
2019-04-02,31,36164
2019-04-02,32,37430
2019-04-02,33,38038
2019-04-02,34,38718
2019-04-02,35,38910
2019-04-02,36,39280
2019-04-02,37,39625
2019-04-02,38,40232
2019-04-02,39,40380
2019-04-02,40,39268
2019-04-02,41,37838
2019-04-02,42,36026
2019-04-02,43,33857
2019-04-02,44,31634
2019-04-02,45,29513
2019-04-02,46,27850
2019-04-02,47,26476
2019-04-02,48,25818
2019-04-03,1,26056
2019-04-03,2,26693
2019-04-03,3,26815
2019-04-03,4,26855
2019-04-03,5,27333
2019-04-03,6,27206
2019-04-03,7,26830
2019-04-03,8,26756
2019-04-03,9,27337
2019-04-03,10,28685
2019-04-03,11,30845
2019-04-03,12,33163
2019-04-03,13,36450
2019-04-03,14,37714
2019-04-03,15,38217
2019-04-03,16,37822
2019-04-03,17,37938
2019-04-03,18,38318
2019-04-03,19,37452
2019-04-03,20,37209
2019-04-03,21,37053
2019-04-03,22,37040
2019-04-03,23,36850
2019-04-03,24,36719
2019-04-03,25,36040
2019-04-03,26,35470
2019-04-03,27,35118
2019-04-03,28,34851
2019-04-03,29,34858
2019-04-03,30,35432
2019-04-03,31,36200
2019-04-03,32,37064
2019-04-03,33,37665
2019-04-03,34,38398
2019-04-03,35,39120
2019-04-03,36,39424
2019-04-03,37,39180
2019-04-03,38,39265
2019-04-03,39,39703
2019-04-03,40,38636
2019-04-03,41,37285
2019-04-03,42,35586
2019-04-03,43,33899
2019-04-03,44,31754
2019-04-03,45,29369
2019-04-03,46,27707
2019-04-03,47,26421
2019-04-03,48,25822
2019-04-04,1,26114
2019-04-04,2,26866
2019-04-04,3,27706
2019-04-04,4,27868
2019-04-04,5,27538
2019-04-04,6,27486
2019-04-04,7,27403
2019-04-04,8,27284
2019-04-04,9,28009
2019-04-04,10,29261
2019-04-04,11,31410
2019-04-04,12,33569
2019-04-04,13,36617
2019-04-04,14,38124
2019-04-04,15,38605
2019-04-04,16,38213
2019-04-04,17,38354
2019-04-04,18,37948
2019-04-04,19,37558
2019-04-04,20,37561
2019-04-04,21,37531
2019-04-04,22,37395
2019-04-04,23,37449
2019-04-04,24,37062
2019-04-04,25,36706
2019-04-04,26,36140
2019-04-04,27,36230
2019-04-04,28,36158
2019-04-04,29,36499
2019-04-04,30,36886
2019-04-04,31,37157
2019-04-04,32,37490
2019-04-04,33,38400
2019-04-04,34,38688
2019-04-04,35,39160
2019-04-04,36,39464
2019-04-04,37,39688
2019-04-04,38,39540
2019-04-04,39,39561
2019-04-04,40,38529
2019-04-04,41,36679
2019-04-04,42,34800
2019-04-04,43,32350
2019-04-04,44,30222
2019-04-04,45,28161
2019-04-04,46,26669
2019-04-04,47,25592
2019-04-04,48,25059
2019-04-05,1,25215
2019-04-05,2,26158
2019-04-05,3,26972
2019-04-05,4,27040
2019-04-05,5,26724
2019-04-05,6,26601
2019-04-05,7,26319
2019-04-05,8,26444
2019-04-05,9,26927
2019-04-05,10,27984
2019-04-05,11,29693
2019-04-05,12,31660
2019-04-05,13,34665
2019-04-05,14,36071
2019-04-05,15,36765
2019-04-05,16,36241
2019-04-05,17,36152
2019-04-05,18,35938
2019-04-05,19,35429
2019-04-05,20,34932
2019-04-05,21,34784
2019-04-05,22,34657
2019-04-05,23,34517
2019-04-05,24,34194
2019-04-05,25,32893
2019-04-05,26,31472
2019-04-05,27,32870
2019-04-05,28,32889
2019-04-05,29,33027
2019-04-05,30,32859
2019-04-05,31,34161
2019-04-05,32,34970
2019-04-05,33,35844
2019-04-05,34,36368
2019-04-05,35,36140
2019-04-05,36,36142
2019-04-05,37,36101
2019-04-05,38,36402
2019-04-05,39,36374
2019-04-05,40,36138
2019-04-05,41,35203
2019-04-05,42,33285
2019-04-05,43,31442
2019-04-05,44,29816
2019-04-05,45,27951
2019-04-05,46,26689
2019-04-05,47,25748
2019-04-05,48,25155
2019-04-06,1,25377
2019-04-06,2,25962
2019-04-06,3,25922
2019-04-06,4,25834
2019-04-06,5,25999
2019-04-06,6,25813
2019-04-06,7,25588
2019-04-06,8,25515
2019-04-06,9,25638
2019-04-06,10,25958
2019-04-06,11,26397
2019-04-06,12,26901
2019-04-06,13,28574
2019-04-06,14,29802
2019-04-06,15,31024
2019-04-06,16,31654
2019-04-06,17,32085
2019-04-06,18,31910
2019-04-06,19,31734
2019-04-06,20,31344
2019-04-06,21,31038
2019-04-06,22,30559
2019-04-06,23,30277
2019-04-06,24,29975
2019-04-06,25,29645
2019-04-06,26,29188
2019-04-06,27,29125
2019-04-06,28,29327
2019-04-06,29,29603
2019-04-06,30,29872
2019-04-06,31,30646
2019-04-06,32,31424
2019-04-06,33,32158
2019-04-06,34,32961
2019-04-06,35,33586
2019-04-06,36,33831
2019-04-06,37,33688
2019-04-06,38,33675
2019-04-06,39,33840
2019-04-06,40,33223
2019-04-06,41,32582
2019-04-06,42,31689
2019-04-06,43,30430
2019-04-06,44,29088
2019-04-06,45,27474
2019-04-06,46,26172
2019-04-06,47,25358
2019-04-06,48,24861
2019-04-07,1,24792
2019-04-07,2,25028
2019-04-07,3,25015
2019-04-07,4,24906
2019-04-07,5,25100
2019-04-07,6,24839
2019-04-07,7,24525
2019-04-07,8,24191
2019-04-07,9,24145
2019-04-07,10,24255
2019-04-07,11,24111
2019-04-07,12,24106
2019-04-07,13,25276
2019-04-07,14,26282
2019-04-07,15,27637
2019-04-07,16,28645
2019-04-07,17,29528
2019-04-07,18,29960
2019-04-07,19,30410
2019-04-07,20,30736
2019-04-07,21,31058
2019-04-07,22,30970
2019-04-07,23,30732
2019-04-07,24,30573
2019-04-07,25,30121
2019-04-07,26,29747
2019-04-07,27,29853
2019-04-07,28,29599
2019-04-07,29,29642
2019-04-07,30,29852
2019-04-07,31,30399
2019-04-07,32,31362
2019-04-07,33,32319
2019-04-07,34,32712
2019-04-07,35,33009
2019-04-07,36,33096
2019-04-07,37,33280
2019-04-07,38,33411
2019-04-07,39,33801
2019-04-07,40,33145
2019-04-07,41,32126
2019-04-07,42,30803
2019-04-07,43,29522
2019-04-07,44,27691
2019-04-07,45,25870
2019-04-07,46,24595
2019-04-07,47,24082
2019-04-07,48,23687
2019-04-08,1,24038
2019-04-08,2,24591
2019-04-08,3,24945
2019-04-08,4,24923
2019-04-08,5,24724
2019-04-08,6,24555
2019-04-08,7,24555
2019-04-08,8,24612
2019-04-08,9,25230
2019-04-08,10,26465
2019-04-08,11,28554
2019-04-08,12,30563
2019-04-08,13,33510
2019-04-08,14,35033
2019-04-08,15,36266
2019-04-08,16,36692
2019-04-08,17,36824
2019-04-08,18,36748
2019-04-08,19,36318
2019-04-08,20,36219
2019-04-08,21,36113
2019-04-08,22,34688
2019-04-08,23,34965
2019-04-08,24,34414
2019-04-08,25,33892
2019-04-08,26,33268
2019-04-08,27,33160
2019-04-08,28,32830
2019-04-08,29,32493
2019-04-08,30,32828
2019-04-08,31,33565
2019-04-08,32,34574
2019-04-08,33,35714
2019-04-08,34,36456
2019-04-08,35,36980
2019-04-08,36,37326
2019-04-08,37,37470
2019-04-08,38,37576
2019-04-08,39,37781
2019-04-08,40,37356
2019-04-08,41,36204
2019-04-08,42,34243
2019-04-08,43,32174
2019-04-08,44,30113
2019-04-08,45,27986
2019-04-08,46,26301
2019-04-08,47,25552
2019-04-08,48,25098
2019-04-09,1,24978
2019-04-09,2,25813
2019-04-09,3,26070
2019-04-09,4,25631
2019-04-09,5,25195
2019-04-09,6,24948
2019-04-09,7,24980
2019-04-09,8,24954
2019-04-09,9,25447
2019-04-09,10,26644
2019-04-09,11,28418
2019-04-09,12,30402
2019-04-09,13,33397
2019-04-09,14,35234
2019-04-09,15,36800
2019-04-09,16,36823
2019-04-09,17,36748
2019-04-09,18,36494
2019-04-09,19,36438
2019-04-09,20,36226
2019-04-09,21,35839
2019-04-09,22,35585
2019-04-09,23,35490
2019-04-09,24,35131
2019-04-09,25,34781
2019-04-09,26,34553
2019-04-09,27,34444
2019-04-09,28,34293
2019-04-09,29,34561
2019-04-09,30,34980
2019-04-09,31,35394
2019-04-09,32,36278
2019-04-09,33,37075
2019-04-09,34,37594
2019-04-09,35,37826
2019-04-09,36,37980
2019-04-09,37,38068
2019-04-09,38,38332
2019-04-09,39,38413
2019-04-09,40,38041
2019-04-09,41,36758
2019-04-09,42,34622
2019-04-09,43,32663
2019-04-09,44,30611
2019-04-09,45,28388
2019-04-09,46,26718
2019-04-09,47,25810
2019-04-09,48,25390
2019-04-10,1,25503
2019-04-10,2,26052
2019-04-10,3,25864
2019-04-10,4,25842
2019-04-10,5,26258
2019-04-10,6,26174
2019-04-10,7,26151
2019-04-10,8,26272
2019-04-10,9,26775
2019-04-10,10,27779
2019-04-10,11,29118
2019-04-10,12,31529
2019-04-10,13,34724
2019-04-10,14,35951
2019-04-10,15,36738
2019-04-10,16,36746
2019-04-10,17,36575
2019-04-10,18,36380
2019-04-10,19,35899
2019-04-10,20,35210
2019-04-10,21,34522
2019-04-10,22,33901
2019-04-10,23,33520
2019-04-10,24,32502
2019-04-10,25,31718
2019-04-10,26,30882
2019-04-10,27,30549
2019-04-10,28,30300
2019-04-10,29,30269
2019-04-10,30,30853
2019-04-10,31,31596
2019-04-10,32,32707
2019-04-10,33,34297
2019-04-10,34,35338
2019-04-10,35,36306
2019-04-10,36,36648
2019-04-10,37,37154
2019-04-10,38,37333
2019-04-10,39,37847
2019-04-10,40,37460
2019-04-10,41,36764
2019-04-10,42,35354
2019-04-10,43,33393
2019-04-10,44,31788
2019-04-10,45,29787
2019-04-10,46,28359
2019-04-10,47,27302
2019-04-10,48,27000
2019-04-11,1,27187
2019-04-11,2,27690
2019-04-11,3,27543
2019-04-11,4,27788
2019-04-11,5,27770
2019-04-11,6,27660
2019-04-11,7,27622
2019-04-11,8,27673
2019-04-11,9,28309
2019-04-11,10,29496
2019-04-11,11,31003
2019-04-11,12,33164
2019-04-11,13,36042
2019-04-11,14,37445
2019-04-11,15,38238
2019-04-11,16,37442
2019-04-11,17,37115
2019-04-11,18,36420
2019-04-11,19,35666
2019-04-11,20,34998
2019-04-11,21,34401
2019-04-11,22,33792
2019-04-11,23,33268
2019-04-11,24,32536
2019-04-11,25,31787
2019-04-11,26,31230
2019-04-11,27,31093
2019-04-11,28,30839
2019-04-11,29,30908
2019-04-11,30,31509
2019-04-11,31,32338
2019-04-11,32,33554
2019-04-11,33,34842
2019-04-11,34,35874
2019-04-11,35,36819
2019-04-11,36,37476
2019-04-11,37,37593
2019-04-11,38,37908
2019-04-11,39,38408
2019-04-11,40,38378
2019-04-11,41,37077
2019-04-11,42,35404
2019-04-11,43,33415
2019-04-11,44,31550
2019-04-11,45,29457
2019-04-11,46,27885
2019-04-11,47,26717
2019-04-11,48,26340
2019-04-12,1,26406
2019-04-12,2,26832
2019-04-12,3,26762
2019-04-12,4,26930
2019-04-12,5,26994
2019-04-12,6,26745
2019-04-12,7,26749
2019-04-12,8,26820
2019-04-12,9,27685
2019-04-12,10,28892
2019-04-12,11,30418
2019-04-12,12,32128
2019-04-12,13,34668
2019-04-12,14,35578
2019-04-12,15,36416
2019-04-12,16,36594
2019-04-12,17,36194
2019-04-12,18,35262
2019-04-12,19,34376
2019-04-12,20,33983
2019-04-12,21,33623
2019-04-12,22,33671
2019-04-12,23,33767
2019-04-12,24,33339
2019-04-12,25,33024
2019-04-12,26,32679
2019-04-12,27,32627
2019-04-12,28,32517
2019-04-12,29,32591
2019-04-12,30,32892
2019-04-12,31,33505
2019-04-12,32,34555
2019-04-12,33,35381
2019-04-12,34,35933
2019-04-12,35,36280
2019-04-12,36,36234
2019-04-12,37,36246
2019-04-12,38,36322
2019-04-12,39,36752
2019-04-12,40,36342
2019-04-12,41,34778
2019-04-12,42,33293
2019-04-12,43,31713
2019-04-12,44,30100
2019-04-12,45,28158
2019-04-12,46,26679
2019-04-12,47,25507
2019-04-12,48,25078
2019-04-13,1,25319
2019-04-13,2,25976
2019-04-13,3,25866
2019-04-13,4,25970
2019-04-13,5,26502
2019-04-13,6,26352
2019-04-13,7,26138
2019-04-13,8,26040
2019-04-13,9,26143
2019-04-13,10,26500
2019-04-13,11,26700
2019-04-13,12,27184
2019-04-13,13,28655
2019-04-13,14,28964
2019-04-13,15,29493
2019-04-13,16,29591
2019-04-13,17,29434
2019-04-13,18,28638
2019-04-13,19,28112
2019-04-13,20,27614
2019-04-13,21,27316
2019-04-13,22,27072
2019-04-13,23,26759
2019-04-13,24,26344
2019-04-13,25,26018
2019-04-13,26,25427
2019-04-13,27,25168
2019-04-13,28,25015
2019-04-13,29,24832
2019-04-13,30,25273
2019-04-13,31,26066
2019-04-13,32,27324
2019-04-13,33,28973
2019-04-13,34,30258
2019-04-13,35,31132
2019-04-13,36,31797
2019-04-13,37,32247
2019-04-13,38,32557
2019-04-13,39,33165
2019-04-13,40,32794
2019-04-13,41,32091
2019-04-13,42,31055
2019-04-13,43,29603
2019-04-13,44,28144
2019-04-13,45,26558
2019-04-13,46,25300
2019-04-13,47,24847
2019-04-13,48,24552
2019-04-14,1,24416
2019-04-14,2,24744
2019-04-14,3,24609
2019-04-14,4,24756
2019-04-14,5,25078
2019-04-14,6,25054
2019-04-14,7,24876
2019-04-14,8,24755
2019-04-14,9,24764
2019-04-14,10,24813
2019-04-14,11,24335
2019-04-14,12,24549
2019-04-14,13,25290
2019-04-14,14,25884
2019-04-14,15,26658
2019-04-14,16,26775
2019-04-14,17,27224
2019-04-14,18,27329
2019-04-14,19,27659
2019-04-14,20,27703
2019-04-14,21,27816
2019-04-14,22,28122
2019-04-14,23,28364
2019-04-14,24,28450
2019-04-14,25,28204
2019-04-14,26,28037
2019-04-14,27,28442
2019-04-14,28,28551
2019-04-14,29,28827
2019-04-14,30,29192
2019-04-14,31,29747
2019-04-14,32,30535
2019-04-14,33,31807
2019-04-14,34,32332
2019-04-14,35,32598
2019-04-14,36,32994
2019-04-14,37,33214
2019-04-14,38,33353
2019-04-14,39,33615
2019-04-14,40,33487
2019-04-14,41,33032
2019-04-14,42,31394
2019-04-14,43,29734
2019-04-14,44,27869
2019-04-14,45,26008
2019-04-14,46,24645
2019-04-14,47,23456
2019-04-14,48,22962
2019-04-15,1,23251
2019-04-15,2,23893
2019-04-15,3,24167
2019-04-15,4,24583
2019-04-15,5,24672
2019-04-15,6,24606
2019-04-15,7,24593
2019-04-15,8,24342
2019-04-15,9,24748
2019-04-15,10,25905
2019-04-15,11,27602
2019-04-15,12,29512
2019-04-15,13,32221
2019-04-15,14,33515
2019-04-15,15,34151
2019-04-15,16,34158
2019-04-15,17,33774
2019-04-15,18,32793
2019-04-15,19,31683
2019-04-15,20,30757
2019-04-15,21,29934
2019-04-15,22,29360
2019-04-15,23,29160
2019-04-15,24,28753
2019-04-15,25,28291
2019-04-15,26,27853
2019-04-15,27,28013
2019-04-15,28,28364
2019-04-15,29,28782
2019-04-15,30,29392
2019-04-15,31,30117
2019-04-15,32,31311
2019-04-15,33,32560
2019-04-15,34,33382
2019-04-15,35,33845
2019-04-15,36,34250
2019-04-15,37,34672
2019-04-15,38,34770
2019-04-15,39,35032
2019-04-15,40,35122
2019-04-15,41,34310
2019-04-15,42,32750
2019-04-15,43,30847
2019-04-15,44,29019
2019-04-15,45,26934
2019-04-15,46,25744
2019-04-15,47,24819
2019-04-15,48,24371
2019-04-16,1,24585
2019-04-16,2,25208
2019-04-16,3,24840
2019-04-16,4,24707
2019-04-16,5,24598
2019-04-16,6,24694
2019-04-16,7,24660
2019-04-16,8,24664
2019-04-16,9,25438
2019-04-16,10,26364
2019-04-16,11,28470
2019-04-16,12,30629
2019-04-16,13,33193
2019-04-16,14,34671
2019-04-16,15,36335
2019-04-16,16,36578
2019-04-16,17,36640
2019-04-16,18,36182
2019-04-16,19,35690
2019-04-16,20,35642
2019-04-16,21,35480
2019-04-16,22,34879
2019-04-16,23,35163
2019-04-16,24,34638
2019-04-16,25,34438
2019-04-16,26,33912
2019-04-16,27,33973
2019-04-16,28,34036
2019-04-16,29,34275
2019-04-16,30,34796
2019-04-16,31,35271
2019-04-16,32,35930
2019-04-16,33,36860
2019-04-16,34,37253
2019-04-16,35,37667
2019-04-16,36,37767
2019-04-16,37,37696
2019-04-16,38,37821
2019-04-16,39,37812
2019-04-16,40,37665
2019-04-16,41,36294
2019-04-16,42,34284
2019-04-16,43,32222
2019-04-16,44,29912
2019-04-16,45,27915
2019-04-16,46,26395
2019-04-16,47,26112
2019-04-16,48,25925
2019-04-17,1,26067
2019-04-17,2,26846
2019-04-17,3,26967
2019-04-17,4,26650
2019-04-17,5,26454
2019-04-17,6,26037
2019-04-17,7,25593
2019-04-17,8,25354
2019-04-17,9,25472
2019-04-17,10,26497
2019-04-17,11,28759
2019-04-17,12,30740
2019-04-17,13,32938
2019-04-17,14,33432
2019-04-17,15,34178
2019-04-17,16,34125
2019-04-17,17,33891
2019-04-17,18,32927
2019-04-17,19,32108
2019-04-17,20,31930
2019-04-17,21,31560
2019-04-17,22,30809
2019-04-17,23,30522
2019-04-17,24,30096
2019-04-17,25,29460
2019-04-17,26,29147
2019-04-17,27,29138
2019-04-17,28,29129
2019-04-17,29,29431
2019-04-17,30,29977
2019-04-17,31,30541
2019-04-17,32,31464
2019-04-17,33,32488
2019-04-17,34,32820
2019-04-17,35,33398
2019-04-17,36,33724
2019-04-17,37,34235
2019-04-17,38,34551
2019-04-17,39,35145
2019-04-17,40,35156
2019-04-17,41,33998
2019-04-17,42,32492
2019-04-17,43,30974
2019-04-17,44,29128
2019-04-17,45,27223
2019-04-17,46,26036
2019-04-17,47,25447
2019-04-17,48,24948
2019-04-18,1,24970
2019-04-18,2,25235
2019-04-18,3,25128
2019-04-18,4,24657
2019-04-18,5,24386
2019-04-18,6,24191
2019-04-18,7,24244
2019-04-18,8,24447
2019-04-18,9,24577
2019-04-18,10,25366
2019-04-18,11,27198
2019-04-18,12,29187
2019-04-18,13,31703
2019-04-18,14,32516
2019-04-18,15,32980
2019-04-18,16,32589
2019-04-18,17,32264
2019-04-18,18,31622
2019-04-18,19,31037
2019-04-18,20,30439
2019-04-18,21,29920
2019-04-18,22,29237
2019-04-18,23,28878
2019-04-18,24,28252
2019-04-18,25,27724
2019-04-18,26,27443
2019-04-18,27,27120
2019-04-18,28,27182
2019-04-18,29,27944
2019-04-18,30,28088
2019-04-18,31,28902
2019-04-18,32,29872
2019-04-18,33,30904
2019-04-18,34,31337
2019-04-18,35,31868
2019-04-18,36,32258
2019-04-18,37,32096
2019-04-18,38,32253
2019-04-18,39,32562
2019-04-18,40,32830
2019-04-18,41,32320
2019-04-18,42,31323
2019-04-18,43,29862
2019-04-18,44,28142
2019-04-18,45,26252
2019-04-18,46,24881
2019-04-18,47,24368
2019-04-18,48,24124
2019-04-19,1,24099
2019-04-19,2,24297
2019-04-19,3,24092
2019-04-19,4,23716
2019-04-19,5,23357
2019-04-19,6,23062
2019-04-19,7,22871
2019-04-19,8,22787
2019-04-19,9,23115
2019-04-19,10,23264
2019-04-19,11,23741
2019-04-19,12,24687
2019-04-19,13,26010
2019-04-19,14,26682
2019-04-19,15,26961
2019-04-19,16,26796
2019-04-19,17,26491
2019-04-19,18,26220
2019-04-19,19,26249
2019-04-19,20,25980
2019-04-19,21,25503
2019-04-19,22,24966
2019-04-19,23,24686
2019-04-19,24,24263
2019-04-19,25,22772
2019-04-19,26,20552
2019-04-19,27,21745
2019-04-19,28,21634
2019-04-19,29,21923
2019-04-19,30,22464
2019-04-19,31,23393
2019-04-19,32,25018
2019-04-19,33,26897
2019-04-19,34,28096
2019-04-19,35,28790
2019-04-19,36,29318
2019-04-19,37,29448
2019-04-19,38,29524
2019-04-19,39,30013
2019-04-19,40,30410
2019-04-19,41,29930
2019-04-19,42,29062
2019-04-19,43,28252
2019-04-19,44,27057
2019-04-19,45,25680
2019-04-19,46,24397
2019-04-19,47,23631
2019-04-19,48,23907
2019-04-20,1,23698
2019-04-20,2,23748
2019-04-20,3,23512
2019-04-20,4,23190
2019-04-20,5,22809
2019-04-20,6,22642
2019-04-20,7,22503
2019-04-20,8,22328
2019-04-20,9,21988
2019-04-20,10,21937
2019-04-20,11,22539
2019-04-20,12,23061
2019-04-20,13,24464
2019-04-20,14,25095
2019-04-20,15,25850
2019-04-20,16,25976
2019-04-20,17,26098
2019-04-20,18,25947
2019-04-20,19,25420
2019-04-20,20,24897
2019-04-20,21,24597
2019-04-20,22,24182
2019-04-20,23,23749
2019-04-20,24,23291
2019-04-20,25,22729
2019-04-20,26,22343
2019-04-20,27,22169
2019-04-20,28,22192
2019-04-20,29,22290
2019-04-20,30,22967
2019-04-20,31,23674
2019-04-20,32,24618
2019-04-20,33,26026
2019-04-20,34,26924
2019-04-20,35,27550
2019-04-20,36,28155
2019-04-20,37,28391
2019-04-20,38,28390
2019-04-20,39,28801
2019-04-20,40,29154
2019-04-20,41,28770
2019-04-20,42,28316
2019-04-20,43,27434
2019-04-20,44,26344
2019-04-20,45,24776
2019-04-20,46,23550
2019-04-20,47,22450
2019-04-20,48,21732
2019-04-21,1,21775
2019-04-21,2,21658
2019-04-21,3,21470
2019-04-21,4,21120
2019-04-21,5,21016
2019-04-21,6,21045
2019-04-21,7,21204
2019-04-21,8,21210
2019-04-21,9,21285
2019-04-21,10,21194
2019-04-21,11,21424
2019-04-21,12,21654
2019-04-21,13,21555
2019-04-21,14,21930
2019-04-21,15,22310
2019-04-21,16,22211
2019-04-21,17,22328
2019-04-21,18,22175
2019-04-21,19,22173
2019-04-21,20,21947
2019-04-21,21,21709
2019-04-21,22,21520
2019-04-21,23,21602
2019-04-21,24,21230
2019-04-21,25,20690
2019-04-21,26,20176
2019-04-21,27,20054
2019-04-21,28,19968
2019-04-21,29,19809
2019-04-21,30,20121
2019-04-21,31,20874
2019-04-21,32,22148
2019-04-21,33,23416
2019-04-21,34,24096
2019-04-21,35,24812
2019-04-21,36,25522
2019-04-21,37,26094
2019-04-21,38,26214
2019-04-21,39,26796
2019-04-21,40,27346
2019-04-21,41,27204
2019-04-21,42,26501
2019-04-21,43,25744
2019-04-21,44,24479
2019-04-21,45,23224
2019-04-21,46,22221
2019-04-21,47,21433
2019-04-21,48,21137
2019-04-22,1,21333
2019-04-22,2,21259
2019-04-22,3,21219
2019-04-22,4,20994
2019-04-22,5,20734
2019-04-22,6,20655
2019-04-22,7,20574
2019-04-22,8,20510
2019-04-22,9,20614
2019-04-22,10,20684
2019-04-22,11,21595
2019-04-22,12,22092
2019-04-22,13,22909
2019-04-22,14,23518
2019-04-22,15,24082
2019-04-22,16,24193
2019-04-22,17,24567
2019-04-22,18,24544
2019-04-22,19,24266
2019-04-22,20,23578
2019-04-22,21,23054
2019-04-22,22,22723
2019-04-22,23,22475
2019-04-22,24,22064
2019-04-22,25,21505
2019-04-22,26,21138
2019-04-22,27,21366
2019-04-22,28,21542
2019-04-22,29,21513
2019-04-22,30,22242
2019-04-22,31,23194
2019-04-22,32,24322
2019-04-22,33,26345
2019-04-22,34,27556
2019-04-22,35,28578
2019-04-22,36,29255
2019-04-22,37,29596
2019-04-22,38,29692
2019-04-22,39,29692
2019-04-22,40,29709
2019-04-22,41,29344
2019-04-22,42,28283
2019-04-22,43,27076
2019-04-22,44,25467
2019-04-22,45,23781
2019-04-22,46,22643
2019-04-22,47,22108
2019-04-22,48,21758
2019-04-23,1,21496
2019-04-23,2,21451
2019-04-23,3,21396
2019-04-23,4,21156
2019-04-23,5,20753
2019-04-23,6,20661
2019-04-23,7,20707
2019-04-23,8,20832
2019-04-23,9,21630
2019-04-23,10,22499
2019-04-23,11,24263
2019-04-23,12,26451
2019-04-23,13,29367
2019-04-23,14,30508
2019-04-23,15,31020
2019-04-23,16,30861
2019-04-23,17,30893
2019-04-23,18,30347
2019-04-23,19,29903
2019-04-23,20,29946
2019-04-23,21,29814
2019-04-23,22,29594
2019-04-23,23,29558
2019-04-23,24,29320
2019-04-23,25,29024
2019-04-23,26,28836
2019-04-23,27,29046
2019-04-23,28,29144
2019-04-23,29,29480
2019-04-23,30,30248
2019-04-23,31,31051
2019-04-23,32,31951
2019-04-23,33,32530
2019-04-23,34,33037
2019-04-23,35,33199
2019-04-23,36,33378
2019-04-23,37,33241
2019-04-23,38,33239
2019-04-23,39,33106
2019-04-23,40,33224
2019-04-23,41,32438
2019-04-23,42,30964
2019-04-23,43,28952
2019-04-23,44,27201
2019-04-23,45,25191
2019-04-23,46,23720
2019-04-23,47,22554
2019-04-23,48,22042
2019-04-24,1,21948
2019-04-24,2,21942
2019-04-24,3,22122
2019-04-24,4,21658
2019-04-24,5,21756
2019-04-24,6,21740
2019-04-24,7,21827
2019-04-24,8,22101
2019-04-24,9,22213
2019-04-24,10,23133
2019-04-24,11,25386
2019-04-24,12,27798
2019-04-24,13,30378
2019-04-24,14,31627
2019-04-24,15,32366
2019-04-24,16,32534
2019-04-24,17,32666
2019-04-24,18,32492
2019-04-24,19,32632
2019-04-24,20,32913
2019-04-24,21,32877
2019-04-24,22,32797
2019-04-24,23,32672
2019-04-24,24,32494
2019-04-24,25,32179
2019-04-24,26,31735
2019-04-24,27,31645
2019-04-24,28,31263
2019-04-24,29,31108
2019-04-24,30,31346
2019-04-24,31,31965
2019-04-24,32,32604
2019-04-24,33,33442
2019-04-24,34,33823
2019-04-24,35,34067
2019-04-24,36,33826
2019-04-24,37,33943
2019-04-24,38,33728
2019-04-24,39,33550
2019-04-24,40,33622
2019-04-24,41,32908
2019-04-24,42,31442
2019-04-24,43,29920
2019-04-24,44,28219
2019-04-24,45,26188
2019-04-24,46,24512
2019-04-24,47,23662
2019-04-24,48,23083
2019-04-25,1,22672
2019-04-25,2,22910
2019-04-25,3,23110
2019-04-25,4,22796
2019-04-25,5,22549
2019-04-25,6,22485
2019-04-25,7,22450
2019-04-25,8,22662
2019-04-25,9,22851
2019-04-25,10,23464
2019-04-25,11,25966
2019-04-25,12,28205
2019-04-25,13,31012
2019-04-25,14,32041
2019-04-25,15,33155
2019-04-25,16,33176
2019-04-25,17,33365
2019-04-25,18,33012
2019-04-25,19,27726
2019-04-25,20,2588
2019-04-25,21,2591
2019-04-25,22,28496
2019-04-25,23,29176
2019-04-25,24,31632
2019-04-25,25,30991
2019-04-25,26,30485
2019-04-25,27,30363
2019-04-25,28,30195
2019-04-25,29,30160
2019-04-25,30,30932
2019-04-25,31,31877
2019-04-25,32,32913
2019-04-25,33,33656
2019-04-25,34,33880
2019-04-25,35,33949
2019-04-25,36,34041
2019-04-25,37,34067
2019-04-25,38,34026
2019-04-25,39,34072
2019-04-25,40,34317
2019-04-25,41,33688
2019-04-25,42,32097
2019-04-25,43,30064
2019-04-25,44,28087
2019-04-25,45,26166
2019-04-25,46,24778
2019-04-25,47,24234
2019-04-25,48,23649
2019-04-26,1,23580
2019-04-26,2,23728
2019-04-26,3,23552
2019-04-26,4,23238
2019-04-26,5,22945
2019-04-26,6,22820
2019-04-26,7,22986
2019-04-26,8,22955
2019-04-26,9,23257
2019-04-26,10,23834
2019-04-26,11,25702
2019-04-26,12,27988
2019-04-26,13,30545
2019-04-26,14,31605
2019-04-26,15,32207
2019-04-26,16,31751
2019-04-26,17,31443
2019-04-26,18,31140
2019-04-26,19,30577
2019-04-26,20,30266
2019-04-26,21,30162
2019-04-26,22,29933
2019-04-26,23,30007
2019-04-26,24,29946
2019-04-26,25,29815
2019-04-26,26,29368
2019-04-26,27,29176
2019-04-26,28,28981
2019-04-26,29,28762
2019-04-26,30,29229
2019-04-26,31,30153
2019-04-26,32,30932
2019-04-26,33,31835
2019-04-26,34,32308
2019-04-26,35,32582
2019-04-26,36,32596
2019-04-26,37,32145
2019-04-26,38,32039
2019-04-26,39,31838
2019-04-26,40,31740
2019-04-26,41,30821
2019-04-26,42,29186
2019-04-26,43,27427
2019-04-26,44,25882
2019-04-26,45,24588
2019-04-26,46,23347
2019-04-26,47,22618
2019-04-26,48,21911
2019-04-27,1,21824
2019-04-27,2,21850
2019-04-27,3,21762
2019-04-27,4,21536
2019-04-27,5,21306
2019-04-27,6,20970
2019-04-27,7,20623
2019-04-27,8,20289
2019-04-27,9,20185
2019-04-27,10,20315
2019-04-27,11,21366
2019-04-27,12,22402
2019-04-27,13,23972
2019-04-27,14,25359
2019-04-27,15,26877
2019-04-27,16,27571
2019-04-27,17,28209
2019-04-27,18,28090
2019-04-27,19,27892
2019-04-27,20,27707
2019-04-27,21,27694
2019-04-27,22,27638
2019-04-27,23,27341
2019-04-27,24,26894
2019-04-27,25,26382
2019-04-27,26,25662
2019-04-27,27,25390
2019-04-27,28,25385
2019-04-27,29,25484
2019-04-27,30,25896
2019-04-27,31,26598
2019-04-27,32,27402
2019-04-27,33,28344
2019-04-27,34,29088
2019-04-27,35,29890
2019-04-27,36,30232
2019-04-27,37,30292
2019-04-27,38,30267
2019-04-27,39,30331
2019-04-27,40,30398
2019-04-27,41,29872
2019-04-27,42,29026
2019-04-27,43,27953
2019-04-27,44,26750
2019-04-27,45,25104
2019-04-27,46,23770
2019-04-27,47,22834
2019-04-27,48,22216
2019-04-28,1,22014
2019-04-28,2,22051
2019-04-28,3,21882
2019-04-28,4,21622
2019-04-28,5,21412
2019-04-28,6,21334
2019-04-28,7,21225
2019-04-28,8,21101
2019-04-28,9,20957
2019-04-28,10,20771
2019-04-28,11,21322
2019-04-28,12,22132
2019-04-28,13,23740
2019-04-28,14,24591
2019-04-28,15,25540
2019-04-28,16,26200
2019-04-28,17,26950
2019-04-28,18,27360
2019-04-28,19,27736
2019-04-28,20,27676
2019-04-28,21,27749
2019-04-28,22,27945
2019-04-28,23,28425
2019-04-28,24,28525
2019-04-28,25,28310
2019-04-28,26,27924
2019-04-28,27,28062
2019-04-28,28,27914
2019-04-28,29,27903
2019-04-28,30,28070
2019-04-28,31,28944
2019-04-28,32,29998
2019-04-28,33,30529
2019-04-28,34,31076
2019-04-28,35,31365
2019-04-28,36,31582
2019-04-28,37,31590
2019-04-28,38,31357
2019-04-28,39,31561
2019-04-28,40,31965
2019-04-28,41,31555
2019-04-28,42,30213
2019-04-28,43,29455
2019-04-28,44,27948
2019-04-28,45,26030
2019-04-28,46,24625
2019-04-28,47,23611
2019-04-28,48,23394
2019-04-29,1,23882
2019-04-29,2,24266
2019-04-29,3,24311
2019-04-29,4,24073
2019-04-29,5,23844
2019-04-29,6,23799
2019-04-29,7,23770
2019-04-29,8,23862
2019-04-29,9,23756
2019-04-29,10,24719
2019-04-29,11,27537
2019-04-29,12,30200
2019-04-29,13,33122
2019-04-29,14,34207
2019-04-29,15,34752
2019-04-29,16,34617
2019-04-29,17,34893
2019-04-29,18,34497
2019-04-29,19,33833
2019-04-29,20,33692
2019-04-29,21,33319
2019-04-29,22,33034
2019-04-29,23,32965
2019-04-29,24,32575
2019-04-29,25,32024
2019-04-29,26,31682
2019-04-29,27,31539
2019-04-29,28,31320
2019-04-29,29,31224
2019-04-29,30,31720
2019-04-29,31,32455
2019-04-29,32,33404
2019-04-29,33,34178
2019-04-29,34,34709
2019-04-29,35,34868
2019-04-29,36,35096
2019-04-29,37,35286
2019-04-29,38,35136
2019-04-29,39,34899
2019-04-29,40,34791
2019-04-29,41,34489
2019-04-29,42,33084
2019-04-29,43,31053
2019-04-29,44,28993
2019-04-29,45,27049
2019-04-29,46,25787
2019-04-29,47,24674
2019-04-29,48,24440
2019-04-30,1,24234
2019-04-30,2,24607
2019-04-30,3,24406
2019-04-30,4,23907
2019-04-30,5,23781
2019-04-30,6,24017
2019-04-30,7,23925
2019-04-30,8,24112
2019-04-30,9,24256
2019-04-30,10,24972
2019-04-30,11,27558
2019-04-30,12,30120
2019-04-30,13,32731
2019-04-30,14,33372
2019-04-30,15,33867
2019-04-30,16,33657
2019-04-30,17,33786
2019-04-30,18,33772
2019-04-30,19,33255
2019-04-30,20,32793
2019-04-30,21,32286
2019-04-30,22,32232
2019-04-30,23,31987
2019-04-30,24,31723
2019-04-30,25,31355
2019-04-30,26,31184
2019-04-30,27,31054
2019-04-30,28,31019
2019-04-30,29,31077
2019-04-30,30,31762
2019-04-30,31,32680
2019-04-30,32,33588
2019-04-30,33,34406
2019-04-30,34,34601
2019-04-30,35,34848
2019-04-30,36,35078
2019-04-30,37,35186
2019-04-30,38,35184
2019-04-30,39,34955
2019-04-30,40,35210
2019-04-30,41,34687
2019-04-30,42,33463
2019-04-30,43,31928
2019-04-30,44,29858
2019-04-30,45,27835
2019-04-30,46,26414
2019-04-30,47,25915
2019-04-30,48,25431
2019-05-01,1,25227
2019-05-01,2,25444
2019-05-01,3,25177
2019-05-01,4,24978
2019-05-01,5,24664
2019-05-01,6,24688
2019-05-01,7,24720
2019-05-01,8,24864
2019-05-01,9,25225
2019-05-01,10,26008
2019-05-01,11,27705
2019-05-01,12,30392
2019-05-01,13,33270
2019-05-01,14,34500
2019-05-01,15,35311
2019-05-01,16,34913
2019-05-01,17,34847
2019-05-01,18,34401
2019-05-01,19,33840
2019-05-01,20,33466
2019-05-01,21,33345
2019-05-01,22,33304
2019-05-01,23,33582
2019-05-01,24,33507
2019-05-01,25,33211
2019-05-01,26,32948
2019-05-01,27,32852
2019-05-01,28,32835
2019-05-01,29,32904
2019-05-01,30,33455
2019-05-01,31,34009
2019-05-01,32,34449
2019-05-01,33,35090
2019-05-01,34,35311
2019-05-01,35,35498
2019-05-01,36,35618
2019-05-01,37,35366
2019-05-01,38,35136
2019-05-01,39,34979
2019-05-01,40,35146
2019-05-01,41,34687
2019-05-01,42,33263
2019-05-01,43,31300
2019-05-01,44,29216
2019-05-01,45,27029
2019-05-01,46,25289
2019-05-01,47,24929
2019-05-01,48,24454
2019-05-02,1,24302
2019-05-02,2,24365
2019-05-02,3,24154
2019-05-02,4,23887
2019-05-02,5,23800
2019-05-02,6,23639
2019-05-02,7,23674
2019-05-02,8,23614
2019-05-02,9,23718
2019-05-02,10,24710
2019-05-02,11,26965
2019-05-02,12,29506
2019-05-02,13,32094
2019-05-02,14,33322
2019-05-02,15,33835
2019-05-02,16,33541
2019-05-02,17,32981
2019-05-02,18,32794
2019-05-02,19,32724
2019-05-02,20,32391
2019-05-02,21,32240
2019-05-02,22,32076
2019-05-02,23,32395
2019-05-02,24,32034
2019-05-02,25,32418
2019-05-02,26,32287
2019-05-02,27,32256
2019-05-02,28,32153
2019-05-02,29,32305
2019-05-02,30,32800
2019-05-02,31,33472
2019-05-02,32,34494
2019-05-02,33,35080
2019-05-02,34,35303
2019-05-02,35,35412
2019-05-02,36,35741
2019-05-02,37,35682
2019-05-02,38,35487
2019-05-02,39,35068
2019-05-02,40,35320
2019-05-02,41,34846
2019-05-02,42,33656
2019-05-02,43,31791
2019-05-02,44,29803
2019-05-02,45,27634
2019-05-02,46,25970
2019-05-02,47,25646
2019-05-02,48,25283
2019-05-03,1,24851
2019-05-03,2,24979
2019-05-03,3,24792
2019-05-03,4,24601
2019-05-03,5,24310
2019-05-03,6,24200
2019-05-03,7,24214
2019-05-03,8,24447
2019-05-03,9,24754
2019-05-03,10,25173
2019-05-03,11,27475
2019-05-03,12,30132
2019-05-03,13,32574
2019-05-03,14,33597
2019-05-03,15,34434
2019-05-03,16,34546
2019-05-03,17,34534
2019-05-03,18,34593
2019-05-03,19,34277
2019-05-03,20,33938
2019-05-03,21,33592
2019-05-03,22,31898
2019-05-03,23,33671
2019-05-03,24,33335
2019-05-03,25,33155
2019-05-03,26,32769
2019-05-03,27,32616
2019-05-03,28,32282
2019-05-03,29,32146
2019-05-03,30,32571
2019-05-03,31,33286
2019-05-03,32,33952
2019-05-03,33,34708
2019-05-03,34,35193
2019-05-03,35,35406
2019-05-03,36,35285
2019-05-03,37,35037
2019-05-03,38,34553
2019-05-03,39,33820
2019-05-03,40,33740
2019-05-03,41,33294
2019-05-03,42,31786
2019-05-03,43,30051
2019-05-03,44,28344
2019-05-03,45,26426
2019-05-03,46,24961
2019-05-03,47,23718
2019-05-03,48,22941
2019-05-04,1,22981
2019-05-04,2,23055
2019-05-04,3,22853
2019-05-04,4,22538
2019-05-04,5,22623
2019-05-04,6,22614
2019-05-04,7,22779
2019-05-04,8,22613
2019-05-04,9,22193
2019-05-04,10,22396
2019-05-04,11,22819
2019-05-04,12,23397
2019-05-04,13,24508
2019-05-04,14,24972
2019-05-04,15,25432
2019-05-04,16,25150
2019-05-04,17,25187
2019-05-04,18,25150
2019-05-04,19,24662
2019-05-04,20,24365
2019-05-04,21,23956
2019-05-04,22,24170
2019-05-04,23,24451
2019-05-04,24,24043
2019-05-04,25,24032
2019-05-04,26,23920
2019-05-04,27,23629
2019-05-04,28,23487
2019-05-04,29,23399
2019-05-04,30,23852
2019-05-04,31,24306
2019-05-04,32,25683
2019-05-04,33,26896
2019-05-04,34,28009
2019-05-04,35,28879
2019-05-04,36,29479
2019-05-04,37,29800
2019-05-04,38,29993
2019-05-04,39,29884
2019-05-04,40,30061
2019-05-04,41,30017
2019-05-04,42,29356
2019-05-04,43,28413
2019-05-04,44,27429
2019-05-04,45,25904
2019-05-04,46,24662
2019-05-04,47,23589
2019-05-04,48,22974
2019-05-05,1,22858
2019-05-05,2,23087
2019-05-05,3,22852
2019-05-05,4,22589
2019-05-05,5,22683
2019-05-05,6,22546
2019-05-05,7,22518
2019-05-05,8,22638
2019-05-05,9,22650
2019-05-05,10,22382
2019-05-05,11,22708
2019-05-05,12,23378
2019-05-05,13,23972
2019-05-05,14,24350
2019-05-05,15,24966
2019-05-05,16,25236
2019-05-05,17,25578
2019-05-05,18,25789
2019-05-05,19,25992
2019-05-05,20,26526
2019-05-05,21,26962
2019-05-05,22,27141
2019-05-05,23,27124
2019-05-05,24,27146
2019-05-05,25,27041
2019-05-05,26,26824
2019-05-05,27,26631
2019-05-05,28,26574
2019-05-05,29,26633
2019-05-05,30,26921
2019-05-05,31,27600
2019-05-05,32,28520
2019-05-05,33,29091
2019-05-05,34,29498
2019-05-05,35,29842
2019-05-05,36,30142
2019-05-05,37,30380
2019-05-05,38,30421
2019-05-05,39,30542
2019-05-05,40,30362
2019-05-05,41,30493
2019-05-05,42,29657
2019-05-05,43,28428
2019-05-05,44,27271
2019-05-05,45,25726
2019-05-05,46,24223
2019-05-05,47,23192
2019-05-05,48,22692
2019-05-06,1,23404
2019-05-06,2,23543
2019-05-06,3,23671
2019-05-06,4,23931
2019-05-06,5,23500
2019-05-06,6,23335
2019-05-06,7,23063
2019-05-06,8,23012
2019-05-06,9,22306
2019-05-06,10,22230
2019-05-06,11,23119
2019-05-06,12,24055
2019-05-06,13,26182
2019-05-06,14,26774
2019-05-06,15,26579
2019-05-06,16,26878
2019-05-06,17,27652
2019-05-06,18,27939
2019-05-06,19,28249
2019-05-06,20,28444
2019-05-06,21,28732
2019-05-06,22,29001
2019-05-06,23,29456
2019-05-06,24,29441
2019-05-06,25,29326
2019-05-06,26,28942
2019-05-06,27,28875
2019-05-06,28,28732
2019-05-06,29,28876
2019-05-06,30,29024
2019-05-06,31,29735
2019-05-06,32,31006
2019-05-06,33,32165
2019-05-06,34,32569
2019-05-06,35,32981
2019-05-06,36,33256
2019-05-06,37,33413
2019-05-06,38,32996
2019-05-06,39,32937
2019-05-06,40,32898
2019-05-06,41,32791
2019-05-06,42,31834
2019-05-06,43,30127
2019-05-06,44,28304
2019-05-06,45,26668
2019-05-06,46,25132
2019-05-06,47,24630
2019-05-06,48,24547
2019-05-07,1,24551
2019-05-07,2,24764
2019-05-07,3,24696
2019-05-07,4,24546
2019-05-07,5,24510
2019-05-07,6,24531
2019-05-07,7,23884
2019-05-07,8,23931
2019-05-07,9,24205
2019-05-07,10,24862
2019-05-07,11,27602
2019-05-07,12,30115
2019-05-07,13,32731
2019-05-07,14,33686
2019-05-07,15,34277
2019-05-07,16,33990
2019-05-07,17,34042
2019-05-07,18,33536
2019-05-07,19,32789
2019-05-07,20,32723
2019-05-07,21,32577
2019-05-07,22,32573
2019-05-07,23,32503
2019-05-07,24,32486
2019-05-07,25,32232
2019-05-07,26,31932
2019-05-07,27,31896
2019-05-07,28,31825
2019-05-07,29,31914
2019-05-07,30,32447
2019-05-07,31,33532
2019-05-07,32,34369
2019-05-07,33,34957
2019-05-07,34,35418
2019-05-07,35,35367
2019-05-07,36,35656
2019-05-07,37,35120
2019-05-07,38,34740
2019-05-07,39,34662
2019-05-07,40,34545
2019-05-07,41,33856
2019-05-07,42,32582
2019-05-07,43,30689
2019-05-07,44,28680
2019-05-07,45,26433
2019-05-07,46,24756
2019-05-07,47,23598
2019-05-07,48,23048
2019-05-08,1,23014
2019-05-08,2,23079
2019-05-08,3,23367
2019-05-08,4,23162
2019-05-08,5,23016
2019-05-08,6,22823
2019-05-08,7,22905
2019-05-08,8,23152
2019-05-08,9,23206
2019-05-08,10,23856
2019-05-08,11,26134
2019-05-08,12,28688
2019-05-08,13,31691
2019-05-08,14,33503
2019-05-08,15,34947
2019-05-08,16,34978
2019-05-08,17,35096
2019-05-08,18,34932
2019-05-08,19,34872
2019-05-08,20,34724
2019-05-08,21,34485
2019-05-08,22,34105
2019-05-08,23,33863
2019-05-08,24,33703
2019-05-08,25,33396
2019-05-08,26,33048
2019-05-08,27,33094
2019-05-08,28,33123
2019-05-08,29,32822
2019-05-08,30,33340
2019-05-08,31,33920
2019-05-08,32,34969
2019-05-08,33,35872
2019-05-08,34,36065
2019-05-08,35,36108
2019-05-08,36,36093
2019-05-08,37,35520
2019-05-08,38,35654
2019-05-08,39,35310
2019-05-08,40,34705
2019-05-08,41,34266
2019-05-08,42,32973
2019-05-08,43,31054
2019-05-08,44,29042
2019-05-08,45,27080
2019-05-08,46,25756
2019-05-08,47,24630
2019-05-08,48,24133
2019-05-09,1,24181
2019-05-09,2,24429
2019-05-09,3,24107
2019-05-09,4,23841
2019-05-09,5,23879
2019-05-09,6,23557
2019-05-09,7,23174
2019-05-09,8,23275
2019-05-09,9,23676
2019-05-09,10,24660
2019-05-09,11,27496
2019-05-09,12,29972
2019-05-09,13,32659
2019-05-09,14,33928
2019-05-09,15,34823
2019-05-09,16,34709
2019-05-09,17,34945
2019-05-09,18,34793
2019-05-09,19,34078
2019-05-09,20,34080
2019-05-09,21,34085
2019-05-09,22,33933
2019-05-09,23,34077
2019-05-09,24,33580
2019-05-09,25,33309
2019-05-09,26,33231
2019-05-09,27,33319
2019-05-09,28,33092
2019-05-09,29,33135
2019-05-09,30,33930
2019-05-09,31,34781
2019-05-09,32,35384
2019-05-09,33,35806
2019-05-09,34,36038
2019-05-09,35,36101
2019-05-09,36,36157
2019-05-09,37,36035
2019-05-09,38,35854
2019-05-09,39,35696
2019-05-09,40,35855
2019-05-09,41,35514
2019-05-09,42,34553
2019-05-09,43,32814
2019-05-09,44,31230
2019-05-09,45,29084
2019-05-09,46,27506
2019-05-09,47,26769
2019-05-09,48,26303
2019-05-10,1,26217
2019-05-10,2,26409
2019-05-10,3,26353
2019-05-10,4,26238
2019-05-10,5,26030
2019-05-10,6,25992
2019-05-10,7,26210
2019-05-10,8,26256
2019-05-10,9,25608
2019-05-10,10,26198
2019-05-10,11,28609
2019-05-10,12,31115
2019-05-10,13,33579
2019-05-10,14,34330
2019-05-10,15,34922
2019-05-10,16,34685
2019-05-10,17,34457
2019-05-10,18,34277
2019-05-10,19,33989
2019-05-10,20,33619
2019-05-10,21,33122
2019-05-10,22,33116
2019-05-10,23,33245
2019-05-10,24,32828
2019-05-10,25,32536
2019-05-10,26,32025
2019-05-10,27,31827
2019-05-10,28,31472
2019-05-10,29,31326
2019-05-10,30,31816
2019-05-10,31,32398
2019-05-10,32,33224
2019-05-10,33,34177
2019-05-10,34,34511
2019-05-10,35,34432
2019-05-10,36,34642
2019-05-10,37,34261
2019-05-10,38,34260
2019-05-10,39,34295
2019-05-10,40,34060
2019-05-10,41,33736
2019-05-10,42,32852
2019-05-10,43,31245
2019-05-10,44,29505
2019-05-10,45,27895
2019-05-10,46,26662
2019-05-10,47,25454
2019-05-10,48,24701
2019-05-11,1,24625
2019-05-11,2,24775
2019-05-11,3,24889
2019-05-11,4,24758
2019-05-11,5,24576
2019-05-11,6,24437
2019-05-11,7,24150
2019-05-11,8,24020
2019-05-11,9,23791
2019-05-11,10,23880
2019-05-11,11,24467
2019-05-11,12,25429
2019-05-11,13,26312
2019-05-11,14,27093
2019-05-11,15,27944
2019-05-11,16,28466
2019-05-11,17,28746
2019-05-11,18,28440
2019-05-11,19,28362
2019-05-11,20,28164
2019-05-11,21,27837
2019-05-11,22,27651
2019-05-11,23,27391
2019-05-11,24,27084
2019-05-11,25,26512
2019-05-11,26,25992
2019-05-11,27,25474
2019-05-11,28,25065
2019-05-11,29,24911
2019-05-11,30,25013
2019-05-11,31,25976
2019-05-11,32,27124
2019-05-11,33,28281
2019-05-11,34,29298
2019-05-11,35,30116
2019-05-11,36,30641
2019-05-11,37,31050
2019-05-11,38,31033
2019-05-11,39,30801
2019-05-11,40,30500
2019-05-11,41,30317
2019-05-11,42,30155
2019-05-11,43,29257
2019-05-11,44,28090
2019-05-11,45,26641
2019-05-11,46,25463
2019-05-11,47,24418
2019-05-11,48,23718
2019-05-12,1,23436
2019-05-12,2,23542
2019-05-12,3,23681
2019-05-12,4,23543
2019-05-12,5,23394
2019-05-12,6,23306
2019-05-12,7,23221
2019-05-12,8,23041
2019-05-12,9,22655
2019-05-12,10,22669
2019-05-12,11,22966
2019-05-12,12,23552
2019-05-12,13,23362
2019-05-12,14,23288
2019-05-12,15,23862
2019-05-12,16,24186
2019-05-12,17,24571
2019-05-12,18,24634
2019-05-12,19,24633
2019-05-12,20,24476
2019-05-12,21,24271
2019-05-12,22,24330
2019-05-12,23,24267
2019-05-12,24,24221
2019-05-12,25,23838
2019-05-12,26,23441
2019-05-12,27,23221
2019-05-12,28,23020
2019-05-12,29,23008
2019-05-12,30,23340
2019-05-12,31,24383
2019-05-12,32,25612
2019-05-12,33,26962
2019-05-12,34,27999
2019-05-12,35,28899
2019-05-12,36,29706
2019-05-12,37,29992
2019-05-12,38,30036
2019-05-12,39,30109
2019-05-12,40,30028
2019-05-12,41,30094
2019-05-12,42,29781
2019-05-12,43,28637
2019-05-12,44,26988
2019-05-12,45,25170
2019-05-12,46,23892
2019-05-12,47,23252
2019-05-12,48,22944
2019-05-13,1,23036
2019-05-13,2,23152
2019-05-13,3,23134
2019-05-13,4,23038
2019-05-13,5,22791
2019-05-13,6,22740
2019-05-13,7,22802
2019-05-13,8,22849
2019-05-13,9,22617
2019-05-13,10,23456
2019-05-13,11,26330
2019-05-13,12,28913
2019-05-13,13,30991
2019-05-13,14,31120
2019-05-13,15,31148
2019-05-13,16,30766
2019-05-13,17,30579
2019-05-13,18,29768
2019-05-13,19,28757
2019-05-13,20,28111
2019-05-13,21,27667
2019-05-13,22,27419
2019-05-13,23,27255
2019-05-13,24,26917
2019-05-13,25,26608
2019-05-13,26,26384
2019-05-13,27,26427
2019-05-13,28,26329
2019-05-13,29,26326
2019-05-13,30,27029
2019-05-13,31,28067
2019-05-13,32,29372
2019-05-13,33,30448
2019-05-13,34,31386
2019-05-13,35,31883
2019-05-13,36,32180
2019-05-13,37,32283
2019-05-13,38,32146
2019-05-13,39,31992
2019-05-13,40,31691
2019-05-13,41,31825
2019-05-13,42,31551
2019-05-13,43,30117
2019-05-13,44,28074
2019-05-13,45,26150
2019-05-13,46,24689
2019-05-13,47,23705
2019-05-13,48,23004
2019-05-14,1,22898
2019-05-14,2,23025
2019-05-14,3,22815
2019-05-14,4,22550
2019-05-14,5,22424
2019-05-14,6,22358
2019-05-14,7,22342
2019-05-14,8,22546
2019-05-14,9,22356
2019-05-14,10,23417
2019-05-14,11,26044
2019-05-14,12,28386
2019-05-14,13,30656
2019-05-14,14,31332
2019-05-14,15,31512
2019-05-14,16,30564
2019-05-14,17,29958
2019-05-14,18,29205
2019-05-14,19,28522
2019-05-14,20,27993
2019-05-14,21,27402
2019-05-14,22,27055
2019-05-14,23,26742
2019-05-14,24,26370
2019-05-14,25,26131
2019-05-14,26,25916
2019-05-14,27,25927
2019-05-14,28,25878
2019-05-14,29,26303
2019-05-14,30,26949
2019-05-14,31,27794
2019-05-14,32,29135
2019-05-14,33,30278
2019-05-14,34,31210
2019-05-14,35,32028
2019-05-14,36,32621
2019-05-14,37,32790
2019-05-14,38,32792
2019-05-14,39,32264
2019-05-14,40,32107
2019-05-14,41,32358
2019-05-14,42,31571
2019-05-14,43,29933
2019-05-14,44,27820
2019-05-14,45,26076
2019-05-14,46,24713
2019-05-14,47,23592
2019-05-14,48,23042
2019-05-15,1,22977
2019-05-15,2,23132
2019-05-15,3,23044
2019-05-15,4,22567
2019-05-15,5,22509
2019-05-15,6,22554
2019-05-15,7,22305
2019-05-15,8,22384
2019-05-15,9,22400
2019-05-15,10,23488
2019-05-15,11,26123
2019-05-15,12,28352
2019-05-15,13,30849
2019-05-15,14,31573
2019-05-15,15,31478
2019-05-15,16,30616
2019-05-15,17,30259
2019-05-15,18,29437
2019-05-15,19,28678
2019-05-15,20,28150
2019-05-15,21,27822
2019-05-15,22,27515
2019-05-15,23,27300
2019-05-15,24,26971
2019-05-15,25,26620
2019-05-15,26,26420
2019-05-15,27,26481
2019-05-15,28,26597
2019-05-15,29,27228
2019-05-15,30,28068
2019-05-15,31,29136
2019-05-15,32,30148
2019-05-15,33,30763
2019-05-15,34,31233
2019-05-15,35,32056
2019-05-15,36,32723
2019-05-15,37,33134
2019-05-15,38,33219
2019-05-15,39,32919
2019-05-15,40,32533
2019-05-15,41,32460
2019-05-15,42,31611
2019-05-15,43,29940
2019-05-15,44,28030
2019-05-15,45,25975
2019-05-15,46,24518
2019-05-15,47,23348
2019-05-15,48,22719
2019-05-16,1,22436
2019-05-16,2,22439
2019-05-16,3,22558
2019-05-16,4,22200
2019-05-16,5,21935
2019-05-16,6,21920
2019-05-16,7,21870
2019-05-16,8,21989
2019-05-16,9,22065
2019-05-16,10,23029
2019-05-16,11,25635
2019-05-16,12,27844
2019-05-16,13,30372
2019-05-16,14,31327
2019-05-16,15,31547
2019-05-16,16,30952
2019-05-16,17,30466
2019-05-16,18,29655
2019-05-16,19,28904
2019-05-16,20,28359
2019-05-16,21,28075
2019-05-16,22,27978
2019-05-16,23,28130
2019-05-16,24,27885
2019-05-16,25,27553
2019-05-16,26,27291
2019-05-16,27,27140
2019-05-16,28,27159
2019-05-16,29,27602
2019-05-16,30,28305
2019-05-16,31,29051
2019-05-16,32,29964
2019-05-16,33,30824
2019-05-16,34,31394
2019-05-16,35,31780
2019-05-16,36,32122
2019-05-16,37,32375
2019-05-16,38,32542
2019-05-16,39,32452
2019-05-16,40,32314
2019-05-16,41,32179
2019-05-16,42,31218
2019-05-16,43,29440
2019-05-16,44,27416
2019-05-16,45,25534
2019-05-16,46,24040
2019-05-16,47,23087
2019-05-16,48,22542
2019-05-17,1,22289
2019-05-17,2,22116
2019-05-17,3,22377
2019-05-17,4,22209
2019-05-17,5,21976
2019-05-17,6,22003
2019-05-17,7,21593
2019-05-17,8,21664
2019-05-17,9,21866
2019-05-17,10,22696
2019-05-17,11,24968
2019-05-17,12,27682
2019-05-17,13,30357
2019-05-17,14,32070
2019-05-17,15,33126
2019-05-17,16,33140
2019-05-17,17,33406
2019-05-17,18,33621
2019-05-17,19,33065
2019-05-17,20,32693
2019-05-17,21,32360
2019-05-17,22,32391
2019-05-17,23,32472
2019-05-17,24,32382
2019-05-17,25,31782
2019-05-17,26,31376
2019-05-17,27,31287
2019-05-17,28,31026
2019-05-17,29,30729
2019-05-17,30,31374
2019-05-17,31,32073
2019-05-17,32,32708
2019-05-17,33,33452
2019-05-17,34,33499
2019-05-17,35,33508
2019-05-17,36,33523
2019-05-17,37,33077
2019-05-17,38,32806
2019-05-17,39,32440
2019-05-17,40,32132
2019-05-17,41,31745
2019-05-17,42,30674
2019-05-17,43,29176
2019-05-17,44,27745
2019-05-17,45,26079
2019-05-17,46,24726
2019-05-17,47,23507
2019-05-17,48,22849
2019-05-18,1,22651
2019-05-18,2,22680
2019-05-18,3,22458
2019-05-18,4,22218
2019-05-18,5,21870
2019-05-18,6,21680
2019-05-18,7,21491
2019-05-18,8,21497
2019-05-18,9,21758
2019-05-18,10,21866
2019-05-18,11,22659
2019-05-18,12,23563
2019-05-18,13,24950
2019-05-18,14,26190
2019-05-18,15,27608
2019-05-18,16,28092
2019-05-18,17,28818
2019-05-18,18,28605
2019-05-18,19,28448
2019-05-18,20,28279
2019-05-18,21,28134
2019-05-18,22,28244
2019-05-18,23,28400
2019-05-18,24,28344
2019-05-18,25,28020
2019-05-18,26,27450
2019-05-18,27,27203
2019-05-18,28,26932
2019-05-18,29,26806
2019-05-18,30,27186
2019-05-18,31,27968
2019-05-18,32,28660
2019-05-18,33,29584
2019-05-18,34,29984
2019-05-18,35,29951
2019-05-18,36,29791
2019-05-18,37,29883
2019-05-18,38,29762
2019-05-18,39,29418
2019-05-18,40,29233
2019-05-18,41,29364
2019-05-18,42,29196
2019-05-18,43,28312
2019-05-18,44,27003
2019-05-18,45,25724
2019-05-18,46,24500
2019-05-18,47,23448
2019-05-18,48,22751
2019-05-19,1,22397
2019-05-19,2,22471
2019-05-19,3,22301
2019-05-19,4,21938
2019-05-19,5,21465
2019-05-19,6,21428
2019-05-19,7,21392
2019-05-19,8,21287
2019-05-19,9,21079
2019-05-19,10,21180
2019-05-19,11,21452
2019-05-19,12,21972
2019-05-19,13,22252
2019-05-19,14,22653
2019-05-19,15,23695
2019-05-19,16,24439
2019-05-19,17,25163
2019-05-19,18,25527
2019-05-19,19,25720
2019-05-19,20,25851
2019-05-19,21,26201
2019-05-19,22,26396
2019-05-19,23,26542
2019-05-19,24,26548
2019-05-19,25,26481
2019-05-19,26,26415
2019-05-19,27,26413
2019-05-19,28,26364
2019-05-19,29,26743
2019-05-19,30,27247
2019-05-19,31,27456
2019-05-19,32,28444
2019-05-19,33,29534
2019-05-19,34,29845
2019-05-19,35,29885
2019-05-19,36,30313
2019-05-19,37,30503
2019-05-19,38,30398
2019-05-19,39,30273
2019-05-19,40,30130
2019-05-19,41,30029
2019-05-19,42,29440
2019-05-19,43,28372
2019-05-19,44,26641
2019-05-19,45,24857
2019-05-19,46,23518
2019-05-19,47,22578
2019-05-19,48,22197
2019-05-20,1,22014
2019-05-20,2,22148
2019-05-20,3,22209
2019-05-20,4,22056
2019-05-20,5,22042
2019-05-20,6,22025
2019-05-20,7,21528
2019-05-20,8,21530
2019-05-20,9,22093
2019-05-20,10,23146
2019-05-20,11,25612
2019-05-20,12,27757
2019-05-20,13,29979
2019-05-20,14,31059
2019-05-20,15,32098
2019-05-20,16,32161
2019-05-20,17,31873
2019-05-20,18,31697
2019-05-20,19,30941
2019-05-20,20,30661
2019-05-20,21,30482
2019-05-20,22,30370
2019-05-20,23,30086
2019-05-20,24,29985
2019-05-20,25,29706
2019-05-20,26,29450
2019-05-20,27,29447
2019-05-20,28,29584
2019-05-20,29,29630
2019-05-20,30,30006
2019-05-20,31,31170
2019-05-20,32,31932
2019-05-20,33,32787
2019-05-20,34,33209
2019-05-20,35,33323
2019-05-20,36,33489
2019-05-20,37,33608
2019-05-20,38,33169
2019-05-20,39,32846
2019-05-20,40,32699
2019-05-20,41,32270
2019-05-20,42,31581
2019-05-20,43,29841
2019-05-20,44,28057
2019-05-20,45,26343
2019-05-20,46,24947
2019-05-20,47,24014
2019-05-20,48,23657
2019-05-21,1,23451
2019-05-21,2,23302
2019-05-21,3,23087
2019-05-21,4,22925
2019-05-21,5,22949
2019-05-21,6,22766
2019-05-21,7,22864
2019-05-21,8,22947
2019-05-21,9,22090
2019-05-21,10,22921
2019-05-21,11,25270
2019-05-21,12,27907
2019-05-21,13,30344
2019-05-21,14,30974
2019-05-21,15,31530
2019-05-21,16,31010
2019-05-21,17,30350
2019-05-21,18,30063
2019-05-21,19,29481
2019-05-21,20,29079
2019-05-21,21,28629
2019-05-21,22,28680
2019-05-21,23,28783
2019-05-21,24,28540
2019-05-21,25,28328
2019-05-21,26,28125
2019-05-21,27,28180
2019-05-21,28,28208
2019-05-21,29,28400
2019-05-21,30,29164
2019-05-21,31,30100
2019-05-21,32,30975
2019-05-21,33,31731
2019-05-21,34,32344
2019-05-21,35,32808
2019-05-21,36,33042
2019-05-21,37,33048
2019-05-21,38,33005
2019-05-21,39,32783
2019-05-21,40,32808
2019-05-21,41,32248
2019-05-21,42,32026
2019-05-21,43,30716
2019-05-21,44,28862
2019-05-21,45,26884
2019-05-21,46,25149
2019-05-21,47,23932
2019-05-21,48,23300
2019-05-22,1,23261
2019-05-22,2,23294
2019-05-22,3,23274
2019-05-22,4,23235
2019-05-22,5,23105
2019-05-22,6,22935
2019-05-22,7,23075
2019-05-22,8,23172
2019-05-22,9,22918
2019-05-22,10,23639
2019-05-22,11,25472
2019-05-22,12,27894
2019-05-22,13,30544
2019-05-22,14,31420
2019-05-22,15,31544
2019-05-22,16,31338
2019-05-22,17,31131
2019-05-22,18,30618
2019-05-22,19,25749
2019-05-22,20,3846
2019-05-22,21,4506
2019-05-22,22,4454
2019-05-22,23,4324
2019-05-22,24,3903
2019-05-22,25,16034
2019-05-22,26,28447
2019-05-22,27,28318
2019-05-22,28,28062
2019-05-22,29,28113
2019-05-22,30,28699
2019-05-22,31,29557
2019-05-22,32,30451
2019-05-22,33,31219
2019-05-22,34,31766
2019-05-22,35,32236
2019-05-22,36,32566
2019-05-22,37,32715
2019-05-22,38,32718
2019-05-22,39,32421
2019-05-22,40,32071
2019-05-22,41,31650
2019-05-22,42,31120
2019-05-22,43,29672
2019-05-22,44,27848
2019-05-22,45,25821
2019-05-22,46,24428
2019-05-22,47,23355
2019-05-22,48,22859
2019-05-23,1,22698
2019-05-23,2,22736
2019-05-23,3,22715
2019-05-23,4,22448
2019-05-23,5,22586
2019-05-23,6,22594
2019-05-23,7,22588
2019-05-23,8,22491
2019-05-23,9,22072
2019-05-23,10,22524
2019-05-23,11,24627
2019-05-23,12,26768
2019-05-23,13,29322
2019-05-23,14,30358
2019-05-23,15,30554
2019-05-23,16,30588
2019-05-23,17,30389
2019-05-23,18,29974
2019-05-23,19,29256
2019-05-23,20,28714
2019-05-23,21,28492
2019-05-23,22,28431
2019-05-23,23,28087
2019-05-23,24,27831
2019-05-23,25,27694
2019-05-23,26,27679
2019-05-23,27,27567
2019-05-23,28,27640
2019-05-23,29,27637
2019-05-23,30,28282
2019-05-23,31,29078
2019-05-23,32,29952
2019-05-23,33,30874
2019-05-23,34,31447
2019-05-23,35,31723
2019-05-23,36,32024
2019-05-23,37,32162
2019-05-23,38,32216
2019-05-23,39,31970
2019-05-23,40,31727
2019-05-23,41,31494
2019-05-23,42,30979
2019-05-23,43,29422
2019-05-23,44,27789
2019-05-23,45,25971
2019-05-23,46,24431
2019-05-23,47,23160
2019-05-23,48,22370
2019-05-24,1,22056
2019-05-24,2,22041
2019-05-24,3,22015
2019-05-24,4,21706
2019-05-24,5,21575
2019-05-24,6,21493
2019-05-24,7,21963
2019-05-24,8,21544
2019-05-24,9,21324
2019-05-24,10,22187
2019-05-24,11,24444
2019-05-24,12,26468
2019-05-24,13,29009
2019-05-24,14,30314
2019-05-24,15,31092
2019-05-24,16,30711
2019-05-24,17,30404
2019-05-24,18,29895
2019-05-24,19,29269
2019-05-24,20,28995
2019-05-24,21,28924
2019-05-24,22,28783
2019-05-24,23,28807
2019-05-24,24,28680
2019-05-24,25,28516
2019-05-24,26,28231
2019-05-24,27,28110
2019-05-24,28,28148
2019-05-24,29,28402
2019-05-24,30,28784
2019-05-24,31,29294
2019-05-24,32,30129
2019-05-24,33,31002
2019-05-24,34,31066
2019-05-24,35,31257
2019-05-24,36,31306
2019-05-24,37,31183
2019-05-24,38,31082
2019-05-24,39,30953
2019-05-24,40,30698
2019-05-24,41,30602
2019-05-24,42,30324
2019-05-24,43,29267
2019-05-24,44,27876
2019-05-24,45,26375
2019-05-24,46,25045
2019-05-24,47,23708
2019-05-24,48,22753
2019-05-25,1,22111
2019-05-25,2,22006
2019-05-25,3,21748
2019-05-25,4,21272
2019-05-25,5,21023
2019-05-25,6,20896
2019-05-25,7,20721
2019-05-25,8,20370
2019-05-25,9,20344
2019-05-25,10,20545
2019-05-25,11,21299
2019-05-25,12,22022
2019-05-25,13,23480
2019-05-25,14,24514
2019-05-25,15,25528
2019-05-25,16,25812
2019-05-25,17,26086
2019-05-25,18,25924
2019-05-25,19,25615
2019-05-25,20,25282
2019-05-25,21,25126
2019-05-25,22,25025
2019-05-25,23,24698
2019-05-25,24,24386
2019-05-25,25,23896
2019-05-25,26,23572
2019-05-25,27,23394
2019-05-25,28,23442
2019-05-25,29,23559
2019-05-25,30,23981
2019-05-25,31,24759
2019-05-25,32,25747
2019-05-25,33,27006
2019-05-25,34,27879
2019-05-25,35,28434
2019-05-25,36,28663
2019-05-25,37,28372
2019-05-25,38,28032
2019-05-25,39,27785
2019-05-25,40,27490
2019-05-25,41,27212
2019-05-25,42,27099
2019-05-25,43,26100
2019-05-25,44,24765
2019-05-25,45,23339
2019-05-25,46,22205
2019-05-25,47,21198
2019-05-25,48,20680
2019-05-26,1,20598
2019-05-26,2,20664
2019-05-26,3,19718
2019-05-26,4,19264
2019-05-26,5,19023
2019-05-26,6,18906
2019-05-26,7,19008
2019-05-26,8,18912
2019-05-26,9,19016
2019-05-26,10,19111
2019-05-26,11,19296
2019-05-26,12,19638
2019-05-26,13,20090
2019-05-26,14,20287
2019-05-26,15,22191
2019-05-26,16,22707
2019-05-26,17,23389
2019-05-26,18,23312
2019-05-26,19,23647
2019-05-26,20,23869
2019-05-26,21,24174
2019-05-26,22,24038
2019-05-26,23,24084
2019-05-26,24,24046
2019-05-26,25,23992
2019-05-26,26,23691
2019-05-26,27,23688
2019-05-26,28,23354
2019-05-26,29,23046
2019-05-26,30,22905
2019-05-26,31,23173
2019-05-26,32,23508
2019-05-26,33,24078
2019-05-26,34,24417
2019-05-26,35,24712
2019-05-26,36,24842
2019-05-26,37,25228
2019-05-26,38,25331
2019-05-26,39,25359
2019-05-26,40,25369
2019-05-26,41,25564
2019-05-26,42,25598
2019-05-26,43,24923
2019-05-26,44,24258
2019-05-26,45,22649
2019-05-26,46,22007
2019-05-26,47,20908
2019-05-26,48,20235
2019-05-27,1,19172
2019-05-27,2,19022
2019-05-27,3,18834
2019-05-27,4,18556
2019-05-27,5,18322
2019-05-27,6,18562
2019-05-27,7,18531
2019-05-27,8,18576
2019-05-27,9,18897
2019-05-27,10,19228
2019-05-27,11,19597
2019-05-27,12,20224
2019-05-27,13,21289
2019-05-27,14,22068
2019-05-27,15,22588
2019-05-27,16,22849
2019-05-27,17,23197
2019-05-27,18,23333
2019-05-27,19,23783
2019-05-27,20,23598
2019-05-27,21,23768
2019-05-27,22,24073
2019-05-27,23,24482
2019-05-27,24,24245
2019-05-27,25,24260
2019-05-27,26,23944
2019-05-27,27,23707
2019-05-27,28,23555
2019-05-27,29,23863
2019-05-27,30,24027
2019-05-27,31,25101
2019-05-27,32,26274
2019-05-27,33,27536
2019-05-27,34,28398
2019-05-27,35,28861
2019-05-27,36,29073
2019-05-27,37,29257
2019-05-27,38,29180
2019-05-27,39,28983
2019-05-27,40,28865
2019-05-27,41,28572
2019-05-27,42,28190
2019-05-27,43,27553
2019-05-27,44,26259
2019-05-27,45,24372
2019-05-27,46,23116
2019-05-27,47,22046
2019-05-27,48,21311
2019-05-28,1,20920
2019-05-28,2,20987
2019-05-28,3,20877
2019-05-28,4,20703
2019-05-28,5,20699
2019-05-28,6,20633
2019-05-28,7,20650
2019-05-28,8,20830
2019-05-28,9,20958
2019-05-28,10,21992
2019-05-28,11,24566
2019-05-28,12,26266
2019-05-28,13,28584
2019-05-28,14,29689
2019-05-28,15,30023
2019-05-28,16,30450
2019-05-28,17,30973
2019-05-28,18,30722
2019-05-28,19,30875
2019-05-28,20,30603
2019-05-28,21,30380
2019-05-28,22,30089
2019-05-28,23,30151
2019-05-28,24,30278
2019-05-28,25,30278
2019-05-28,26,30200
2019-05-28,27,30101
2019-05-28,28,29702
2019-05-28,29,29344
2019-05-28,30,29667
2019-05-28,31,29948
2019-05-28,32,30489
2019-05-28,33,31729
2019-05-28,34,32360
2019-05-28,35,32551
2019-05-28,36,32848
2019-05-28,37,32822
2019-05-28,38,32727
2019-05-28,39,32274
2019-05-28,40,31952
2019-05-28,41,31707
2019-05-28,42,31383
2019-05-28,43,30366
2019-05-28,44,28675
2019-05-28,45,26490
2019-05-28,46,24881
2019-05-28,47,23450
2019-05-28,48,22732
2019-05-29,1,22350
2019-05-29,2,22306
2019-05-29,3,22020
2019-05-29,4,21735
2019-05-29,5,21479
2019-05-29,6,21352
2019-05-29,7,21177
2019-05-29,8,20947
2019-05-29,9,22013
2019-05-29,10,22931
2019-05-29,11,25196
2019-05-29,12,26859
2019-05-29,13,28313
2019-05-29,14,29675
2019-05-29,15,30876
2019-05-29,16,31279
2019-05-29,17,31553
2019-05-29,18,31565
2019-05-29,19,31418
2019-05-29,20,31296
2019-05-29,21,31357
2019-05-29,22,31379
2019-05-29,23,31508
2019-05-29,24,31396
2019-05-29,25,31388
2019-05-29,26,31380
2019-05-29,27,31412
2019-05-29,28,31345
2019-05-29,29,31658
2019-05-29,30,32007
2019-05-29,31,32421
2019-05-29,32,33240
2019-05-29,33,33710
2019-05-29,34,34060
2019-05-29,35,34333
2019-05-29,36,34293
2019-05-29,37,33989
2019-05-29,38,33514
2019-05-29,39,32946
2019-05-29,40,32321
2019-05-29,41,31196
2019-05-29,42,29893
2019-05-29,43,28472
2019-05-29,44,26785
2019-05-29,45,24745
2019-05-29,46,23372
2019-05-29,47,22042
2019-05-29,48,22008
2019-05-30,1,21584
2019-05-30,2,21480
2019-05-30,3,21203
2019-05-30,4,20684
2019-05-30,5,20434
2019-05-30,6,20417
2019-05-30,7,20214
2019-05-30,8,20090
2019-05-30,9,20220
2019-05-30,10,20134
2019-05-30,11,22029
2019-05-30,12,23987
2019-05-30,13,25871
2019-05-30,14,27091
2019-05-30,15,28123
2019-05-30,16,28397
2019-05-30,17,28594
2019-05-30,18,28286
2019-05-30,19,27874
2019-05-30,20,27825
2019-05-30,21,27768
2019-05-30,22,27778
2019-05-30,23,27529
2019-05-30,24,27378
2019-05-30,25,27972
2019-05-30,26,27934
2019-05-30,27,27784
2019-05-30,28,27924
2019-05-30,29,27632
2019-05-30,30,28543
2019-05-30,31,29172
2019-05-30,32,29979
2019-05-30,33,30446
2019-05-30,34,30925
2019-05-30,35,31275
2019-05-30,36,31479
2019-05-30,37,31384
2019-05-30,38,31407
2019-05-30,39,30962
2019-05-30,40,30489
2019-05-30,41,30466
2019-05-30,42,30084
2019-05-30,43,28919
2019-05-30,44,27168
2019-05-30,45,25153
2019-05-30,46,23666
2019-05-30,47,22722
2019-05-30,48,21818
2019-05-31,1,21326
2019-05-31,2,21325
2019-05-31,3,20975
2019-05-31,4,20701
2019-05-31,5,20362
2019-05-31,6,20138
2019-05-31,7,20287
2019-05-31,8,20115
2019-05-31,9,20464
2019-05-31,10,21170
2019-05-31,11,23344
2019-05-31,12,25047
2019-05-31,13,27456
2019-05-31,14,28668
2019-05-31,15,29681
2019-05-31,16,30223
2019-05-31,17,30195
2019-05-31,18,30068
2019-05-31,19,30012
2019-05-31,20,30219
2019-05-31,21,30218
2019-05-31,22,29930
2019-05-31,23,29583
2019-05-31,24,27627
2019-05-31,25,26622
2019-05-31,26,25972
2019-05-31,27,25250
2019-05-31,28,25746
2019-05-31,29,26448
2019-05-31,30,26184
2019-05-31,31,26573
2019-05-31,32,26906
2019-05-31,33,27653
2019-05-31,34,27814
2019-05-31,35,28364
2019-05-31,36,28530
2019-05-31,37,28644
2019-05-31,38,28726
2019-05-31,39,28300
2019-05-31,40,27842
2019-05-31,41,27838
2019-05-31,42,27995
2019-05-31,43,27282
2019-05-31,44,25792
2019-05-31,45,24389
2019-05-31,46,23096
2019-05-31,47,22127
2019-05-31,48,21734
2019-06-01,1,21639
2019-06-01,2,21719
2019-06-01,3,21460
2019-06-01,4,21037
2019-06-01,5,20340
2019-06-01,6,20094
2019-06-01,7,19903
2019-06-01,8,19450
2019-06-01,9,19623
2019-06-01,10,19771
2019-06-01,11,20655
2019-06-01,12,21450
2019-06-01,13,22614
2019-06-01,14,23267
2019-06-01,15,24033
2019-06-01,16,24271
2019-06-01,17,24709
2019-06-01,18,24694
2019-06-01,19,24698
2019-06-01,20,24492
2019-06-01,21,24265
2019-06-01,22,24354
2019-06-01,23,24199
2019-06-01,24,23956
2019-06-01,25,23549
2019-06-01,26,23284
2019-06-01,27,23338
2019-06-01,28,23214
2019-06-01,29,23434
2019-06-01,30,23778
2019-06-01,31,24524
2019-06-01,32,25466
2019-06-01,33,26448
2019-06-01,34,27046
2019-06-01,35,27419
2019-06-01,36,27612
2019-06-01,37,27538
2019-06-01,38,27498
2019-06-01,39,27208
2019-06-01,40,27148
2019-06-01,41,27187
2019-06-01,42,26791
2019-06-01,43,26459
2019-06-01,44,25694
2019-06-01,45,24126
2019-06-01,46,22846
2019-06-01,47,21860
2019-06-01,48,21131
2019-06-02,1,20689
2019-06-02,2,20677
2019-06-02,3,20313
2019-06-02,4,20057
2019-06-02,5,20058
2019-06-02,6,19980
2019-06-02,7,19838
2019-06-02,8,19572
2019-06-02,9,19765
2019-06-02,10,19943
2019-06-02,11,20237
2019-06-02,12,20339
2019-06-02,13,20557
2019-06-02,14,21243
2019-06-02,15,21974
2019-06-02,16,21974
2019-06-02,17,22568
2019-06-02,18,22992
2019-06-02,19,23682
2019-06-02,20,23667
2019-06-02,21,23665
2019-06-02,22,23670
2019-06-02,23,23786
2019-06-02,24,23536
2019-06-02,25,23268
2019-06-02,26,23215
2019-06-02,27,23374
2019-06-02,28,23342
2019-06-02,29,23566
2019-06-02,30,23752
2019-06-02,31,23853
2019-06-02,32,24051
2019-06-02,33,24134
2019-06-02,34,24544
2019-06-02,35,24784
2019-06-02,36,24957
2019-06-02,37,24944
2019-06-02,38,24904
2019-06-02,39,25112
2019-06-02,40,25189
2019-06-02,41,25059
2019-06-02,42,24992
2019-06-02,43,24370
2019-06-02,44,23207
2019-06-02,45,22070
2019-06-02,46,20773
2019-06-02,47,20616
2019-06-02,48,20520
2019-06-03,1,20933
2019-06-03,2,21020
2019-06-03,3,20541
2019-06-03,4,20413
2019-06-03,5,20523
2019-06-03,6,20635
2019-06-03,7,20340
2019-06-03,8,20261
2019-06-03,9,20220
2019-06-03,10,21142
2019-06-03,11,22454
2019-06-03,12,24484
2019-06-03,13,26486
2019-06-03,14,27207
2019-06-03,15,27642
2019-06-03,16,27585
2019-06-03,17,27540
2019-06-03,18,27087
2019-06-03,19,26753
2019-06-03,20,26480
2019-06-03,21,26467
2019-06-03,22,26549
2019-06-03,23,26405
2019-06-03,24,26344
2019-06-03,25,26048
2019-06-03,26,25789
2019-06-03,27,25984
2019-06-03,28,25918
2019-06-03,29,26161
2019-06-03,30,26418
2019-06-03,31,28300
2019-06-03,32,29373
2019-06-03,33,29443
2019-06-03,34,30105
2019-06-03,35,30620
2019-06-03,36,30914
2019-06-03,37,31078
2019-06-03,38,30725
2019-06-03,39,30558
2019-06-03,40,30636
2019-06-03,41,30539
2019-06-03,42,30082
2019-06-03,43,29077
2019-06-03,44,27545
2019-06-03,45,25791
2019-06-03,46,24371
2019-06-03,47,23963
2019-06-03,48,23466
2019-06-04,1,23424
2019-06-04,2,23297
2019-06-04,3,22958
2019-06-04,4,22640
2019-06-04,5,22422
2019-06-04,6,22293
2019-06-04,7,22154
2019-06-04,8,22266
2019-06-04,9,22526
2019-06-04,10,23234
2019-06-04,11,25237
2019-06-04,12,27416
2019-06-04,13,30428
2019-06-04,14,31893
2019-06-04,15,32505
2019-06-04,16,32170
2019-06-04,17,32317
2019-06-04,18,32234
2019-06-04,19,32326
2019-06-04,20,32279
2019-06-04,21,32366
2019-06-04,22,32538
2019-06-04,23,32812
2019-06-04,24,32909
2019-06-04,25,32801
2019-06-04,26,32911
2019-06-04,27,32660
2019-06-04,28,32707
2019-06-04,29,32813
2019-06-04,30,33231
2019-06-04,31,33675
2019-06-04,32,33795
2019-06-04,33,33974
2019-06-04,34,33916
2019-06-04,35,33598
2019-06-04,36,33637
2019-06-04,37,33581
2019-06-04,38,33252
2019-06-04,39,32478
2019-06-04,40,31854
2019-06-04,41,31274
2019-06-04,42,30464
2019-06-04,43,29116
2019-06-04,44,27177
2019-06-04,45,25368
2019-06-04,46,23850
2019-06-04,47,22876
2019-06-04,48,22239
2019-06-05,1,22060
2019-06-05,2,21886
2019-06-05,3,21736
2019-06-05,4,21593
2019-06-05,5,21485
2019-06-05,6,21670
2019-06-05,7,21702
2019-06-05,8,21472
2019-06-05,9,21255
2019-06-05,10,22122
2019-06-05,11,24520
2019-06-05,12,26838
2019-06-05,13,28572
2019-06-05,14,29626
2019-06-05,15,30206
2019-06-05,16,30218
2019-06-05,17,30580
2019-06-05,18,30535
2019-06-05,19,30112
2019-06-05,20,30092
2019-06-05,21,29924
2019-06-05,22,29950
2019-06-05,23,30167
2019-06-05,24,30098
2019-06-05,25,29473
2019-06-05,26,29250
2019-06-05,27,29381
2019-06-05,28,29438
2019-06-05,29,29774
2019-06-05,30,30250
2019-06-05,31,31308
2019-06-05,32,32160
2019-06-05,33,32983
2019-06-05,34,33242
2019-06-05,35,33153
2019-06-05,36,33185
2019-06-05,37,33104
2019-06-05,38,32987
2019-06-05,39,32604
2019-06-05,40,32103
2019-06-05,41,31742
2019-06-05,42,30981
2019-06-05,43,29700
2019-06-05,44,27997
2019-06-05,45,25994
2019-06-05,46,24355
2019-06-05,47,23144
2019-06-05,48,22587
2019-06-06,1,22628
2019-06-06,2,22613
2019-06-06,3,22418
2019-06-06,4,22020
2019-06-06,5,21772
2019-06-06,6,21737
2019-06-06,7,21762
2019-06-06,8,21679
2019-06-06,9,21582
2019-06-06,10,22442
2019-06-06,11,24719
2019-06-06,12,26756
2019-06-06,13,28939
2019-06-06,14,29984
2019-06-06,15,30378
2019-06-06,16,30131
2019-06-06,17,30244
2019-06-06,18,28743
2019-06-06,19,25077
2019-06-06,20,29334
2019-06-06,21,29392
2019-06-06,22,29160
2019-06-06,23,29107
2019-06-06,24,28937
2019-06-06,25,28370
2019-06-06,26,27766
2019-06-06,27,27619
2019-06-06,28,27504
2019-06-06,29,27328
2019-06-06,30,27620
2019-06-06,31,28062
2019-06-06,32,29085
2019-06-06,33,29990
2019-06-06,34,30364
2019-06-06,35,30704
2019-06-06,36,31164
2019-06-06,37,31154
2019-06-06,38,31188
2019-06-06,39,30755
2019-06-06,40,30244
2019-06-06,41,30124
2019-06-06,42,29874
2019-06-06,43,28873
2019-06-06,44,27288
2019-06-06,45,25391
2019-06-06,46,23821
2019-06-06,47,22606
2019-06-06,48,21798
2019-06-07,1,21434
2019-06-07,2,21261
2019-06-07,3,20985
2019-06-07,4,20901
2019-06-07,5,20891
2019-06-07,6,21092
2019-06-07,7,20879
2019-06-07,8,20670
2019-06-07,9,20884
2019-06-07,10,21794
2019-06-07,11,24051
2019-06-07,12,26178
2019-06-07,13,29206
2019-06-07,14,30702
2019-06-07,15,31967
2019-06-07,16,32031
2019-06-07,17,32295
2019-06-07,18,32599
2019-06-07,19,32698
2019-06-07,20,32740
2019-06-07,21,32717
2019-06-07,22,33102
2019-06-07,23,33056
2019-06-07,24,32687
2019-06-07,25,32402
2019-06-07,26,31702
2019-06-07,27,31348
2019-06-07,28,30833
2019-06-07,29,30588
2019-06-07,30,30895
2019-06-07,31,31184
2019-06-07,32,31647
2019-06-07,33,31939
2019-06-07,34,32138
2019-06-07,35,32117
2019-06-07,36,32174
2019-06-07,37,31656
2019-06-07,38,31143
2019-06-07,39,30580
2019-06-07,40,30138
2019-06-07,41,29531
2019-06-07,42,29127
2019-06-07,43,27933
2019-06-07,44,26665
2019-06-07,45,24892
2019-06-07,46,23500
2019-06-07,47,22148
2019-06-07,48,21131
2019-06-08,1,20562
2019-06-08,2,20465
2019-06-08,3,19814
2019-06-08,4,19502
2019-06-08,5,19714
2019-06-08,6,19661
2019-06-08,7,19416
2019-06-08,8,19300
2019-06-08,9,19715
2019-06-08,10,19770
2019-06-08,11,20074
2019-06-08,12,20758
2019-06-08,13,22170
2019-06-08,14,23106
2019-06-08,15,24452
2019-06-08,16,25061
2019-06-08,17,25560
2019-06-08,18,25757
2019-06-08,19,25871
2019-06-08,20,25556
2019-06-08,21,25388
2019-06-08,22,25266
2019-06-08,23,24978
2019-06-08,24,24622
2019-06-08,25,24390
2019-06-08,26,23958
2019-06-08,27,23852
2019-06-08,28,23636
2019-06-08,29,23527
2019-06-08,30,23657
2019-06-08,31,24038
2019-06-08,32,24803
2019-06-08,33,25691
2019-06-08,34,26263
2019-06-08,35,26698
2019-06-08,36,27090
2019-06-08,37,27145
2019-06-08,38,27182
2019-06-08,39,26994
2019-06-08,40,26762
2019-06-08,41,26723
2019-06-08,42,26497
2019-06-08,43,26225
2019-06-08,44,25292
2019-06-08,45,23779
2019-06-08,46,22381
2019-06-08,47,21464
2019-06-08,48,20744
2019-06-09,1,20329
2019-06-09,2,20068
2019-06-09,3,19846
2019-06-09,4,19568
2019-06-09,5,19404
2019-06-09,6,19270
2019-06-09,7,19203
2019-06-09,8,18687
2019-06-09,9,18563
2019-06-09,10,18701
2019-06-09,11,18957
2019-06-09,12,19448
2019-06-09,13,20568
2019-06-09,14,21128
2019-06-09,15,21529
2019-06-09,16,22145
2019-06-09,17,22579
2019-06-09,18,22725
2019-06-09,19,23358
2019-06-09,20,23761
2019-06-09,21,23954
2019-06-09,22,24145
2019-06-09,23,24039
2019-06-09,24,23865
2019-06-09,25,24090
2019-06-09,26,23901
2019-06-09,27,24109
2019-06-09,28,24241
2019-06-09,29,24446
2019-06-09,30,24874
2019-06-09,31,25577
2019-06-09,32,26327
2019-06-09,33,27602
2019-06-09,34,27908
2019-06-09,35,28145
2019-06-09,36,28202
2019-06-09,37,28772
2019-06-09,38,28781
2019-06-09,39,28592
2019-06-09,40,28352
2019-06-09,41,28184
2019-06-09,42,27526
2019-06-09,43,27321
2019-06-09,44,26044
2019-06-09,45,24355
2019-06-09,46,22884
2019-06-09,47,22235
2019-06-09,48,21850
2019-06-10,1,21732
2019-06-10,2,21726
2019-06-10,3,21733
2019-06-10,4,21871
2019-06-10,5,22045
2019-06-10,6,21992
2019-06-10,7,21824
2019-06-10,8,21818
2019-06-10,9,22351
2019-06-10,10,22897
2019-06-10,11,24844
2019-06-10,12,27091
2019-06-10,13,29896
2019-06-10,14,31647
2019-06-10,15,32002
2019-06-10,16,31875
2019-06-10,17,32235
2019-06-10,18,32233
2019-06-10,19,32187
2019-06-10,20,32396
2019-06-10,21,32430
2019-06-10,22,32706
2019-06-10,23,32983
2019-06-10,24,33076
2019-06-10,25,32864
2019-06-10,26,32811
2019-06-10,27,32868
2019-06-10,28,32709
2019-06-10,29,32612
2019-06-10,30,33193
2019-06-10,31,33565
2019-06-10,32,34367
2019-06-10,33,34808
2019-06-10,34,34635
2019-06-10,35,34670
2019-06-10,36,34628
2019-06-10,37,33957
2019-06-10,38,33409
2019-06-10,39,32442
2019-06-10,40,31541
2019-06-10,41,30797
2019-06-10,42,29599
2019-06-10,43,28297
2019-06-10,44,26400
2019-06-10,45,24335
2019-06-10,46,22739
2019-06-10,47,21679
2019-06-10,48,21157
2019-06-11,1,21260
2019-06-11,2,21178
2019-06-11,3,21049
2019-06-11,4,21053
2019-06-11,5,20975
2019-06-11,6,21041
2019-06-11,7,21044
2019-06-11,8,20887
2019-06-11,9,20953
2019-06-11,10,21880
2019-06-11,11,23935
2019-06-11,12,26455
2019-06-11,13,29102
2019-06-11,14,30582
2019-06-11,15,31262
2019-06-11,16,31107
2019-06-11,17,32109
2019-06-11,18,32257
2019-06-11,19,31999
2019-06-11,20,31882
2019-06-11,21,31592
2019-06-11,22,31519
2019-06-11,23,31622
2019-06-11,24,31291
2019-06-11,25,31453
2019-06-11,26,31442
2019-06-11,27,32046
2019-06-11,28,31837
2019-06-11,29,31626
2019-06-11,30,32225
2019-06-11,31,33083
2019-06-11,32,33985
2019-06-11,33,34726
2019-06-11,34,34904
2019-06-11,35,34850
2019-06-11,36,34513
2019-06-11,37,33912
2019-06-11,38,33377
2019-06-11,39,32578
2019-06-11,40,32259
2019-06-11,41,31225
2019-06-11,42,30205
2019-06-11,43,28569
2019-06-11,44,26364
2019-06-11,45,24691
2019-06-11,46,23086
2019-06-11,47,21906
2019-06-11,48,21410
2019-06-12,1,21556
2019-06-12,2,21981
2019-06-12,3,21820
2019-06-12,4,21624
2019-06-12,5,21249
2019-06-12,6,21332
2019-06-12,7,21139
2019-06-12,8,21120
2019-06-12,9,21422
2019-06-12,10,22530
2019-06-12,11,25796
2019-06-12,12,28904
2019-06-12,13,31639
2019-06-12,14,32729
2019-06-12,15,32587
2019-06-12,16,32683
2019-06-12,17,32823
2019-06-12,18,32733
2019-06-12,19,32494
2019-06-12,20,32842
2019-06-12,21,33076
2019-06-12,22,33300
2019-06-12,23,33348
2019-06-12,24,33170
2019-06-12,25,32882
2019-06-12,26,32504
2019-06-12,27,32718
2019-06-12,28,32794
2019-06-12,29,32921
2019-06-12,30,33759
2019-06-12,31,34407
2019-06-12,32,35063
2019-06-12,33,35449
2019-06-12,34,35408
2019-06-12,35,35269
2019-06-12,36,34885
2019-06-12,37,34368
2019-06-12,38,34170
2019-06-12,39,33390
2019-06-12,40,32886
2019-06-12,41,32544
2019-06-12,42,31561
2019-06-12,43,30066
2019-06-12,44,28174
2019-06-12,45,26129
2019-06-12,46,24748
2019-06-12,47,23614
2019-06-12,48,23005
2019-06-13,1,22869
2019-06-13,2,22685
2019-06-13,3,22402
2019-06-13,4,22354
2019-06-13,5,22265
2019-06-13,6,22599
2019-06-13,7,22765
2019-06-13,8,22964
2019-06-13,9,22757
2019-06-13,10,23507
2019-06-13,11,25330
2019-06-13,12,27745
2019-06-13,13,30142
2019-06-13,14,31569
2019-06-13,15,32866
2019-06-13,16,32861
2019-06-13,17,33332
2019-06-13,18,33678
2019-06-13,19,33558
2019-06-13,20,33394
2019-06-13,21,33292
2019-06-13,22,33445
2019-06-13,23,33484
2019-06-13,24,33329
2019-06-13,25,33150
2019-06-13,26,33015
2019-06-13,27,32964
2019-06-13,28,32813
2019-06-13,29,32819
2019-06-13,30,33403
2019-06-13,31,34091
2019-06-13,32,34686
2019-06-13,33,34969
2019-06-13,34,35025
2019-06-13,35,34718
2019-06-13,36,34632
2019-06-13,37,34338
2019-06-13,38,33999
2019-06-13,39,33572
2019-06-13,40,33239
2019-06-13,41,32684
2019-06-13,42,31780
2019-06-13,43,30472
2019-06-13,44,28672
2019-06-13,45,27075
2019-06-13,46,25566
2019-06-13,47,24812
2019-06-13,48,24389
2019-06-14,1,24035
2019-06-14,2,23878
2019-06-14,3,23530
2019-06-14,4,23267
2019-06-14,5,23326
2019-06-14,6,23167
2019-06-14,7,23271
2019-06-14,8,23206
2019-06-14,9,23222
2019-06-14,10,23972
2019-06-14,11,26154
2019-06-14,12,28553
2019-06-14,13,30988
2019-06-14,14,32342
2019-06-14,15,33091
2019-06-14,16,32912
2019-06-14,17,33015
2019-06-14,18,33282
2019-06-14,19,33119
2019-06-14,20,32706
2019-06-14,21,32369
2019-06-14,22,32014
2019-06-14,23,31499
2019-06-14,24,30884
2019-06-14,25,30398
2019-06-14,26,30109
2019-06-14,27,29856
2019-06-14,28,29308
2019-06-14,29,29014
2019-06-14,30,29501
2019-06-14,31,29972
2019-06-14,32,30606
2019-06-14,33,30942
2019-06-14,34,31270
2019-06-14,35,31630
2019-06-14,36,31643
2019-06-14,37,31455
2019-06-14,38,31179
2019-06-14,39,30618
2019-06-14,40,30356
2019-06-14,41,30106
2019-06-14,42,29574
2019-06-14,43,28813
2019-06-14,44,27689
2019-06-14,45,25954
2019-06-14,46,24544
2019-06-14,47,23195
2019-06-14,48,22277
2019-06-15,1,22215
2019-06-15,2,22010
2019-06-15,3,22156
2019-06-15,4,21820
2019-06-15,5,21878
2019-06-15,6,21748
2019-06-15,7,21624
2019-06-15,8,21121
2019-06-15,9,20908
2019-06-15,10,21175
2019-06-15,11,21871
2019-06-15,12,22328
2019-06-15,13,23437
2019-06-15,14,24422
2019-06-15,15,25507
2019-06-15,16,26041
2019-06-15,17,26377
2019-06-15,18,26465
2019-06-15,19,26612
2019-06-15,20,26809
2019-06-15,21,26414
2019-06-15,22,26442
2019-06-15,23,26502
2019-06-15,24,26193
2019-06-15,25,26031
2019-06-15,26,25457
2019-06-15,27,25107
2019-06-15,28,24521
2019-06-15,29,24292
2019-06-15,30,24357
2019-06-15,31,24896
2019-06-15,32,25768
2019-06-15,33,26726
2019-06-15,34,27480
2019-06-15,35,28129
2019-06-15,36,28449
2019-06-15,37,28441
2019-06-15,38,28325
2019-06-15,39,28039
2019-06-15,40,27800
2019-06-15,41,27401
2019-06-15,42,27400
2019-06-15,43,27014
2019-06-15,44,25952
2019-06-15,45,24557
2019-06-15,46,23173
2019-06-15,47,22046
2019-06-15,48,21197
2019-06-16,1,21194
2019-06-16,2,20980
2019-06-16,3,20492
2019-06-16,4,20321
2019-06-16,5,20063
2019-06-16,6,20040
2019-06-16,7,19698
2019-06-16,8,19440
2019-06-16,9,19268
2019-06-16,10,19328
2019-06-16,11,19637
2019-06-16,12,19958
2019-06-16,13,20243
2019-06-16,14,21028
2019-06-16,15,22130
2019-06-16,16,23145
2019-06-16,17,24030
2019-06-16,18,24366
2019-06-16,19,24739
2019-06-16,20,24655
2019-06-16,21,24760
2019-06-16,22,24626
2019-06-16,23,24803
2019-06-16,24,24632
2019-06-16,25,24177
2019-06-16,26,23719
2019-06-16,27,23741
2019-06-16,28,23649
2019-06-16,29,23672
2019-06-16,30,23998
2019-06-16,31,24557
2019-06-16,32,25415
2019-06-16,33,26244
2019-06-16,34,27212
2019-06-16,35,27836
2019-06-16,36,28028
2019-06-16,37,27889
2019-06-16,38,27781
2019-06-16,39,27819
2019-06-16,40,27575
2019-06-16,41,27199
2019-06-16,42,26471
2019-06-16,43,25951
2019-06-16,44,24500
2019-06-16,45,22738
2019-06-16,46,21817
2019-06-16,47,20957
2019-06-16,48,20306
2019-06-17,1,20064
2019-06-17,2,20228
2019-06-17,3,20054
2019-06-17,4,19840
2019-06-17,5,19728
2019-06-17,6,19898
2019-06-17,7,19766
2019-06-17,8,19751
2019-06-17,9,19762
2019-06-17,10,20711
2019-06-17,11,22787
2019-06-17,12,24869
2019-06-17,13,27589
2019-06-17,14,28911
2019-06-17,15,29730
2019-06-17,16,29533
2019-06-17,17,29789
2019-06-17,18,29836
2019-06-17,19,29500
2019-06-17,20,29256
2019-06-17,21,29081
2019-06-17,22,28941
2019-06-17,23,28927
2019-06-17,24,28665
2019-06-17,25,28232
2019-06-17,26,27782
2019-06-17,27,27539
2019-06-17,28,27521
2019-06-17,29,28034
2019-06-17,30,28831
2019-06-17,31,29639
2019-06-17,32,30586
2019-06-17,33,31374
2019-06-17,34,32024
2019-06-17,35,32296
2019-06-17,36,32410
2019-06-17,37,32226
2019-06-17,38,31923
2019-06-17,39,31739
2019-06-17,40,31692
2019-06-17,41,30836
2019-06-17,42,29788
2019-06-17,43,29138
2019-06-17,44,27371
2019-06-17,45,25180
2019-06-17,46,23824
2019-06-17,47,22668
2019-06-17,48,22084
2019-06-18,1,21870
2019-06-18,2,21752
2019-06-18,3,21754
2019-06-18,4,21448
2019-06-18,5,21238
2019-06-18,6,21338
2019-06-18,7,21169
2019-06-18,8,20868
2019-06-18,9,21297
2019-06-18,10,22445
2019-06-18,11,25229
2019-06-18,12,27734
2019-06-18,13,29865
2019-06-18,14,31206
2019-06-18,15,31586
2019-06-18,16,31324
2019-06-18,17,31549
2019-06-18,18,31411
2019-06-18,19,31066
2019-06-18,20,30988
2019-06-18,21,30958
2019-06-18,22,31198
2019-06-18,23,31446
2019-06-18,24,31553
2019-06-18,25,31573
2019-06-18,26,31608
2019-06-18,27,31924
2019-06-18,28,32176
2019-06-18,29,32266
2019-06-18,30,33053
2019-06-18,31,33252
2019-06-18,32,33773
2019-06-18,33,34259
2019-06-18,34,34478
2019-06-18,35,34581
2019-06-18,36,34503
2019-06-18,37,33966
2019-06-18,38,33618
2019-06-18,39,33698
2019-06-18,40,33140
2019-06-18,41,32293
2019-06-18,42,31506
2019-06-18,43,30389
2019-06-18,44,28776
2019-06-18,45,26806
2019-06-18,46,25056
2019-06-18,47,24188
2019-06-18,48,23143
2019-06-19,1,22568
2019-06-19,2,22652
2019-06-19,3,22546
2019-06-19,4,22487
2019-06-19,5,22524
2019-06-19,6,22492
2019-06-19,7,22526
2019-06-19,8,22523
2019-06-19,9,22454
2019-06-19,10,23122
2019-06-19,11,25603
2019-06-19,12,27801
2019-06-19,13,30444
2019-06-19,14,32038
2019-06-19,15,33097
2019-06-19,16,33348
2019-06-19,17,33476
2019-06-19,18,33474
2019-06-19,19,33238
2019-06-19,20,32675
2019-06-19,21,32373
2019-06-19,22,32249
2019-06-19,23,32403
2019-06-19,24,32207
2019-06-19,25,31691
2019-06-19,26,31341
2019-06-19,27,31139
2019-06-19,28,30940
2019-06-19,29,30530
2019-06-19,30,30756
2019-06-19,31,31453
2019-06-19,32,32085
2019-06-19,33,32188
2019-06-19,34,32176
2019-06-19,35,32223
2019-06-19,36,32268
2019-06-19,37,32226
2019-06-19,38,32144
2019-06-19,39,32051
2019-06-19,40,31600
2019-06-19,41,31128
2019-06-19,42,30532
2019-06-19,43,29563
2019-06-19,44,27826
2019-06-19,45,25828
2019-06-19,46,24464
2019-06-19,47,23146
2019-06-19,48,22490
2019-06-20,1,22150
2019-06-20,2,22260
2019-06-20,3,22067
2019-06-20,4,22166
2019-06-20,5,21719
2019-06-20,6,21748
2019-06-20,7,21812
2019-06-20,8,21744
2019-06-20,9,22271
2019-06-20,10,22495
2019-06-20,11,24157
2019-06-20,12,26400
2019-06-20,13,28611
2019-06-20,14,29334
2019-06-20,15,29499
2019-06-20,16,29351
2019-06-20,17,29266
2019-06-20,18,29023
2019-06-20,19,28688
2019-06-20,20,29237
2019-06-20,21,29256
2019-06-20,22,29022
2019-06-20,23,29179
2019-06-20,24,28842
2019-06-20,25,28613
2019-06-20,26,28218
2019-06-20,27,28109
2019-06-20,28,27991
2019-06-20,29,27592
2019-06-20,30,28033
2019-06-20,31,28210
2019-06-20,32,28794
2019-06-20,33,29274
2019-06-20,34,29578
2019-06-20,35,29843
2019-06-20,36,30298
2019-06-20,37,31002
2019-06-20,38,31216
2019-06-20,39,30698
2019-06-20,40,30416
2019-06-20,41,30170
2019-06-20,42,29536
2019-06-20,43,28624
2019-06-20,44,27256
2019-06-20,45,25493
2019-06-20,46,24247
2019-06-20,47,23460
2019-06-20,48,23036
2019-06-21,1,22682
2019-06-21,2,22504
2019-06-21,3,22538
2019-06-21,4,22366
2019-06-21,5,22110
2019-06-21,6,22015
2019-06-21,7,22021
2019-06-21,8,21920
2019-06-21,9,21782
2019-06-21,10,22552
2019-06-21,11,25107
2019-06-21,12,27194
2019-06-21,13,28829
2019-06-21,14,29829
2019-06-21,15,30321
2019-06-21,16,29864
2019-06-21,17,29665
2019-06-21,18,29303
2019-06-21,19,29073
2019-06-21,20,29029
2019-06-21,21,28901
2019-06-21,22,28712
2019-06-21,23,28637
2019-06-21,24,28302
2019-06-21,25,27838
2019-06-21,26,27451
2019-06-21,27,27130
2019-06-21,28,27094
2019-06-21,29,26889
2019-06-21,30,27268
2019-06-21,31,28058
2019-06-21,32,28604
2019-06-21,33,29418
2019-06-21,34,29837
2019-06-21,35,29850
2019-06-21,36,30081
2019-06-21,37,29844
2019-06-21,38,29864
2019-06-21,39,29841
2019-06-21,40,29510
2019-06-21,41,29094
2019-06-21,42,28885
2019-06-21,43,28384
2019-06-21,44,27310
2019-06-21,45,25757
2019-06-21,46,24177
2019-06-21,47,23077
2019-06-21,48,22262
2019-06-22,1,21743
2019-06-22,2,21486
2019-06-22,3,21414
2019-06-22,4,21006
2019-06-22,5,21244
2019-06-22,6,21116
2019-06-22,7,20982
2019-06-22,8,20572
2019-06-22,9,20374
2019-06-22,10,20458
2019-06-22,11,21188
2019-06-22,12,21933
2019-06-22,13,22813
2019-06-22,14,23373
2019-06-22,15,24209
2019-06-22,16,24530
2019-06-22,17,24756
2019-06-22,18,24502
2019-06-22,19,24226
2019-06-22,20,23931
2019-06-22,21,23665
2019-06-22,22,23594
2019-06-22,23,23538
2019-06-22,24,23143
2019-06-22,25,22526
2019-06-22,26,22229
2019-06-22,27,21937
2019-06-22,28,21646
2019-06-22,29,21848
2019-06-22,30,22103
2019-06-22,31,22757
2019-06-22,32,23791
2019-06-22,33,24800
2019-06-22,34,25384
2019-06-22,35,26177
2019-06-22,36,26610
2019-06-22,37,26787
2019-06-22,38,26756
2019-06-22,39,26675
2019-06-22,40,26460
2019-06-22,41,26384
2019-06-22,42,26358
2019-06-22,43,26118
2019-06-22,44,25221
2019-06-22,45,23763
2019-06-22,46,22437
2019-06-22,47,21391
2019-06-22,48,20716
2019-06-23,1,20368
2019-06-23,2,20163
2019-06-23,3,19701
2019-06-23,4,19342
2019-06-23,5,19409
2019-06-23,6,19234
2019-06-23,7,19539
2019-06-23,8,19434
2019-06-23,9,18732
2019-06-23,10,18765
2019-06-23,11,18862
2019-06-23,12,19207
2019-06-23,13,19438
2019-06-23,14,20404
2019-06-23,15,21782
2019-06-23,16,22547
2019-06-23,17,23499
2019-06-23,18,24008
2019-06-23,19,24239
2019-06-23,20,24219
2019-06-23,21,24122
2019-06-23,22,24390
2019-06-23,23,24700
2019-06-23,24,24934
2019-06-23,25,25137
2019-06-23,26,25451
2019-06-23,27,25338
2019-06-23,28,25508
2019-06-23,29,26320
2019-06-23,30,26986
2019-06-23,31,27699
2019-06-23,32,27948
2019-06-23,33,28493
2019-06-23,34,28813
2019-06-23,35,28733
2019-06-23,36,28596
2019-06-23,37,28452
2019-06-23,38,28202
2019-06-23,39,27923
2019-06-23,40,27762
2019-06-23,41,27312
2019-06-23,42,26878
2019-06-23,43,26144
2019-06-23,44,24836
2019-06-23,45,23227
2019-06-23,46,21950
2019-06-23,47,21265
2019-06-23,48,21102
2019-06-24,1,21411
2019-06-24,2,21296
2019-06-24,3,20996
2019-06-24,4,20988
2019-06-24,5,20916
2019-06-24,6,20782
2019-06-24,7,20555
2019-06-24,8,20227
2019-06-24,9,20268
2019-06-24,10,21205
2019-06-24,11,23812
2019-06-24,12,26170
2019-06-24,13,29639
2019-06-24,14,31638
2019-06-24,15,32674
2019-06-24,16,33165
2019-06-24,17,33500
2019-06-24,18,33257
2019-06-24,19,33211
2019-06-24,20,33242
2019-06-24,21,32887
2019-06-24,22,32960
2019-06-24,23,32838
2019-06-24,24,32644
2019-06-24,25,32486
2019-06-24,26,32632
2019-06-24,27,32703
2019-06-24,28,32255
2019-06-24,29,32037
2019-06-24,30,32562
2019-06-24,31,33052
2019-06-24,32,33267
2019-06-24,33,33580
2019-06-24,34,33566
2019-06-24,35,33323
2019-06-24,36,33083
2019-06-24,37,32640
2019-06-24,38,32377
2019-06-24,39,32119
2019-06-24,40,32118
2019-06-24,41,31134
2019-06-24,42,30612
2019-06-24,43,29813
2019-06-24,44,28393
2019-06-24,45,26737
2019-06-24,46,25236
2019-06-24,47,24595
2019-06-24,48,24052
2019-06-25,1,24247
2019-06-25,2,24265
2019-06-25,3,23779
2019-06-25,4,23382
2019-06-25,5,23239
2019-06-25,6,23152
2019-06-25,7,23072
2019-06-25,8,22962
2019-06-25,9,23356
2019-06-25,10,23904
2019-06-25,11,25820
2019-06-25,12,28109
2019-06-25,13,30620
2019-06-25,14,32128
2019-06-25,15,33200
2019-06-25,16,33720
2019-06-25,17,34173
2019-06-25,18,34120
2019-06-25,19,34099
2019-06-25,20,34184
2019-06-25,21,34070
2019-06-25,22,34000
2019-06-25,23,33724
2019-06-25,24,32922
2019-06-25,25,32919
2019-06-25,26,32748
2019-06-25,27,32885
2019-06-25,28,32757
2019-06-25,29,27312
2019-06-25,30,23581
2019-06-25,31,33590
2019-06-25,32,33657
2019-06-25,33,33997
2019-06-25,34,34246
2019-06-25,35,34549
2019-06-25,36,34541
2019-06-25,37,34047
2019-06-25,38,33408
2019-06-25,39,32666
2019-06-25,40,32305
2019-06-25,41,31031
2019-06-25,42,30471
2019-06-25,43,29336
2019-06-25,44,27500
2019-06-25,45,25606
2019-06-25,46,23985
2019-06-25,47,23185
2019-06-25,48,22665
2019-06-26,1,22489
2019-06-26,2,22604
2019-06-26,3,22482
2019-06-26,4,22224
2019-06-26,5,22218
2019-06-26,6,22047
2019-06-26,7,21969
2019-06-26,8,22014
2019-06-26,9,22387
2019-06-26,10,23064
2019-06-26,11,25212
2019-06-26,12,27560
2019-06-26,13,30024
2019-06-26,14,31408
2019-06-26,15,32140
2019-06-26,16,32287
2019-06-26,17,32699
2019-06-26,18,32897
2019-06-26,19,32759
2019-06-26,20,32285
2019-06-26,21,32598
2019-06-26,22,32477
2019-06-26,23,31830
2019-06-26,24,31564
2019-06-26,25,31377
2019-06-26,26,30895
2019-06-26,27,30638
2019-06-26,28,30317
2019-06-26,29,29872
2019-06-26,30,30103
2019-06-26,31,30431
2019-06-26,32,31172
2019-06-26,33,31773
2019-06-26,34,32201
2019-06-26,35,32243
2019-06-26,36,32182
2019-06-26,37,32144
2019-06-26,38,31816
2019-06-26,39,31277
2019-06-26,40,30748
2019-06-26,41,30264
2019-06-26,42,29604
2019-06-26,43,28690
2019-06-26,44,27169
2019-06-26,45,25318
2019-06-26,46,23849
2019-06-26,47,23222
2019-06-26,48,22617
2019-06-27,1,22756
2019-06-27,2,22597
2019-06-27,3,22386
2019-06-27,4,22032
2019-06-27,5,21792
2019-06-27,6,21664
2019-06-27,7,21542
2019-06-27,8,21367
2019-06-27,9,21554
2019-06-27,10,22635
2019-06-27,11,24156
2019-06-27,12,26397
2019-06-27,13,28623
2019-06-27,14,29656
2019-06-27,15,29977
2019-06-27,16,29310
2019-06-27,17,29092
2019-06-27,18,28559
2019-06-27,19,28168
2019-06-27,20,27683
2019-06-27,21,27090
2019-06-27,22,26975
2019-06-27,23,26915
2019-06-27,24,26591
2019-06-27,25,26270
2019-06-27,26,26011
2019-06-27,27,25844
2019-06-27,28,25932
2019-06-27,29,26042
2019-06-27,30,26506
2019-06-27,31,27296
2019-06-27,32,28130
2019-06-27,33,28981
2019-06-27,34,29532
2019-06-27,35,29606
2019-06-27,36,29922
2019-06-27,37,30390
2019-06-27,38,30658
2019-06-27,39,30338
2019-06-27,40,30039
2019-06-27,41,29468
2019-06-27,42,28870
2019-06-27,43,28297
2019-06-27,44,27011
2019-06-27,45,25098
2019-06-27,46,23618
2019-06-27,47,22689
2019-06-27,48,22118
2019-06-28,1,21481
2019-06-28,2,21154
2019-06-28,3,20937
2019-06-28,4,20606
2019-06-28,5,20496
2019-06-28,6,20542
2019-06-28,7,20599
2019-06-28,8,20335
2019-06-28,9,20640
2019-06-28,10,21562
2019-06-28,11,24100
2019-06-28,12,26076
2019-06-28,13,28321
2019-06-28,14,29731
2019-06-28,15,29752
2019-06-28,16,29371
2019-06-28,17,29184
2019-06-28,18,28601
2019-06-28,19,27722
2019-06-28,20,26941
2019-06-28,21,26470
2019-06-28,22,26162
2019-06-28,23,26035
2019-06-28,24,25673
2019-06-28,25,25213
2019-06-28,26,25039
2019-06-28,27,24866
2019-06-28,28,24881
2019-06-28,29,24922
2019-06-28,30,25436
2019-06-28,31,26186
2019-06-28,32,26873
2019-06-28,33,27942
2019-06-28,34,28597
2019-06-28,35,29105
2019-06-28,36,29450
2019-06-28,37,29766
2019-06-28,38,30026
2019-06-28,39,29756
2019-06-28,40,29434
2019-06-28,41,28272
2019-06-28,42,28048
2019-06-28,43,28033
2019-06-28,44,26876
2019-06-28,45,25311
2019-06-28,46,23867
2019-06-28,47,22990
2019-06-28,48,22170
2019-06-29,1,21533
2019-06-29,2,21257
2019-06-29,3,20950
2019-06-29,4,20564
2019-06-29,5,20362
2019-06-29,6,20228
2019-06-29,7,20086
2019-06-29,8,19645
2019-06-29,9,19787
2019-06-29,10,19907
2019-06-29,11,20375
2019-06-29,12,21098
2019-06-29,13,22318
2019-06-29,14,23179
2019-06-29,15,24467
2019-06-29,16,25098
2019-06-29,17,25685
2019-06-29,18,25748
2019-06-29,19,25439
2019-06-29,20,25230
2019-06-29,21,24784
2019-06-29,22,24516
2019-06-29,23,24371
2019-06-29,24,24022
2019-06-29,25,23553
2019-06-29,26,23666
2019-06-29,27,23360
2019-06-29,28,23109
2019-06-29,29,23293
2019-06-29,30,23750
2019-06-29,31,24647
2019-06-29,32,25789
2019-06-29,33,26826
2019-06-29,34,27493
2019-06-29,35,27857
2019-06-29,36,28263
2019-06-29,37,28308
2019-06-29,38,28055
2019-06-29,39,27768
2019-06-29,40,27450
2019-06-29,41,27554
2019-06-29,42,27604
2019-06-29,43,27349
2019-06-29,44,26417
2019-06-29,45,24865
2019-06-29,46,23540
2019-06-29,47,22204
2019-06-29,48,21350
2019-06-30,1,21398
2019-06-30,2,20811
2019-06-30,3,20970
2019-06-30,4,20684
2019-06-30,5,20747
2019-06-30,6,20860
2019-06-30,7,20518
2019-06-30,8,20322
2019-06-30,9,19798
2019-06-30,10,19746
2019-06-30,11,20154
2019-06-30,12,20596
2019-06-30,13,21231
2019-06-30,14,20891
2019-06-30,15,21303
2019-06-30,16,22110
2019-06-30,17,22483
2019-06-30,18,22944
2019-06-30,19,23108
2019-06-30,20,23140
2019-06-30,21,23106
2019-06-30,22,22932
2019-06-30,23,22877
2019-06-30,24,23050
2019-06-30,25,22844
2019-06-30,26,22521
2019-06-30,27,21987
2019-06-30,28,21722
2019-06-30,29,21596
2019-06-30,30,21885
2019-06-30,31,22534
2019-06-30,32,22784
2019-06-30,33,23738
2019-06-30,34,24514
2019-06-30,35,25228
2019-06-30,36,25584
2019-06-30,37,25899
2019-06-30,38,26091
2019-06-30,39,26216
2019-06-30,40,26023
2019-06-30,41,26112
2019-06-30,42,25790
2019-06-30,43,25663
2019-06-30,44,24588
2019-06-30,45,22702
2019-06-30,46,21515
2019-06-30,47,20211
2019-06-30,48,20042
2019-07-01,1,19763
2019-07-01,2,19836
2019-07-01,3,20715
2019-07-01,4,20583
2019-07-01,5,20450
2019-07-01,6,20521
2019-07-01,7,20879
2019-07-01,8,20758
2019-07-01,9,20291
2019-07-01,10,21225
2019-07-01,11,23163
2019-07-01,12,25189
2019-07-01,13,27343
2019-07-01,14,28218
2019-07-01,15,28375
2019-07-01,16,28083
2019-07-01,17,28372
2019-07-01,18,27969
2019-07-01,19,27530
2019-07-01,20,27262
2019-07-01,21,27195
2019-07-01,22,26996
2019-07-01,23,26837
2019-07-01,24,26491
2019-07-01,25,26685
2019-07-01,26,26702
2019-07-01,27,26976
2019-07-01,28,27379
2019-07-01,29,27634
2019-07-01,30,28161
2019-07-01,31,28751
2019-07-01,32,29610
2019-07-01,33,30560
2019-07-01,34,30698
2019-07-01,35,30426
2019-07-01,36,30392
2019-07-01,37,30242
2019-07-01,38,29984
2019-07-01,39,29564
2019-07-01,40,29181
2019-07-01,41,28967
2019-07-01,42,28579
2019-07-01,43,28001
2019-07-01,44,26842
2019-07-01,45,25102
2019-07-01,46,23566
2019-07-01,47,22610
2019-07-01,48,22060
2019-07-02,1,21580
2019-07-02,2,21270
2019-07-02,3,20966
2019-07-02,4,21269
2019-07-02,5,21195
2019-07-02,6,21138
2019-07-02,7,21240
2019-07-02,8,21052
2019-07-02,9,20920
2019-07-02,10,21978
2019-07-02,11,24117
2019-07-02,12,26181
2019-07-02,13,28635
2019-07-02,14,29594
2019-07-02,15,30294
2019-07-02,16,30205
2019-07-02,17,30076
2019-07-02,18,29697
2019-07-02,19,29672
2019-07-02,20,29847
2019-07-02,21,29818
2019-07-02,22,29709
2019-07-02,23,29728
2019-07-02,24,29638
2019-07-02,25,29481
2019-07-02,26,29227
2019-07-02,27,29372
2019-07-02,28,29455
2019-07-02,29,29360
2019-07-02,30,29836
2019-07-02,31,30534
2019-07-02,32,31318
2019-07-02,33,32078
2019-07-02,34,32327
2019-07-02,35,32308
2019-07-02,36,32538
2019-07-02,37,32640
2019-07-02,38,32346
2019-07-02,39,31752
2019-07-02,40,31521
2019-07-02,41,30861
2019-07-02,42,30306
2019-07-02,43,29895
2019-07-02,44,28706
2019-07-02,45,26576
2019-07-02,46,24908
2019-07-02,47,23708
2019-07-02,48,23101
2019-07-03,1,22608
2019-07-03,2,22352
2019-07-03,3,22407
2019-07-03,4,22183
2019-07-03,5,22150
2019-07-03,6,22035
2019-07-03,7,22146
2019-07-03,8,21985
2019-07-03,9,21636
2019-07-03,10,22488
2019-07-03,11,25073
2019-07-03,12,27327
2019-07-03,13,29201
2019-07-03,14,30020
2019-07-03,15,30244
2019-07-03,16,30213
2019-07-03,17,30365
2019-07-03,18,29928
2019-07-03,19,29712
2019-07-03,20,29720
2019-07-03,21,29884
2019-07-03,22,29951
2019-07-03,23,30404
2019-07-03,24,30370
2019-07-03,25,29878
2019-07-03,26,29417
2019-07-03,27,29130
2019-07-03,28,28802
2019-07-03,29,29019
2019-07-03,30,29550
2019-07-03,31,30019
2019-07-03,32,30879
2019-07-03,33,31753
2019-07-03,34,32143
2019-07-03,35,32459
2019-07-03,36,32775
2019-07-03,37,32620
2019-07-03,38,32543
2019-07-03,39,32189
2019-07-03,40,31830
2019-07-03,41,31056
2019-07-03,42,30933
2019-07-03,43,30313
2019-07-03,44,28722
2019-07-03,45,26750
2019-07-03,46,24976
2019-07-03,47,23612
2019-07-03,48,22941
2019-07-04,1,22522
2019-07-04,2,22312
2019-07-04,3,22354
2019-07-04,4,22021
2019-07-04,5,21763
2019-07-04,6,21796
2019-07-04,7,22021
2019-07-04,8,21846
2019-07-04,9,21168
2019-07-04,10,21924
2019-07-04,11,24113
2019-07-04,12,26126
2019-07-04,13,28774
2019-07-04,14,29518
2019-07-04,15,29714
2019-07-04,16,29565
2019-07-04,17,28976
2019-07-04,18,27579
2019-07-04,19,28091
2019-07-04,20,28100
2019-07-04,21,27770
2019-07-04,22,27736
2019-07-04,23,27474
2019-07-04,24,27035
2019-07-04,25,26729
2019-07-04,26,26626
2019-07-04,27,26836
2019-07-04,28,26868
2019-07-04,29,27607
2019-07-04,30,27942
2019-07-04,31,28974
2019-07-04,32,30096
2019-07-04,33,30853
2019-07-04,34,31319
2019-07-04,35,31448
2019-07-04,36,31538
2019-07-04,37,31749
2019-07-04,38,31778
2019-07-04,39,31489
2019-07-04,40,31039
2019-07-04,41,30578
2019-07-04,42,29974
2019-07-04,43,29083
2019-07-04,44,27502
2019-07-04,45,25692
2019-07-04,46,24166
2019-07-04,47,22944
2019-07-04,48,22258
2019-07-05,1,21834
2019-07-05,2,21485
2019-07-05,3,21265
2019-07-05,4,21051
2019-07-05,5,20835
2019-07-05,6,20658
2019-07-05,7,20619
2019-07-05,8,20516
2019-07-05,9,20600
2019-07-05,10,21489
2019-07-05,11,23856
2019-07-05,12,25855
2019-07-05,13,28519
2019-07-05,14,29252
2019-07-05,15,29586
2019-07-05,16,29549
2019-07-05,17,29686
2019-07-05,18,29318
2019-07-05,19,28997
2019-07-05,20,28991
2019-07-05,21,28708
2019-07-05,22,28687
2019-07-05,23,28498
2019-07-05,24,28313
2019-07-05,25,28295
2019-07-05,26,28206
2019-07-05,27,28192
2019-07-05,28,27963
2019-07-05,29,27773
2019-07-05,30,28164
2019-07-05,31,28574
2019-07-05,32,29233
2019-07-05,33,29762
2019-07-05,34,30133
2019-07-05,35,30377
2019-07-05,36,30403
2019-07-05,37,30236
2019-07-05,38,30254
2019-07-05,39,29506
2019-07-05,40,29092
2019-07-05,41,28507
2019-07-05,42,28072
2019-07-05,43,27907
2019-07-05,44,26786
2019-07-05,45,25209
2019-07-05,46,23628
2019-07-05,47,22358
2019-07-05,48,21782
2019-07-06,1,21192
2019-07-06,2,21050
2019-07-06,3,20950
2019-07-06,4,20928
2019-07-06,5,20907
2019-07-06,6,20729
2019-07-06,7,20583
2019-07-06,8,20404
2019-07-06,9,20139
2019-07-06,10,20298
2019-07-06,11,21092
2019-07-06,12,21852
2019-07-06,13,23154
2019-07-06,14,24168
2019-07-06,15,25602
2019-07-06,16,26303
2019-07-06,17,26962
2019-07-06,18,27356
2019-07-06,19,27361
2019-07-06,20,27359
2019-07-06,21,27320
2019-07-06,22,27466
2019-07-06,23,27294
2019-07-06,24,27102
2019-07-06,25,26828
2019-07-06,26,26489
2019-07-06,27,26254
2019-07-06,28,25901
2019-07-06,29,25781
2019-07-06,30,25866
2019-07-06,31,26245
2019-07-06,32,27128
2019-07-06,33,27953
2019-07-06,34,28346
2019-07-06,35,28250
2019-07-06,36,28387
2019-07-06,37,28290
2019-07-06,38,28062
2019-07-06,39,27858
2019-07-06,40,27597
2019-07-06,41,27002
2019-07-06,42,26785
2019-07-06,43,26631
2019-07-06,44,26134
2019-07-06,45,24790
2019-07-06,46,23521
2019-07-06,47,22424
2019-07-06,48,21686
2019-07-07,1,20955
2019-07-07,2,20640
2019-07-07,3,20363
2019-07-07,4,20382
2019-07-07,5,20229
2019-07-07,6,20086
2019-07-07,7,20338
2019-07-07,8,20146
2019-07-07,9,19950
2019-07-07,10,20002
2019-07-07,11,20474
2019-07-07,12,20916
2019-07-07,13,21290
2019-07-07,14,22004
2019-07-07,15,23232
2019-07-07,16,23812
2019-07-07,17,24263
2019-07-07,18,24596
2019-07-07,19,24896
2019-07-07,20,24977
2019-07-07,21,25035
2019-07-07,22,25103
2019-07-07,23,25132
2019-07-07,24,25147
2019-07-07,25,24649
2019-07-07,26,24191
2019-07-07,27,23954
2019-07-07,28,23950
2019-07-07,29,23777
2019-07-07,30,24265
2019-07-07,31,24892
2019-07-07,32,25975
2019-07-07,33,27036
2019-07-07,34,27749
2019-07-07,35,28114
2019-07-07,36,28324
2019-07-07,37,28642
2019-07-07,38,28658
2019-07-07,39,28579
2019-07-07,40,28264
2019-07-07,41,27948
2019-07-07,42,27580
2019-07-07,43,27433
2019-07-07,44,26317
2019-07-07,45,24572
2019-07-07,46,23175
2019-07-07,47,22224
2019-07-07,48,21540
2019-07-08,1,21706
2019-07-08,2,21420
2019-07-08,3,21277
2019-07-08,4,21138
2019-07-08,5,21103
2019-07-08,6,21098
2019-07-08,7,21081
2019-07-08,8,21048
2019-07-08,9,21063
2019-07-08,10,22168
2019-07-08,11,24359
2019-07-08,12,26483
2019-07-08,13,29183
2019-07-08,14,30481
2019-07-08,15,31439
2019-07-08,16,31336
2019-07-08,17,31397
2019-07-08,18,31124
2019-07-08,19,30688
2019-07-08,20,30489
2019-07-08,21,30365
2019-07-08,22,30222
2019-07-08,23,30161
2019-07-08,24,30013
2019-07-08,25,29825
2019-07-08,26,29748
2019-07-08,27,29572
2019-07-08,28,29571
2019-07-08,29,29866
2019-07-08,30,30700
2019-07-08,31,31392
2019-07-08,32,31848
2019-07-08,33,32481
2019-07-08,34,32607
2019-07-08,35,32749
2019-07-08,36,32825
2019-07-08,37,32787
2019-07-08,38,32885
2019-07-08,39,32590
2019-07-08,40,32126
2019-07-08,41,31565
2019-07-08,42,31036
2019-07-08,43,30272
2019-07-08,44,28668
2019-07-08,45,26502
2019-07-08,46,24767
2019-07-08,47,23687
2019-07-08,48,22828
2019-07-09,1,22315
2019-07-09,2,22187
2019-07-09,3,22122
2019-07-09,4,21857
2019-07-09,5,21965
2019-07-09,6,21929
2019-07-09,7,21982
2019-07-09,8,21959
2019-07-09,9,21831
2019-07-09,10,22606
2019-07-09,11,25363
2019-07-09,12,27608
2019-07-09,13,30180
2019-07-09,14,31688
2019-07-09,15,32692
2019-07-09,16,32740
2019-07-09,17,32754
2019-07-09,18,32523
2019-07-09,19,32460
2019-07-09,20,32242
2019-07-09,21,32214
2019-07-09,22,31130
2019-07-09,23,32035
2019-07-09,24,31914
2019-07-09,25,31831
2019-07-09,26,31540
2019-07-09,27,31642
2019-07-09,28,31908
2019-07-09,29,32093
2019-07-09,30,32777
2019-07-09,31,33346
2019-07-09,32,33855
2019-07-09,33,34256
2019-07-09,34,34388
2019-07-09,35,34268
2019-07-09,36,33753
2019-07-09,37,33632
2019-07-09,38,33305
2019-07-09,39,32737
2019-07-09,40,32105
2019-07-09,41,31503
2019-07-09,42,30894
2019-07-09,43,29857
2019-07-09,44,28152
2019-07-09,45,26109
2019-07-09,46,24520
2019-07-09,47,23674
2019-07-09,48,22939
2019-07-10,1,22758
2019-07-10,2,22421
2019-07-10,3,22262
2019-07-10,4,21896
2019-07-10,5,21862
2019-07-10,6,21878
2019-07-10,7,21872
2019-07-10,8,21833
2019-07-10,9,21685
2019-07-10,10,22354
2019-07-10,11,24398
2019-07-10,12,26741
2019-07-10,13,29515
2019-07-10,14,31019
2019-07-10,15,32285
2019-07-10,16,32507
2019-07-10,17,32225
2019-07-10,18,31995
2019-07-10,19,31735
2019-07-10,20,31696
2019-07-10,21,31281
2019-07-10,22,31213
2019-07-10,23,31146
2019-07-10,24,30851
2019-07-10,25,30421
2019-07-10,26,30190
2019-07-10,27,30298
2019-07-10,28,30460
2019-07-10,29,30437
2019-07-10,30,30985
2019-07-10,31,31437
2019-07-10,32,32362
2019-07-10,33,32925
2019-07-10,34,33232
2019-07-10,35,33076
2019-07-10,36,33197
2019-07-10,37,32620
2019-07-10,38,32276
2019-07-10,39,31906
2019-07-10,40,31568
2019-07-10,41,31189
2019-07-10,42,30784
2019-07-10,43,29555
2019-07-10,44,27953
2019-07-10,45,26196
2019-07-10,46,24740
2019-07-10,47,23421
2019-07-10,48,22870
2019-07-11,1,22721
2019-07-11,2,22415
2019-07-11,3,22214
2019-07-11,4,22000
2019-07-11,5,21723
2019-07-11,6,21780
2019-07-11,7,21837
2019-07-11,8,21889
2019-07-11,9,21746
2019-07-11,10,22506
2019-07-11,11,24599
2019-07-11,12,27064
2019-07-11,13,29803
2019-07-11,14,31370
2019-07-11,15,32341
2019-07-11,16,32139
2019-07-11,17,31260
2019-07-11,18,31042
2019-07-11,19,30546
2019-07-11,20,31016
2019-07-11,21,31076
2019-07-11,22,31175
2019-07-11,23,30818
2019-07-11,24,30668
2019-07-11,25,30895
2019-07-11,26,30618
2019-07-11,27,30463
2019-07-11,28,30251
2019-07-11,29,30215
2019-07-11,30,30643
2019-07-11,31,31370
2019-07-11,32,32054
2019-07-11,33,32677
2019-07-11,34,32986
2019-07-11,35,33083
2019-07-11,36,32888
2019-07-11,37,33014
2019-07-11,38,32833
2019-07-11,39,31661
2019-07-11,40,31572
2019-07-11,41,30258
2019-07-11,42,29867
2019-07-11,43,29274
2019-07-11,44,27677
2019-07-11,45,25826
2019-07-11,46,24446
2019-07-11,47,23194
2019-07-11,48,22650
2019-07-12,1,22764
2019-07-12,2,22508
2019-07-12,3,22034
2019-07-12,4,22000
2019-07-12,5,22038
2019-07-12,6,22215
2019-07-12,7,22187
2019-07-12,8,22039
2019-07-12,9,21858
2019-07-12,10,22546
2019-07-12,11,24338
2019-07-12,12,26307
2019-07-12,13,28295
2019-07-12,14,29598
2019-07-12,15,30414
2019-07-12,16,30299
2019-07-12,17,30244
2019-07-12,18,29769
2019-07-12,19,29466
2019-07-12,20,29230
2019-07-12,21,29160
2019-07-12,22,29046
2019-07-12,23,28574
2019-07-12,24,28667
2019-07-12,25,28783
2019-07-12,26,28563
2019-07-12,27,28321
2019-07-12,28,28007
2019-07-12,29,27650
2019-07-12,30,27716
2019-07-12,31,28151
2019-07-12,32,28836
2019-07-12,33,29416
2019-07-12,34,29826
2019-07-12,35,29924
2019-07-12,36,29986
2019-07-12,37,30023
2019-07-12,38,29765
2019-07-12,39,29635
2019-07-12,40,29440
2019-07-12,41,28958
2019-07-12,42,28706
2019-07-12,43,28055
2019-07-12,44,26884
2019-07-12,45,25379
2019-07-12,46,23913
2019-07-12,47,22699
2019-07-12,48,21978
2019-07-13,1,21351
2019-07-13,2,21140
2019-07-13,3,20888
2019-07-13,4,20719
2019-07-13,5,20400
2019-07-13,6,20251
2019-07-13,7,20335
2019-07-13,8,20345
2019-07-13,9,20264
2019-07-13,10,20358
2019-07-13,11,21109
2019-07-13,12,21803
2019-07-13,13,23088
2019-07-13,14,24131
2019-07-13,15,25433
2019-07-13,16,25876
2019-07-13,17,26500
2019-07-13,18,26927
2019-07-13,19,27268
2019-07-13,20,27748
2019-07-13,21,27395
2019-07-13,22,27116
2019-07-13,23,27037
2019-07-13,24,26958
2019-07-13,25,26812
2019-07-13,26,26568
2019-07-13,27,26302
2019-07-13,28,25741
2019-07-13,29,25487
2019-07-13,30,25652
2019-07-13,31,26220
2019-07-13,32,26809
2019-07-13,33,27784
2019-07-13,34,28016
2019-07-13,35,28204
2019-07-13,36,28230
2019-07-13,37,28125
2019-07-13,38,27895
2019-07-13,39,27624
2019-07-13,40,27285
2019-07-13,41,27138
2019-07-13,42,27037
2019-07-13,43,26825
2019-07-13,44,25786
2019-07-13,45,24482
2019-07-13,46,23358
2019-07-13,47,22330
2019-07-13,48,21472
2019-07-14,1,20839
2019-07-14,2,20524
2019-07-14,3,20334
2019-07-14,4,19914
2019-07-14,5,19762
2019-07-14,6,19710
2019-07-14,7,19690
2019-07-14,8,19404
2019-07-14,9,19164
2019-07-14,10,19360
2019-07-14,11,19703
2019-07-14,12,20059
2019-07-14,13,20900
2019-07-14,14,21606
2019-07-14,15,22725
2019-07-14,16,23586
2019-07-14,17,24422
2019-07-14,18,24988
2019-07-14,19,25728
2019-07-14,20,25968
2019-07-14,21,26143
2019-07-14,22,26481
2019-07-14,23,26500
2019-07-14,24,26428
2019-07-14,25,26213
2019-07-14,26,25794
2019-07-14,27,25325
2019-07-14,28,25032
2019-07-14,29,25227
2019-07-14,30,25388
2019-07-14,31,25900
2019-07-14,32,26740
2019-07-14,33,27504
2019-07-14,34,27840
2019-07-14,35,27918
2019-07-14,36,28023
2019-07-14,37,28245
2019-07-14,38,28669
2019-07-14,39,28900
2019-07-14,40,28559
2019-07-14,41,28208
2019-07-14,42,27900
2019-07-14,43,27541
2019-07-14,44,26517
2019-07-14,45,24644
2019-07-14,46,23308
2019-07-14,47,22300
2019-07-14,48,21657
2019-07-15,1,21451
2019-07-15,2,21437
2019-07-15,3,21243
2019-07-15,4,20958
2019-07-15,5,21095
2019-07-15,6,21141
2019-07-15,7,21217
2019-07-15,8,21178
2019-07-15,9,21244
2019-07-15,10,22141
2019-07-15,11,24018
2019-07-15,12,26368
2019-07-15,13,29055
2019-07-15,14,30650
2019-07-15,15,31686
2019-07-15,16,31740
2019-07-15,17,31983
2019-07-15,18,31682
2019-07-15,19,31252
2019-07-15,20,31162
2019-07-15,21,30956
2019-07-15,22,30693
2019-07-15,23,30562
2019-07-15,24,30415
2019-07-15,25,30134
2019-07-15,26,29848
2019-07-15,27,29660
2019-07-15,28,29610
2019-07-15,29,29896
2019-07-15,30,30308
2019-07-15,31,30636
2019-07-15,32,31315
2019-07-15,33,31948
2019-07-15,34,32424
2019-07-15,35,32693
2019-07-15,36,32891
2019-07-15,37,32957
2019-07-15,38,32922
2019-07-15,39,32557
2019-07-15,40,32156
2019-07-15,41,31636
2019-07-15,42,31157
2019-07-15,43,30337
2019-07-15,44,28712
2019-07-15,45,26720
2019-07-15,46,25162
2019-07-15,47,23785
2019-07-15,48,23046
2019-07-16,1,22472
2019-07-16,2,22248
2019-07-16,3,22109
2019-07-16,4,22097
2019-07-16,5,22042
2019-07-16,6,21944
2019-07-16,7,21946
2019-07-16,8,21744
2019-07-16,9,22092
2019-07-16,10,22790
2019-07-16,11,24800
2019-07-16,12,26900
2019-07-16,13,29517
2019-07-16,14,30476
2019-07-16,15,31205
2019-07-16,16,31201
2019-07-16,17,30992
2019-07-16,18,30726
2019-07-16,19,30446
2019-07-16,20,30294
2019-07-16,21,30271
2019-07-16,22,29524
2019-07-16,23,30334
2019-07-16,24,30084
2019-07-16,25,30005
2019-07-16,26,29711
2019-07-16,27,29772
2019-07-16,28,29894
2019-07-16,29,29938
2019-07-16,30,30678
2019-07-16,31,31162
2019-07-16,32,31751
2019-07-16,33,32496
2019-07-16,34,32661
2019-07-16,35,32686
2019-07-16,36,32901
2019-07-16,37,32725
2019-07-16,38,32509
2019-07-16,39,32470
2019-07-16,40,32114
2019-07-16,41,31509
2019-07-16,42,31224
2019-07-16,43,30606
2019-07-16,44,29167
2019-07-16,45,27258
2019-07-16,46,25471
2019-07-16,47,24144
2019-07-16,48,23508
2019-07-17,1,23167
2019-07-17,2,22882
2019-07-17,3,22818
2019-07-17,4,22473
2019-07-17,5,22514
2019-07-17,6,22439
2019-07-17,7,22398
2019-07-17,8,22391
2019-07-17,9,21763
2019-07-17,10,22462
2019-07-17,11,24800
2019-07-17,12,26865
2019-07-17,13,28936
2019-07-17,14,29728
2019-07-17,15,30060
2019-07-17,16,30214
2019-07-17,17,30692
2019-07-17,18,30253
2019-07-17,19,30030
2019-07-17,20,30108
2019-07-17,21,29872
2019-07-17,22,29726
2019-07-17,23,29986
2019-07-17,24,29770
2019-07-17,25,29277
2019-07-17,26,29089
2019-07-17,27,29112
2019-07-17,28,29313
2019-07-17,29,29441
2019-07-17,30,30156
2019-07-17,31,31196
2019-07-17,32,31935
2019-07-17,33,32672
2019-07-17,34,33025
2019-07-17,35,32781
2019-07-17,36,32746
2019-07-17,37,32260
2019-07-17,38,32042
2019-07-17,39,31504
2019-07-17,40,31043
2019-07-17,41,30579
2019-07-17,42,30110
2019-07-17,43,28914
2019-07-17,44,27200
2019-07-17,45,25228
2019-07-17,46,23679
2019-07-17,47,22902
2019-07-17,48,22508
2019-07-18,1,22143
2019-07-18,2,21784
2019-07-18,3,21600
2019-07-18,4,21325
2019-07-18,5,21235
2019-07-18,6,21275
2019-07-18,7,21446
2019-07-18,8,21402
2019-07-18,9,21674
2019-07-18,10,22489
2019-07-18,11,24116
2019-07-18,12,26089
2019-07-18,13,28876
2019-07-18,14,30065
2019-07-18,15,30840
2019-07-18,16,31063
2019-07-18,17,31190
2019-07-18,18,31038
2019-07-18,19,30898
2019-07-18,20,30837
2019-07-18,21,30419
2019-07-18,22,30146
2019-07-18,23,29938
2019-07-18,24,29607
2019-07-18,25,29208
2019-07-18,26,28710
2019-07-18,27,28241
2019-07-18,28,28038
2019-07-18,29,27610
2019-07-18,30,28198
2019-07-18,31,28810
2019-07-18,32,29420
2019-07-18,33,30135
2019-07-18,34,30700
2019-07-18,35,30898
2019-07-18,36,30948
2019-07-18,37,31152
2019-07-18,38,31304
2019-07-18,39,30955
2019-07-18,40,30562
2019-07-18,41,30216
2019-07-18,42,29882
2019-07-18,43,28972
2019-07-18,44,27701
2019-07-18,45,25904
2019-07-18,46,24164
2019-07-18,47,22783
2019-07-18,48,22064
2019-07-19,1,21390
2019-07-19,2,21146
2019-07-19,3,20739
2019-07-19,4,20528
2019-07-19,5,20275
2019-07-19,6,20131
2019-07-19,7,20239
2019-07-19,8,20248
2019-07-19,9,20552
2019-07-19,10,21520
2019-07-19,11,23692
2019-07-19,12,25967
2019-07-19,13,28799
2019-07-19,14,30602
2019-07-19,15,31835
2019-07-19,16,31964
2019-07-19,17,32402
2019-07-19,18,32654
2019-07-19,19,32749
2019-07-19,20,32618
2019-07-19,21,32657
2019-07-19,22,33133
2019-07-19,23,33233
2019-07-19,24,32758
2019-07-19,25,32030
2019-07-19,26,25977
2019-07-19,27,31209
2019-07-19,28,30975
2019-07-19,29,31092
2019-07-19,30,31158
2019-07-19,31,31640
2019-07-19,32,32029
2019-07-19,33,32321
2019-07-19,34,32448
2019-07-19,35,32238
2019-07-19,36,32011
2019-07-19,37,31716
2019-07-19,38,31262
2019-07-19,39,30351
2019-07-19,40,29801
2019-07-19,41,29108
2019-07-19,42,28628
2019-07-19,43,27955
2019-07-19,44,26319
2019-07-19,45,24390
2019-07-19,46,22953
2019-07-19,47,21941
2019-07-19,48,21216
2019-07-20,1,20716
2019-07-20,2,20318
2019-07-20,3,20197
2019-07-20,4,20054
2019-07-20,5,19869
2019-07-20,6,19714
2019-07-20,7,19653
2019-07-20,8,19584
2019-07-20,9,19160
2019-07-20,10,19344
2019-07-20,11,19938
2019-07-20,12,20715
2019-07-20,13,21715
2019-07-20,14,22934
2019-07-20,15,24066
2019-07-20,16,24600
2019-07-20,17,25062
2019-07-20,18,25044
2019-07-20,19,25250
2019-07-20,20,25380
2019-07-20,21,25235
2019-07-20,22,24841
2019-07-20,23,24819
2019-07-20,24,24590
2019-07-20,25,24116
2019-07-20,26,23461
2019-07-20,27,22893
2019-07-20,28,22489
2019-07-20,29,22372
2019-07-20,30,22608
2019-07-20,31,23109
2019-07-20,32,23843
2019-07-20,33,24603
2019-07-20,34,25096
2019-07-20,35,25266
2019-07-20,36,25840
2019-07-20,37,26201
2019-07-20,38,26130
2019-07-20,39,25922
2019-07-20,40,25622
2019-07-20,41,25562
2019-07-20,42,25590
2019-07-20,43,25233
2019-07-20,44,24322
2019-07-20,45,23258
2019-07-20,46,22293
2019-07-20,47,21308
2019-07-20,48,20587
2019-07-21,1,20052
2019-07-21,2,19828
2019-07-21,3,19343
2019-07-21,4,18975
2019-07-21,5,18667
2019-07-21,6,18526
2019-07-21,7,18602
2019-07-21,8,18542
2019-07-21,9,18570
2019-07-21,10,18508
2019-07-21,11,18961
2019-07-21,12,19418
2019-07-21,13,20273
2019-07-21,14,20750
2019-07-21,15,21325
2019-07-21,16,21877
2019-07-21,17,22339
2019-07-21,18,22746
2019-07-21,19,23240
2019-07-21,20,23360
2019-07-21,21,23740
2019-07-21,22,23783
2019-07-21,23,23814
2019-07-21,24,23644
2019-07-21,25,23502
2019-07-21,26,22911
2019-07-21,27,22852
2019-07-21,28,22910
2019-07-21,29,22707
2019-07-21,30,23026
2019-07-21,31,23663
2019-07-21,32,24359
2019-07-21,33,25178
2019-07-21,34,25726
2019-07-21,35,26001
2019-07-21,36,26275
2019-07-21,37,26341
2019-07-21,38,26344
2019-07-21,39,26318
2019-07-21,40,26145
2019-07-21,41,25982
2019-07-21,42,25767
2019-07-21,43,24829
2019-07-21,44,23492
2019-07-21,45,22658
2019-07-21,46,21168
2019-07-21,47,20518
2019-07-21,48,20178
2019-07-22,1,20182
2019-07-22,2,20132
2019-07-22,3,20386
2019-07-22,4,20243
2019-07-22,5,20980
2019-07-22,6,21450
2019-07-22,7,21261
2019-07-22,8,21169
2019-07-22,9,21097
2019-07-22,10,21629
2019-07-22,11,22555
2019-07-22,12,23909
2019-07-22,13,25673
2019-07-22,14,27090
2019-07-22,15,28786
2019-07-22,16,29025
2019-07-22,17,29032
2019-07-22,18,28899
2019-07-22,19,28954
2019-07-22,20,28757
2019-07-22,21,28864
2019-07-22,22,28974
2019-07-22,23,29079
2019-07-22,24,28689
2019-07-22,25,28516
2019-07-22,26,28531
2019-07-22,27,28290
2019-07-22,28,28348
2019-07-22,29,28125
2019-07-22,30,28614
2019-07-22,31,28283
2019-07-22,32,29052
2019-07-22,33,30202
2019-07-22,34,30725
2019-07-22,35,30816
2019-07-22,36,30950
2019-07-22,37,31152
2019-07-22,38,31120
2019-07-22,39,31070
2019-07-22,40,30733
2019-07-22,41,30153
2019-07-22,42,29825
2019-07-22,43,29233
2019-07-22,44,27577
2019-07-22,45,25668
2019-07-22,46,24156
2019-07-22,47,23325
2019-07-22,48,22685
2019-07-23,1,22448
2019-07-23,2,22294
2019-07-23,3,22469
2019-07-23,4,22096
2019-07-23,5,21672
2019-07-23,6,21494
2019-07-23,7,20856
2019-07-23,8,20864
2019-07-23,9,21029
2019-07-23,10,21944
2019-07-23,11,23932
2019-07-23,12,25682
2019-07-23,13,27732
2019-07-23,14,28863
2019-07-23,15,30169
2019-07-23,16,30590
2019-07-23,17,30388
2019-07-23,18,30016
2019-07-23,19,30063
2019-07-23,20,29715
2019-07-23,21,29558
2019-07-23,22,28789
2019-07-23,23,28917
2019-07-23,24,28788
2019-07-23,25,29529
2019-07-23,26,29539
2019-07-23,27,29382
2019-07-23,28,29233
2019-07-23,29,29519
2019-07-23,30,30427
2019-07-23,31,30822
2019-07-23,32,31357
2019-07-23,33,32147
2019-07-23,34,32722
2019-07-23,35,32885
2019-07-23,36,33434
2019-07-23,37,33506
2019-07-23,38,33420
2019-07-23,39,33171
2019-07-23,40,32922
2019-07-23,41,33211
2019-07-23,42,33000
2019-07-23,43,31274
2019-07-23,44,29588
2019-07-23,45,27385
2019-07-23,46,25805
2019-07-23,47,25237
2019-07-23,48,24404
2019-07-24,1,24392
2019-07-24,2,24041
2019-07-24,3,23424
2019-07-24,4,23190
2019-07-24,5,23019
2019-07-24,6,23181
2019-07-24,7,22809
2019-07-24,8,22820
2019-07-24,9,22982
2019-07-24,10,24152
2019-07-24,11,27346
2019-07-24,12,29405
2019-07-24,13,32316
2019-07-24,14,33227
2019-07-24,15,33209
2019-07-24,16,33387
2019-07-24,17,32879
2019-07-24,18,32433
2019-07-24,19,32344
2019-07-24,20,32182
2019-07-24,21,32043
2019-07-24,22,32166
2019-07-24,23,32206
2019-07-24,24,31886
2019-07-24,25,31742
2019-07-24,26,31518
2019-07-24,27,31507
2019-07-24,28,31685
2019-07-24,29,30781
2019-07-24,30,31182
2019-07-24,31,31629
2019-07-24,32,32516
2019-07-24,33,32502
2019-07-24,34,32782
2019-07-24,35,32845
2019-07-24,36,32922
2019-07-24,37,32084
2019-07-24,38,32359
2019-07-24,39,32133
2019-07-24,40,31976
2019-07-24,41,32217
2019-07-24,42,31829
2019-07-24,43,30553
2019-07-24,44,29153
2019-07-24,45,27769
2019-07-24,46,26536
2019-07-24,47,25733
2019-07-24,48,25218
2019-07-25,1,25250
2019-07-25,2,24961
2019-07-25,3,24583
2019-07-25,4,24289
2019-07-25,5,24806
2019-07-25,6,24695
2019-07-25,7,25845
2019-07-25,8,26077
2019-07-25,9,26467
2019-07-25,10,26528
2019-07-25,11,27452
2019-07-25,12,29411
2019-07-25,13,30916
2019-07-25,14,32121
2019-07-25,15,32379
2019-07-25,16,32721
2019-07-25,17,32562
2019-07-25,18,32118
2019-07-25,19,32137
2019-07-25,20,32222
2019-07-25,21,31786
2019-07-25,22,31781
2019-07-25,23,31876
2019-07-25,24,31900
2019-07-25,25,31859
2019-07-25,26,31808
2019-07-25,27,31793
2019-07-25,28,31809
2019-07-25,29,31660
2019-07-25,30,31962
2019-07-25,31,31927
2019-07-25,32,32498
2019-07-25,33,33593
2019-07-25,34,33947
2019-07-25,35,34049
2019-07-25,36,34230
2019-07-25,37,33700
2019-07-25,38,33294
2019-07-25,39,33498
2019-07-25,40,33279
2019-07-25,41,32549
2019-07-25,42,32465
2019-07-25,43,31276
2019-07-25,44,29941
2019-07-25,45,27490
2019-07-25,46,25876
2019-07-25,47,24715
2019-07-25,48,24458
2019-07-26,1,24447
2019-07-26,2,24070
2019-07-26,3,23780
2019-07-26,4,23470
2019-07-26,5,23442
2019-07-26,6,23281
2019-07-26,7,23581
2019-07-26,8,23773
2019-07-26,9,23859
2019-07-26,10,24118
2019-07-26,11,26092
2019-07-26,12,27899
2019-07-26,13,29757
2019-07-26,14,30906
2019-07-26,15,31266
2019-07-26,16,31658
2019-07-26,17,32042
2019-07-26,18,31908
2019-07-26,19,32541
2019-07-26,20,32261
2019-07-26,21,32112
2019-07-26,22,32111
2019-07-26,23,32586
2019-07-26,24,32299
2019-07-26,25,31305
2019-07-26,26,30930
2019-07-26,27,30815
2019-07-26,28,30655
2019-07-26,29,30882
2019-07-26,30,31109
2019-07-26,31,31736
2019-07-26,32,32280
2019-07-26,33,33178
2019-07-26,34,33251
2019-07-26,35,32796
2019-07-26,36,33055
2019-07-26,37,32986
2019-07-26,38,32706
2019-07-26,39,32192
2019-07-26,40,31891
2019-07-26,41,31338
2019-07-26,42,31000
2019-07-26,43,29876
2019-07-26,44,28448
2019-07-26,45,27075
2019-07-26,46,25937
2019-07-26,47,24772
2019-07-26,48,23975
2019-07-27,1,23746
2019-07-27,2,23374
2019-07-27,3,23335
2019-07-27,4,23269
2019-07-27,5,23214
2019-07-27,6,23105
2019-07-27,7,23019
2019-07-27,8,23027
2019-07-27,9,22974
2019-07-27,10,22937
2019-07-27,11,23136
2019-07-27,12,23767
2019-07-27,13,24763
2019-07-27,14,25798
2019-07-27,15,27194
2019-07-27,16,28064
2019-07-27,17,28770
2019-07-27,18,29038
2019-07-27,19,29340
2019-07-27,20,29272
2019-07-27,21,28832
2019-07-27,22,28435
2019-07-27,23,28094
2019-07-27,24,27918
2019-07-27,25,27691
2019-07-27,26,27087
2019-07-27,27,26742
2019-07-27,28,26647
2019-07-27,29,26736
2019-07-27,30,26846
2019-07-27,31,27349
2019-07-27,32,27857
2019-07-27,33,28662
2019-07-27,34,28844
2019-07-27,35,29058
2019-07-27,36,29153
2019-07-27,37,28992
2019-07-27,38,28878
2019-07-27,39,28673
2019-07-27,40,28169
2019-07-27,41,28132
2019-07-27,42,27902
2019-07-27,43,27046
2019-07-27,44,26072
2019-07-27,45,24463
2019-07-27,46,23056
2019-07-27,47,21992
2019-07-27,48,20734
2019-07-28,1,20420
2019-07-28,2,20224
2019-07-28,3,20138
2019-07-28,4,19936
2019-07-28,5,19964
2019-07-28,6,19901
2019-07-28,7,19929
2019-07-28,8,20014
2019-07-28,9,20194
2019-07-28,10,20253
2019-07-28,11,20407
2019-07-28,12,20775
2019-07-28,13,21001
2019-07-28,14,21508
2019-07-28,15,22649
2019-07-28,16,23327
2019-07-28,17,24422
2019-07-28,18,24972
2019-07-28,19,25700
2019-07-28,20,26152
2019-07-28,21,26370
2019-07-28,22,26464
2019-07-28,23,26676
2019-07-28,24,26398
2019-07-28,25,26061
2019-07-28,26,26074
2019-07-28,27,25752
2019-07-28,28,25687
2019-07-28,29,25621
2019-07-28,30,25835
2019-07-28,31,26398
2019-07-28,32,26951
2019-07-28,33,27707
2019-07-28,34,28121
2019-07-28,35,28320
2019-07-28,36,28604
2019-07-28,37,28596
2019-07-28,38,28464
2019-07-28,39,28552
2019-07-28,40,28484
2019-07-28,41,28450
2019-07-28,42,27800
2019-07-28,43,27046
2019-07-28,44,25889
2019-07-28,45,24226
2019-07-28,46,22940
2019-07-28,47,22193
2019-07-28,48,21735
2019-07-29,1,21344
2019-07-29,2,21277
2019-07-29,3,21104
2019-07-29,4,20918
2019-07-29,5,20998
2019-07-29,6,21051
2019-07-29,7,21082
2019-07-29,8,21178
2019-07-29,9,20924
2019-07-29,10,21554
2019-07-29,11,23615
2019-07-29,12,25421
2019-07-29,13,27702
2019-07-29,14,29026
2019-07-29,15,29931
2019-07-29,16,30195
2019-07-29,17,30111
2019-07-29,18,29657
2019-07-29,19,29292
2019-07-29,20,29116
2019-07-29,21,28915
2019-07-29,22,28843
2019-07-29,23,28923
2019-07-29,24,28695
2019-07-29,25,28682
2019-07-29,26,28391
2019-07-29,27,28359
2019-07-29,28,28144
2019-07-29,29,28812
2019-07-29,30,29135
2019-07-29,31,29472
2019-07-29,32,30440
2019-07-29,33,31302
2019-07-29,34,31905
2019-07-29,35,32232
2019-07-29,36,32699
2019-07-29,37,32499
2019-07-29,38,32380
2019-07-29,39,31898
2019-07-29,40,31416
2019-07-29,41,31284
2019-07-29,42,30532
2019-07-29,43,29241
2019-07-29,44,27508
2019-07-29,45,25536
2019-07-29,46,23782
2019-07-29,47,22511
2019-07-29,48,21894
2019-07-30,1,21351
2019-07-30,2,21139
2019-07-30,3,20889
2019-07-30,4,20939
2019-07-30,5,21340
2019-07-30,6,21272
2019-07-30,7,21271
2019-07-30,8,21564
2019-07-30,9,21324
2019-07-30,10,21923
2019-07-30,11,24155
2019-07-30,12,25843
2019-07-30,13,27954
2019-07-30,14,29398
2019-07-30,15,30072
2019-07-30,16,30703
2019-07-30,17,30993
2019-07-30,18,30984
2019-07-30,19,31023
2019-07-30,20,30750
2019-07-30,21,30840
2019-07-30,22,31094
2019-07-30,23,31587
2019-07-30,24,31415
2019-07-30,25,31204
2019-07-30,26,31031
2019-07-30,27,30818
2019-07-30,28,30544
2019-07-30,29,30340
2019-07-30,30,30403
2019-07-30,31,30669
2019-07-30,32,31268
2019-07-30,33,31918
2019-07-30,34,32398
2019-07-30,35,32793
2019-07-30,36,32675
2019-07-30,37,32343
2019-07-30,38,32036
2019-07-30,39,31518
2019-07-30,40,30990
2019-07-30,41,29953
2019-07-30,42,29003
2019-07-30,43,27574
2019-07-30,44,26190
2019-07-30,45,24450
2019-07-30,46,22628
2019-07-30,47,21478
2019-07-30,48,20910
2019-07-31,1,20663
2019-07-31,2,20577
2019-07-31,3,20546
2019-07-31,4,20549
2019-07-31,5,20653
2019-07-31,6,20542
2019-07-31,7,20375
2019-07-31,8,20349
2019-07-31,9,20522
2019-07-31,10,21146
2019-07-31,11,22901
2019-07-31,12,24810
2019-07-31,13,28061
2019-07-31,14,29249
2019-07-31,15,29720
2019-07-31,16,30286
2019-07-31,17,30557
2019-07-31,18,30575
2019-07-31,19,30330
2019-07-31,20,30214
2019-07-31,21,30216
2019-07-31,22,30245
2019-07-31,23,30175
2019-07-31,24,30029
2019-07-31,25,29690
2019-07-31,26,29329
2019-07-31,27,29096
2019-07-31,28,29012
2019-07-31,29,29224
2019-07-31,30,29484
2019-07-31,31,29390
2019-07-31,32,30771
2019-07-31,33,31502
2019-07-31,34,31871
2019-07-31,35,31948
2019-07-31,36,31945
2019-07-31,37,32166
2019-07-31,38,32007
2019-07-31,39,31311
2019-07-31,40,31084
2019-07-31,41,31114
2019-07-31,42,30291
2019-07-31,43,28917
2019-07-31,44,27355
2019-07-31,45,25855
2019-07-31,46,24372
2019-07-31,47,22856
2019-07-31,48,22206
