settlementDate,settlementPeriod,wind_pct,solar_pct,gas_pct,nuclear_pct,imports_pct
2018-05-10,48,16.3,0.0,32.1,29.8,11.2
2018-05-11,1,17.8,0.0,30.7,30.3,10.8
2018-05-11,2,18.6,0.0,29.3,30.4,10.8
2018-05-11,3,19.5,0.0,27.1,31.5,11.1
2018-05-11,4,20.8,0.0,25.3,31.6,11.2
2018-05-11,5,21.7,0.0,24.9,32.0,9.9
2018-05-11,6,23.0,0.0,24.1,32.2,9.9
2018-05-11,7,24.0,0.0,22.9,32.3,10.0
2018-05-11,8,25.1,0.0,22.2,32.2,9.9
2018-05-11,9,25.8,0.2,24.1,31.8,7.8
2018-05-11,10,25.8,0.8,25.3,30.5,7.2
2018-05-11,11,25.4,1.9,26.1,28.2,8.6
2018-05-11,12,24.6,3.2,28.3,25.8,8.0
2018-05-11,13,22.8,4.5,29.6,23.2,9.8
2018-05-11,14,22.7,6.0,30.2,21.7,9.3
2018-05-11,15,23.3,7.8,29.0,21.2,9.0
2018-05-11,16,24.2,9.6,27.3,21.1,9.0
2018-05-11,17,24.6,11.1,26.5,20.9,8.3
2018-05-11,18,24.6,12.6,25.0,21.1,8.2
2018-05-11,19,25.1,13.8,23.9,21.0,8.2
2018-05-11,20,25.7,14.6,23.1,21.1,8.2
2018-05-11,21,26.1,14.8,22.5,20.9,8.1
2018-05-11,22,25.9,14.6,22.8,20.8,8.1
2018-05-11,23,25.8,14.3,23.3,20.6,8.0
2018-05-11,24,26.3,13.9,23.4,20.7,8.1
2018-05-11,25,26.6,13.5,23.8,21.0,8.2
2018-05-11,26,27.4,13.0,24.2,21.2,8.3
2018-05-11,27,28.0,12.3,24.1,21.2,8.3
2018-05-11,28,28.6,11.3,24.3,21.5,8.4
2018-05-11,29,29.6,10.3,23.8,22.3,7.2
2018-05-11,30,28.8,8.6,24.2,22.0,8.6
2018-05-11,31,27.7,7.3,28.3,21.8,6.9
2018-05-11,32,26.4,6.6,30.3,21.5,6.8
2018-05-11,33,25.8,5.7,30.9,21.6,8.0
2018-05-11,34,25.7,4.7,32.5,21.4,8.1
2018-05-11,35,25.6,3.8,33.5,21.6,7.9
2018-05-11,36,25.1,2.8,35.2,21.4,7.6
2018-05-11,37,24.9,2.0,35.8,21.6,7.7
2018-05-11,38,25.2,1.2,35.4,22.1,7.8
2018-05-11,39,25.2,0.7,35.8,22.4,7.7
2018-05-11,40,25.1,0.3,35.7,22.7,7.6
2018-05-11,41,24.3,0.1,36.4,22.7,7.8
2018-05-11,42,23.7,0.0,36.4,22.8,8.1
2018-05-11,43,22.7,0.0,37.0,22.8,8.4
2018-05-11,44,21.8,0.0,38.1,22.8,8.1
2018-05-11,45,20.9,0.0,38.5,23.1,8.1
2018-05-11,46,21.2,0.0,36.3,24.3,8.9
2018-05-11,47,20.8,0.0,35.1,25.6,9.1
2018-05-11,48,20.6,0.0,33.4,27.1,9.7
2018-05-12,1,20.3,0.0,31.1,28.8,9.9
2018-05-12,2,19.3,0.0,32.4,29.7,9.8
2018-05-12,3,17.9,0.0,33.1,30.6,9.7
2018-05-12,4,16.5,0.0,33.9,31.5,10.1
2018-05-12,5,15.2,0.0,34.4,31.7,10.4
2018-05-12,6,13.8,0.0,34.9,31.8,11.0
2018-05-12,7,12.7,0.0,35.4,32.1,11.2
2018-05-12,8,11.4,0.0,36.1,32.1,11.8
2018-05-12,9,10.4,0.3,36.3,32.3,12.2
2018-05-12,10,9.4,1.1,36.4,32.4,12.3
2018-05-12,11,8.4,2.6,36.2,32.1,12.4
2018-05-12,12,7.3,4.8,35.8,31.7,12.2
2018-05-12,13,6.7,7.3,35.0,30.9,12.0
2018-05-12,14,5.8,9.6,36.9,28.9,11.2
2018-05-12,15,5.2,11.6,38.7,26.8,10.7
2018-05-12,16,4.8,13.5,39.2,25.5,10.2
2018-05-12,17,4.6,15.0,39.8,24.3,9.6
2018-05-12,18,4.4,15.8,40.1,22.8,9.2
2018-05-12,19,4.5,16.6,40.0,22.2,8.8
2018-05-12,20,4.7,17.1,39.8,21.7,8.8
2018-05-12,21,4.9,17.4,39.4,21.5,8.6
2018-05-12,22,5.2,17.5,39.1,21.4,8.5
2018-05-12,23,5.5,17.7,38.3,21.7,8.5
2018-05-12,24,5.7,17.4,38.4,21.7,8.6
2018-05-12,25,6.0,16.8,38.7,21.7,8.6
2018-05-12,26,6.3,15.9,38.8,21.8,8.7
2018-05-12,27,6.7,15.0,39.0,22.0,8.8
2018-05-12,28,7.1,14.1,39.4,22.2,8.8
2018-05-12,29,7.4,13.2,39.7,22.5,9.0
2018-05-12,30,7.9,12.3,39.3,23.1,9.2
2018-05-12,31,8.1,11.2,39.8,23.5,9.1
2018-05-12,32,8.4,10.0,40.5,23.7,9.4
2018-05-12,33,8.6,8.7,41.3,23.8,9.6
2018-05-12,34,8.7,7.3,43.0,23.5,9.6
2018-05-12,35,8.3,5.9,45.1,23.2,9.6
2018-05-12,36,8.0,4.6,46.5,23.3,9.6
2018-05-12,37,7.5,3.3,48.9,22.9,9.4
2018-05-12,38,7.1,2.2,50.1,22.9,9.2
2018-05-12,39,7.0,1.3,50.5,22.9,9.5
2018-05-12,40,6.9,0.6,50.6,23.1,9.7
2018-05-12,41,6.9,0.2,51.5,22.8,9.6
2018-05-12,42,6.9,0.0,51.3,22.8,9.7
2018-05-12,43,7.2,0.0,50.1,23.2,10.1
2018-05-12,44,7.4,0.0,49.9,23.1,10.3
2018-05-12,45,7.4,0.0,49.9,23.1,10.4
2018-05-12,46,7.6,0.0,49.8,23.3,10.3
2018-05-12,47,8.1,0.0,47.8,24.3,10.6
2018-05-12,48,8.5,0.0,46.9,25.1,10.9
2018-05-13,1,9.5,0.0,42.3,27.2,11.7
2018-05-13,2,10.2,0.0,41.0,28.4,12.0
2018-05-13,3,10.8,0.0,38.9,29.4,12.2
2018-05-13,4,7.2,0.0,37.1,29.8,13.8
2018-05-13,5,7.1,0.0,37.0,29.9,13.9
2018-05-13,6,6.6,0.0,36.7,30.2,14.0
2018-05-13,7,6.4,0.0,37.2,30.2,13.6
2018-05-13,8,6.7,0.0,37.2,30.2,13.3
2018-05-13,9,7.8,0.1,36.3,30.3,13.3
2018-05-13,10,7.4,0.5,35.7,30.6,13.4
2018-05-13,11,6.9,1.5,36.2,29.7,13.5
2018-05-13,12,6.2,3.0,36.9,28.7,13.5
2018-05-13,13,6.2,4.9,36.4,27.5,13.5
2018-05-13,14,5.7,7.1,36.9,26.6,13.1
2018-05-13,15,5.3,9.2,36.9,25.2,12.3
2018-05-13,16,5.0,11.2,38.2,23.9,11.3
2018-05-13,17,4.0,13.2,38.4,22.8,11.8
2018-05-13,18,3.8,15.1,38.5,22.2,10.8
2018-05-13,19,3.6,16.5,38.7,21.5,10.1
2018-05-13,20,3.6,17.6,38.3,21.2,9.8
2018-05-13,21,3.7,18.4,38.3,20.9,9.7
2018-05-13,22,3.6,19.2,38.1,20.8,9.6
2018-05-13,23,3.3,19.9,38.1,20.6,9.4
2018-05-13,24,2.7,20.5,38.1,20.9,9.3
2018-05-13,25,2.7,20.9,38.4,20.8,9.3
2018-05-13,26,2.9,21.0,38.8,20.7,9.1
2018-05-13,27,3.3,20.9,38.7,20.3,9.1
2018-05-13,28,3.7,20.6,38.7,20.5,8.7
2018-05-13,29,4.2,20.2,38.0,21.0,8.8
2018-05-13,30,4.7,19.1,38.7,21.2,8.7
2018-05-13,31,5.2,18.0,39.4,21.4,8.7
2018-05-13,32,5.7,16.5,39.8,22.3,8.3
2018-05-13,33,5.8,14.7,40.8,22.7,8.5
2018-05-13,34,6.0,12.9,41.6,23.1,8.7
2018-05-13,35,5.9,10.5,44.5,22.7,8.6
2018-05-13,36,5.8,8.3,46.3,22.8,8.7
2018-05-13,37,5.6,6.2,48.0,23.1,8.8
2018-05-13,38,5.3,4.1,50.1,23.2,8.6
2018-05-13,39,5.3,2.4,51.3,23.6,8.7
2018-05-13,40,5.3,1.1,52.3,23.7,8.7
2018-05-13,41,5.4,0.3,52.8,23.6,8.7
2018-05-13,42,5.5,0.0,52.7,23.6,8.9
2018-05-13,43,5.7,0.0,52.1,23.5,9.1
2018-05-13,44,6.1,0.0,51.8,23.5,8.9
2018-05-13,45,6.4,0.0,52.1,23.3,8.5
2018-05-13,46,6.9,0.0,51.4,23.8,8.4
2018-05-13,47,7.6,0.0,50.2,24.3,8.5
2018-05-13,48,8.3,0.0,49.7,24.8,8.3
2018-05-14,1,9.5,0.0,46.0,26.2,9.0
2018-05-14,2,11.0,0.0,42.3,28.3,9.9
2018-05-14,3,11.8,0.0,39.9,29.3,10.2
2018-05-14,4,10.2,0.0,37.3,30.6,11.4
2018-05-14,5,11.4,0.0,36.2,30.9,10.8
2018-05-14,6,12.1,0.0,34.7,31.2,11.2
2018-05-14,7,13.2,0.0,33.6,31.3,11.4
2018-05-14,8,13.2,0.0,33.6,31.4,11.7
2018-05-14,9,13.5,0.2,34.7,30.7,11.5
2018-05-14,10,13.8,1.0,36.3,29.2,10.6
2018-05-14,11,12.7,2.3,40.9,26.6,7.6
2018-05-14,12,11.4,3.9,43.1,24.0,6.8
2018-05-14,13,10.5,5.5,45.1,21.2,7.1
2018-05-14,14,10.0,7.4,45.5,20.2,6.8
2018-05-14,15,9.6,9.6,44.8,19.7,6.3
2018-05-14,16,9.9,12.0,42.8,19.5,5.9
2018-05-14,17,9.9,14.4,41.1,19.3,5.6
2018-05-14,18,10.1,16.7,39.0,19.1,5.6
2018-05-14,19,10.0,19.0,37.3,19.1,5.6
2018-05-14,20,9.9,20.7,35.8,19.0,5.6
2018-05-14,21,9.8,22.0,34.9,18.8,5.5
2018-05-14,22,10.0,23.0,34.1,18.8,5.5
2018-05-14,23,9.8,23.7,33.8,18.7,5.5
2018-05-14,24,9.7,24.2,33.6,18.7,5.5
2018-05-14,25,9.3,24.3,33.6,18.8,5.5
2018-05-14,26,9.6,23.9,33.6,18.9,5.5
2018-05-14,27,9.7,23.2,34.0,19.0,5.6
2018-05-14,28,10.0,22.3,33.9,19.3,5.7
2018-05-14,29,10.3,21.2,34.3,19.5,5.7
2018-05-14,30,10.9,19.5,36.1,19.3,5.7
2018-05-14,31,10.9,17.4,38.3,19.1,5.6
2018-05-14,32,11.2,15.0,40.3,19.0,5.6
2018-05-14,33,11.4,12.6,42.5,19.0,5.6
2018-05-14,34,12.0,10.3,43.7,19.1,5.6
2018-05-14,35,11.9,8.1,45.1,19.2,5.8
2018-05-14,36,11.1,6.1,46.7,19.6,6.1
2018-05-14,37,9.6,5.1,48.5,20.0,6.1
2018-05-14,38,9.3,3.2,50.6,19.9,6.1
2018-05-14,39,9.5,1.8,51.1,20.4,6.6
2018-05-14,40,9.6,0.8,51.1,20.9,7.0
2018-05-14,41,9.6,0.2,50.9,21.3,7.4
2018-05-14,42,9.5,0.0,50.0,21.6,7.9
2018-05-14,43,9.5,0.0,49.1,22.0,8.3
2018-05-14,44,9.5,0.0,48.5,22.4,8.7
2018-05-14,45,9.6,0.0,48.1,22.6,9.0
2018-05-14,46,9.8,0.0,46.1,23.6,9.4
2018-05-14,47,10.3,0.0,43.9,25.1,9.9
2018-05-14,48,10.7,0.0,42.1,26.5,10.4
2018-05-15,1,11.5,0.0,38.3,28.6,10.9
2018-05-15,2,12.0,0.0,37.6,29.9,10.7
2018-05-15,3,12.2,0.0,36.3,30.5,10.9
2018-05-15,4,10.5,0.0,38.3,28.8,9.5
2018-05-15,5,10.8,0.0,37.2,29.1,9.8
2018-05-15,6,10.6,0.0,36.8,29.3,10.2
2018-05-15,7,10.7,0.0,36.9,29.2,10.1
2018-05-15,8,10.4,0.0,36.9,29.4,10.2
2018-05-15,9,10.2,0.2,37.7,29.0,10.3
2018-05-15,10,9.6,0.8,40.5,27.6,9.2
2018-05-15,11,8.8,1.8,44.4,25.3,8.3
2018-05-15,12,7.8,3.2,47.5,23.2,7.0
2018-05-15,13,7.0,4.7,49.0,20.8,6.1
2018-05-15,14,6.5,6.5,49.9,19.8,5.8
2018-05-15,15,6.4,8.6,48.3,19.2,5.6
2018-05-15,16,6.6,10.8,46.7,19.0,5.6
2018-05-15,17,6.6,13.0,46.2,18.7,5.5
2018-05-15,18,6.5,15.2,44.7,18.5,5.4
2018-05-15,19,7.0,17.2,43.0,18.2,5.3
2018-05-15,20,6.9,19.1,41.6,18.1,5.3
2018-05-15,21,7.1,20.5,40.7,17.8,5.2
2018-05-15,22,7.3,21.8,39.1,17.8,5.2
2018-05-15,23,7.6,22.5,38.3,17.8,5.2
2018-05-15,24,8.1,22.9,37.4,17.9,5.2
2018-05-15,25,8.5,23.1,36.4,18.0,5.3
2018-05-15,26,8.8,22.8,36.5,18.1,5.3
2018-05-15,27,9.0,22.2,36.3,18.3,5.4
2018-05-15,28,9.4,21.2,36.9,18.4,5.4
2018-05-15,29,9.7,19.8,37.5,18.5,5.4
2018-05-15,30,10.5,17.7,38.9,18.2,5.4
2018-05-15,31,11.0,15.7,40.3,18.2,5.4
2018-05-15,32,11.7,13.4,41.7,18.1,5.3
2018-05-15,33,12.0,11.0,42.9,18.2,5.4
2018-05-15,34,12.7,8.7,43.9,18.4,5.6
2018-05-15,35,13.8,6.5,44.8,18.6,5.8
2018-05-15,36,15.2,4.6,45.1,18.9,6.1
2018-05-15,37,16.5,2.9,44.8,19.2,6.7
2018-05-15,38,16.7,1.6,44.7,19.7,7.0
2018-05-15,39,17.6,0.6,44.9,19.9,6.9
2018-05-15,40,18.6,0.2,44.3,20.3,6.7
2018-05-15,41,18.7,0.0,44.0,20.5,6.3
2018-05-15,42,19.6,0.0,42.2,21.2,6.4
2018-05-15,43,20.9,0.0,39.7,22.3,6.6
2018-05-15,44,22.1,0.0,36.0,24.2,7.1
2018-05-15,45,22.8,0.0,33.6,25.4,7.5
2018-05-15,46,23.8,0.0,30.0,26.4,8.7
2018-05-15,47,25.4,0.0,26.9,27.2,9.2
2018-05-15,48,24.1,0.0,24.5,29.1,9.9
2018-05-16,1,24.6,0.0,24.6,29.4,9.2
2018-05-16,2,24.8,0.0,23.8,29.7,9.0
2018-05-16,3,24.3,0.0,24.2,30.6,8.5
2018-05-16,4,26.3,0.0,24.1,30.6,7.9
2018-05-16,5,26.6,0.0,22.7,31.3,8.0
2018-05-16,6,26.9,0.0,21.4,31.6,8.8
2018-05-16,7,27.0,0.0,21.2,31.6,9.1
2018-05-16,8,27.5,0.0,20.7,31.5,8.9
2018-05-16,9,26.7,0.1,21.7,30.8,9.0
2018-05-16,10,25.2,0.5,23.5,30.1,9.2
2018-05-16,11,22.7,1.1,27.2,27.9,9.9
2018-05-16,12,20.6,1.9,33.5,24.8,8.2
2018-05-16,13,18.6,2.7,40.9,22.1,5.0
2018-05-16,14,17.2,3.4,44.7,20.6,4.4
2018-05-16,15,16.3,4.2,44.5,19.7,5.8
2018-05-16,16,16.0,5.0,44.1,19.5,5.7
2018-05-16,17,15.6,5.9,44.4,19.1,5.6
2018-05-16,18,15.1,6.7,44.3,19.0,5.6
2018-05-16,19,14.7,7.6,44.0,18.9,5.5
2018-05-16,20,14.2,8.5,43.9,18.6,5.5
2018-05-16,21,13.9,9.3,43.9,18.3,5.5
2018-05-16,22,13.4,9.9,43.9,18.2,5.4
2018-05-16,23,13.0,10.3,44.1,18.1,5.4
2018-05-16,24,13.1,10.8,43.8,18.0,5.4
2018-05-16,25,13.2,11.3,43.1,18.2,5.4
2018-05-16,26,13.3,11.6,42.8,18.2,5.4
2018-05-16,27,13.5,11.7,42.1,18.4,5.5
2018-05-16,28,13.6,11.4,42.3,18.5,5.5
2018-05-16,29,13.7,10.9,42.2,18.6,5.6
2018-05-16,30,13.3,10.1,43.4,18.5,5.5
2018-05-16,31,13.3,9.1,45.0,18.2,5.4
2018-05-16,32,13.2,8.2,46.0,18.0,5.4
2018-05-16,33,13.0,7.3,46.8,17.9,5.3
2018-05-16,34,13.2,6.4,47.4,18.0,5.4
2018-05-16,35,13.3,5.4,47.6,18.3,5.5
2018-05-16,36,13.3,4.3,48.6,18.6,5.6
2018-05-16,37,13.5,3.1,49.1,18.9,5.7
2018-05-16,38,13.4,2.0,49.1,19.3,5.8
2018-05-16,39,13.5,1.0,49.9,19.5,5.9
2018-05-16,40,13.5,0.3,50.4,19.7,6.0
2018-05-16,41,13.4,0.1,50.4,19.7,6.1
2018-05-16,42,13.5,0.0,49.3,20.2,6.1
2018-05-16,43,13.9,0.0,46.6,21.3,7.9
2018-05-16,44,14.2,0.0,44.5,22.9,8.7
2018-05-16,45,14.8,0.0,43.5,24.3,8.6
2018-05-16,46,15.9,0.0,41.0,25.3,9.7
2018-05-16,47,16.3,0.0,39.2,26.3,10.1
2018-05-16,48,16.0,0.0,36.8,27.3,11.0
2018-05-17,1,16.1,0.0,36.7,27.7,11.5
2018-05-17,2,15.6,0.0,36.7,27.8,11.7
2018-05-17,3,14.9,0.0,37.1,28.0,11.7
2018-05-17,4,15.0,0.0,36.9,28.1,11.7
2018-05-17,5,14.7,0.0,37.6,28.3,11.2
2018-05-17,6,14.8,0.0,38.6,28.4,9.7
2018-05-17,7,14.7,0.0,36.7,28.6,12.7
2018-05-17,8,14.8,0.0,37.0,28.6,12.7
2018-05-17,9,14.3,0.3,36.4,28.4,13.0
2018-05-17,10,13.8,1.1,37.7,27.2,11.7
2018-05-17,11,12.4,2.4,40.7,25.0,10.4
2018-05-17,12,10.7,3.9,44.5,22.3,9.2
2018-05-17,13,9.6,5.4,46.9,20.0,8.1
2018-05-17,14,9.1,7.1,47.5,18.9,7.5
2018-05-17,15,9.0,9.1,47.1,18.5,7.6
2018-05-17,16,8.6,11.3,46.1,18.1,7.4
2018-05-17,17,8.1,13.5,44.8,17.7,7.3
2018-05-17,18,8.0,15.8,43.1,17.4,7.3
2018-05-17,19,8.0,17.9,41.8,17.0,7.1
2018-05-17,20,7.8,19.6,40.4,16.9,7.1
2018-05-17,21,7.4,20.9,39.5,16.8,7.9
2018-05-17,22,7.1,21.8,39.4,16.7,7.9
2018-05-17,23,6.8,22.3,39.2,16.7,7.8
2018-05-17,24,6.7,22.6,39.1,16.7,7.9
2018-05-17,25,6.7,22.6,38.7,17.0,7.9
2018-05-17,26,6.9,22.3,38.3,17.5,8.0
2018-05-17,27,7.2,21.5,38.1,17.7,8.0
2018-05-17,28,7.3,20.6,38.1,18.0,8.2
2018-05-17,29,7.5,19.3,38.4,18.1,8.2
2018-05-17,30,7.6,17.5,39.8,17.9,8.1
2018-05-17,31,7.7,15.6,41.4,17.6,8.1
2018-05-17,32,7.7,13.6,43.6,17.4,8.1
2018-05-17,33,7.7,11.6,45.9,17.2,8.0
2018-05-17,34,7.8,9.6,47.6,17.1,8.1
2018-05-17,35,7.7,7.6,48.9,17.0,8.1
2018-05-17,36,7.7,5.7,50.9,16.9,8.3
2018-05-17,37,7.5,4.0,52.5,17.0,8.4
2018-05-17,38,7.4,2.4,53.4,17.4,8.6
2018-05-17,39,7.2,1.2,54.0,17.7,8.8
2018-05-17,40,6.8,0.4,54.8,17.8,8.8
2018-05-17,41,6.5,0.1,55.3,17.9,8.8
2018-05-17,42,6.4,0.0,55.0,18.1,9.0
2018-05-17,43,6.5,0.0,54.4,18.8,9.3
2018-05-17,44,6.9,0.0,53.4,20.1,10.0
2018-05-17,45,6.9,0.0,51.9,21.4,10.7
2018-05-17,46,6.6,0.0,50.4,22.2,12.1
2018-05-17,47,7.0,0.0,48.7,23.1,12.5
2018-05-17,48,7.4,0.0,47.5,23.0,12.9
2018-05-18,1,7.4,0.0,47.1,23.3,13.6
2018-05-18,2,7.4,0.0,47.4,23.4,13.6
2018-05-18,3,8.0,0.0,47.1,23.4,13.4
2018-05-18,4,7.2,0.0,47.0,23.8,13.7
2018-05-18,5,7.1,0.0,45.9,24.1,14.1
2018-05-18,6,7.0,0.0,45.3,24.6,14.4
2018-05-18,7,6.8,0.0,46.6,25.0,12.9
2018-05-18,8,6.7,0.0,47.0,25.1,12.7
2018-05-18,9,6.6,0.3,47.2,24.7,12.6
2018-05-18,10,6.3,1.1,47.6,23.8,12.4
2018-05-18,11,5.7,2.3,48.5,22.0,12.9
2018-05-18,12,4.5,3.7,51.2,20.1,11.7
2018-05-18,13,3.8,5.2,54.5,18.2,9.6
2018-05-18,14,3.6,6.9,54.9,17.3,8.3
2018-05-18,15,3.4,8.8,54.5,16.7,8.0
2018-05-18,16,3.3,10.9,53.0,16.6,7.8
2018-05-18,17,3.2,12.9,52.3,16.3,7.0
2018-05-18,18,3.1,14.9,50.8,16.2,6.9
2018-05-18,19,3.0,16.8,49.8,16.1,6.8
2018-05-18,20,2.9,18.4,48.2,16.0,6.8
2018-05-18,21,2.8,19.6,46.7,15.9,7.7
2018-05-18,22,2.8,20.4,46.0,15.7,7.7
2018-05-18,23,2.8,20.7,45.9,15.4,7.6
2018-05-18,24,2.8,20.9,45.5,15.5,7.7
2018-05-18,25,3.1,20.8,45.2,15.7,8.0
2018-05-18,26,3.2,20.4,45.4,16.0,8.1
2018-05-18,27,3.3,19.6,46.4,16.1,8.2
2018-05-18,28,3.3,18.7,46.6,16.4,8.4
2018-05-18,29,3.4,17.6,47.3,16.5,8.5
2018-05-18,30,3.4,16.2,48.6,16.5,8.5
2018-05-18,31,3.4,14.6,49.8,16.5,8.4
2018-05-18,32,3.5,12.7,51.1,16.5,8.3
2018-05-18,33,3.3,10.8,52.7,16.6,8.3
2018-05-18,34,3.2,8.9,54.0,16.7,8.4
2018-05-18,35,3.1,7.0,55.1,16.8,8.5
2018-05-18,36,3.0,5.3,56.0,17.1,8.6
2018-05-18,37,2.9,3.7,57.1,17.4,8.7
2018-05-18,38,2.9,2.2,57.9,17.8,9.0
2018-05-18,39,2.7,1.1,59.0,18.1,9.1
2018-05-18,40,2.6,0.4,59.3,18.3,9.2
2018-05-18,41,2.6,0.1,59.5,18.4,9.2
2018-05-18,42,2.6,0.0,59.8,18.5,9.3
2018-05-18,43,2.6,0.0,59.3,19.0,9.3
2018-05-18,44,2.7,0.0,57.2,20.1,9.8
2018-05-18,45,2.8,0.0,57.5,21.4,8.0
2018-05-18,46,2.9,0.0,55.7,22.4,8.4
2018-05-18,47,3.0,0.0,54.3,22.9,9.5
2018-05-18,48,3.1,0.0,52.6,23.1,10.2
2018-05-19,1,3.2,0.0,51.1,23.6,11.1
2018-05-19,2,3.4,0.0,50.8,23.7,11.0
2018-05-19,3,3.5,0.0,50.3,24.0,10.7
2018-05-19,4,3.5,0.0,49.5,24.3,11.1
2018-05-19,5,3.6,0.0,48.3,24.8,11.6
2018-05-19,6,3.7,0.0,47.7,25.2,11.6
2018-05-19,7,3.9,0.0,46.8,25.9,11.6
2018-05-19,8,4.1,0.0,45.7,26.4,11.8
2018-05-19,9,4.4,0.3,44.2,26.6,12.1
2018-05-19,10,4.5,1.2,44.1,26.2,12.2
2018-05-19,11,4.4,2.6,43.6,24.8,12.7
2018-05-19,12,4.3,4.5,43.4,23.8,12.4
2018-05-19,13,4.3,6.6,42.5,22.5,12.3
2018-05-19,14,4.4,8.8,43.6,21.4,10.7
2018-05-19,15,4.7,11.0,45.8,20.3,6.9
2018-05-19,16,5.3,13.3,43.4,19.6,6.7
2018-05-19,17,5.8,15.6,43.9,18.9,3.4
2018-05-19,18,6.2,18.1,42.1,18.7,3.3
2018-05-19,19,6.5,20.1,42.8,18.1,1.6
2018-05-19,20,7.1,22.1,41.9,18.1,1.7
2018-05-19,21,7.6,23.7,39.4,18.1,1.9
2018-05-19,22,8.4,25.2,37.3,18.3,1.8
2018-05-19,23,9.4,26.5,34.3,18.4,1.7
2018-05-19,24,10.3,26.9,33.5,18.0,1.7
2018-05-19,25,11.1,27.3,32.3,18.2,2.1
2018-05-19,26,12.2,27.0,32.0,18.2,2.1
2018-05-19,27,13.5,26.6,31.0,18.5,2.3
2018-05-19,28,14.6,26.1,29.5,19.0,2.7
2018-05-19,29,15.4,24.8,29.6,19.3,2.7
2018-05-19,30,15.5,23.0,30.2,19.6,3.0
2018-05-19,31,15.0,20.3,28.8,19.9,7.8
2018-05-19,32,14.5,17.5,31.6,19.8,8.1
2018-05-19,33,14.4,14.7,32.2,19.8,10.1
2018-05-19,34,14.3,11.9,34.4,19.7,10.3
2018-05-19,35,13.7,9.3,35.8,19.7,11.9
2018-05-19,36,13.5,6.9,37.9,20.0,12.1
2018-05-19,37,13.5,4.7,38.2,20.2,12.2
2018-05-19,38,14.0,2.7,39.7,20.5,12.4
2018-05-19,39,14.4,1.3,39.9,20.9,12.7
2018-05-19,40,14.9,0.4,40.3,21.1,11.8
2018-05-19,41,14.8,0.1,41.0,21.1,11.0
2018-05-19,42,15.0,0.0,41.6,21.1,11.0
2018-05-19,43,15.8,0.0,41.3,21.5,10.9
2018-05-19,44,16.7,0.0,39.3,22.4,11.4
2018-05-19,45,17.8,0.0,37.5,23.7,11.3
2018-05-19,46,17.1,0.0,35.8,25.1,12.1
2018-05-19,47,17.6,0.0,34.8,25.6,12.3
2018-05-19,48,20.8,0.0,32.8,25.9,11.8
2018-05-20,1,20.9,0.0,32.6,25.6,11.3
2018-05-20,2,20.6,0.0,31.6,25.9,11.4
2018-05-20,3,19.6,0.0,31.3,26.6,11.7
2018-05-20,4,20.4,0.0,30.2,27.3,11.7
2018-05-20,5,20.0,0.0,30.7,28.0,11.8
2018-05-20,6,19.7,0.0,32.6,28.1,9.8
2018-05-20,7,20.3,0.0,29.4,28.0,12.6
2018-05-20,8,21.1,0.0,28.0,28.6,12.9
2018-05-20,9,21.1,0.3,28.2,28.8,12.9
2018-05-20,10,21.3,1.1,28.1,28.2,12.7
2018-05-20,11,20.9,2.5,28.9,27.2,12.2
2018-05-20,12,20.5,4.4,28.4,26.2,11.8
2018-05-20,13,19.2,6.5,27.7,25.0,11.2
2018-05-20,14,18.5,8.9,27.3,24.2,10.9
2018-05-20,15,18.3,11.2,26.3,23.1,11.1
2018-05-20,16,17.8,13.6,26.0,22.0,10.6
2018-05-20,17,17.6,16.0,24.7,21.3,10.8
2018-05-20,18,16.6,18.5,24.5,20.7,10.5
2018-05-20,19,15.9,20.6,24.2,20.3,9.7
2018-05-20,20,15.6,22.2,24.2,19.9,9.4
2018-05-20,21,15.6,23.5,23.6,19.2,9.3
2018-05-20,22,15.6,24.5,23.6,18.7,9.0
2018-05-20,23,14.5,25.2,23.7,18.8,8.5
2018-05-20,24,14.5,25.7,24.5,18.7,7.8
2018-05-20,25,15.0,26.0,27.5,18.8,4.1
2018-05-20,26,14.9,26.1,27.1,19.2,4.1
2018-05-20,27,14.9,25.7,27.6,19.4,3.5
2018-05-20,28,15.7,24.6,27.8,19.6,3.6
2018-05-20,29,17.3,23.0,27.4,19.9,3.7
2018-05-20,30,17.2,21.3,27.9,20.5,3.8
2018-05-20,31,16.2,18.8,28.8,20.3,6.8
2018-05-20,32,15.1,16.0,32.0,20.1,6.9
2018-05-20,33,14.2,13.1,35.2,19.9,7.0
2018-05-20,34,13.3,10.3,37.3,19.8,7.3
2018-05-20,35,12.2,7.7,38.7,19.6,11.0
2018-05-20,36,11.6,5.5,41.4,19.6,11.3
2018-05-20,37,11.0,3.5,43.2,19.7,11.4
2018-05-20,38,9.9,2.0,45.1,20.2,11.6
2018-05-20,39,9.1,0.8,46.4,20.4,11.8
2018-05-20,40,8.7,0.2,47.6,20.6,11.9
2018-05-20,41,8.6,0.0,48.2,20.6,11.9
2018-05-20,42,8.7,0.0,47.2,20.3,11.8
2018-05-20,43,8.8,0.0,46.7,20.5,11.8
2018-05-20,44,8.5,0.0,46.1,21.7,12.7
2018-05-20,45,8.8,0.0,45.9,22.4,12.3
2018-05-20,46,10.0,0.0,42.4,23.3,13.2
2018-05-20,47,10.4,0.0,41.1,24.1,13.7
2018-05-20,48,9.0,0.0,44.3,25.4,9.9
2018-05-21,1,9.0,0.0,45.3,26.0,8.3
2018-05-21,2,8.9,0.0,45.3,26.0,8.3
2018-05-21,3,9.0,0.0,44.7,26.1,8.3
2018-05-21,4,8.8,0.0,44.2,26.4,8.4
2018-05-21,5,8.8,0.0,44.6,26.5,8.4
2018-05-21,6,8.7,0.0,44.5,26.5,8.4
2018-05-21,7,8.6,0.0,44.8,26.3,8.3
2018-05-21,8,8.6,0.0,44.1,26.5,8.1
2018-05-21,9,8.7,0.3,42.2,25.8,10.9
2018-05-21,10,8.4,1.1,43.3,24.8,10.5
2018-05-21,11,7.1,2.4,43.0,22.8,13.6
2018-05-21,12,6.2,3.9,45.5,21.0,12.3
2018-05-21,13,5.3,5.4,49.1,19.0,10.4
2018-05-21,14,4.9,7.1,49.8,17.9,9.3
2018-05-21,15,4.7,9.1,49.3,17.5,8.7
2018-05-21,16,4.7,11.2,48.2,17.3,8.5
2018-05-21,17,4.8,13.1,46.9,16.9,8.4
2018-05-21,18,4.8,14.8,45.9,16.6,8.2
2018-05-21,19,5.0,16.4,45.2,16.5,7.5
2018-05-21,20,5.1,17.6,44.1,16.5,7.5
2018-05-21,21,5.3,18.6,43.4,16.5,7.4
2018-05-21,22,5.4,19.2,42.8,16.5,7.4
2018-05-21,23,5.2,19.5,43.7,16.2,6.8
2018-05-21,24,5.2,19.5,43.8,16.2,6.7
2018-05-21,25,5.2,19.5,44.1,16.4,6.7
2018-05-21,26,5.5,19.2,44.0,16.6,6.8
2018-05-21,27,5.9,18.4,43.6,16.6,7.4
2018-05-21,28,6.2,17.6,44.0,16.8,7.6
2018-05-21,29,6.5,16.4,44.2,16.9,8.2
2018-05-21,30,7.3,14.7,45.2,16.8,8.2
2018-05-21,31,7.7,12.9,45.7,16.9,8.2
2018-05-21,32,8.1,11.1,46.5,16.9,8.2
2018-05-21,33,8.7,9.2,47.3,16.9,8.2
2018-05-21,34,9.1,7.6,47.7,17.1,8.3
2018-05-21,35,9.5,5.9,48.2,17.2,8.5
2018-05-21,36,9.6,4.3,49.8,17.3,8.6
2018-05-21,37,9.7,2.8,50.5,17.6,8.8
2018-05-21,38,9.8,1.7,50.8,18.0,9.3
2018-05-21,39,10.0,0.8,50.2,18.2,9.8
2018-05-21,40,10.3,0.3,50.7,18.5,9.7
2018-05-21,41,10.5,0.1,51.6,18.7,8.3
2018-05-21,42,11.5,0.0,50.5,19.1,8.4
2018-05-21,43,12.4,0.0,48.7,20.0,8.5
2018-05-21,44,12.7,0.0,45.4,21.4,9.8
2018-05-21,45,13.2,0.0,42.3,22.3,12.1
2018-05-21,46,14.3,0.0,38.9,23.2,13.3
2018-05-21,47,14.7,0.0,38.5,23.8,12.7
2018-05-21,48,16.3,0.0,34.0,25.1,13.5
2018-05-22,1,17.5,0.0,32.5,25.6,13.3
2018-05-22,2,18.9,0.0,31.4,25.7,13.3
2018-05-22,3,20.7,0.0,29.8,25.5,14.2
2018-05-22,4,20.4,0.0,28.3,26.3,14.7
2018-05-22,5,21.7,0.0,27.7,26.6,14.1
2018-05-22,6,22.2,0.0,27.1,27.1,14.4
2018-05-22,7,23.0,0.0,26.7,27.0,14.3
2018-05-22,8,22.9,0.0,26.7,27.2,14.0
2018-05-22,9,22.7,0.3,30.9,26.6,8.9
2018-05-22,10,21.2,1.0,33.6,25.4,8.4
2018-05-22,11,19.4,2.1,38.4,22.7,7.1
2018-05-22,12,17.4,3.4,41.6,20.6,6.5
2018-05-22,13,15.9,4.6,42.7,18.4,8.3
2018-05-22,14,15.1,6.1,44.2,17.4,7.0
2018-05-22,15,15.1,7.9,42.4,17.0,8.0
2018-05-22,16,14.8,10.1,41.0,16.9,7.9
2018-05-22,17,14.6,12.1,41.7,16.5,6.4
2018-05-22,18,14.3,14.3,40.6,16.4,6.3
2018-05-22,19,13.9,16.5,39.7,16.3,5.7
2018-05-22,20,13.3,18.3,38.7,16.2,5.7
2018-05-22,21,13.2,19.9,37.8,15.9,5.5
2018-05-22,22,13.4,21.3,36.6,15.9,5.5
2018-05-22,23,13.0,21.9,36.7,15.6,5.4
2018-05-22,24,12.8,22.3,36.5,15.6,5.4
2018-05-22,25,12.9,22.8,35.8,15.6,5.5
2018-05-22,26,13.2,22.8,35.4,15.9,5.5
2018-05-22,27,13.5,22.5,34.8,16.1,5.6
2018-05-22,28,13.9,21.7,34.9,16.4,5.7
2018-05-22,29,14.0,20.6,35.5,16.7,5.7
2018-05-22,30,14.2,18.8,36.7,16.6,5.7
2018-05-22,31,14.2,16.8,39.4,16.6,5.2
2018-05-22,32,14.3,14.6,41.5,16.2,5.3
2018-05-22,33,14.5,12.3,41.8,15.9,6.7
2018-05-22,34,14.8,10.1,43.2,16.2,6.8
2018-05-22,35,15.2,7.9,43.9,16.6,7.4
2018-05-22,36,15.2,5.9,45.3,16.9,7.5
2018-05-22,37,14.8,4.0,45.8,17.4,8.5
2018-05-22,38,14.2,2.5,46.8,18.2,8.4
2018-05-22,39,13.8,1.2,47.2,18.9,9.1
2018-05-22,40,14.0,0.4,47.7,19.2,9.3
2018-05-22,41,14.2,0.1,48.8,19.5,8.2
2018-05-22,42,14.2,0.0,48.3,20.0,8.2
2018-05-22,43,14.3,0.0,47.7,20.9,7.1
2018-05-22,44,15.2,0.0,44.9,22.3,7.6
2018-05-22,45,16.4,0.0,40.6,23.8,9.8
2018-05-22,46,17.2,0.0,37.3,24.8,11.2
2018-05-22,47,17.9,0.0,34.9,25.9,12.4
2018-05-22,48,17.3,0.0,32.0,27.3,13.5
2018-05-23,1,17.1,0.0,31.0,27.5,13.7
2018-05-23,2,16.8,0.0,29.9,27.7,13.8
2018-05-23,3,16.5,0.0,29.9,27.9,13.8
2018-05-23,4,16.2,0.0,30.2,28.2,13.3
2018-05-23,5,16.0,0.0,30.9,28.3,12.7
2018-05-23,6,15.9,0.0,31.0,28.4,12.6
2018-05-23,7,15.8,0.0,31.0,27.9,13.2
2018-05-23,8,15.4,0.0,31.5,27.3,13.6
2018-05-23,9,15.2,0.4,31.9,26.8,13.7
2018-05-23,10,15.1,0.7,33.6,25.7,13.1
2018-05-23,11,13.6,1.8,34.8,23.8,14.6
2018-05-23,12,12.2,2.4,39.0,21.7,13.2
2018-05-23,13,10.9,3.8,44.3,19.3,11.0
2018-05-23,14,10.0,4.7,45.8,18.5,10.0
2018-05-23,15,8.8,6.8,45.7,17.8,8.1
2018-05-23,16,8.8,8.0,45.3,18.0,8.0
2018-05-23,17,8.5,10.6,43.5,17.9,8.2
2018-05-23,18,8.0,12.0,43.0,17.9,8.1
2018-05-23,19,7.9,14.7,42.4,17.5,7.6
2018-05-23,20,7.9,16.1,42.3,17.6,7.2
2018-05-23,21,7.8,18.4,41.5,17.3,6.7
2018-05-23,22,8.1,19.4,40.6,17.2,6.7
2018-05-23,23,8.4,20.8,39.2,17.0,6.8
2018-05-23,24,8.8,21.5,37.8,17.1,6.9
2018-05-23,25,9.0,22.2,35.7,17.2,8.1
2018-05-23,26,9.4,22.4,34.9,17.4,8.1
2018-05-23,27,9.8,21.9,34.4,17.6,8.5
2018-05-23,28,10.5,21.2,34.7,17.5,8.5
2018-05-23,29,11.0,19.9,35.1,17.8,8.6
2018-05-23,30,11.0,18.7,36.5,17.6,8.7
2018-05-23,31,11.3,16.5,38.3,17.3,8.7
2018-05-23,32,11.2,15.1,40.0,16.9,8.6
2018-05-23,33,11.4,12.8,41.8,16.9,8.5
2018-05-23,34,11.5,11.5,42.9,16.9,8.5
2018-05-23,35,11.7,9.1,44.0,17.3,8.9
2018-05-23,36,11.9,7.8,44.4,17.4,9.1
2018-05-23,37,12.1,5.5,45.8,17.7,9.4
2018-05-23,38,11.9,4.4,46.7,17.6,9.5
2018-05-23,39,12.0,2.7,48.0,18.0,9.6
2018-05-23,40,12.4,1.9,48.7,18.2,9.5
2018-05-23,41,12.9,0.8,49.0,18.4,9.6
2018-05-23,42,13.5,0.3,47.7,18.9,10.0
2018-05-23,43,13.9,0.0,46.5,19.9,10.1
2018-05-23,44,14.1,0.0,43.1,21.9,10.6
2018-05-23,45,14.0,0.0,41.4,23.7,10.5
2018-05-23,46,12.9,0.0,39.5,24.7,11.9
2018-05-23,47,13.1,0.0,38.5,25.8,11.9
2018-05-23,48,14.3,0.0,34.2,26.6,13.3
2018-05-24,1,14.6,0.0,33.6,26.7,13.5
2018-05-24,2,14.7,0.0,33.0,26.9,13.6
2018-05-24,3,14.2,0.0,33.0,27.1,13.6
2018-05-24,4,14.0,0.0,32.5,27.5,13.6
2018-05-24,5,13.8,0.0,33.0,27.9,13.2
2018-05-24,6,13.6,0.0,33.3,28.0,12.8
2018-05-24,7,13.7,0.0,33.6,27.7,12.7
2018-05-24,8,13.1,0.0,33.9,27.8,12.9
2018-05-24,9,13.0,0.1,34.7,27.1,13.2
2018-05-24,10,12.4,0.4,36.4,26.2,13.2
2018-05-24,11,11.4,1.0,39.2,24.1,13.2
2018-05-24,12,10.2,1.6,43.2,22.1,11.5
2018-05-24,13,8.8,2.3,48.5,19.7,10.5
2018-05-24,14,8.4,3.0,50.5,18.5,9.2
2018-05-24,15,8.3,3.9,50.9,17.8,8.8
2018-05-24,16,8.3,5.0,50.6,17.6,8.7
2018-05-24,17,7.9,6.2,50.3,17.1,8.5
2018-05-24,18,7.5,7.6,50.4,16.9,8.4
2018-05-24,19,7.2,9.2,49.8,16.9,8.4
2018-05-24,20,7.1,10.4,49.7,16.7,8.2
2018-05-24,21,7.2,11.5,49.2,16.5,8.1
2018-05-24,22,7.2,12.5,48.1,16.5,8.2
2018-05-24,23,7.2,13.1,47.3,16.4,8.3
2018-05-24,24,7.0,13.5,46.8,16.5,8.2
2018-05-24,25,6.9,14.5,46.8,16.1,8.0
2018-05-24,26,7.1,15.2,46.2,15.9,8.0
2018-05-24,27,7.1,15.6,46.2,15.9,7.7
2018-05-24,28,7.0,14.5,46.9,16.1,7.8
2018-05-24,29,7.2,12.9,48.5,16.4,7.2
2018-05-24,30,7.3,11.0,49.6,16.4,7.2
2018-05-24,31,8.0,9.4,49.7,16.4,7.8
2018-05-24,32,8.0,8.3,50.5,16.7,7.8
2018-05-24,33,7.6,7.1,50.3,16.7,8.5
2018-05-24,34,7.6,6.0,51.2,16.7,8.5
2018-05-24,35,7.9,5.0,51.9,17.0,9.0
2018-05-24,36,7.6,3.9,52.1,17.3,9.6
2018-05-24,37,7.6,2.9,52.8,17.5,9.8
2018-05-24,38,7.3,2.1,53.7,17.8,9.7
2018-05-24,39,7.3,1.3,54.3,18.2,9.9
2018-05-24,40,8.4,0.7,54.0,18.2,9.9
2018-05-24,41,8.7,0.3,53.6,18.6,10.0
2018-05-24,42,8.4,0.1,53.1,19.2,10.0
2018-05-24,43,8.4,0.0,53.1,20.1,8.4
2018-05-24,44,8.7,0.0,51.5,21.4,9.0
2018-05-24,45,8.9,0.0,48.6,22.3,11.4
2018-05-24,46,9.0,0.0,45.3,23.4,13.1
2018-05-24,47,9.1,0.0,43.6,24.1,14.1
2018-05-24,48,8.6,0.0,43.2,24.6,13.5
2018-05-25,1,8.7,0.0,42.4,25.0,13.7
2018-05-25,2,8.6,0.0,42.3,25.1,13.7
2018-05-25,3,7.7,0.0,42.1,25.6,14.0
2018-05-25,4,8.6,0.0,40.9,25.8,14.1
2018-05-25,5,8.5,0.0,40.3,26.2,14.3
2018-05-25,6,9.1,0.0,39.9,26.1,14.2
2018-05-25,7,9.7,0.0,38.9,26.4,14.3
2018-05-25,8,10.2,0.0,37.6,26.8,14.5
2018-05-25,9,10.6,0.1,37.2,26.6,14.8
2018-05-25,10,10.5,0.3,38.7,26.4,14.1
2018-05-25,11,10.3,0.8,40.3,24.8,13.9
2018-05-25,12,9.2,1.4,43.2,22.9,12.6
2018-05-25,13,7.5,1.9,47.7,20.7,11.4
2018-05-25,14,6.9,2.5,50.2,19.2,10.2
2018-05-25,15,7.0,3.1,50.7,18.3,9.5
2018-05-25,16,6.9,3.7,50.8,18.2,9.3
2018-05-25,17,6.8,4.3,51.1,17.9,9.2
2018-05-25,18,7.3,4.9,50.5,17.7,8.9
2018-05-25,19,7.8,5.6,49.8,17.7,8.5
2018-05-25,20,8.4,6.2,48.8,17.7,8.4
2018-05-25,21,9.0,6.7,49.7,17.7,7.1
2018-05-25,22,9.6,7.2,48.5,17.7,7.3
2018-05-25,23,10.9,7.5,46.2,17.5,8.3
2018-05-25,24,11.6,7.7,44.8,17.8,8.6
2018-05-25,25,11.7,7.8,44.4,18.1,8.7
2018-05-25,26,12.1,7.6,44.2,18.3,8.8
2018-05-25,27,12.3,7.4,44.6,18.4,8.9
2018-05-25,28,12.5,7.2,45.2,18.5,8.5
2018-05-25,29,12.8,6.8,45.0,18.7,7.8
2018-05-25,30,13.0,6.3,44.8,18.7,8.0
2018-05-25,31,12.9,5.7,45.4,18.4,8.2
2018-05-25,32,13.3,5.2,46.0,17.8,8.5
2018-05-25,33,12.2,4.8,46.0,17.8,9.5
2018-05-25,34,12.2,4.2,46.8,18.0,9.2
2018-05-25,35,12.5,3.4,47.1,18.2,9.2
2018-05-25,36,12.0,2.6,47.6,18.6,9.5
2018-05-25,37,11.8,1.9,47.8,18.9,9.9
2018-05-25,38,11.6,1.2,47.5,19.6,10.3
2018-05-25,39,11.8,0.6,48.0,19.9,10.4
2018-05-25,40,12.2,0.2,47.7,20.3,10.6
2018-05-25,41,12.3,0.1,48.5,20.6,9.4
2018-05-25,42,12.0,0.0,47.6,21.2,9.6
2018-05-25,43,11.5,0.0,45.6,22.1,11.0
2018-05-25,44,12.3,0.0,43.0,23.1,11.7
2018-05-25,45,12.3,0.0,41.6,24.3,12.3
2018-05-25,46,11.1,0.0,38.7,25.8,13.7
2018-05-25,47,11.2,0.0,38.7,26.4,13.7
2018-05-25,48,12.1,0.0,35.8,27.6,12.9
2018-05-26,1,11.6,0.0,35.4,28.1,13.1
2018-05-26,2,11.4,0.0,34.7,28.5,13.4
2018-05-26,3,18.3,0.0,32.1,26.5,12.0
2018-05-26,4,11.1,0.0,33.6,29.5,13.4
2018-05-26,5,12.0,0.0,33.5,28.9,13.3
2018-05-26,6,13.0,0.0,32.3,28.8,13.5
2018-05-26,7,14.1,0.0,30.4,29.2,13.7
2018-05-26,8,14.9,0.0,29.2,29.8,13.7
2018-05-26,9,15.0,0.1,28.9,29.9,13.8
2018-05-26,10,15.4,0.5,29.2,29.6,13.4
2018-05-26,11,15.1,1.2,27.9,28.7,14.1
2018-05-26,12,13.8,2.1,29.2,28.0,13.5
2018-05-26,13,13.5,3.1,30.3,26.7,12.4
2018-05-26,14,13.7,4.2,31.1,25.2,11.6
2018-05-26,15,13.8,5.4,32.1,23.7,11.2
2018-05-26,16,13.2,6.8,33.3,22.8,10.3
2018-05-26,17,13.5,8.2,32.9,22.2,9.6
2018-05-26,18,12.9,10.1,32.4,21.9,9.1
2018-05-26,19,13.8,11.9,30.7,21.6,9.0
2018-05-26,20,14.6,13.8,29.2,21.4,8.5
2018-05-26,21,14.9,15.2,28.4,21.3,7.7
2018-05-26,22,15.5,16.8,26.8,21.3,7.8
2018-05-26,23,16.1,18.3,24.7,21.3,7.5
2018-05-26,24,16.4,19.9,22.9,21.4,7.3
2018-05-26,25,17.2,21.2,22.9,21.7,5.8
2018-05-26,26,18.0,22.2,20.7,22.5,5.9
2018-05-26,27,19.2,22.7,19.9,22.8,5.2
2018-05-26,28,20.1,22.8,18.7,23.0,5.3
2018-05-26,29,21.4,22.0,18.7,22.7,5.0
2018-05-26,30,22.0,20.9,18.6,23.1,5.0
2018-05-26,31,24.1,18.7,18.3,22.8,5.7
2018-05-26,32,25.0,16.4,18.8,22.9,6.0
2018-05-26,33,24.9,13.5,19.5,22.4,9.0
2018-05-26,34,25.0,11.0,21.6,22.4,8.9
2018-05-26,35,24.4,8.6,23.0,22.7,9.3
2018-05-26,36,24.7,6.3,24.1,23.1,10.3
2018-05-26,37,24.7,4.4,24.2,23.7,11.2
2018-05-26,38,24.2,2.8,25.3,24.3,11.4
2018-05-26,39,24.4,1.4,26.3,24.7,11.5
2018-05-26,40,25.0,0.6,26.4,25.0,11.6
2018-05-26,41,25.0,0.1,26.2,25.2,11.9
2018-05-26,42,25.1,0.0,27.1,25.0,11.5
2018-05-26,43,25.6,0.0,26.7,25.4,11.3
2018-05-26,44,27.4,0.0,22.9,26.6,11.9
2018-05-26,45,28.8,0.0,20.4,28.2,11.4
2018-05-26,46,29.5,0.0,17.9,29.5,12.0
2018-05-26,47,30.5,0.0,16.8,30.2,11.7
2018-05-26,48,31.2,0.0,16.1,31.4,11.6
2018-05-27,1,30.6,0.0,16.5,31.6,11.0
2018-05-27,2,30.1,0.0,17.4,31.4,10.7
2018-05-27,3,30.8,0.0,19.6,31.7,7.6
2018-05-27,4,31.2,0.0,18.9,31.9,7.5
2018-05-27,5,32.1,0.0,20.3,32.0,4.3
2018-05-27,6,33.1,0.0,18.7,32.3,4.5
2018-05-27,7,33.8,0.0,21.1,31.8,2.0
2018-05-27,8,34.6,0.1,18.5,32.9,2.1
2018-05-27,9,34.0,0.4,19.6,32.3,2.1
2018-05-27,10,33.8,1.3,19.3,31.9,2.2
2018-05-27,11,34.1,2.5,18.4,31.2,2.2
2018-05-27,12,33.0,4.2,17.8,31.2,2.2
2018-05-27,13,32.0,5.9,14.9,30.7,4.8
2018-05-27,14,30.5,7.7,16.5,29.8,4.4
2018-05-27,15,28.8,9.5,14.3,28.6,6.9
2018-05-27,16,26.8,11.2,15.7,27.2,6.3
2018-05-27,17,25.0,12.7,16.3,25.5,7.0
2018-05-27,18,24.7,14.1,16.5,24.6,7.0
2018-05-27,19,23.7,15.6,17.1,24.1,7.3
2018-05-27,20,22.5,17.2,17.7,23.7,7.1
2018-05-27,21,21.7,18.7,18.5,23.3,6.8
2018-05-27,22,21.7,19.8,18.5,23.0,6.8
2018-05-27,23,21.3,20.8,18.7,22.8,6.6
2018-05-27,24,21.7,21.7,18.6,22.5,6.2
2018-05-27,25,21.8,22.5,19.2,22.8,4.5
2018-05-27,26,22.2,23.0,18.0,23.0,4.6
2018-05-27,27,22.2,22.8,17.7,23.6,4.4
2018-05-27,28,22.3,22.0,17.6,23.8,4.6
2018-05-27,29,22.6,20.5,18.4,24.1,4.4
2018-05-27,30,22.1,19.1,19.3,24.4,4.4
2018-05-27,31,21.2,17.2,19.3,24.0,8.8
2018-05-27,32,19.9,15.2,21.8,23.9,9.1
2018-05-27,33,19.7,12.6,23.3,23.5,10.1
2018-05-27,34,19.1,10.1,25.9,23.6,10.1
2018-05-27,35,18.1,7.6,28.9,23.6,10.0
2018-05-27,36,16.7,5.5,31.0,23.8,10.5
2018-05-27,37,16.2,3.7,33.3,23.6,10.8
2018-05-27,38,15.9,2.3,34.1,24.1,10.8
2018-05-27,39,13.9,1.1,36.0,24.5,11.1
2018-05-27,40,13.0,0.4,37.5,24.4,11.0
2018-05-27,41,12.5,0.1,37.3,24.8,11.2
2018-05-27,42,12.3,0.0,37.8,24.9,11.1
2018-05-27,43,12.2,0.0,37.8,25.4,10.9
2018-05-27,44,12.9,0.0,36.9,26.5,11.7
2018-05-27,45,12.6,0.0,35.7,28.3,12.6
2018-05-27,46,10.6,0.0,33.2,30.4,14.3
2018-05-27,47,10.4,0.0,33.3,31.3,14.3
2018-05-27,48,10.4,0.0,32.5,31.4,13.9
2018-05-28,1,9.5,0.0,33.2,31.7,14.0
2018-05-28,2,8.6,0.0,34.1,31.6,14.0
2018-05-28,3,7.8,0.0,34.0,32.0,14.1
2018-05-28,4,7.6,0.0,33.7,32.3,14.3
2018-05-28,5,7.5,0.0,33.7,32.6,14.3
2018-05-28,6,7.8,0.0,33.5,32.5,14.3
2018-05-28,7,7.7,0.0,33.5,32.7,14.2
2018-05-28,8,7.7,0.0,33.2,32.9,14.3
2018-05-28,9,7.3,0.3,33.0,33.2,14.1
2018-05-28,10,6.9,0.8,34.1,32.7,13.5
2018-05-28,11,6.6,1.8,37.2,31.0,11.1
2018-05-28,12,5.8,3.1,39.4,30.0,9.6
2018-05-28,13,5.2,4.5,43.6,28.1,6.8
2018-05-28,14,4.9,6.0,44.5,26.6,6.1
2018-05-28,15,4.6,7.4,44.2,25.0,6.8
2018-05-28,16,4.5,9.0,44.5,23.9,6.3
2018-05-28,17,4.3,10.6,44.0,23.0,6.6
2018-05-28,18,4.2,12.3,43.1,22.3,6.4
2018-05-28,19,4.1,14.1,41.8,22.1,6.3
2018-05-28,20,4.2,15.7,40.8,21.6,6.2
2018-05-28,21,4.3,17.1,40.3,21.4,6.1
2018-05-28,22,4.2,18.6,39.7,21.3,6.0
2018-05-28,23,4.1,19.9,38.8,21.3,6.1
2018-05-28,24,4.0,20.8,38.4,21.3,6.0
2018-05-28,25,4.1,21.4,38.4,21.3,5.4
2018-05-28,26,4.2,21.7,37.5,21.6,5.5
2018-05-28,27,4.5,21.5,37.3,21.9,5.5
2018-05-28,28,4.9,20.7,37.3,22.1,5.6
2018-05-28,29,5.2,19.5,37.9,22.3,5.6
2018-05-28,30,5.4,18.0,39.0,22.3,5.6
2018-05-28,31,5.9,16.2,39.5,22.4,6.3
2018-05-28,32,6.6,14.2,40.7,22.2,6.4
2018-05-28,33,7.1,12.0,40.7,22.1,7.8
2018-05-28,34,7.8,9.9,41.0,22.2,7.8
2018-05-28,35,8.3,7.7,41.5,22.3,8.3
2018-05-28,36,8.8,5.8,42.1,22.5,8.9
2018-05-28,37,9.5,4.2,42.9,22.9,8.5
2018-05-28,38,9.5,2.7,44.1,23.1,8.4
2018-05-28,39,10.5,1.4,44.8,23.4,8.3
2018-05-28,40,10.7,0.6,45.3,23.7,8.5
2018-05-28,41,11.1,0.2,45.2,23.8,8.4
2018-05-28,42,11.7,0.0,44.9,23.9,8.5
2018-05-28,43,12.2,0.0,43.5,24.8,9.1
2018-05-28,44,12.5,0.0,41.0,26.3,9.8
2018-05-28,45,13.0,0.0,36.4,28.3,12.3
2018-05-28,46,13.3,0.0,32.0,30.3,13.5
2018-05-28,47,13.7,0.0,30.6,31.3,13.8
2018-05-28,48,13.3,0.0,30.8,31.3,13.3
2018-05-29,1,13.3,0.0,30.4,31.7,13.2
2018-05-29,2,13.3,0.0,29.6,32.1,13.5
2018-05-29,3,13.6,0.0,28.4,32.8,13.7
2018-05-29,4,14.8,0.0,26.5,33.2,13.9
2018-05-29,5,14.2,0.0,27.8,33.5,12.5
2018-05-29,6,14.4,0.0,27.6,33.0,12.4
2018-05-29,7,14.6,0.0,28.3,33.4,10.9
2018-05-29,8,15.2,0.0,28.3,33.4,11.0
2018-05-29,9,14.7,0.2,29.7,32.9,10.8
2018-05-29,10,13.5,0.5,31.8,32.3,10.4
2018-05-29,11,14.0,1.0,33.0,29.7,11.7
2018-05-29,12,13.9,1.7,35.2,28.0,11.0
2018-05-29,13,14.0,2.4,40.3,25.2,8.6
2018-05-29,14,13.8,3.2,42.3,23.6,7.2
2018-05-29,15,12.9,4.1,42.9,22.4,7.4
2018-05-29,16,12.7,5.0,43.4,21.4,6.9
2018-05-29,17,13.1,6.2,43.2,21.0,5.9
2018-05-29,18,13.2,7.4,42.3,20.7,5.7
2018-05-29,19,12.6,8.5,42.1,20.7,5.7
2018-05-29,20,12.7,9.6,41.3,20.4,5.8
2018-05-29,21,13.1,10.4,40.6,20.1,5.9
2018-05-29,22,14.0,11.6,41.0,20.6,3.0
2018-05-29,23,14.0,11.7,39.7,19.8,5.6
2018-05-29,24,14.1,11.9,39.7,19.9,5.7
2018-05-29,25,14.4,11.7,39.7,19.9,5.6
2018-05-29,26,14.2,11.5,39.9,20.1,5.9
2018-05-29,27,14.8,11.0,39.9,19.9,5.9
2018-05-29,28,15.7,10.5,40.0,20.1,5.7
2018-05-29,29,16.8,10.0,40.0,19.9,5.6
2018-05-29,30,16.8,9.4,40.4,20.0,5.6
2018-05-29,31,17.5,8.7,40.3,20.1,5.8
2018-05-29,32,17.7,7.6,40.5,20.0,5.7
2018-05-29,33,17.9,6.4,41.8,19.9,5.6
2018-05-29,34,17.9,5.2,42.6,20.0,5.6
2018-05-29,35,17.8,4.0,43.4,20.3,5.8
2018-05-29,36,17.8,2.9,43.5,20.7,6.1
2018-05-29,37,17.9,1.9,44.4,21.0,5.9
2018-05-29,38,18.7,1.2,43.8,21.4,6.0
2018-05-29,39,18.8,0.6,43.6,22.0,6.4
2018-05-29,40,18.5,0.3,43.1,22.5,6.9
2018-05-29,41,17.8,0.1,43.5,22.7,7.2
2018-05-29,42,16.8,0.0,43.8,23.3,7.5
2018-05-29,43,16.7,0.0,42.6,24.2,7.5
2018-05-29,44,16.6,0.0,40.5,25.9,8.0
2018-05-29,45,16.2,0.0,35.5,27.4,12.4
2018-05-29,46,15.5,0.0,33.1,28.5,14.6
2018-05-29,47,15.5,0.0,29.9,29.6,17.0
2018-05-29,48,15.0,0.0,32.1,30.4,13.4
2018-05-30,1,14.5,0.0,31.5,31.0,13.6
2018-05-30,2,13.4,0.0,31.5,31.5,13.9
2018-05-30,3,11.7,0.0,32.2,31.9,14.1
2018-05-30,4,11.7,0.0,32.1,32.0,14.1
2018-05-30,5,12.2,0.0,31.8,31.9,14.0
2018-05-30,6,12.8,0.0,30.8,32.2,14.1
2018-05-30,7,12.5,0.0,30.9,32.4,14.1
2018-05-30,8,12.2,0.0,31.3,32.6,13.9
2018-05-30,9,12.0,0.1,34.8,32.3,10.6
2018-05-30,10,10.9,0.2,37.5,31.6,10.1
2018-05-30,11,9.7,0.5,40.1,29.8,11.0
2018-05-30,12,8.3,0.9,44.3,27.7,9.4
2018-05-30,13,6.5,1.2,51.2,24.2,7.4
2018-05-30,14,6.3,1.6,54.2,22.3,6.4
2018-05-30,15,6.0,2.2,54.6,21.3,6.2
2018-05-30,16,5.9,2.8,55.0,20.7,5.8
2018-05-30,17,6.0,3.5,54.2,20.6,5.6
2018-05-30,18,5.9,4.1,53.9,20.3,5.5
2018-05-30,19,5.9,4.5,54.0,20.0,5.4
2018-05-30,20,5.8,4.8,54.1,19.9,5.4
2018-05-30,21,6.0,5.0,54.2,20.0,5.4
2018-05-30,22,6.0,5.1,54.6,19.9,5.4
2018-05-30,23,6.0,5.2,54.3,19.8,5.4
2018-05-30,24,6.0,5.2,54.8,19.8,5.4
2018-05-30,25,5.8,5.2,55.0,19.9,5.4
2018-05-30,26,5.6,5.2,55.5,20.1,5.4
2018-05-30,27,5.6,5.1,55.7,19.8,5.4
2018-05-30,28,5.7,5.0,55.9,19.9,5.4
2018-05-30,29,5.7,4.9,55.2,20.2,5.5
2018-05-30,30,5.4,4.7,56.1,20.1,5.4
2018-05-30,31,5.2,4.4,56.2,20.0,5.4
2018-05-30,32,4.8,4.1,56.2,19.8,5.4
2018-05-30,33,4.6,3.5,56.1,19.8,5.6
2018-05-30,34,4.2,2.9,56.4,20.0,5.7
2018-05-30,35,4.2,2.3,56.7,20.3,5.7
2018-05-30,36,4.0,1.7,57.2,20.6,6.1
2018-05-30,37,3.7,1.2,57.5,21.0,7.0
2018-05-30,38,3.7,0.8,57.6,21.3,6.9
2018-05-30,39,3.8,0.4,57.5,21.7,6.8
2018-05-30,40,4.3,0.1,57.7,21.9,6.7
2018-05-30,41,4.2,0.0,58.1,22.5,6.7
2018-05-30,42,4.2,0.0,58.5,22.9,6.8
2018-05-30,43,4.3,0.0,56.8,23.8,7.2
2018-05-30,44,4.4,0.0,54.7,25.4,7.5
2018-05-30,45,4.7,0.0,50.0,26.8,10.9
2018-05-30,46,5.3,0.0,46.5,27.7,12.7
2018-05-30,47,5.4,0.0,44.2,28.6,14.3
2018-05-30,48,5.0,0.0,42.5,30.1,14.0
2018-05-31,1,4.5,0.0,41.5,31.1,14.3
2018-05-31,2,4.2,0.0,41.4,31.3,14.4
2018-05-31,3,4.5,0.0,41.6,31.0,14.3
2018-05-31,4,3.9,0.0,41.0,31.6,14.6
2018-05-31,5,3.7,0.0,42.8,31.9,12.6
2018-05-31,6,3.9,0.0,42.7,31.9,12.6
2018-05-31,7,4.0,0.0,42.7,31.9,12.6
2018-05-31,8,4.0,0.0,42.2,32.1,12.7
2018-05-31,9,4.1,0.1,42.5,31.6,12.4
2018-05-31,10,4.1,0.5,43.0,30.7,12.0
2018-05-31,11,3.9,1.1,44.3,29.2,11.8
2018-05-31,12,3.8,1.8,46.8,27.6,10.3
2018-05-31,13,3.6,2.5,51.7,24.7,7.3
2018-05-31,14,3.5,3.3,53.4,23.2,6.1
2018-05-31,15,3.4,4.1,53.6,21.7,5.7
2018-05-31,16,3.5,5.2,52.8,21.2,5.5
2018-05-31,17,3.3,6.5,52.0,21.0,5.5
2018-05-31,18,3.1,7.8,51.2,20.7,5.4
2018-05-31,19,3.0,8.8,51.0,20.5,5.3
2018-05-31,20,3.0,9.7,50.8,20.4,5.3
2018-05-31,21,3.2,10.3,50.6,20.3,5.3
2018-05-31,22,3.5,11.1,50.7,20.2,5.3
2018-05-31,23,3.5,11.6,50.8,20.1,5.2
2018-05-31,24,3.4,11.9,50.9,20.1,5.2
2018-05-31,25,3.2,12.0,50.9,20.3,5.3
2018-05-31,26,3.1,11.8,51.2,20.3,5.3
2018-05-31,27,3.2,11.5,50.9,20.4,5.3
2018-05-31,28,3.1,10.9,51.7,20.6,5.3
2018-05-31,29,3.0,10.0,52.4,20.7,5.4
2018-05-31,30,2.9,9.0,53.3,20.8,5.4
2018-05-31,31,3.1,8.1,53.9,20.7,5.4
2018-05-31,32,3.0,7.2,54.7,20.6,5.3
2018-05-31,33,3.2,6.4,54.9,20.6,5.3
2018-05-31,34,3.2,5.4,55.8,20.9,5.4
2018-05-31,35,3.3,4.3,55.9,21.2,5.5
2018-05-31,36,2.9,3.1,57.4,21.4,5.5
2018-05-31,37,2.9,2.2,58.0,21.5,5.7
2018-05-31,38,2.7,1.4,58.2,21.8,6.0
2018-05-31,39,2.7,0.7,58.5,22.1,6.2
2018-05-31,40,2.6,0.3,58.4,22.6,6.3
2018-05-31,41,2.5,0.1,57.7,23.0,6.5
2018-05-31,42,2.6,0.0,56.5,23.5,6.8
2018-05-31,43,2.8,0.0,55.2,24.3,7.5
2018-05-31,44,2.8,0.0,55.2,24.4,7.6
2018-05-31,45,2.8,0.0,55.2,24.4,7.6
2018-05-31,46,2.9,0.0,55.1,24.5,7.7
2018-05-31,47,3.0,0.0,54.1,25.0,8.0
2018-05-31,48,3.2,0.0,53.2,25.3,8.4
2018-06-01,1,3.4,0.0,50.9,26.0,9.0
2018-06-01,2,3.5,0.0,49.2,26.9,9.6
2018-06-01,3,3.6,0.0,47.6,28.1,9.7
2018-06-01,4,2.8,0.0,42.5,31.6,14.3
2018-06-01,5,2.7,0.0,44.2,31.8,12.9
2018-06-01,6,2.6,0.0,44.1,32.0,12.9
2018-06-01,7,2.5,0.0,44.0,32.2,12.9
2018-06-01,8,2.6,0.0,43.5,32.6,13.0
2018-06-01,9,2.5,0.2,45.9,32.6,10.9
2018-06-01,10,2.1,0.6,47.0,31.7,10.4
2018-06-01,11,1.9,1.2,47.6,29.9,10.7
2018-06-01,12,1.8,2.1,49.7,28.2,9.6
2018-06-01,13,1.4,2.9,55.2,25.2,6.9
2018-06-01,14,1.3,3.8,56.7,23.4,5.6
2018-06-01,15,1.2,4.8,55.6,22.4,6.2
2018-06-01,16,1.2,5.9,54.9,21.8,6.2
2018-06-01,17,1.2,7.1,54.0,21.4,6.7
2018-06-01,18,1.2,8.4,53.1,21.1,6.6
2018-06-01,19,1.3,9.8,53.5,21.2,4.6
2018-06-01,20,1.4,11.0,52.2,20.9,4.8
2018-06-01,21,1.5,12.0,50.8,20.7,6.4
2018-06-01,22,1.6,12.7,50.1,20.6,6.4
2018-06-01,23,1.6,13.1,50.0,20.6,6.1
2018-06-01,24,1.7,13.5,49.6,20.6,6.1
2018-06-01,25,1.9,13.9,49.3,20.6,6.7
2018-06-01,26,2.0,14.5,49.0,20.8,6.8
2018-06-01,27,2.1,14.5,49.1,20.7,7.3
2018-06-01,28,2.4,14.2,49.9,20.8,7.1
2018-06-01,29,2.6,13.7,50.9,21.1,5.5
2018-06-01,30,2.9,12.8,51.3,21.1,5.5
2018-06-01,31,3.2,11.8,51.9,21.2,5.5
2018-06-01,32,3.2,10.4,52.2,21.1,5.7
2018-06-01,33,3.3,9.0,51.5,21.2,7.5
2018-06-01,34,3.3,7.3,52.6,21.4,7.7
2018-06-01,35,3.3,5.7,54.0,21.8,7.5
2018-06-01,36,3.2,4.3,54.4,22.1,7.6
2018-06-01,37,3.2,3.1,54.8,22.6,8.0
2018-06-01,38,3.3,2.1,54.6,23.1,8.2
2018-06-01,39,3.2,1.2,55.5,23.8,8.1
2018-06-01,40,3.4,0.5,55.9,24.1,8.1
2018-06-01,41,3.3,0.1,56.1,24.6,7.5
2018-06-01,42,3.3,0.0,55.2,24.7,7.8
2018-06-01,43,3.3,0.0,55.8,25.1,7.3
2018-06-01,44,3.5,0.0,54.3,26.4,7.6
2018-06-01,45,3.6,0.0,51.4,27.4,10.6
2018-06-01,46,3.6,0.0,49.8,28.5,12.2
2018-06-01,47,3.7,0.0,48.4,29.1,13.5
2018-06-01,48,4.0,0.0,46.1,31.1,12.4
2018-06-02,1,4.3,0.0,44.6,32.0,12.5
2018-06-02,2,4.0,0.0,43.8,32.4,13.3
2018-06-02,3,3.0,0.0,42.5,33.5,14.2
2018-06-02,4,4.0,0.0,41.0,33.5,14.3
2018-06-02,5,3.9,0.0,40.4,33.8,14.6
2018-06-02,6,3.9,0.0,40.5,34.0,14.7
2018-06-02,7,3.5,0.0,41.4,33.8,14.6
2018-06-02,8,4.0,0.0,40.3,34.1,14.8
2018-06-02,9,3.8,0.2,41.2,34.3,13.5
2018-06-02,10,3.8,0.6,41.7,33.8,13.2
2018-06-02,11,3.9,1.2,41.3,32.7,14.3
2018-06-02,12,3.8,2.2,42.0,31.5,13.8
2018-06-02,13,3.9,3.3,41.6,30.4,13.3
2018-06-02,14,3.7,4.4,42.8,28.7,12.0
2018-06-02,15,2.9,5.6,44.9,26.8,10.5
2018-06-02,16,2.7,6.9,46.3,25.5,9.3
2018-06-02,17,2.6,8.2,46.8,24.6,8.9
2018-06-02,18,2.7,9.6,46.3,24.2,8.8
2018-06-02,19,2.9,11.1,45.1,23.8,8.6
2018-06-02,20,3.1,12.4,44.6,23.4,8.3
2018-06-02,21,2.9,13.9,44.1,23.1,8.2
2018-06-02,22,2.9,15.1,42.9,23.2,8.2
2018-06-02,23,2.9,15.8,42.6,23.1,8.2
2018-06-02,24,3.0,16.6,42.0,23.3,8.3
2018-06-02,25,3.1,17.3,41.7,23.6,8.4
2018-06-02,26,3.1,17.9,40.8,23.6,8.7
2018-06-02,27,3.3,18.0,40.7,23.7,9.0
2018-06-02,28,3.2,17.8,39.7,24.3,9.4
2018-06-02,29,3.5,17.1,39.7,24.4,9.7
2018-06-02,30,3.5,16.0,40.3,24.9,9.5
2018-06-02,31,3.5,14.7,40.4,25.2,10.4
2018-06-02,32,3.5,12.9,42.5,24.7,9.9
2018-06-02,33,3.3,11.1,43.8,24.3,9.4
2018-06-02,34,3.5,9.4,44.7,24.2,9.4
2018-06-02,35,3.3,7.6,45.5,24.6,9.5
2018-06-02,36,3.1,5.8,46.0,24.7,9.6
2018-06-02,37,3.0,4.1,46.7,25.0,9.9
2018-06-02,38,2.7,2.7,48.0,25.4,10.1
2018-06-02,39,2.5,1.4,48.7,26.0,10.8
2018-06-02,40,2.6,0.6,49.4,26.3,11.4
2018-06-02,41,2.6,0.1,49.6,26.6,11.9
2018-06-02,42,2.4,0.0,49.5,26.5,11.9
2018-06-02,43,2.2,0.0,49.8,26.8,11.5
2018-06-02,44,2.1,0.0,48.8,28.0,11.7
2018-06-02,45,2.2,0.0,48.7,29.4,12.3
2018-06-02,46,2.7,0.0,46.1,30.9,14.0
2018-06-02,47,2.7,0.0,46.0,31.2,14.6
2018-06-02,48,2.5,0.0,44.1,33.0,13.8
2018-06-03,1,2.3,0.0,43.4,33.6,14.0
2018-06-03,2,2.3,0.0,43.0,33.7,14.1
2018-06-03,3,2.5,0.0,41.9,34.3,14.3
2018-06-03,4,2.6,0.0,41.4,34.6,14.4
2018-06-03,5,2.8,0.0,40.6,34.9,14.5
2018-06-03,6,2.8,0.0,40.1,35.2,14.7
2018-06-03,7,2.6,0.0,39.7,35.6,14.8
2018-06-03,8,2.6,0.1,38.0,36.5,15.2
2018-06-03,9,2.4,0.5,37.7,36.6,15.2
2018-06-03,10,2.3,1.3,37.8,36.2,14.8
2018-06-03,11,2.1,2.7,38.5,35.0,14.3
2018-06-03,12,1.9,4.4,39.5,33.9,13.2
2018-06-03,13,1.7,6.5,39.0,32.9,11.9
2018-06-03,14,1.6,8.6,38.3,31.6,11.1
2018-06-03,15,1.6,10.8,36.9,30.2,11.1
2018-06-03,16,1.6,12.9,37.7,28.4,10.0
2018-06-03,17,1.6,14.8,36.5,27.0,10.7
2018-06-03,18,1.5,16.6,36.7,26.0,10.0
2018-06-03,19,1.5,18.1,36.6,25.2,9.5
2018-06-03,20,1.5,19.3,36.3,24.7,9.1
2018-06-03,21,1.6,20.0,36.5,24.3,9.1
2018-06-03,22,1.6,20.5,36.5,24.1,8.8
2018-06-03,23,1.7,20.8,36.1,23.9,8.9
2018-06-03,24,1.8,21.0,36.0,24.0,9.1
2018-06-03,25,1.9,21.0,35.2,24.2,9.2
2018-06-03,26,2.0,21.2,34.1,24.6,9.4
2018-06-03,27,2.1,21.0,34.2,24.8,9.2
2018-06-03,28,2.3,20.7,33.9,25.2,9.1
2018-06-03,29,2.4,19.8,34.0,25.1,9.5
2018-06-03,30,2.6,18.5,35.7,24.6,9.4
2018-06-03,31,2.7,16.8,37.0,24.3,10.4
2018-06-03,32,3.0,14.9,38.8,24.0,10.7
2018-06-03,33,3.0,12.6,41.2,23.8,10.3
2018-06-03,34,3.0,10.4,43.2,24.0,10.1
2018-06-03,35,2.8,8.2,45.0,24.1,10.2
2018-06-03,36,2.8,6.2,46.2,24.2,10.4
2018-06-03,37,2.8,4.4,47.4,24.4,10.5
2018-06-03,38,2.7,2.8,47.9,24.9,10.9
2018-06-03,39,2.7,1.5,48.3,25.3,11.2
2018-06-03,40,2.7,0.6,48.6,25.5,11.7
2018-06-03,41,2.5,0.2,49.5,25.5,11.9
2018-06-03,42,2.4,0.0,50.3,25.6,11.5
2018-06-03,43,2.5,0.0,50.2,25.9,11.1
2018-06-03,44,2.7,0.0,48.5,27.1,11.8
2018-06-03,45,3.2,0.0,47.8,29.0,11.7
2018-06-03,46,4.0,0.0,44.4,30.6,13.2
2018-06-03,47,4.3,0.0,44.2,31.4,13.2
2018-06-03,48,3.8,0.0,40.7,32.3,15.2
2018-06-04,1,3.9,0.0,41.0,32.8,14.4
2018-06-04,2,4.1,0.0,41.1,33.0,14.5
2018-06-04,3,4.5,0.0,40.0,33.5,14.6
2018-06-04,4,4.4,0.0,39.5,33.9,14.8
2018-06-04,5,4.5,0.0,38.7,34.3,15.0
2018-06-04,6,4.6,0.0,38.6,34.3,15.0
2018-06-04,7,5.1,0.0,37.3,34.2,15.8
2018-06-04,8,5.4,0.0,37.7,34.1,15.4
2018-06-04,9,5.1,0.3,43.5,32.4,11.6
2018-06-04,10,4.8,0.8,45.3,31.3,11.1
2018-06-04,11,4.0,1.5,46.7,29.9,11.2
2018-06-04,12,3.4,2.3,48.1,27.3,9.9
2018-06-04,13,3.0,3.0,52.2,24.7,8.1
2018-06-04,14,2.9,3.7,52.1,23.2,7.8
2018-06-04,15,3.2,4.4,51.3,22.2,9.3
2018-06-04,16,3.4,5.3,51.1,21.9,9.0
2018-06-04,17,3.7,6.2,51.3,21.4,7.9
2018-06-04,18,3.4,7.1,50.9,21.3,7.7
2018-06-04,19,3.4,7.9,50.8,21.1,6.8
2018-06-04,20,3.7,8.6,50.5,20.7,6.6
2018-06-04,21,3.9,9.1,50.2,20.5,7.2
2018-06-04,22,4.0,9.5,49.7,20.4,7.1
2018-06-04,23,3.8,10.0,49.5,20.3,7.2
2018-06-04,24,3.8,10.6,49.4,20.7,7.0
2018-06-04,25,4.1,11.2,48.7,20.9,6.0
2018-06-04,26,4.3,11.5,48.7,20.9,6.1
2018-06-04,27,4.6,11.5,48.7,20.9,6.6
2018-06-04,28,4.9,11.4,48.8,21.0,6.7
2018-06-04,29,5.5,10.9,49.0,21.1,6.4
2018-06-04,30,5.7,9.9,49.4,21.0,6.2
2018-06-04,31,6.1,8.5,50.9,20.9,7.0
2018-06-04,32,6.3,7.2,51.7,20.8,6.8
2018-06-04,33,6.9,5.8,50.1,20.2,8.5
2018-06-04,34,7.2,4.7,50.0,20.2,8.8
2018-06-04,35,7.8,3.7,49.1,20.3,8.7
2018-06-04,36,8.4,2.7,49.4,20.7,8.8
2018-06-04,37,9.1,1.8,49.6,21.3,8.6
2018-06-04,38,9.2,1.1,49.4,22.0,8.6
2018-06-04,39,9.3,0.5,49.9,22.4,9.0
2018-06-04,40,9.7,0.2,49.4,22.8,9.6
2018-06-04,41,10.4,0.1,47.6,23.0,10.2
2018-06-04,42,11.0,0.0,46.1,23.7,10.6
2018-06-04,43,11.3,0.0,44.1,24.9,11.3
2018-06-04,44,11.2,0.0,42.1,26.6,12.4
2018-06-04,45,11.9,0.0,41.3,28.2,12.0
2018-06-04,46,24.6,0.0,33.2,25.7,11.3
2018-06-04,47,25.6,0.0,32.0,26.5,11.3
2018-06-04,48,13.3,0.0,35.0,32.1,13.0
2018-06-05,1,13.2,0.0,34.5,32.5,13.1
2018-06-05,2,13.4,0.0,34.1,32.6,13.2
2018-06-05,3,14.1,0.0,32.7,33.1,13.3
2018-06-05,4,14.1,0.0,32.5,33.4,13.0
2018-06-05,5,14.7,0.0,33.8,34.0,10.3
2018-06-05,6,14.3,0.0,33.9,33.5,10.3
2018-06-05,7,13.9,0.0,34.3,32.8,9.7
2018-06-05,8,13.9,0.0,34.4,32.7,9.6
2018-06-05,9,13.1,0.1,36.1,31.6,9.6
2018-06-05,10,12.3,0.4,38.8,30.9,9.2
2018-06-05,11,11.6,0.8,41.4,29.7,9.2
2018-06-05,12,10.3,1.3,43.9,27.2,8.5
2018-06-05,13,8.9,1.9,50.4,24.5,3.9
2018-06-05,14,8.3,2.5,52.4,23.1,3.1
2018-06-05,15,7.5,3.3,50.1,22.3,7.0
2018-06-05,16,7.0,4.2,50.3,21.8,6.7
2018-06-05,17,7.0,5.2,49.6,21.2,7.2
2018-06-05,18,7.0,6.2,49.2,21.0,7.1
2018-06-05,19,6.7,7.3,49.3,21.0,6.2
2018-06-05,20,6.7,8.3,48.5,20.8,6.2
2018-06-05,21,6.5,9.2,47.6,20.6,7.0
2018-06-05,22,6.5,10.2,46.6,20.6,7.0
2018-06-05,23,6.6,11.0,46.9,20.1,6.7
2018-06-05,24,6.6,11.8,46.0,20.1,6.7
2018-06-05,25,6.6,12.7,47.0,20.2,4.8
2018-06-05,26,6.7,13.5,46.3,20.4,4.8
2018-06-05,27,6.9,14.2,44.6,20.7,5.8
2018-06-05,28,7.2,14.6,43.4,21.0,5.9
2018-06-05,29,7.5,14.6,43.2,21.2,5.5
2018-06-05,30,7.6,14.0,43.4,21.0,5.5
2018-06-05,31,7.7,13.1,42.8,20.9,6.5
2018-06-05,32,7.6,11.8,44.4,20.7,6.5
2018-06-05,33,7.8,10.4,45.3,20.6,7.5
2018-06-05,34,7.6,8.9,46.6,20.9,7.6
2018-06-05,35,7.7,7.4,47.1,21.1,7.7
2018-06-05,36,7.9,5.7,47.3,21.3,7.8
2018-06-05,37,7.8,4.2,48.7,21.8,8.4
2018-06-05,38,7.8,2.7,49.2,22.4,8.7
2018-06-05,39,7.7,1.5,49.2,22.9,9.0
2018-06-05,40,8.1,0.7,49.4,23.0,9.2
2018-06-05,41,8.3,0.2,49.3,23.1,9.3
2018-06-05,42,8.3,0.0,48.1,23.6,9.8
2018-06-05,43,7.9,0.0,48.1,24.4,9.7
2018-06-05,44,8.2,0.0,46.9,26.3,10.0
2018-06-05,45,8.7,0.0,45.8,28.1,11.2
2018-06-05,46,9.5,0.0,42.2,29.4,12.5
2018-06-05,47,9.6,0.0,41.9,30.3,12.7
2018-06-05,48,8.9,0.0,39.3,31.5,13.5
2018-06-06,1,8.6,0.0,38.6,32.2,13.7
2018-06-06,2,7.9,0.0,38.4,32.6,13.9
2018-06-06,3,6.9,0.0,38.5,33.0,14.1
2018-06-06,4,8.1,0.0,38.0,32.8,14.0
2018-06-06,5,7.9,0.0,37.8,32.7,14.3
2018-06-06,6,7.5,0.0,37.8,32.9,14.4
2018-06-06,7,7.0,0.0,37.9,33.0,14.5
2018-06-06,8,6.9,0.1,37.0,33.8,14.6
2018-06-06,9,6.9,0.4,37.4,33.6,14.4
2018-06-06,10,6.6,1.1,39.8,32.1,13.5
2018-06-06,11,5.9,2.1,43.5,29.8,12.2
2018-06-06,12,5.1,3.2,46.2,27.4,11.1
2018-06-06,13,4.3,4.4,49.4,24.7,9.1
2018-06-06,14,4.1,6.0,50.2,23.4,7.8
2018-06-06,15,4.0,7.8,48.9,22.6,8.7
2018-06-06,16,3.9,10.0,47.2,22.2,8.6
2018-06-06,17,3.6,12.0,47.0,21.5,7.6
2018-06-06,18,3.5,13.9,46.2,21.1,7.4
2018-06-06,19,3.3,15.8,45.7,20.7,6.4
2018-06-06,20,3.2,17.5,45.1,20.5,6.3
2018-06-06,21,3.1,18.8,44.8,20.3,5.8
2018-06-06,22,3.2,19.8,44.3,20.2,5.7
2018-06-06,23,3.5,20.6,43.9,20.2,5.9
2018-06-06,24,3.5,21.3,43.1,20.6,5.9
2018-06-06,25,3.6,21.5,42.9,20.7,6.0
2018-06-06,26,3.8,21.5,42.9,20.7,6.1
2018-06-06,27,4.1,21.2,43.0,20.7,5.9
2018-06-06,28,4.5,20.6,43.2,20.8,5.9
2018-06-06,29,4.7,19.6,42.9,21.0,6.2
2018-06-06,30,4.9,18.1,43.5,20.9,6.2
2018-06-06,31,4.9,16.2,43.5,20.7,7.4
2018-06-06,32,5.2,14.2,44.6,20.7,7.4
2018-06-06,33,5.3,12.1,45.5,20.6,8.0
2018-06-06,34,5.3,10.0,47.0,21.0,8.1
2018-06-06,35,5.4,8.0,47.9,21.2,8.2
2018-06-06,36,5.4,6.2,48.7,21.5,8.3
2018-06-06,37,5.6,4.5,49.8,21.9,8.3
2018-06-06,38,5.9,2.9,50.4,22.2,8.6
2018-06-06,39,5.8,1.6,51.6,22.8,8.8
2018-06-06,40,5.6,0.7,52.2,23.1,9.0
2018-06-06,41,5.7,0.2,53.7,22.9,8.0
2018-06-06,42,6.5,0.0,53.4,22.9,8.3
2018-06-06,43,6.6,0.0,52.9,23.7,8.7
2018-06-06,44,6.3,0.0,53.6,25.3,9.3
2018-06-06,45,6.6,0.0,51.6,26.5,11.5
2018-06-06,46,7.7,0.0,48.0,27.6,12.8
2018-06-06,47,7.9,0.0,46.7,28.1,14.1
2018-06-06,48,7.3,0.0,44.6,29.7,14.2
2018-06-07,1,7.1,0.0,43.7,30.4,14.5
2018-06-07,2,6.4,0.0,43.8,30.8,14.7
2018-06-07,3,5.3,0.0,44.1,31.3,14.9
2018-06-07,4,6.2,0.0,42.9,31.5,15.0
2018-06-07,5,6.1,0.0,42.6,31.7,15.1
2018-06-07,6,6.0,0.0,42.8,31.7,15.0
2018-06-07,7,5.6,0.0,42.8,32.0,15.0
2018-06-07,8,5.9,0.1,42.1,32.1,15.2
2018-06-07,9,5.9,0.4,43.2,31.3,14.7
2018-06-07,10,5.6,1.0,44.6,30.3,14.1
2018-06-07,11,5.4,1.9,47.6,28.2,11.8
2018-06-07,12,4.5,2.9,49.6,25.8,10.3
2018-06-07,13,4.0,3.8,52.4,23.3,8.7
2018-06-07,14,4.0,4.8,52.2,22.2,7.5
2018-06-07,15,4.3,5.8,50.8,21.4,7.8
2018-06-07,16,4.4,7.0,49.9,21.2,7.7
2018-06-07,17,4.3,8.5,49.2,20.8,7.9
2018-06-07,18,4.0,10.1,48.4,20.6,7.8
2018-06-07,19,3.7,11.7,48.7,20.5,6.5
2018-06-07,20,3.8,12.8,48.2,20.3,6.4
2018-06-07,21,3.7,13.7,48.1,20.1,6.4
2018-06-07,22,3.6,14.4,48.2,20.0,6.3
2018-06-07,23,3.6,14.9,47.7,19.8,5.7
2018-06-07,24,3.8,15.4,47.1,20.0,5.7
2018-06-07,25,3.8,15.4,47.0,20.0,5.7
2018-06-07,26,3.9,15.1,47.7,20.0,5.7
2018-06-07,27,4.3,14.5,48.3,20.0,5.4
2018-06-07,28,4.9,13.7,48.3,20.1,5.5
2018-06-07,29,5.2,12.8,49.1,20.2,5.4
2018-06-07,30,5.3,11.7,49.7,20.2,5.4
2018-06-07,31,5.3,10.3,49.0,20.1,6.9
2018-06-07,32,5.2,8.8,49.4,20.0,7.1
2018-06-07,33,5.2,7.3,49.8,20.0,8.1
2018-06-07,34,5.0,6.0,50.5,20.3,8.3
2018-06-07,35,5.1,4.8,51.2,20.4,8.5
2018-06-07,36,5.3,3.6,52.1,20.6,8.7
2018-06-07,37,5.2,2.6,52.1,20.9,9.2
2018-06-07,38,5.1,1.6,52.3,21.1,9.4
2018-06-07,39,5.2,0.9,53.2,21.5,8.9
2018-06-07,40,5.5,0.4,53.4,21.9,8.7
2018-06-07,41,5.6,0.1,55.0,22.4,6.9
2018-06-07,42,5.3,0.0,55.3,23.0,7.2
2018-06-07,43,5.0,0.0,54.9,23.6,7.0
2018-06-07,44,5.0,0.0,54.6,25.1,7.4
2018-06-07,45,5.2,0.0,51.1,26.8,10.5
2018-06-07,46,5.3,0.0,47.9,28.4,12.1
2018-06-07,47,5.4,0.0,45.5,29.3,13.7
2018-06-07,48,5.7,0.0,44.9,29.6,13.5
2018-06-08,1,5.8,0.0,44.5,29.6,13.7
2018-06-08,2,6.0,0.0,43.6,29.9,13.9
2018-06-08,3,6.4,0.0,41.9,30.7,14.3
2018-06-08,4,7.0,0.0,40.3,31.2,14.6
2018-06-08,5,7.2,0.0,40.2,31.8,13.8
2018-06-08,6,7.1,0.0,39.8,32.3,13.7
2018-06-08,7,7.9,0.0,38.7,32.1,14.3
2018-06-08,8,8.0,0.0,38.4,32.5,14.2
2018-06-08,9,7.7,0.2,42.0,31.8,11.5
2018-06-08,10,7.3,0.5,44.0,30.5,11.1
2018-06-08,11,6.3,1.0,46.7,28.4,10.8
2018-06-08,12,5.7,1.7,49.6,26.1,9.8
2018-06-08,13,4.8,2.3,53.5,23.4,8.0
2018-06-08,14,4.2,3.2,54.7,22.1,6.7
2018-06-08,15,4.0,4.1,53.9,21.6,7.1
2018-06-08,16,3.7,5.2,53.5,21.2,6.8
2018-06-08,17,3.4,6.2,53.1,20.7,6.0
2018-06-08,18,3.3,7.4,52.5,20.5,5.9
2018-06-08,19,3.2,8.7,51.8,20.3,6.1
2018-06-08,20,3.1,10.0,51.4,20.0,6.0
2018-06-08,21,3.0,11.0,50.6,19.7,6.2
2018-06-08,22,2.8,11.8,50.3,19.6,6.1
2018-06-08,23,2.7,12.5,50.8,19.5,5.6
2018-06-08,24,2.8,13.1,50.5,19.6,5.6
2018-06-08,25,2.9,13.5,49.6,19.8,5.7
2018-06-08,26,2.7,13.7,49.5,19.9,5.7
2018-06-08,27,2.9,13.5,47.6,20.1,7.3
2018-06-08,28,3.1,13.3,47.4,20.2,7.5
2018-06-08,29,3.4,12.6,47.0,20.4,7.4
2018-06-08,30,3.4,11.7,48.0,20.3,7.4
2018-06-08,31,3.4,10.6,49.1,20.2,7.3
2018-06-08,32,3.6,9.2,49.7,20.2,7.3
2018-06-08,33,3.8,7.9,50.9,20.2,7.5
2018-06-08,34,4.1,6.6,51.8,20.5,7.6
2018-06-08,35,4.3,5.4,52.5,20.7,7.7
2018-06-08,36,4.3,4.1,53.3,21.0,7.8
2018-06-08,37,4.5,2.9,53.1,21.5,8.1
2018-06-08,38,4.3,1.9,53.8,22.0,8.2
2018-06-08,39,4.1,1.0,53.7,22.6,8.9
2018-06-08,40,4.0,0.5,53.1,23.1,9.4
2018-06-08,41,3.9,0.1,52.7,23.4,9.8
2018-06-08,42,3.9,0.0,51.8,23.9,10.1
2018-06-08,43,4.0,0.0,51.8,24.5,10.2
2018-06-08,44,4.0,0.0,51.3,25.7,10.4
2018-06-08,45,4.2,0.0,48.5,27.1,11.9
2018-06-08,46,4.9,0.0,46.0,28.0,12.9
2018-06-08,47,5.0,0.0,44.8,28.8,13.4
2018-06-08,48,4.2,0.0,44.4,30.3,12.9
2018-06-09,1,4.1,0.0,44.2,30.9,12.4
2018-06-09,2,3.8,0.0,43.1,31.4,13.0
2018-06-09,3,1.6,0.0,42.8,32.2,14.0
2018-06-09,4,3.7,0.0,40.7,32.0,14.2
2018-06-09,5,3.6,0.0,41.4,32.4,13.3
2018-06-09,6,3.6,0.0,41.4,32.4,12.8
2018-06-09,7,3.7,0.0,41.1,32.7,13.0
2018-06-09,8,3.8,0.1,40.1,33.5,13.4
2018-06-09,9,3.5,0.4,39.9,33.6,13.8
2018-06-09,10,3.8,1.1,40.0,33.2,13.3
2018-06-09,11,3.5,2.1,40.5,32.0,13.3
2018-06-09,12,3.2,3.3,40.8,30.8,12.6
2018-06-09,13,2.9,4.6,41.7,29.4,10.5
2018-06-09,14,2.5,5.8,44.3,27.5,9.5
2018-06-09,15,2.3,6.8,44.5,25.5,10.8
2018-06-09,16,2.2,8.0,44.6,24.4,10.4
2018-06-09,17,2.3,9.5,44.4,23.5,9.6
2018-06-09,18,2.3,11.1,44.1,23.0,9.4
2018-06-09,19,2.5,12.8,43.0,22.6,9.2
2018-06-09,20,2.6,14.5,41.7,22.4,9.1
2018-06-09,21,2.6,16.2,40.9,22.4,9.1
2018-06-09,22,2.6,17.7,39.9,22.3,9.1
2018-06-09,23,2.5,18.9,39.4,22.4,9.1
2018-06-09,24,2.5,19.5,39.4,22.6,9.2
2018-06-09,25,2.7,20.0,39.3,22.8,9.4
2018-06-09,26,2.7,20.1,38.6,23.3,9.5
2018-06-09,27,2.9,20.1,37.8,23.7,9.6
2018-06-09,28,3.0,19.6,37.3,24.1,9.8
2018-06-09,29,2.9,18.7,37.7,24.4,9.9
2018-06-09,30,3.1,17.2,38.8,24.5,10.0
2018-06-09,31,3.2,15.3,40.3,24.4,10.1
2018-06-09,32,3.2,13.1,42.9,24.2,9.8
2018-06-09,33,3.4,10.8,44.7,23.7,9.5
2018-06-09,34,3.2,8.8,45.4,23.7,9.5
2018-06-09,35,3.1,7.0,46.5,23.6,9.6
2018-06-09,36,3.1,5.4,47.3,24.0,10.1
2018-06-09,37,3.2,4.0,47.3,24.5,10.6
2018-06-09,38,3.1,2.7,48.0,25.0,10.6
2018-06-09,39,2.8,1.6,48.5,25.7,10.7
2018-06-09,40,2.7,0.8,48.8,26.3,11.1
2018-06-09,41,2.8,0.2,49.1,26.8,10.9
2018-06-09,42,2.9,0.1,49.4,26.9,10.7
2018-06-09,43,2.6,0.0,48.9,27.0,11.3
2018-06-09,44,2.6,0.0,47.7,28.1,11.8
2018-06-09,45,2.8,0.0,46.0,29.5,11.6
2018-06-09,46,3.4,0.0,42.6,30.9,12.6
2018-06-09,47,3.4,0.0,42.0,31.6,12.5
2018-06-09,48,3.2,0.0,38.3,33.7,14.0
2018-06-10,1,3.4,0.0,37.9,33.9,14.6
2018-06-10,2,3.3,0.0,37.4,34.3,14.9
2018-06-10,3,2.6,0.0,38.0,34.0,14.8
2018-06-10,4,3.1,0.0,36.9,34.3,14.9
2018-06-10,5,3.0,0.0,36.5,34.9,15.3
2018-06-10,6,3.2,0.0,35.6,34.9,15.3
2018-06-10,7,3.2,0.0,35.4,35.2,15.2
2018-06-10,8,3.4,0.1,34.7,35.7,15.5
2018-06-10,9,3.6,0.4,34.6,35.8,15.2
2018-06-10,10,3.9,1.0,34.2,35.5,15.2
2018-06-10,11,3.9,2.0,34.7,34.4,15.0
2018-06-10,12,3.4,3.3,35.1,33.6,14.2
2018-06-10,13,2.8,4.6,37.1,32.1,13.2
2018-06-10,14,2.5,6.2,37.2,31.0,13.0
2018-06-10,15,2.5,8.0,36.1,30.2,13.2
2018-06-10,16,2.5,9.5,36.2,28.6,11.7
2018-06-10,17,2.5,11.0,36.3,27.1,10.8
2018-06-10,18,2.6,12.7,35.9,26.2,10.0
2018-06-10,19,2.6,14.3,36.0,25.3,9.5
2018-06-10,20,2.5,16.0,36.4,24.9,9.2
2018-06-10,21,2.6,17.6,36.3,24.3,9.1
2018-06-10,22,3.0,19.1,35.5,23.9,8.9
2018-06-10,23,3.1,20.6,34.7,23.6,8.8
2018-06-10,24,3.4,21.9,34.1,23.6,8.8
2018-06-10,25,3.5,23.2,32.7,24.2,8.5
2018-06-10,26,3.5,23.7,31.3,24.7,8.7
2018-06-10,27,3.8,23.5,31.4,25.0,8.8
2018-06-10,28,4.2,22.8,31.2,25.4,9.0
2018-06-10,29,4.7,21.5,31.2,25.6,9.5
2018-06-10,30,4.9,19.6,32.9,25.7,9.4
2018-06-10,31,5.5,17.3,33.2,25.6,10.5
2018-06-10,32,5.5,14.8,36.0,25.2,10.2
2018-06-10,33,5.9,12.3,38.2,24.7,10.1
2018-06-10,34,6.0,10.2,40.3,24.6,10.0
2018-06-10,35,6.1,8.2,41.5,24.7,10.2
2018-06-10,36,5.9,6.3,41.9,24.9,10.6
2018-06-10,37,5.7,4.5,42.4,25.1,11.1
2018-06-10,38,5.7,3.0,43.1,25.7,11.6
2018-06-10,39,5.4,1.7,43.6,26.4,12.1
2018-06-10,40,5.5,0.7,44.2,26.7,12.4
2018-06-10,41,5.7,0.2,44.3,27.1,12.4
2018-06-10,42,6.0,0.0,43.8,27.5,12.5
2018-06-10,43,5.6,0.0,45.2,27.6,11.5
2018-06-10,44,5.1,0.0,44.3,29.0,12.0
2018-06-10,45,5.5,0.0,43.1,31.0,11.0
2018-06-10,46,6.8,0.0,39.6,32.4,12.0
2018-06-10,47,7.0,0.0,39.0,33.5,11.5
2018-06-10,48,5.9,0.0,37.0,33.7,14.2
2018-06-11,1,5.6,0.0,37.0,34.0,14.3
2018-06-11,2,4.9,0.0,37.5,34.3,14.5
2018-06-11,3,3.9,0.0,38.9,35.0,13.4
2018-06-11,4,5.8,0.0,38.2,34.4,12.9
2018-06-11,5,6.3,0.0,38.4,34.6,11.8
2018-06-11,6,7.1,0.0,37.7,34.6,11.9
2018-06-11,7,7.6,0.0,34.6,34.8,14.3
2018-06-11,8,7.9,0.1,34.0,35.2,14.1
2018-06-11,9,7.7,0.5,38.3,33.7,11.2
2018-06-11,10,7.2,1.4,40.0,32.6,10.7
2018-06-11,11,6.9,2.7,42.1,31.2,9.3
2018-06-11,12,6.0,4.0,45.1,28.3,8.1
2018-06-11,13,5.3,5.3,47.0,25.4,8.5
2018-06-11,14,4.7,6.8,48.9,23.8,7.3
2018-06-11,15,4.8,8.5,47.3,22.7,8.6
2018-06-11,16,4.9,10.6,45.9,22.4,8.5
2018-06-11,17,5.1,12.6,45.0,22.0,7.6
2018-06-11,18,5.1,14.5,43.4,21.6,7.5
2018-06-11,19,5.1,16.4,42.9,21.5,7.0
2018-06-11,20,4.7,18.1,41.8,21.4,7.0
2018-06-11,21,4.7,19.3,42.9,21.1,4.7
2018-06-11,22,4.7,20.4,42.3,21.0,4.6
2018-06-11,23,4.7,21.0,41.6,20.8,4.8
2018-06-11,24,5.0,21.4,41.4,20.7,4.7
2018-06-11,25,5.1,21.7,41.1,20.8,5.3
2018-06-11,26,5.3,21.7,40.3,20.9,5.4
2018-06-11,27,5.6,21.3,39.6,21.1,6.1
2018-06-11,28,6.1,20.5,39.8,21.2,6.2
2018-06-11,29,6.6,19.5,38.0,21.4,7.7
2018-06-11,30,7.2,18.1,38.3,21.4,7.7
2018-06-11,31,7.4,16.2,39.4,21.3,8.2
2018-06-11,32,7.7,14.2,40.9,21.2,8.1
2018-06-11,33,8.1,12.2,42.2,21.2,7.6
2018-06-11,34,8.2,10.2,43.2,21.6,7.7
2018-06-11,35,8.4,8.1,44.1,21.9,8.4
2018-06-11,36,8.9,6.2,44.8,22.3,8.6
2018-06-11,37,9.0,4.5,45.6,22.8,8.6
2018-06-11,38,9.2,2.9,46.4,23.2,8.9
2018-06-11,39,9.4,1.6,47.1,23.8,8.6
2018-06-11,40,9.5,0.7,46.8,24.4,9.0
2018-06-11,41,9.4,0.2,46.9,24.8,9.2
2018-06-11,42,8.8,0.0,46.8,25.5,9.5
2018-06-11,43,7.6,0.0,46.3,26.3,9.9
2018-06-11,44,7.1,0.0,45.0,27.8,10.7
2018-06-11,45,7.4,0.0,42.9,29.4,12.1
2018-06-11,46,8.6,0.0,40.1,30.8,13.1
2018-06-11,47,8.8,0.0,39.6,31.5,13.4
2018-06-11,48,7.8,0.0,37.6,32.4,14.2
2018-06-12,1,7.7,0.0,37.3,32.7,14.3
2018-06-12,2,7.4,0.0,37.8,32.7,14.4
2018-06-12,3,8.5,0.0,36.7,32.3,13.6
2018-06-12,4,7.5,0.0,36.8,33.1,13.9
2018-06-12,5,7.2,0.0,36.5,33.3,14.5
2018-06-12,6,7.2,0.0,36.4,33.3,14.2
2018-06-12,7,7.9,0.0,36.5,33.2,14.0
2018-06-12,8,8.4,0.0,35.4,33.6,14.2
2018-06-12,9,8.6,0.0,37.7,33.2,13.8
2018-06-12,10,8.1,0.0,40.8,31.9,13.3
2018-06-12,11,7.3,1.4,43.9,30.0,12.5
2018-06-12,12,6.5,2.8,46.2,27.1,11.2
2018-06-12,13,5.6,4.1,50.0,24.3,8.1
2018-06-12,14,5.6,4.8,51.8,23.0,6.8
2018-06-12,15,5.4,5.6,50.6,22.1,8.3
2018-06-12,16,4.8,6.8,50.4,21.8,8.5
2018-06-12,17,5.0,7.9,49.4,21.2,8.3
2018-06-12,18,5.2,9.1,48.9,21.0,8.2
2018-06-12,19,5.4,10.2,48.4,20.7,8.2
2018-06-12,20,5.6,11.1,48.0,20.3,8.2
2018-06-12,21,5.5,11.8,48.0,20.2,8.1
2018-06-12,22,5.7,12.1,47.8,20.1,8.1
2018-06-12,23,5.4,12.3,47.6,20.2,8.1
2018-06-12,24,5.8,12.4,47.1,20.7,8.1
2018-06-12,25,5.6,12.4,47.6,21.0,7.2
2018-06-12,26,5.6,12.2,47.9,21.2,7.2
2018-06-12,27,6.1,12.0,47.7,21.2,6.9
2018-06-12,28,6.0,11.7,47.5,21.4,7.0
2018-06-12,29,5.9,11.2,46.5,21.5,8.3
2018-06-12,30,5.8,10.4,47.0,21.3,8.3
2018-06-12,31,6.3,9.6,48.1,21.1,8.2
2018-06-12,32,6.8,8.7,47.9,21.0,8.1
2018-06-12,33,6.5,7.7,48.1,20.7,8.2
2018-06-12,34,6.8,6.5,48.2,20.5,8.3
2018-06-12,35,7.3,5.4,48.8,20.6,8.3
2018-06-12,36,7.5,4.4,49.6,20.9,8.4
2018-06-12,37,7.5,3.4,50.0,21.5,8.6
2018-06-12,38,7.4,2.3,50.6,22.2,8.6
2018-06-12,39,7.2,1.4,51.5,22.7,8.8
2018-06-12,40,7.2,0.6,51.0,23.6,9.2
2018-06-12,41,7.2,0.2,50.6,24.0,9.3
2018-06-12,42,6.8,0.0,50.2,24.6,9.6
2018-06-12,43,6.7,0.0,48.5,25.3,9.8
2018-06-12,44,6.1,0.0,46.6,27.0,10.5
2018-06-12,45,5.9,0.0,47.0,28.8,10.7
2018-06-12,46,6.5,0.0,45.3,30.2,11.7
2018-06-12,47,6.2,0.0,45.3,31.0,11.8
2018-06-12,48,5.1,0.0,42.8,31.7,13.1
2018-06-13,1,4.6,0.0,42.6,32.0,14.1
2018-06-13,2,4.5,0.0,43.3,32.5,13.3
2018-06-13,3,4.6,0.0,43.1,33.4,12.2
2018-06-13,4,4.5,0.0,43.4,34.3,10.7
2018-06-13,5,4.5,0.0,43.1,34.7,10.2
2018-06-13,6,4.5,0.0,43.2,34.5,10.0
2018-06-13,7,4.5,0.0,43.1,34.1,10.3
2018-06-13,8,4.5,0.0,43.3,33.7,10.5
2018-06-13,9,4.6,0.1,43.3,33.3,10.7
2018-06-13,10,4.5,0.5,43.3,33.0,10.8
2018-06-13,11,4.4,1.1,43.5,32.5,10.7
2018-06-13,12,4.3,2.3,43.2,32.0,10.4
2018-06-13,13,4.4,3.8,43.1,31.2,9.9
2018-06-13,14,4.5,5.7,43.0,29.9,9.4
2018-06-13,15,4.5,7.6,44.0,27.4,9.3
2018-06-13,16,4.4,9.3,45.3,24.6,9.0
2018-06-13,17,4.4,10.5,47.1,22.1,8.6
2018-06-13,18,4.5,11.6,48.0,20.5,7.7
2018-06-13,19,4.8,12.5,48.4,19.6,7.1
2018-06-13,20,5.2,13.3,47.9,19.1,6.7
2018-06-13,21,5.7,14.0,47.2,18.9,6.7
2018-06-13,22,6.3,14.7,46.1,18.9,6.6
2018-06-13,23,6.9,15.1,45.0,19.1,6.6
2018-06-13,24,7.6,15.4,43.8,19.3,6.7
2018-06-13,25,8.2,15.5,43.0,19.4,6.6
2018-06-13,26,8.8,15.4,42.6,19.4,6.6
2018-06-13,27,9.5,15.2,42.3,19.3,6.6
2018-06-13,28,10.3,14.8,42.1,19.3,6.6
2018-06-13,29,11.3,14.2,41.8,19.3,6.5
2018-06-13,30,12.6,13.6,40.7,19.6,6.6
2018-06-13,31,14.2,12.9,39.2,20.1,6.7
2018-06-13,32,15.9,12.1,37.7,20.4,6.9
2018-06-13,33,17.5,11.0,36.9,20.6,6.9
2018-06-13,34,18.9,9.7,36.6,20.6,7.0
2018-06-13,35,20.2,8.3,36.4,20.6,7.0
2018-06-13,36,21.3,6.8,36.5,20.6,7.0
2018-06-13,37,22.3,5.4,36.6,20.6,7.0
2018-06-13,38,23.4,4.2,36.4,20.7,7.0
2018-06-13,39,24.6,3.0,36.0,20.8,7.1
2018-06-13,40,25.8,2.0,35.5,21.0,7.1
2018-06-13,41,27.2,1.2,34.7,21.1,7.2
2018-06-13,42,28.5,0.6,33.9,21.2,7.2
2018-06-13,43,30.1,0.2,32.8,21.5,6.7
2018-06-13,44,31.6,0.1,31.5,21.9,6.0
2018-06-13,45,33.0,0.0,30.2,22.3,5.4
2018-06-13,46,34.0,0.0,28.8,22.6,5.4
2018-06-13,47,35.2,0.0,26.8,23.2,5.7
2018-06-13,48,38.8,0.0,19.9,33.0,2.9
2018-06-14,1,38.2,0.0,20.5,33.4,2.4
2018-06-14,2,37.8,0.0,19.6,34.4,2.4
2018-06-14,3,37.2,0.0,19.7,34.3,2.4
2018-06-14,4,39.6,0.0,17.5,34.3,2.4
2018-06-14,5,40.5,0.0,16.5,34.3,2.4
2018-06-14,6,41.2,0.0,16.1,34.7,2.4
2018-06-14,7,40.6,0.0,17.3,33.8,2.4
2018-06-14,8,40.4,0.0,17.0,34.2,2.4
2018-06-14,9,41.1,0.2,16.7,34.0,2.4
2018-06-14,10,41.0,0.6,18.1,32.1,2.3
2018-06-14,11,38.6,1.1,21.0,30.1,3.0
2018-06-14,12,37.4,1.8,24.0,27.9,2.8
2018-06-14,13,35.4,2.5,24.4,25.2,8.1
2018-06-14,14,34.1,3.2,26.6,23.8,7.6
2018-06-14,15,34.5,4.0,25.8,22.7,8.6
2018-06-14,16,33.6,5.1,25.2,22.9,8.7
2018-06-14,17,32.6,6.2,26.1,22.9,7.8
2018-06-14,18,32.4,7.4,25.8,22.7,7.6
2018-06-14,19,32.6,8.9,24.5,22.5,7.5
2018-06-14,20,32.6,10.5,23.7,22.0,7.2
2018-06-14,21,32.4,12.3,23.2,21.4,7.0
2018-06-14,22,32.1,14.1,22.4,21.1,6.6
2018-06-14,23,31.6,16.2,21.2,21.1,6.0
2018-06-14,24,31.3,18.1,19.9,20.9,6.0
2018-06-14,25,30.3,19.8,19.4,20.8,5.6
2018-06-14,26,29.5,21.0,18.5,20.9,5.7
2018-06-14,27,29.2,21.6,18.2,21.1,5.6
2018-06-14,28,28.3,21.6,19.3,21.4,5.3
2018-06-14,29,27.6,20.8,20.7,21.5,5.5
2018-06-14,30,27.3,19.2,22.6,21.2,5.5
2018-06-14,31,26.0,17.3,24.7,20.9,6.7
2018-06-14,32,24.6,15.2,28.9,20.4,6.6
2018-06-14,33,23.8,13.2,31.2,19.9,7.1
2018-06-14,34,23.3,11.1,33.8,19.9,7.4
2018-06-14,35,22.7,8.9,35.6,19.8,8.1
2018-06-14,36,22.3,6.8,37.2,20.0,8.6
2018-06-14,37,20.8,5.0,38.9,21.0,9.1
2018-06-14,38,19.0,3.4,40.5,21.6,9.3
2018-06-14,39,17.5,2.0,42.4,22.1,9.1
2018-06-14,40,16.9,1.0,43.9,22.6,9.3
2018-06-14,41,16.2,0.3,44.7,23.3,9.6
2018-06-14,42,16.6,0.1,44.5,23.5,9.6
2018-06-14,43,16.6,0.0,45.2,23.7,8.5
2018-06-14,44,16.6,0.0,43.1,24.6,8.8
2018-06-14,45,18.2,0.0,40.0,25.8,9.9
2018-06-14,46,20.8,0.0,37.3,25.9,10.4
2018-06-14,47,21.9,0.0,35.3,26.5,11.1
2018-06-14,48,20.7,0.0,35.8,28.1,9.5
2018-06-15,1,22.8,0.0,33.2,28.3,9.6
2018-06-15,2,24.0,0.0,30.6,29.2,9.9
2018-06-15,3,23.2,0.0,30.6,30.4,9.2
2018-06-15,4,23.4,0.0,29.5,30.9,9.2
2018-06-15,5,23.5,0.0,29.4,31.1,9.3
2018-06-15,6,22.5,0.0,30.1,31.3,9.4
2018-06-15,7,21.9,0.0,29.6,31.4,9.6
2018-06-15,8,21.1,0.1,28.4,32.0,9.7
2018-06-15,9,19.2,0.7,29.3,31.5,10.3
2018-06-15,10,17.4,1.6,33.0,29.4,9.8
2018-06-15,11,15.2,2.9,35.5,26.6,10.9
2018-06-15,12,13.5,4.3,38.4,24.3,9.5
2018-06-15,13,12.3,5.7,42.5,22.0,6.6
2018-06-15,14,11.5,7.2,44.5,20.9,5.6
2018-06-15,15,10.8,8.7,43.1,20.5,6.5
2018-06-15,16,10.9,10.4,41.9,20.2,6.4
2018-06-15,17,11.1,11.9,41.7,19.7,6.6
2018-06-15,18,11.2,13.3,40.4,19.5,6.5
2018-06-15,19,11.0,14.3,40.5,19.5,5.6
2018-06-15,20,11.1,15.0,40.3,19.4,5.6
2018-06-15,21,11.1,15.6,40.6,19.4,5.2
2018-06-15,22,10.7,15.9,40.3,19.3,5.2
2018-06-15,23,10.7,16.0,40.6,19.2,5.5
2018-06-15,24,11.0,15.9,40.4,18.9,5.5
2018-06-15,25,11.5,15.8,40.5,18.9,5.6
2018-06-15,26,11.4,15.5,40.5,19.0,5.7
2018-06-15,27,11.4,15.0,40.8,19.2,6.0
2018-06-15,28,11.2,14.5,40.5,19.5,6.1
2018-06-15,29,10.8,13.9,41.0,19.6,6.6
2018-06-15,30,10.7,13.2,41.6,19.5,6.6
2018-06-15,31,10.7,12.3,41.8,19.4,7.5
2018-06-15,32,9.8,11.2,42.8,19.4,7.6
2018-06-15,33,9.1,9.8,43.2,19.4,8.6
2018-06-15,34,8.9,8.4,43.9,19.7,8.7
2018-06-15,35,8.5,6.9,44.6,20.2,8.8
2018-06-15,36,7.9,5.5,45.9,21.0,9.0
2018-06-15,37,7.5,4.0,47.1,21.6,9.6
2018-06-15,38,7.0,2.6,48.0,22.1,10.2
2018-06-15,39,6.8,1.5,48.7,22.5,10.7
2018-06-15,40,7.1,0.7,49.0,23.3,11.4
2018-06-15,41,7.4,0.2,49.8,23.4,10.0
2018-06-15,42,7.6,0.1,50.2,23.7,9.6
2018-06-15,43,8.0,0.0,49.7,24.0,9.7
2018-06-15,44,8.1,0.0,48.9,25.1,10.1
2018-06-15,45,8.5,0.0,47.1,26.6,12.0
2018-06-15,46,9.1,0.0,45.0,27.9,13.2
2018-06-15,47,9.2,0.0,44.8,28.4,13.8
2018-06-15,48,9.0,0.0,44.3,29.6,12.7
2018-06-16,1,8.7,0.0,43.9,30.0,12.9
2018-06-16,2,9.3,0.0,43.6,29.6,13.0
2018-06-16,3,10.8,0.0,43.4,29.2,12.1
2018-06-16,4,9.6,0.0,43.1,30.1,12.5
2018-06-16,5,9.8,0.0,42.4,30.6,12.4
2018-06-16,6,10.5,0.0,41.6,30.7,12.4
2018-06-16,7,11.0,0.0,41.9,30.9,11.4
2018-06-16,8,12.5,0.0,39.9,31.2,11.5
2018-06-16,9,13.2,0.2,38.6,31.5,11.6
2018-06-16,10,13.8,0.7,38.0,31.2,11.4
2018-06-16,11,13.8,1.4,37.4,29.8,12.7
2018-06-16,12,14.8,2.4,36.6,29.1,12.3
2018-06-16,13,15.2,3.6,34.8,28.8,12.0
2018-06-16,14,14.5,5.0,35.7,27.2,11.6
2018-06-16,15,14.5,6.3,36.0,25.2,12.4
2018-06-16,16,12.2,7.7,39.1,24.5,11.4
2018-06-16,17,11.8,8.9,40.1,23.6,10.4
2018-06-16,18,12.5,9.8,39.9,23.0,10.0
2018-06-16,19,12.9,10.6,38.9,22.7,10.0
2018-06-16,20,13.1,11.3,38.3,22.7,10.0
2018-06-16,21,13.7,11.9,37.0,22.9,10.1
2018-06-16,22,14.3,12.3,35.6,23.0,10.1
2018-06-16,23,14.1,12.7,36.0,22.9,9.6
2018-06-16,24,14.4,13.1,35.2,23.1,9.7
2018-06-16,25,15.7,13.3,33.7,23.2,9.7
2018-06-16,26,16.1,13.4,31.8,23.9,10.5
2018-06-16,27,16.6,13.4,31.2,23.7,10.6
2018-06-16,28,16.9,13.5,30.5,24.0,10.5
2018-06-16,29,17.5,13.4,29.6,24.1,10.6
2018-06-16,30,17.5,13.3,28.9,24.4,10.9
2018-06-16,31,18.0,12.7,29.2,24.0,11.1
2018-06-16,32,18.8,12.0,29.2,23.7,10.8
2018-06-16,33,19.5,10.8,29.6,23.6,10.5
2018-06-16,34,20.6,9.3,30.0,23.8,10.1
2018-06-16,35,21.5,7.5,30.4,24.2,10.2
2018-06-16,36,21.3,6.1,29.6,25.2,11.0
2018-06-16,37,21.2,4.4,31.0,25.4,11.2
2018-06-16,38,20.5,3.0,31.7,25.9,11.8
2018-06-16,39,20.5,1.8,31.8,26.4,12.1
2018-06-16,40,20.4,0.8,32.1,26.9,12.7
2018-06-16,41,19.4,0.3,32.7,27.1,12.8
2018-06-16,42,18.3,0.0,34.2,27.0,12.8
2018-06-16,43,16.3,0.0,35.7,27.2,12.6
2018-06-16,44,16.7,0.0,35.4,27.7,12.9
2018-06-16,45,17.7,0.0,32.7,29.3,13.6
2018-06-16,46,18.1,0.0,28.7,31.0,15.0
2018-06-16,47,18.6,0.0,27.6,31.7,15.3
2018-06-16,48,21.3,0.0,24.6,33.4,14.0
2018-06-17,1,21.4,0.0,25.2,34.2,13.3
2018-06-17,2,21.5,0.0,25.2,34.3,12.8
2018-06-17,3,21.7,0.0,26.4,33.7,12.1
2018-06-17,4,20.3,0.0,26.7,34.3,12.5
2018-06-17,5,18.9,0.0,29.6,34.8,10.5
2018-06-17,6,18.8,0.0,31.0,34.2,9.8
2018-06-17,7,18.5,0.0,30.8,34.3,9.8
2018-06-17,8,18.9,0.1,29.0,35.1,10.4
2018-06-17,9,18.2,0.3,29.2,35.3,10.5
2018-06-17,10,17.2,0.8,29.4,35.0,11.4
2018-06-17,11,16.5,1.7,30.6,33.7,11.5
2018-06-17,12,15.7,2.9,31.2,33.6,11.1
2018-06-17,13,14.6,4.3,32.4,32.0,11.5
2018-06-17,14,14.3,5.9,32.1,31.3,11.1
2018-06-17,15,13.5,7.5,31.6,29.3,11.4
2018-06-17,16,12.6,9.0,33.8,27.5,10.3
2018-06-17,17,11.7,10.3,34.7,26.1,10.4
2018-06-17,18,11.2,11.5,35.6,25.2,9.7
2018-06-17,19,11.5,12.2,35.1,24.3,10.4
2018-06-17,20,10.8,12.9,35.2,24.0,10.3
2018-06-17,21,10.8,12.9,36.2,23.5,10.0
2018-06-17,22,11.2,12.7,36.5,23.3,9.9
2018-06-17,23,12.0,12.2,37.5,23.1,9.8
2018-06-17,24,12.5,11.7,37.8,23.1,9.7
2018-06-17,25,13.7,11.2,37.2,23.3,9.4
2018-06-17,26,14.7,10.7,36.1,23.9,9.9
2018-06-17,27,14.9,9.9,36.4,24.2,10.2
2018-06-17,28,15.1,9.0,36.3,24.3,10.7
2018-06-17,29,16.6,7.9,36.6,23.8,10.6
2018-06-17,30,17.7,7.0,36.3,23.5,10.8
2018-06-17,31,18.5,6.1,36.1,23.1,11.6
2018-06-17,32,18.4,5.2,36.9,23.0,11.5
2018-06-17,33,18.5,4.3,38.1,22.7,11.2
2018-06-17,34,18.4,3.5,38.4,23.1,11.1
2018-06-17,35,18.6,2.8,38.5,22.8,11.3
2018-06-17,36,19.3,2.1,38.2,22.8,11.9
2018-06-17,37,20.1,1.6,36.0,23.2,12.6
2018-06-17,38,20.7,1.0,35.6,23.5,12.7
2018-06-17,39,20.7,0.6,35.0,24.4,13.0
2018-06-17,40,20.9,0.3,34.9,25.0,13.2
2018-06-17,41,20.9,0.1,35.3,25.3,12.9
2018-06-17,42,21.9,0.0,33.8,25.5,13.0
2018-06-17,43,22.6,0.0,32.0,26.3,12.8
2018-06-17,44,23.2,0.0,29.2,27.8,13.5
2018-06-17,45,25.3,0.0,26.7,29.4,12.2
2018-06-17,46,28.8,0.0,22.1,30.1,12.5
2018-06-17,47,30.2,0.0,21.0,30.7,11.9
2018-06-17,48,27.3,0.0,22.5,30.8,13.5
2018-06-18,1,26.0,0.0,23.3,31.6,13.0
2018-06-18,2,25.5,0.0,23.7,31.5,13.1
2018-06-18,3,26.8,0.0,22.8,31.5,12.9
2018-06-18,4,25.3,0.0,23.0,32.3,13.3
2018-06-18,5,25.1,0.0,23.7,32.1,12.9
2018-06-18,6,26.0,0.0,24.3,30.8,12.6
2018-06-18,7,26.2,0.0,23.7,30.9,12.6
2018-06-18,8,25.0,0.1,24.1,31.3,12.4
2018-06-18,9,24.3,0.3,25.8,30.5,12.0
2018-06-18,10,23.5,0.8,27.2,29.2,11.4
2018-06-18,11,22.3,1.6,31.2,27.0,9.9
2018-06-18,12,21.6,2.5,34.3,24.3,8.8
2018-06-18,13,20.7,3.5,36.7,22.2,8.2
2018-06-18,14,20.7,4.7,38.0,21.0,6.9
2018-06-18,15,20.5,6.2,37.7,20.1,6.0
2018-06-18,16,20.3,7.9,36.0,20.0,5.9
2018-06-18,17,19.9,9.8,35.2,19.5,5.7
2018-06-18,18,19.5,11.8,34.9,19.2,5.7
2018-06-18,19,19.3,13.9,33.4,19.0,5.5
2018-06-18,20,18.9,16.0,31.7,18.8,5.6
2018-06-18,21,18.9,17.8,30.7,18.7,5.3
2018-06-18,22,18.7,19.0,30.4,18.6,5.2
2018-06-18,23,18.3,19.5,31.1,18.5,5.0
2018-06-18,24,18.8,19.5,30.7,18.5,4.9
2018-06-18,25,18.8,19.5,30.6,18.6,4.9
2018-06-18,26,18.4,19.3,30.5,18.9,5.1
2018-06-18,27,19.1,18.1,30.9,18.8,5.5
2018-06-18,28,19.5,16.5,32.2,19.0,5.6
2018-06-18,29,19.6,14.7,33.9,18.7,5.6
2018-06-18,30,20.1,12.9,35.5,18.1,5.5
2018-06-18,31,21.6,11.0,36.1,17.9,5.4
2018-06-18,32,22.6,9.2,36.6,17.7,5.4
2018-06-18,33,22.6,7.5,36.9,17.9,6.1
2018-06-18,34,23.3,5.8,37.2,17.9,6.5
2018-06-18,35,24.2,4.5,37.1,18.2,6.9
2018-06-18,36,24.2,3.3,37.5,18.6,7.3
2018-06-18,37,23.8,2.3,37.0,19.8,7.6
2018-06-18,38,23.9,1.4,37.0,20.0,7.7
2018-06-18,39,24.8,0.7,37.0,20.7,8.0
2018-06-18,40,25.6,0.3,35.3,21.7,8.3
2018-06-18,41,25.8,0.1,34.9,21.9,8.2
2018-06-18,42,26.0,0.0,34.2,22.5,8.5
2018-06-18,43,26.7,0.0,32.8,23.2,8.0
2018-06-18,44,28.7,0.0,30.9,24.3,8.2
2018-06-18,45,29.7,0.0,29.2,26.2,7.9
2018-06-18,46,29.3,0.0,25.6,28.9,9.0
2018-06-18,47,29.8,0.0,24.6,29.6,8.9
2018-06-18,48,32.4,0.0,21.8,29.9,8.7
2018-06-19,1,30.8,0.0,23.9,29.3,8.6
2018-06-19,2,31.1,0.0,24.5,28.7,8.5
2018-06-19,3,32.9,0.0,23.1,28.3,8.5
2018-06-19,4,29.2,0.0,24.7,29.7,8.8
2018-06-19,5,26.4,0.0,27.7,29.1,8.8
2018-06-19,6,25.3,0.0,29.3,28.5,8.7
2018-06-19,7,23.8,0.0,30.4,29.0,8.7
2018-06-19,8,23.1,0.1,31.0,29.0,8.8
2018-06-19,9,21.4,0.3,32.6,28.8,9.3
2018-06-19,10,20.3,1.0,34.6,27.6,8.8
2018-06-19,11,16.7,1.9,39.9,24.9,8.7
2018-06-19,12,14.4,2.9,43.4,22.6,7.5
2018-06-19,13,12.0,3.7,47.8,20.5,6.5
2018-06-19,14,11.1,4.8,49.5,19.3,5.6
2018-06-19,15,10.4,5.9,49.8,18.6,5.2
2018-06-19,16,9.6,7.2,50.0,18.1,5.1
2018-06-19,17,8.9,8.4,49.3,17.7,5.4
2018-06-19,18,8.9,9.7,49.1,17.6,5.4
2018-06-19,19,8.6,10.7,49.2,17.6,5.4
2018-06-19,20,8.6,11.4,48.9,17.6,5.4
2018-06-19,21,8.8,11.7,48.7,17.5,5.4
2018-06-19,22,8.8,11.8,48.4,17.4,5.4
2018-06-19,23,8.9,11.9,49.3,17.7,3.6
2018-06-19,24,8.6,11.7,49.3,17.6,4.5
2018-06-19,25,8.5,11.3,49.8,17.5,4.8
2018-06-19,26,8.5,11.2,49.7,17.7,4.8
2018-06-19,27,8.5,11.0,50.0,17.4,5.4
2018-06-19,28,8.7,10.8,50.5,17.4,5.5
2018-06-19,29,8.6,10.4,50.7,17.4,5.4
2018-06-19,30,8.2,9.6,50.7,17.4,5.4
2018-06-19,31,8.1,8.9,51.1,17.3,5.7
2018-06-19,32,7.9,8.2,51.7,17.2,5.6
2018-06-19,33,7.7,7.3,51.3,17.1,5.5
2018-06-19,34,8.0,6.2,51.8,17.5,5.6
2018-06-19,35,9.1,5.0,51.5,18.3,5.9
2018-06-19,36,10.4,3.9,51.0,18.8,6.3
2018-06-19,37,11.7,2.9,51.6,19.1,6.7
2018-06-19,38,12.9,1.9,50.0,19.7,7.4
2018-06-19,39,14.5,1.1,48.8,20.3,7.9
2018-06-19,40,16.0,0.5,47.1,21.0,8.1
2018-06-19,41,16.7,0.1,45.0,21.6,8.5
2018-06-19,42,17.6,0.0,43.5,22.1,8.6
2018-06-19,43,18.4,0.0,40.8,22.9,9.0
2018-06-19,44,19.9,0.0,37.3,24.3,9.5
2018-06-19,45,22.4,0.0,33.7,26.0,9.4
2018-06-19,46,25.3,0.0,29.2,27.4,9.9
2018-06-19,47,27.1,0.0,27.2,27.6,10.2
2018-06-19,48,25.8,0.0,25.0,29.4,9.2
2018-06-20,1,25.6,0.0,25.8,28.8,9.2
2018-06-20,2,27.1,0.0,24.4,29.0,9.3
2018-06-20,3,29.4,0.0,22.6,29.0,9.3
2018-06-20,4,19.2,0.0,24.8,34.3,10.9
2018-06-20,5,28.5,0.0,22.0,30.2,9.8
2018-06-20,6,28.2,0.0,21.7,30.7,9.9
2018-06-20,7,28.2,0.0,21.9,31.6,8.8
2018-06-20,8,27.7,0.1,22.1,32.1,8.8
2018-06-20,9,28.9,0.2,22.8,31.2,7.7
2018-06-20,10,30.2,0.6,22.5,29.9,7.5
2018-06-20,11,27.8,1.2,23.9,28.0,9.9
2018-06-20,12,25.9,2.0,28.0,25.7,9.1
2018-06-20,13,23.7,2.8,37.9,23.0,3.7
2018-06-20,14,22.3,3.7,40.6,21.6,2.8
2018-06-20,15,21.2,4.8,41.5,20.8,3.8
2018-06-20,16,20.9,6.2,40.5,20.6,3.6
2018-06-20,17,20.4,7.3,40.4,20.0,4.1
2018-06-20,18,20.6,8.2,40.3,19.8,4.1
2018-06-20,19,20.6,9.2,39.3,19.8,4.4
2018-06-20,20,20.7,10.2,39.4,19.6,4.3
2018-06-20,21,20.0,11.4,38.5,19.8,4.8
2018-06-20,22,19.4,12.1,38.8,19.5,4.8
2018-06-20,23,19.4,12.4,38.5,19.3,5.0
2018-06-20,24,19.1,12.7,38.3,19.5,5.0
2018-06-20,25,18.7,13.0,38.3,19.5,5.5
2018-06-20,26,18.9,13.2,37.7,19.6,5.5
2018-06-20,27,18.7,13.1,37.9,19.6,5.6
2018-06-20,28,19.3,12.8,37.5,19.8,5.6
2018-06-20,29,17.8,12.6,39.5,20.2,4.5
2018-06-20,30,17.0,11.9,41.3,19.9,4.4
2018-06-20,31,16.4,11.2,42.3,19.7,4.7
2018-06-20,32,14.8,10.4,44.2,19.6,4.7
2018-06-20,33,13.8,9.4,45.2,19.6,5.4
2018-06-20,34,14.6,8.1,46.9,20.2,3.7
2018-06-20,35,13.9,6.4,47.5,20.3,5.6
2018-06-20,36,13.5,4.8,48.5,20.6,6.0
2018-06-20,37,13.7,3.5,49.3,21.1,5.8
2018-06-20,38,14.0,2.3,49.7,21.4,5.9
2018-06-20,39,14.7,1.3,49.3,21.9,6.0
2018-06-20,40,15.6,0.6,48.1,22.3,6.6
2018-06-20,41,15.6,0.2,48.5,22.8,5.8
2018-06-20,42,15.6,0.0,47.8,23.5,6.0
2018-06-20,43,15.7,0.0,47.9,24.4,4.5
2018-06-20,44,15.8,0.0,43.9,25.7,4.8
2018-06-20,45,16.2,0.0,39.7,27.8,7.1
2018-06-20,46,16.8,0.0,34.8,30.2,8.3
2018-06-20,47,17.9,0.0,30.8,31.4,9.7
2018-06-20,48,23.5,0.0,25.5,31.9,9.3
2018-06-21,1,26.2,0.0,23.3,32.0,8.9
2018-06-21,2,28.1,0.0,20.2,32.5,9.0
2018-06-21,3,29.2,0.0,18.8,33.3,8.7
2018-06-21,4,30.6,0.0,18.3,33.2,8.0
2018-06-21,5,34.0,0.0,18.6,32.8,4.5
2018-06-21,6,34.3,0.0,18.1,33.2,4.2
2018-06-21,7,34.5,0.0,18.1,33.4,3.8
2018-06-21,8,34.6,0.2,17.4,33.7,3.9
2018-06-21,9,33.7,0.8,18.7,32.7,4.1
2018-06-21,10,32.1,2.0,19.8,31.6,4.6
2018-06-21,11,30.9,3.3,22.3,29.0,5.4
2018-06-21,12,29.9,4.9,24.4,27.1,5.1
2018-06-21,13,27.4,6.4,28.4,24.8,5.0
2018-06-21,14,16.9,9.2,35.0,26.2,4.7
2018-06-21,15,25.5,10.0,30.3,22.4,5.4
2018-06-21,16,25.5,12.1,28.9,22.1,5.3
2018-06-21,17,24.7,14.3,27.8,21.6,5.5
2018-06-21,18,23.4,16.5,27.2,21.4,5.5
2018-06-21,19,23.3,18.4,26.6,21.0,5.4
2018-06-21,20,22.6,20.0,26.0,20.9,5.4
2018-06-21,21,21.9,21.3,25.9,20.7,5.2
2018-06-21,22,21.1,22.2,26.1,20.5,5.1
2018-06-21,23,21.2,22.5,26.0,20.1,5.1
2018-06-21,24,21.4,22.8,25.4,20.2,5.1
2018-06-21,25,21.6,22.7,25.3,20.3,4.8
2018-06-21,26,21.5,22.7,24.5,20.6,4.9
2018-06-21,27,21.5,22.4,25.1,20.8,4.9
2018-06-21,28,21.1,22.0,25.7,21.0,5.0
2018-06-21,29,21.1,20.8,26.4,21.0,5.3
2018-06-21,30,20.5,19.4,27.8,20.9,5.2
2018-06-21,31,19.7,17.6,30.5,20.7,4.9
2018-06-21,32,18.9,15.7,33.0,20.5,4.9
2018-06-21,33,18.2,13.6,35.3,20.4,5.1
2018-06-21,34,18.2,11.7,36.8,20.6,5.2
2018-06-21,35,18.2,9.7,38.0,20.8,5.7
2018-06-21,36,18.1,7.6,40.0,21.0,5.8
2018-06-21,37,17.8,5.7,41.6,21.5,5.9
2018-06-21,38,17.4,4.0,42.9,22.1,6.1
2018-06-21,39,17.1,2.4,43.4,22.8,6.5
2018-06-21,40,17.7,1.2,43.0,23.5,6.9
2018-06-21,41,17.7,0.4,43.1,23.9,7.0
2018-06-21,42,17.6,0.1,42.9,24.4,7.4
2018-06-21,43,18.2,0.0,42.1,24.6,7.5
2018-06-21,44,18.5,0.0,40.2,26.2,8.2
2018-06-21,45,18.9,0.0,39.2,28.2,8.5
2018-06-21,46,19.0,0.0,36.7,29.7,9.4
2018-06-21,47,19.5,0.0,35.5,30.5,9.7
2018-06-21,48,15.1,0.0,36.6,32.9,9.6
2018-06-22,1,15.6,0.0,35.1,33.9,9.5
2018-06-22,2,99.1,0.0,0.4,0.4,0.1
2018-06-22,3,99.4,0.0,0.2,0.3,0.1
2018-06-22,4,22.8,0.0,30.2,32.4,8.7
2018-06-22,5,22.6,0.0,28.7,33.4,9.0
2018-06-22,6,22.5,0.0,29.1,33.3,8.8
2018-06-22,7,23.0,0.0,28.5,33.3,8.9
2018-06-22,8,22.9,0.2,27.2,33.8,9.2
2018-06-22,9,21.4,0.7,28.3,33.0,9.1
2018-06-22,10,19.2,1.8,30.6,32.0,8.3
2018-06-22,11,16.8,3.2,33.2,29.6,8.7
2018-06-22,12,15.1,4.7,36.7,26.7,7.7
2018-06-22,13,13.3,6.3,41.3,24.2,7.0
2018-06-22,14,12.8,8.0,42.8,22.6,6.2
2018-06-22,15,11.9,10.1,42.7,21.9,6.0
2018-06-22,16,11.0,12.4,42.0,21.6,5.9
2018-06-22,17,10.2,14.6,40.9,21.0,5.7
2018-06-22,18,9.9,16.7,39.5,20.7,5.6
2018-06-22,19,10.1,18.6,38.8,20.5,5.6
2018-06-22,20,10.3,20.3,37.2,20.4,5.6
2018-06-22,21,10.3,21.5,36.8,20.1,5.5
2018-06-22,22,10.2,22.6,36.5,20.0,5.4
2018-06-22,23,10.1,23.3,36.2,19.8,4.9
2018-06-22,24,10.0,23.9,36.1,19.9,4.8
2018-06-22,25,10.3,24.3,35.8,20.0,4.6
2018-06-22,26,11.1,24.4,34.6,20.2,4.6
2018-06-22,27,11.5,24.3,33.5,20.5,5.1
2018-06-22,28,11.8,23.8,33.0,20.8,5.2
2018-06-22,29,11.6,22.9,33.1,21.2,5.4
2018-06-22,30,11.4,21.1,35.0,21.1,5.4
2018-06-22,31,11.5,19.0,37.6,21.0,5.1
2018-06-22,32,11.4,16.7,39.4,20.9,5.1
2018-06-22,33,10.9,14.4,40.9,20.9,5.7
2018-06-22,34,10.9,12.1,42.7,21.1,5.7
2018-06-22,35,10.9,9.9,44.1,21.5,5.9
2018-06-22,36,10.0,7.7,45.3,22.0,6.0
2018-06-22,37,9.6,5.7,46.6,22.3,6.1
2018-06-22,38,9.5,3.9,48.0,22.7,6.2
2018-06-22,39,9.0,2.4,49.6,23.6,6.5
2018-06-22,40,8.2,1.1,50.8,24.3,6.9
2018-06-22,41,8.0,0.4,50.9,24.5,7.1
2018-06-22,42,7.9,0.1,51.6,24.8,7.2
2018-06-22,43,7.8,0.0,50.5,24.9,7.4
2018-06-22,44,8.3,0.0,48.9,25.7,8.0
2018-06-22,45,9.2,0.0,45.3,27.3,9.0
2018-06-22,46,10.2,0.0,41.2,29.0,9.6
2018-06-22,47,10.6,0.0,39.8,29.6,10.2
2018-06-22,48,10.7,0.0,37.4,31.3,10.0
2018-06-23,1,10.3,0.0,36.1,32.0,10.7
2018-06-23,2,10.5,0.0,35.8,32.0,10.9
2018-06-23,3,11.9,0.0,36.0,31.9,9.2
2018-06-23,4,10.1,0.0,36.7,32.8,9.1
2018-06-23,5,9.9,0.0,37.5,33.1,8.9
2018-06-23,6,10.4,0.0,37.4,33.1,8.9
2018-06-23,7,10.2,0.0,36.4,33.7,9.2
2018-06-23,8,10.9,0.1,34.8,34.2,9.3
2018-06-23,9,10.7,0.7,33.7,34.1,10.2
2018-06-23,10,10.4,1.7,34.2,33.3,10.0
2018-06-23,11,9.9,3.2,35.8,31.8,9.4
2018-06-23,12,9.4,5.1,36.1,30.7,9.1
2018-06-23,13,9.5,7.1,35.6,29.3,8.5
2018-06-23,14,9.8,9.2,36.4,27.6,7.5
2018-06-23,15,10.2,11.0,37.0,25.9,6.8
2018-06-23,16,10.0,12.9,36.7,24.9,6.1
2018-06-23,17,9.6,14.7,35.6,23.9,6.0
2018-06-23,18,9.5,16.6,34.7,23.3,5.8
2018-06-23,19,9.1,18.6,34.6,23.0,5.5
2018-06-23,20,9.2,20.4,34.4,22.7,5.4
2018-06-23,21,8.9,22.0,34.1,22.7,4.5
2018-06-23,22,8.8,23.2,33.8,22.6,4.4
2018-06-23,23,8.7,24.1,33.4,22.6,3.5
2018-06-23,24,9.0,24.8,32.4,22.9,3.7
2018-06-23,25,8.9,24.9,30.0,23.2,5.5
2018-06-23,26,8.7,24.9,29.8,23.8,5.7
2018-06-23,27,9.0,24.3,29.9,23.9,5.9
2018-06-23,28,8.8,23.5,30.8,24.3,6.0
2018-06-23,29,9.0,21.7,31.4,24.3,6.3
2018-06-23,30,8.7,19.6,33.4,24.4,6.3
2018-06-23,31,8.3,17.3,36.1,24.2,6.4
2018-06-23,32,8.2,14.9,38.3,24.0,6.7
2018-06-23,33,8.2,12.6,40.6,23.7,6.7
2018-06-23,34,7.8,10.6,42.7,23.7,6.5
2018-06-23,35,7.1,8.6,43.6,23.8,6.8
2018-06-23,36,7.0,6.7,44.7,23.9,6.8
2018-06-23,37,7.1,5.0,47.3,24.4,7.2
2018-06-23,38,6.7,3.3,48.3,24.9,7.7
2018-06-23,39,5.9,1.9,49.6,25.4,7.6
2018-06-23,40,5.7,0.9,51.0,26.0,7.5
2018-06-23,41,5.3,0.3,51.4,26.0,7.6
2018-06-23,42,5.2,0.1,51.8,26.1,7.8
2018-06-23,43,4.8,0.0,51.9,26.3,7.9
2018-06-23,44,4.7,0.0,50.5,27.3,8.4
2018-06-23,45,4.5,0.0,49.5,28.7,8.8
2018-06-23,46,4.0,0.0,47.6,30.3,9.6
2018-06-23,47,3.9,0.0,47.1,30.8,9.7
2018-06-23,48,4.3,0.0,43.5,32.5,10.6
2018-06-24,1,4.2,0.0,43.4,32.3,10.9
2018-06-24,2,4.2,0.0,42.3,32.5,11.1
2018-06-24,3,4.4,0.0,41.4,33.1,10.8
2018-06-24,4,4.1,0.0,40.9,33.8,11.1
2018-06-24,5,4.1,0.0,40.8,34.0,11.1
2018-06-24,6,4.3,0.0,40.5,34.1,11.0
2018-06-24,7,4.6,0.0,39.8,34.5,10.8
2018-06-24,8,4.8,0.2,38.4,35.3,10.9
2018-06-24,9,4.8,0.7,38.1,35.4,10.6
2018-06-24,10,4.6,1.8,37.8,35.0,10.5
2018-06-24,11,4.4,3.4,38.4,33.6,10.4
2018-06-24,12,4.0,5.4,38.5,32.6,10.2
2018-06-24,13,3.8,7.7,39.6,31.5,9.2
2018-06-24,14,3.8,10.1,38.2,30.6,9.1
2018-06-24,15,3.7,12.5,36.2,29.1,9.4
2018-06-24,16,3.5,14.8,36.5,27.7,8.5
2018-06-24,17,3.5,16.9,37.3,26.1,7.8
2018-06-24,18,3.5,19.1,36.6,25.2,7.2
2018-06-24,19,3.5,21.0,35.5,24.3,7.0
2018-06-24,20,3.4,22.9,35.3,23.9,6.6
2018-06-24,21,3.6,24.4,34.8,23.5,6.2
2018-06-24,22,3.6,25.6,34.6,23.3,6.1
2018-06-24,23,3.7,26.4,34.0,23.0,6.1
2018-06-24,24,3.7,27.1,33.7,23.0,6.0
2018-06-24,25,3.8,27.7,32.7,23.4,6.0
2018-06-24,26,3.9,28.0,31.7,23.8,6.3
2018-06-24,27,3.9,27.6,32.4,24.0,5.7
2018-06-24,28,4.0,27.2,32.0,24.5,5.5
2018-06-24,29,4.1,25.6,33.6,24.4,5.3
2018-06-24,30,4.1,23.7,35.6,24.5,5.4
2018-06-24,31,4.1,21.5,37.1,24.4,6.3
2018-06-24,32,4.0,18.9,39.6,24.2,6.5
2018-06-24,33,3.9,16.0,41.7,23.9,7.5
2018-06-24,34,3.9,13.3,43.9,23.8,7.7
2018-06-24,35,3.8,10.6,45.8,23.7,8.0
2018-06-24,36,3.6,8.2,47.2,23.9,8.2
2018-06-24,37,3.4,6.0,47.1,24.0,8.2
2018-06-24,38,3.2,4.1,48.0,24.3,8.3
2018-06-24,39,3.1,2.5,49.3,24.9,8.6
2018-06-24,40,3.1,1.3,50.4,25.4,8.9
2018-06-24,41,3.2,0.5,51.4,25.8,8.8
2018-06-24,42,3.3,0.1,51.5,25.9,8.8
2018-06-24,43,3.4,0.0,51.5,25.9,8.9
2018-06-24,44,3.5,0.0,51.5,27.0,9.5
2018-06-24,45,3.8,0.0,48.2,28.7,10.5
2018-06-24,46,4.2,0.0,44.3,30.4,11.4
2018-06-24,47,4.4,0.0,42.5,31.5,11.8
2018-06-24,48,4.4,0.0,41.7,31.9,11.3
2018-06-25,1,4.3,0.0,41.2,32.1,11.3
2018-06-25,2,4.5,0.0,41.3,32.0,11.0
2018-06-25,3,5.2,0.0,40.0,32.1,11.3
2018-06-25,4,4.7,0.0,39.6,32.6,11.4
2018-06-25,5,4.6,0.0,39.6,32.8,11.1
2018-06-25,6,4.8,0.0,39.1,32.8,10.9
2018-06-25,7,4.8,0.0,38.0,33.2,10.7
2018-06-25,8,4.8,0.2,37.5,33.4,10.7
2018-06-25,9,4.6,0.7,39.0,32.4,10.6
2018-06-25,10,4.4,1.6,40.8,30.8,10.1
2018-06-25,11,3.7,2.9,43.2,28.4,10.3
2018-06-25,12,3.2,4.4,45.0,26.4,9.8
2018-06-25,13,2.8,5.8,51.1,23.7,5.8
2018-06-25,14,2.5,7.6,52.2,22.5,4.9
2018-06-25,15,2.2,9.9,50.3,21.5,6.0
2018-06-25,16,1.9,11.2,49.7,21.5,5.8
2018-06-25,17,1.7,12.4,49.1,20.5,6.1
2018-06-25,18,1.7,12.9,49.4,19.7,5.8
2018-06-25,19,1.7,13.8,49.5,18.9,5.4
2018-06-25,20,1.8,14.9,48.7,18.7,5.3
2018-06-25,21,1.9,15.9,48.0,18.9,5.3
2018-06-25,22,1.9,16.8,47.7,19.1,5.4
2018-06-25,23,2.0,17.5,47.6,19.4,5.5
2018-06-25,24,2.1,18.0,48.0,19.7,5.5
2018-06-25,25,2.2,19.0,47.0,19.8,5.5
2018-06-25,26,2.2,19.7,46.5,19.6,5.5
2018-06-25,27,2.3,20.2,46.0,19.5,5.5
2018-06-25,28,2.3,20.5,45.7,19.5,5.3
2018-06-25,29,2.4,20.7,45.4,19.8,4.8
2018-06-25,30,2.5,20.6,45.6,20.1,4.2
2018-06-25,31,2.5,20.2,45.9,20.3,3.9
2018-06-25,32,2.5,19.3,46.3,20.5,4.2
2018-06-25,33,2.5,18.0,47.0,20.8,4.5
2018-06-25,34,2.5,16.3,48.2,21.1,4.7
2018-06-25,35,2.5,14.4,49.8,21.2,4.8
2018-06-25,36,2.5,12.3,51.7,21.3,4.8
2018-06-25,37,2.4,10.2,53.6,21.4,4.8
2018-06-25,38,2.4,8.1,55.1,21.7,4.9
2018-06-25,39,2.4,6.1,56.3,22.1,5.0
2018-06-25,40,2.5,4.2,57.5,22.6,4.9
2018-06-25,41,2.5,2.6,58.6,23.0,4.9
2018-06-25,42,2.5,1.4,59.2,23.3,5.0
2018-06-25,43,2.5,0.6,59.6,23.5,5.0
2018-06-25,44,2.5,0.2,59.6,23.6,5.0
2018-06-25,45,2.4,0.0,59.5,23.7,5.0
2018-06-25,46,2.4,0.0,59.0,24.1,5.0
2018-06-25,47,2.4,0.0,57.9,24.8,5.1
2018-06-25,48,2.1,0.0,45.9,29.1,10.9
2018-06-26,1,2.2,0.0,45.1,29.4,11.2
2018-06-26,2,2.2,0.0,44.9,29.7,11.1
2018-06-26,3,2.5,0.0,44.3,30.0,11.2
2018-06-26,4,2.2,0.0,44.2,30.7,10.8
2018-06-26,5,2.4,0.0,44.4,30.8,10.4
2018-06-26,6,2.5,0.0,44.5,30.6,10.3
2018-06-26,7,2.6,0.0,44.2,30.7,10.4
2018-06-26,8,2.5,0.1,43.8,31.0,10.5
2018-06-26,9,2.5,0.6,45.7,30.4,8.8
2018-06-26,10,2.3,1.4,47.2,29.2,8.4
2018-06-26,11,2.2,2.7,51.2,27.2,5.9
2018-06-26,12,2.1,4.2,52.2,25.6,5.5
2018-06-26,13,1.8,5.6,53.0,23.1,6.0
2018-06-26,14,1.6,7.3,53.3,22.0,5.3
2018-06-26,15,1.4,9.3,51.8,21.3,6.2
2018-06-26,16,1.3,11.4,50.7,20.9,6.2
2018-06-26,17,1.2,13.5,49.7,20.4,5.9
2018-06-26,18,1.1,15.6,48.6,20.1,5.9
2018-06-26,19,1.2,17.5,47.1,19.9,5.8
2018-06-26,20,1.2,19.2,46.2,19.7,5.7
2018-06-26,21,1.3,20.5,45.3,19.5,5.5
2018-06-26,22,1.3,21.4,44.5,19.2,5.5
2018-06-26,23,1.5,22.1,44.0,19.0,5.5
2018-06-26,24,1.5,22.6,43.9,19.1,5.4
2018-06-26,25,1.6,22.8,43.9,19.1,5.3
2018-06-26,26,1.6,22.6,43.6,19.2,5.6
2018-06-26,27,1.7,22.2,43.0,19.3,5.8
2018-06-26,28,1.8,21.4,43.6,19.4,5.7
2018-06-26,29,2.0,20.3,44.7,19.6,5.5
2018-06-26,30,2.0,18.7,45.7,19.5,5.6
2018-06-26,31,1.9,17.0,46.6,19.6,5.8
2018-06-26,32,2.0,15.0,47.8,19.6,5.7
2018-06-26,33,2.1,12.9,47.1,19.6,5.6
2018-06-26,34,2.2,10.8,48.5,19.8,5.7
2018-06-26,35,2.6,8.7,50.0,20.1,6.1
2018-06-26,36,3.1,6.7,51.1,20.4,6.6
2018-06-26,37,3.4,5.0,52.5,20.9,6.9
2018-06-26,38,3.5,3.3,53.4,21.3,7.2
2018-06-26,39,3.5,1.9,54.0,21.8,7.5
2018-06-26,40,3.5,0.9,55.0,22.4,7.7
2018-06-26,41,3.6,0.3,55.1,22.7,7.8
2018-06-26,42,3.9,0.1,54.8,23.3,8.0
2018-06-26,43,4.1,0.0,53.7,23.9,8.2
2018-06-26,44,4.5,0.0,51.3,24.9,8.6
2018-06-26,45,5.3,0.0,48.0,26.5,9.3
2018-06-26,46,6.4,0.0,45.7,27.9,9.8
2018-06-26,47,7.0,0.0,43.6,28.7,9.9
2018-06-26,48,6.3,0.0,43.5,29.5,10.2
2018-06-27,1,6.0,0.0,43.5,29.6,10.2
2018-06-27,2,5.6,0.0,43.3,30.0,10.4
2018-06-27,3,5.3,0.0,43.5,30.3,10.3
2018-06-27,4,5.0,0.0,43.3,30.6,10.3
2018-06-27,5,4.9,0.0,43.2,30.8,10.2
2018-06-27,6,4.8,0.0,43.3,30.8,10.2
2018-06-27,7,4.6,0.0,43.3,31.0,10.2
2018-06-27,8,4.7,0.1,42.6,31.4,10.2
2018-06-27,9,5.1,0.4,46.1,30.8,6.7
2018-06-27,10,5.3,1.0,47.0,29.6,6.6
2018-06-27,11,5.2,2.1,50.6,28.1,4.7
2018-06-27,12,4.9,3.3,52.4,25.8,4.7
2018-06-27,13,4.2,4.5,54.3,23.4,4.6
2018-06-27,14,4.0,6.0,55.3,22.0,3.5
2018-06-27,15,4.0,7.8,53.1,21.1,5.2
2018-06-27,16,3.9,9.9,51.8,20.9,5.4
2018-06-27,17,3.9,12.1,50.3,20.4,5.3
2018-06-27,18,4.1,14.6,48.6,20.2,4.9
2018-06-27,19,4.0,17.3,47.8,20.1,3.2
2018-06-27,20,3.9,19.5,46.3,19.8,3.1
2018-06-27,21,3.7,21.1,45.8,19.5,2.7
2018-06-27,22,3.6,22.2,45.1,19.3,2.6
2018-06-27,23,3.5,22.9,44.8,19.2,2.6
2018-06-27,24,3.4,23.4,44.5,19.2,2.6
2018-06-27,25,3.3,23.5,44.5,19.2,2.6
2018-06-27,26,3.5,23.4,44.3,19.3,2.6
2018-06-27,27,3.4,22.9,44.7,19.4,2.6
2018-06-27,28,3.6,22.1,45.1,19.5,2.7
2018-06-27,29,3.9,21.0,44.9,19.7,3.3
2018-06-27,30,4.0,19.4,46.0,19.6,3.4
2018-06-27,31,4.3,17.5,45.7,19.5,5.2
2018-06-27,32,4.4,15.5,47.4,19.6,5.3
2018-06-27,33,4.7,13.3,47.8,19.6,5.4
2018-06-27,34,5.0,11.2,49.4,19.7,5.5
2018-06-27,35,5.3,9.1,49.9,20.0,5.9
2018-06-27,36,5.7,7.1,51.5,20.3,6.2
2018-06-27,37,6.1,5.2,52.8,20.7,6.5
2018-06-27,38,6.4,3.5,53.7,21.1,6.8
2018-06-27,39,6.5,2.5,54.4,21.7,7.1
2018-06-27,40,6.4,2.1,53.3,22.5,7.6
2018-06-27,41,6.5,1.4,53.6,22.8,7.7
2018-06-27,42,6.6,0.9,53.9,22.8,7.6
2018-06-27,43,6.9,0.4,53.7,23.0,7.5
2018-06-27,44,7.2,0.1,52.8,23.4,7.5
2018-06-27,45,7.5,0.0,51.7,23.9,7.5
2018-06-27,46,7.7,0.0,50.5,24.4,7.5
2018-06-27,47,7.8,0.0,50.0,24.7,7.4
2018-06-27,48,8.0,0.0,49.0,25.5,7.5
2018-06-28,1,8.0,0.0,47.9,26.5,7.7
2018-06-28,2,8.2,0.0,46.2,28.1,8.0
2018-06-28,3,8.2,0.0,44.2,29.5,8.4
2018-06-28,4,7.3,0.0,39.6,30.9,11.4
2018-06-28,5,6.7,0.0,40.0,31.0,11.4
2018-06-28,6,6.3,0.0,40.6,30.9,11.4
2018-06-28,7,6.3,0.0,40.1,31.1,11.4
2018-06-28,8,6.4,0.1,39.2,31.3,11.4
2018-06-28,9,6.1,0.4,42.7,30.7,8.5
2018-06-28,10,5.9,1.0,43.6,30.1,8.1
2018-06-28,11,5.5,2.0,47.1,28.3,6.9
2018-06-28,12,4.9,3.1,49.9,25.8,6.3
2018-06-28,13,4.4,4.3,51.8,23.4,6.1
2018-06-28,14,4.1,5.8,53.5,22.1,5.1
2018-06-28,15,4.0,7.4,52.0,21.2,6.2
2018-06-28,16,3.8,9.4,51.2,21.0,5.9
2018-06-28,17,3.7,11.6,50.4,20.7,3.7
2018-06-28,18,3.8,14.0,49.2,20.4,3.6
2018-06-28,19,3.8,16.6,48.6,20.1,2.1
2018-06-28,20,3.6,18.8,47.3,19.8,2.1
2018-06-28,21,3.7,20.4,45.3,19.5,2.7
2018-06-28,22,3.7,21.6,44.4,19.3,2.7
2018-06-28,23,4.0,22.2,43.8,19.0,3.1
2018-06-28,24,4.0,22.6,43.6,19.0,3.1
2018-06-28,25,4.2,22.8,44.7,19.1,1.4
2018-06-28,26,4.3,22.5,44.8,19.2,1.4
2018-06-28,27,4.3,21.8,45.1,19.3,1.6
2018-06-28,28,4.9,20.8,45.2,19.4,1.6
2018-06-28,29,5.3,19.7,44.0,19.7,3.0
2018-06-28,30,5.5,18.0,45.3,19.6,3.0
2018-06-28,31,5.6,16.3,44.6,19.5,5.3
2018-06-28,32,5.9,14.4,45.8,19.5,5.3
2018-06-28,33,6.1,12.4,47.3,19.6,5.4
2018-06-28,34,6.3,10.5,48.0,19.9,5.7
2018-06-28,35,6.6,8.6,48.6,20.3,6.1
2018-06-28,36,6.7,6.6,49.2,20.6,6.3
2018-06-28,37,7.2,5.0,49.7,21.2,6.6
2018-06-28,38,7.4,3.4,50.0,21.5,6.9
2018-06-28,39,7.6,2.1,51.3,22.2,7.0
2018-06-28,40,8.0,1.0,50.3,23.0,7.6
2018-06-28,41,8.2,0.4,52.2,23.2,6.1
2018-06-28,42,8.2,0.1,51.9,23.8,6.3
2018-06-28,43,8.2,0.0,50.5,24.2,7.9
2018-06-28,44,8.3,0.0,49.3,25.3,7.9
2018-06-28,45,8.9,0.0,46.4,27.1,8.7
2018-06-28,46,9.9,0.0,42.5,28.5,9.7
2018-06-28,47,10.2,0.0,40.8,29.5,10.0
2018-06-28,48,9.3,0.0,39.2,30.5,10.8
2018-06-29,1,8.8,0.0,39.5,30.3,10.8
2018-06-29,2,8.9,0.0,39.0,30.3,10.8
2018-06-29,3,9.7,0.0,38.0,30.6,10.5
2018-06-29,4,9.8,0.0,36.9,31.2,10.7
2018-06-29,5,9.8,0.0,36.4,31.5,10.8
2018-06-29,6,9.8,0.0,36.5,31.5,10.7
2018-06-29,7,9.6,0.0,36.5,31.8,10.5
2018-06-29,8,9.5,0.1,36.2,32.0,10.5
2018-06-29,9,9.8,0.5,37.0,31.1,10.3
2018-06-29,10,9.4,1.2,37.9,30.3,10.1
2018-06-29,11,8.5,2.4,39.5,28.8,10.3
2018-06-29,12,7.7,3.8,42.9,26.4,8.7
2018-06-29,13,6.8,5.3,47.6,23.9,6.5
2018-06-29,14,6.3,7.1,49.3,22.4,5.4
2018-06-29,15,6.0,9.2,48.1,21.6,5.7
2018-06-29,16,5.7,11.5,47.1,21.2,5.6
2018-06-29,17,5.6,13.7,45.8,20.7,5.6
2018-06-29,18,5.8,15.7,44.8,20.3,5.5
2018-06-29,19,5.7,17.7,43.5,20.1,5.5
2018-06-29,20,5.5,19.3,42.5,19.8,5.4
2018-06-29,21,5.2,20.7,42.2,19.6,5.1
2018-06-29,22,4.8,21.7,42.0,19.4,5.0
2018-06-29,23,4.9,22.4,41.5,19.2,5.0
2018-06-29,24,5.3,22.8,40.9,19.2,5.0
2018-06-29,25,6.1,23.1,39.4,19.3,5.3
2018-06-29,26,6.7,23.2,38.6,19.6,5.3
2018-06-29,27,7.2,22.8,37.9,19.8,5.4
2018-06-29,28,7.6,22.1,38.0,20.0,5.5
2018-06-29,29,7.9,21.0,38.2,20.2,5.4
2018-06-29,30,8.2,19.5,39.2,20.3,5.4
2018-06-29,31,8.5,17.7,40.4,20.4,5.5
2018-06-29,32,9.0,15.5,42.1,20.4,5.4
2018-06-29,33,9.1,13.4,43.1,20.6,5.6
2018-06-29,34,9.5,11.3,44.8,20.7,5.6
2018-06-29,35,9.8,9.3,45.7,21.2,5.8
2018-06-29,36,10.1,7.3,46.5,21.6,6.1
2018-06-29,37,10.2,5.4,47.2,21.9,6.6
2018-06-29,38,10.6,3.7,48.2,22.4,6.6
2018-06-29,39,11.6,2.2,48.8,22.9,6.5
2018-06-29,40,12.0,1.0,48.2,23.7,6.9
2018-06-29,41,12.2,0.4,47.5,24.4,7.0
2018-06-29,42,12.9,0.1,46.3,24.7,7.2
2018-06-29,43,13.1,0.0,48.1,25.2,4.9
2018-06-29,44,13.6,0.0,46.8,26.4,4.8
2018-06-29,45,14.6,0.0,41.0,27.9,10.7
2018-06-29,46,16.0,0.0,37.5,29.5,11.8
2018-06-29,47,16.4,0.0,34.4,30.0,14.5
2018-06-29,48,14.8,0.0,34.2,31.3,13.2
2018-06-30,1,14.4,0.0,33.3,31.4,13.6
2018-06-30,2,13.4,0.0,33.2,31.7,14.4
2018-06-30,3,11.7,0.0,34.3,32.6,14.1
2018-06-30,4,12.2,0.0,33.9,32.9,14.1
2018-06-30,5,11.6,0.0,34.7,32.8,14.1
2018-06-30,6,11.6,0.0,34.7,32.8,14.1
2018-06-30,7,11.6,0.0,33.9,33.4,14.3
2018-06-30,8,11.4,0.1,33.0,34.0,14.6
2018-06-30,9,11.5,0.3,32.5,34.0,14.6
2018-06-30,10,10.7,1.0,33.4,33.5,14.3
2018-06-30,11,9.9,2.1,34.3,32.5,14.2
2018-06-30,12,9.4,3.7,35.3,31.3,13.6
2018-06-30,13,9.1,5.6,35.1,30.1,12.4
2018-06-30,14,8.2,7.9,36.2,28.5,11.2
2018-06-30,15,7.6,10.2,36.1,26.4,10.6
2018-06-30,16,7.1,12.8,35.8,25.2,9.7
2018-06-30,17,6.8,15.6,34.6,24.4,9.1
2018-06-30,18,6.7,18.3,33.1,23.7,8.8
2018-06-30,19,6.4,20.5,32.5,23.1,8.5
2018-06-30,20,6.4,22.4,31.9,22.6,8.3
2018-06-30,21,6.8,24.1,31.3,22.5,7.8
2018-06-30,22,7.1,25.6,30.5,22.4,7.8
2018-06-30,23,7.4,26.7,29.8,22.5,7.8
2018-06-30,24,8.1,27.4,28.8,22.4,7.8
2018-06-30,25,8.5,27.6,28.5,22.5,7.8
2018-06-30,26,8.8,27.7,27.4,22.9,8.0
2018-06-30,27,9.2,27.4,28.2,23.0,7.2
2018-06-30,28,9.5,26.7,28.0,23.3,7.3
2018-06-30,29,9.9,25.6,28.9,23.8,6.6
2018-06-30,30,10.6,23.8,29.5,24.0,6.6
2018-06-30,31,10.7,21.6,29.9,24.1,8.1
2018-06-30,32,11.1,18.9,31.4,23.9,8.2
2018-06-30,33,10.9,16.0,32.4,23.7,9.4
2018-06-30,34,11.7,13.4,34.0,23.9,9.3
2018-06-30,35,12.3,10.8,34.9,24.2,9.7
2018-06-30,36,12.9,8.4,36.0,24.4,10.0
2018-06-30,37,13.6,6.1,36.6,24.8,10.4
2018-06-30,38,14.5,4.1,37.7,25.3,11.0
2018-06-30,39,15.7,2.5,38.4,26.1,11.0
2018-06-30,40,16.7,1.2,37.2,26.9,11.4
2018-06-30,41,16.7,0.4,38.0,26.9,11.5
2018-06-30,42,16.2,0.1,38.5,26.8,11.7
2018-06-30,43,16.2,0.0,38.6,26.7,11.9
2018-06-30,44,16.2,0.0,36.9,27.8,12.4
2018-06-30,45,16.3,0.0,35.5,29.3,11.2
2018-06-30,46,16.4,0.0,33.4,31.1,11.9
2018-06-30,47,16.6,0.0,32.7,31.7,11.3
2018-06-30,48,19.4,0.0,28.1,33.1,12.6
2018-07-01,1,19.8,0.0,29.7,33.4,10.3
2018-07-01,2,19.8,0.0,28.7,33.7,11.0
2018-07-01,3,20.1,0.0,28.8,33.9,10.6
2018-07-01,4,19.9,0.0,28.6,34.4,10.3
2018-07-01,5,19.7,0.0,28.3,34.3,10.5
2018-07-01,6,19.2,0.0,28.4,34.8,10.6
2018-07-01,7,19.1,0.0,29.4,35.3,8.7
2018-07-01,8,19.2,0.1,28.4,35.8,8.3
2018-07-01,9,18.4,0.6,29.0,35.5,7.6
2018-07-01,10,17.5,1.6,29.7,35.0,7.3
2018-07-01,11,16.8,3.1,30.6,33.7,7.4
2018-07-01,12,15.7,4.9,31.3,32.3,7.6
2018-07-01,13,14.7,6.9,32.9,31.1,6.5
2018-07-01,14,13.9,9.2,33.0,30.2,6.0
2018-07-01,15,12.7,11.4,33.4,28.8,6.4
2018-07-01,16,11.5,13.6,33.4,27.5,6.4
2018-07-01,17,10.9,15.3,32.3,25.9,9.3
2018-07-01,18,10.8,17.2,31.2,25.1,8.7
2018-07-01,19,10.5,18.8,31.1,24.5,8.8
2018-07-01,20,10.8,19.9,30.6,23.7,8.3
2018-07-01,21,10.8,20.9,30.4,23.4,8.3
2018-07-01,22,11.4,21.5,30.2,23.1,8.0
2018-07-01,23,11.6,21.7,30.1,22.9,8.0
2018-07-01,24,12.0,21.7,30.0,22.9,7.9
2018-07-01,25,12.4,21.4,30.2,22.9,7.8
2018-07-01,26,13.4,21.1,29.4,23.1,7.8
2018-07-01,27,13.8,20.8,28.8,23.5,8.0
2018-07-01,28,14.1,20.0,29.4,23.7,8.1
2018-07-01,29,14.8,18.8,29.9,23.8,7.9
2018-07-01,30,15.5,17.3,30.0,24.0,8.2
2018-07-01,31,15.6,15.6,31.2,23.9,8.8
2018-07-01,32,15.6,13.7,32.9,23.8,8.9
2018-07-01,33,15.7,11.7,33.8,23.6,10.0
2018-07-01,34,16.1,9.9,34.5,23.7,10.3
2018-07-01,35,16.0,8.0,35.2,23.5,11.1
2018-07-01,36,16.0,6.2,35.6,23.6,11.3
2018-07-01,37,16.0,4.4,36.4,23.9,11.4
2018-07-01,38,16.4,2.9,37.0,24.2,11.5
2018-07-01,39,16.9,1.7,37.8,24.7,11.3
2018-07-01,40,16.5,0.8,38.2,25.3,11.6
2018-07-01,41,16.0,0.3,38.6,25.4,11.9
2018-07-01,42,15.3,0.1,39.2,25.8,12.2
2018-07-01,43,14.8,0.0,39.8,25.6,11.3
2018-07-01,44,15.1,0.0,39.7,26.7,11.8
2018-07-01,45,16.0,0.0,38.2,28.3,10.9
2018-07-01,46,17.4,0.0,34.8,29.6,11.4
2018-07-01,47,17.7,0.0,33.8,30.4,11.0
2018-07-01,48,15.5,0.0,32.9,32.7,11.2
2018-07-02,1,15.4,0.0,32.4,33.2,11.4
2018-07-02,2,15.6,0.0,31.7,33.5,11.5
2018-07-02,3,16.1,0.0,31.2,33.4,11.5
2018-07-02,4,15.0,0.0,31.5,34.0,11.7
2018-07-02,5,13.8,0.0,33.2,33.7,11.5
2018-07-02,6,13.3,0.0,34.3,33.2,11.4
2018-07-02,7,13.4,0.0,34.0,33.4,11.4
2018-07-02,8,13.4,0.1,34.0,33.3,11.4
2018-07-02,9,13.7,0.5,32.9,32.8,12.5
2018-07-02,10,13.3,1.5,33.3,32.1,12.3
2018-07-02,11,11.8,2.6,34.7,29.2,14.9
2018-07-02,12,10.9,4.0,38.8,26.2,13.3
2018-07-02,13,9.6,5.4,46.0,23.8,8.9
2018-07-02,14,9.3,7.1,47.2,22.4,7.6
2018-07-02,15,8.8,8.9,46.3,21.4,7.5
2018-07-02,16,8.3,11.0,45.7,21.0,7.1
2018-07-02,17,7.9,13.0,45.2,20.4,6.9
2018-07-02,18,7.9,15.3,45.4,18.7,6.8
2018-07-02,19,7.8,17.0,44.4,19.9,5.7
2018-07-02,20,7.6,18.6,43.1,19.6,5.6
2018-07-02,21,7.7,20.0,42.4,19.5,5.9
2018-07-02,22,7.7,21.0,41.9,19.2,5.8
2018-07-02,23,7.8,21.8,41.9,19.1,5.5
2018-07-02,24,8.1,22.4,41.1,19.1,5.5
2018-07-02,25,7.9,22.5,41.9,19.0,5.0
2018-07-02,26,8.5,22.4,41.4,19.1,5.1
2018-07-02,27,9.6,21.8,40.8,19.1,5.1
2018-07-02,28,10.1,21.1,40.3,19.3,5.2
2018-07-02,29,10.5,20.0,40.1,19.5,5.3
2018-07-02,30,10.6,18.6,41.0,19.5,5.3
2018-07-02,31,10.9,17.0,40.3,19.6,7.2
2018-07-02,32,11.0,15.1,41.6,19.6,7.6
2018-07-02,33,11.0,13.0,42.7,19.6,8.2
2018-07-02,34,11.3,11.2,44.2,19.8,8.2
2018-07-02,35,11.9,9.2,44.8,20.1,8.4
2018-07-02,36,12.2,7.2,44.9,20.5,8.5
2018-07-02,37,12.5,5.2,46.9,20.9,8.7
2018-07-02,38,12.9,3.5,47.2,21.4,8.9
2018-07-02,39,13.2,2.1,47.6,22.3,9.3
2018-07-02,40,13.4,1.0,47.2,23.1,9.9
2018-07-02,41,13.9,0.3,47.7,23.5,9.7
2018-07-02,42,14.8,0.1,46.7,23.9,10.1
2018-07-02,43,15.3,0.0,46.6,24.6,8.4
2018-07-02,44,15.3,0.0,44.7,25.7,8.7
2018-07-02,45,15.9,0.0,39.0,27.4,11.8
2018-07-02,46,17.0,0.0,34.1,29.3,12.8
2018-07-02,47,17.2,0.0,31.5,30.1,14.0
2018-07-02,48,17.8,0.0,30.2,32.0,12.5
2018-07-03,1,17.5,0.0,29.4,32.4,13.2
2018-07-03,2,17.3,0.0,29.1,32.4,13.7
2018-07-03,3,17.6,0.0,28.0,32.8,14.0
2018-07-03,4,17.9,0.0,27.9,32.6,14.0
2018-07-03,5,17.1,0.0,30.1,32.6,12.7
2018-07-03,6,16.7,0.0,30.9,32.3,12.6
2018-07-03,7,16.5,0.0,31.0,32.5,12.5
2018-07-03,8,16.3,0.1,30.4,32.9,12.7
2018-07-03,9,15.9,0.5,29.9,33.6,12.4
2018-07-03,10,14.7,1.4,31.9,32.6,11.8
2018-07-03,11,12.8,2.6,39.2,28.9,11.4
2018-07-03,12,11.4,4.0,44.2,26.4,9.9
2018-07-03,13,10.3,5.5,50.7,23.9,5.1
2018-07-03,14,9.3,7.4,51.8,22.8,3.9
2018-07-03,15,8.9,9.3,48.7,21.8,6.7
2018-07-03,16,8.6,11.2,47.7,21.2,6.8
2018-07-03,17,8.3,13.3,46.8,20.6,6.4
2018-07-03,18,7.9,15.3,46.4,20.3,6.3
2018-07-03,19,7.8,17.3,44.7,20.1,5.9
2018-07-03,20,7.4,18.7,44.6,19.8,5.6
2018-07-03,21,6.9,20.0,44.6,19.6,5.2
2018-07-03,22,7.0,20.8,44.1,19.4,5.2
2018-07-03,23,7.2,21.3,44.0,19.3,4.7
2018-07-03,24,7.3,21.4,43.8,19.3,4.7
2018-07-03,25,7.1,21.5,44.1,19.5,4.1
2018-07-03,26,6.9,21.3,44.2,19.5,4.1
2018-07-03,27,7.2,20.7,44.6,19.5,3.9
2018-07-03,28,7.4,20.0,44.9,19.6,4.0
2018-07-03,29,7.6,19.1,44.9,19.8,4.5
2018-07-03,30,7.6,17.6,46.0,19.7,4.4
2018-07-03,31,7.4,16.0,46.7,19.7,6.1
2018-07-03,32,7.3,14.2,48.3,19.7,6.2
2018-07-03,33,7.3,12.1,49.2,19.7,7.4
2018-07-03,34,7.4,10.0,50.7,19.8,7.5
2018-07-03,35,7.4,8.0,51.5,20.2,7.8
2018-07-03,36,7.8,6.2,52.1,20.4,7.9
2018-07-03,37,8.0,4.7,52.9,21.2,8.6
2018-07-03,38,7.9,3.3,52.9,21.8,8.8
2018-07-03,39,8.2,2.0,53.6,22.3,9.0
2018-07-03,40,8.2,1.0,53.1,23.4,9.4
2018-07-03,41,8.2,0.3,53.8,23.4,8.6
2018-07-03,42,8.4,0.1,53.1,23.9,9.0
2018-07-03,43,7.9,0.0,55.8,23.6,5.6
2018-07-03,44,8.2,0.0,55.4,24.6,5.5
2018-07-03,45,9.2,0.0,48.1,26.3,9.9
2018-07-03,46,12.1,0.0,42.5,27.5,10.7
2018-07-03,47,12.6,0.0,38.7,28.5,12.7
2018-07-03,48,9.5,0.0,42.4,27.6,12.7
2018-07-04,1,9.2,0.0,42.0,27.3,13.4
2018-07-04,2,8.2,0.0,42.1,27.7,14.0
2018-07-04,3,5.2,0.0,43.0,28.9,14.4
2018-07-04,4,7.6,0.0,41.8,28.4,14.0
2018-07-04,5,7.4,0.0,41.5,28.6,14.1
2018-07-04,6,7.2,0.0,42.1,28.6,13.7
2018-07-04,7,6.7,0.0,42.5,28.7,13.7
2018-07-04,8,6.6,0.1,42.3,28.8,13.7
2018-07-04,9,6.4,0.4,43.1,28.4,13.0
2018-07-04,10,6.2,1.1,43.8,27.7,12.7
2018-07-04,11,5.4,2.2,45.3,26.3,13.3
2018-07-04,12,4.5,3.4,49.4,23.9,11.9
2018-07-04,13,3.9,4.6,56.5,21.5,5.3
2018-07-04,14,3.4,5.9,57.9,20.3,4.6
2018-07-04,15,3.1,7.4,55.6,19.3,6.6
2018-07-04,16,2.7,9.0,55.7,18.8,6.4
2018-07-04,17,2.5,10.7,55.0,18.4,5.5
2018-07-04,18,2.3,12.4,54.3,18.2,5.4
2018-07-04,19,2.2,13.9,53.1,17.9,5.3
2018-07-04,20,2.1,15.2,52.6,17.7,5.3
2018-07-04,21,1.9,16.2,51.9,17.7,5.5
2018-07-04,22,1.9,16.9,51.5,17.5,5.5
2018-07-04,23,2.0,17.2,51.5,17.3,5.2
2018-07-04,24,2.0,17.4,51.1,17.4,5.2
2018-07-04,25,2.0,17.2,51.1,17.4,5.2
2018-07-04,26,2.2,16.8,51.4,17.5,5.2
2018-07-04,27,2.2,16.1,52.0,17.7,5.3
2018-07-04,28,2.3,15.3,52.5,17.8,5.3
2018-07-04,29,2.5,14.4,52.6,17.9,5.9
2018-07-04,30,2.6,13.3,53.1,18.0,5.9
2018-07-04,31,2.6,12.1,53.3,18.1,6.5
2018-07-04,32,2.6,10.8,53.2,18.0,6.5
2018-07-04,33,2.5,9.6,52.2,18.0,8.2
2018-07-04,34,2.5,8.4,53.2,18.0,8.2
2018-07-04,35,2.4,7.0,53.9,18.3,8.3
2018-07-04,36,2.3,5.4,55.4,18.6,8.5
2018-07-04,37,2.4,4.0,57.6,19.0,8.8
2018-07-04,38,2.3,2.7,58.1,19.5,8.9
2018-07-04,39,2.3,1.6,58.7,19.9,9.3
2018-07-04,40,2.3,0.7,59.0,20.2,9.8
2018-07-04,41,2.3,0.2,58.8,20.4,10.0
2018-07-04,42,2.3,0.1,58.7,20.8,10.3
2018-07-04,43,2.6,0.0,60.4,21.3,7.6
2018-07-04,44,3.0,0.0,58.3,22.5,7.7
2018-07-04,45,3.4,0.0,53.3,24.0,11.5
2018-07-04,46,3.5,0.0,50.5,25.6,12.9
2018-07-04,47,3.7,0.0,47.8,26.5,14.5
2018-07-04,48,4.5,0.0,45.6,27.7,14.2
2018-07-05,1,5.2,0.0,44.5,28.0,14.3
2018-07-05,2,5.9,0.0,43.3,28.3,14.5
2018-07-05,3,6.6,0.0,41.3,29.0,14.9
2018-07-05,4,6.7,0.0,40.5,29.5,14.9
2018-07-05,5,7.4,0.0,39.5,29.6,15.1
2018-07-05,6,7.6,0.0,39.0,29.7,15.2
2018-07-05,7,8.0,0.0,38.4,29.8,15.2
2018-07-05,8,8.1,0.1,38.3,30.0,14.9
2018-07-05,9,7.6,0.4,42.6,29.6,11.2
2018-07-05,10,7.2,1.1,44.4,28.4,10.8
2018-07-05,11,6.9,2.1,47.4,25.8,11.1
2018-07-05,12,6.6,3.4,50.7,23.4,9.8
2018-07-05,13,5.9,4.7,53.8,21.2,8.3
2018-07-05,14,5.3,6.3,54.3,20.1,7.1
2018-07-05,15,4.7,8.1,51.8,19.3,8.7
2018-07-05,16,4.6,9.8,50.9,18.8,8.6
2018-07-05,17,4.4,11.5,49.5,18.3,8.4
2018-07-05,18,4.5,13.4,48.5,18.1,8.2
2018-07-05,19,4.4,15.2,46.9,17.9,8.2
2018-07-05,20,4.0,16.6,46.0,17.6,8.1
2018-07-05,21,3.8,17.4,46.3,17.4,7.5
2018-07-05,22,4.1,18.0,46.7,17.3,7.5
2018-07-05,23,4.2,18.4,46.4,17.3,7.2
2018-07-05,24,4.4,18.8,45.4,17.3,7.2
2018-07-05,25,4.6,19.0,45.5,17.2,7.4
2018-07-05,26,5.0,18.9,45.4,17.3,7.4
2018-07-05,27,5.2,18.6,45.5,17.5,7.6
2018-07-05,28,5.4,18.0,45.2,17.7,7.6
2018-07-05,29,5.7,17.3,45.7,17.8,7.6
2018-07-05,30,5.9,16.0,46.3,17.7,7.6
2018-07-05,31,6.2,14.4,47.5,17.5,7.9
2018-07-05,32,6.2,12.7,48.4,17.5,7.9
2018-07-05,33,6.1,11.0,49.3,17.6,8.1
2018-07-05,34,6.2,9.4,50.4,18.0,8.2
2018-07-05,35,6.0,7.7,51.9,18.3,8.4
2018-07-05,36,5.8,6.1,53.2,18.6,8.5
2018-07-05,37,5.6,4.5,54.6,19.0,8.7
2018-07-05,38,5.5,3.1,55.3,19.4,9.0
2018-07-05,39,5.2,1.8,56.6,19.9,9.3
2018-07-05,40,4.7,0.8,57.7,20.1,9.2
2018-07-05,41,4.5,0.3,59.0,20.4,8.6
2018-07-05,42,4.0,0.0,59.0,20.7,9.0
2018-07-05,43,3.7,0.0,60.5,21.0,7.6
2018-07-05,44,3.5,0.0,59.6,22.0,7.9
2018-07-05,45,3.3,0.0,56.6,23.7,11.3
2018-07-05,46,3.1,0.0,54.5,24.9,12.4
2018-07-05,47,3.0,0.0,52.4,26.0,14.0
2018-07-05,48,2.8,0.0,52.7,26.0,13.6
2018-07-06,1,2.7,0.0,51.6,26.5,14.1
2018-07-06,2,2.4,0.0,51.9,26.7,13.9
2018-07-06,3,1.9,0.0,51.9,27.0,14.0
2018-07-06,4,2.3,0.0,51.5,27.0,14.1
2018-07-06,5,2.3,0.0,51.3,27.2,14.0
2018-07-06,6,2.1,0.0,51.6,27.2,13.9
2018-07-06,7,2.2,0.0,51.4,27.3,13.9
2018-07-06,8,2.1,0.0,50.8,27.7,14.2
2018-07-06,9,2.2,0.3,50.5,27.2,14.6
2018-07-06,10,2.1,1.0,51.1,26.6,14.2
2018-07-06,11,2.0,2.0,51.3,25.3,14.3
2018-07-06,12,1.9,3.3,53.3,23.3,12.8
2018-07-06,13,1.7,4.6,54.1,21.3,10.0
2018-07-06,14,0.9,6.1,54.0,20.4,8.8
2018-07-06,15,0.9,8.1,53.6,19.4,9.0
2018-07-06,16,0.9,9.3,53.4,19.3,8.8
2018-07-06,17,0.9,10.4,53.2,18.5,8.3
2018-07-06,18,1.0,11.0,52.9,17.9,7.9
2018-07-06,19,1.0,12.1,52.7,17.3,7.3
2018-07-06,20,1.1,13.2,51.4,17.2,7.0
2018-07-06,21,1.3,14.3,50.6,17.4,6.7
2018-07-06,22,1.4,15.3,50.2,17.6,6.5
2018-07-06,23,1.6,16.0,50.0,18.0,6.3
2018-07-06,24,1.9,16.4,50.2,18.4,6.2
2018-07-06,25,2.1,17.2,49.2,18.7,6.1
2018-07-06,26,2.3,17.8,48.7,18.8,6.0
2018-07-06,27,2.5,18.1,48.2,19.1,5.9
2018-07-06,28,2.7,18.2,47.5,19.4,5.9
2018-07-06,29,3.0,18.0,46.8,19.7,5.9
2018-07-06,30,3.3,17.6,46.5,19.9,5.9
2018-07-06,31,3.5,16.9,46.7,20.2,5.9
2018-07-06,32,3.7,15.9,47.3,20.5,5.4
2018-07-06,33,3.7,14.8,47.9,20.9,5.0
2018-07-06,34,3.8,13.3,48.8,21.3,4.5
2018-07-06,35,3.8,11.8,49.9,21.4,4.6
2018-07-06,36,3.9,10.1,51.5,21.5,5.2
2018-07-06,37,3.9,8.3,53.3,21.6,5.8
2018-07-06,38,3.9,6.6,54.5,21.8,6.6
2018-07-06,39,3.8,5.0,55.3,22.1,6.9
2018-07-06,40,3.8,3.5,56.0,22.4,7.3
2018-07-06,41,3.8,2.1,56.7,22.9,7.4
2018-07-06,42,3.8,1.1,57.2,23.2,7.6
2018-07-06,43,3.8,0.5,56.7,23.8,7.8
2018-07-06,44,3.7,0.1,56.1,24.4,8.1
2018-07-06,45,3.6,0.0,55.4,25.0,8.3
2018-07-06,46,3.5,0.0,55.4,25.2,8.4
2018-07-06,47,3.4,0.0,55.3,25.5,8.5
2018-07-06,48,3.1,0.0,48.5,27.3,13.4
2018-07-07,1,2.9,0.0,48.9,27.9,12.4
2018-07-07,2,2.7,0.0,48.4,28.4,12.5
2018-07-07,3,2.5,0.0,48.3,28.5,12.6
2018-07-07,4,2.4,0.0,47.8,28.5,12.7
2018-07-07,5,2.4,0.0,47.5,28.9,12.7
2018-07-07,6,2.6,0.0,47.4,29.2,12.8
2018-07-07,7,2.6,0.0,47.9,29.0,12.7
2018-07-07,8,2.5,0.1,47.8,29.1,12.8
2018-07-07,9,2.4,0.4,46.9,29.4,13.2
2018-07-07,10,2.2,1.1,47.6,28.9,12.5
2018-07-07,11,2.1,2.4,47.5,28.2,11.9
2018-07-07,12,2.1,4.1,47.5,27.3,11.6
2018-07-07,13,1.8,5.9,47.6,25.7,11.9
2018-07-07,14,1.8,7.9,46.9,24.4,10.9
2018-07-07,15,2.1,9.9,46.4,22.9,10.7
2018-07-07,16,2.5,12.2,45.3,22.0,9.9
2018-07-07,17,3.1,13.1,44.5,21.5,9.5
2018-07-07,18,3.2,14.3,41.4,20.7,9.0
2018-07-07,19,3.2,14.8,40.2,20.1,8.6
2018-07-07,20,3.2,16.0,38.6,19.8,8.2
2018-07-07,21,3.4,17.2,37.9,19.9,8.1
2018-07-07,22,3.6,18.4,37.2,20.2,7.9
2018-07-07,23,3.8,19.3,37.8,20.4,7.6
2018-07-07,24,4.1,20.0,38.6,20.9,7.3
2018-07-07,25,4.3,20.5,40.0,21.3,6.8
2018-07-07,26,4.7,21.2,39.0,21.5,6.4
2018-07-07,27,5.2,21.8,37.8,21.7,6.1
2018-07-07,28,5.6,22.3,36.7,22.1,5.7
2018-07-07,29,6.0,22.1,36.0,22.6,5.4
2018-07-07,30,6.4,21.6,35.4,23.4,5.1
2018-07-07,31,6.7,20.9,34.8,24.3,5.0
2018-07-07,32,6.9,20.1,34.3,25.2,5.6
2018-07-07,33,6.9,18.7,35.0,25.7,6.3
2018-07-07,34,6.9,17.1,35.6,26.1,7.2
2018-07-07,35,6.8,15.1,37.5,26.3,7.4
2018-07-07,36,6.7,12.8,39.6,26.2,7.6
2018-07-07,37,6.5,10.6,41.8,26.0,7.8
2018-07-07,38,6.2,8.3,44.3,25.8,8.1
2018-07-07,39,5.9,6.1,46.5,25.7,8.4
2018-07-07,40,5.7,4.2,48.4,25.7,8.6
2018-07-07,41,5.4,2.5,49.9,25.8,8.7
2018-07-07,42,5.3,1.3,50.5,25.9,8.8
2018-07-07,43,5.1,0.5,50.8,26.2,8.9
2018-07-07,44,5.0,0.2,50.8,26.5,9.1
2018-07-07,45,4.8,0.0,51.1,26.7,9.2
2018-07-07,46,4.6,0.0,51.0,26.7,9.4
2018-07-07,47,4.5,0.0,50.8,26.9,9.4
2018-07-07,48,4.5,0.0,50.1,27.3,9.6
2018-07-08,1,4.5,0.0,49.5,28.1,9.8
2018-07-08,2,4.7,0.0,48.3,29.1,10.1
2018-07-08,3,4.9,0.0,47.2,30.1,10.2
2018-07-08,4,5.1,0.0,46.1,31.5,9.9
2018-07-08,5,5.3,0.0,44.9,32.6,9.6
2018-07-08,6,5.5,0.0,43.8,33.6,9.5
2018-07-08,7,5.6,0.0,43.1,34.1,9.6
2018-07-08,8,5.7,0.0,42.5,34.5,9.7
2018-07-08,9,5.8,0.2,42.1,34.6,9.7
2018-07-08,10,5.8,0.8,41.1,34.8,9.8
2018-07-08,11,5.8,1.9,40.2,34.7,9.8
2018-07-08,12,5.8,3.6,39.2,34.4,9.3
2018-07-08,13,5.7,5.7,38.3,33.8,8.8
2018-07-08,14,5.6,8.1,37.6,32.9,8.3
2018-07-08,15,5.6,10.5,36.6,31.8,8.3
2018-07-08,16,5.6,13.0,35.8,30.6,8.3
2018-07-08,17,5.6,15.3,34.9,29.4,8.2
2018-07-08,18,5.6,17.4,34.6,28.3,7.7
2018-07-08,19,5.5,19.3,34.7,27.1,7.2
2018-07-08,20,5.4,20.7,35.1,25.9,6.6
2018-07-08,21,5.4,21.8,35.0,24.9,6.4
2018-07-08,22,5.3,22.6,35.2,24.1,6.1
2018-07-08,23,5.4,23.2,35.2,23.5,6.0
2018-07-08,24,5.5,23.7,35.4,23.1,5.7
2018-07-08,25,5.7,23.9,35.3,22.9,5.6
2018-07-08,26,5.8,23.7,35.9,22.7,5.5
2018-07-08,27,5.8,23.3,36.5,22.7,5.4
2018-07-08,28,5.9,22.7,37.1,22.8,5.3
2018-07-08,29,6.1,22.1,37.2,23.1,5.3
2018-07-08,30,6.2,21.4,37.4,23.7,5.2
2018-07-08,31,6.4,20.4,37.4,24.3,5.3
2018-07-08,32,6.4,19.2,37.9,24.9,5.5
2018-07-08,33,6.3,17.6,38.7,25.3,5.8
2018-07-08,34,6.3,15.9,39.8,25.6,6.2
2018-07-08,35,6.2,14.0,40.9,25.8,6.8
2018-07-08,36,6.0,11.9,42.8,25.7,7.3
2018-07-08,37,5.7,9.7,45.1,25.4,7.7
2018-07-08,38,5.4,7.7,47.3,25.1,8.0
2018-07-08,39,5.1,5.8,48.9,25.0,8.2
2018-07-08,40,4.8,4.0,50.3,25.0,8.4
2018-07-08,41,4.5,2.5,51.6,25.1,8.5
2018-07-08,42,4.3,1.3,52.6,25.3,8.5
2018-07-08,43,4.2,0.6,52.8,25.5,8.6
2018-07-08,44,4.0,0.2,52.9,25.7,8.8
2018-07-08,45,3.8,0.0,53.0,25.7,9.0
2018-07-08,46,3.7,0.0,53.0,25.7,9.1
2018-07-08,47,3.6,0.0,53.0,25.7,9.1
2018-07-08,48,3.6,0.0,52.0,26.5,9.5
2018-07-09,1,3.7,0.0,50.2,27.7,10.0
2018-07-09,2,4.0,0.0,48.3,29.5,10.3
2018-07-09,3,4.2,0.0,46.5,31.2,10.4
2018-07-09,4,4.4,0.0,45.7,32.2,10.2
2018-07-09,5,4.6,0.0,44.4,32.8,10.3
2018-07-09,6,4.7,0.0,43.9,33.1,10.3
2018-07-09,7,4.8,0.0,43.5,33.5,10.3
2018-07-09,8,4.9,0.0,43.2,33.5,10.6
2018-07-09,9,5.0,0.2,42.8,33.5,10.8
2018-07-09,10,5.0,0.7,42.3,33.2,11.0
2018-07-09,11,5.0,1.7,41.6,32.9,11.1
2018-07-09,12,4.9,3.0,41.3,32.3,11.1
2018-07-09,13,4.9,4.6,41.0,31.5,10.9
2018-07-09,14,4.7,6.2,42.2,30.0,10.4
2018-07-09,15,4.4,7.7,43.3,28.2,10.2
2018-07-09,16,4.1,9.2,44.8,26.0,10.0
2018-07-09,17,3.9,10.6,45.7,24.1,9.6
2018-07-09,18,3.7,11.8,47.4,22.3,8.4
2018-07-09,19,3.6,12.9,48.7,20.7,7.4
2018-07-09,20,3.6,13.9,49.5,19.6,6.7
2018-07-09,21,3.7,14.8,49.5,18.9,6.5
2018-07-09,22,4.0,15.8,48.4,18.8,6.4
2018-07-09,23,4.2,16.6,47.7,18.8,6.4
2018-07-09,24,4.5,17.1,47.2,18.7,6.4
2018-07-09,25,4.8,17.4,46.7,18.7,6.4
2018-07-09,26,5.1,17.5,46.3,18.6,6.5
2018-07-09,27,5.5,17.3,45.9,18.7,6.6
2018-07-09,28,5.9,16.9,45.8,18.8,6.6
2018-07-09,29,6.3,16.3,45.6,19.0,6.7
2018-07-09,30,6.8,15.5,45.7,19.2,6.7
2018-07-09,31,7.3,14.7,45.5,19.5,6.8
2018-07-09,32,7.6,13.8,45.7,19.8,6.9
2018-07-09,33,7.9,12.7,46.2,20.0,6.9
2018-07-09,34,8.2,11.3,47.3,19.9,6.8
2018-07-09,35,8.4,9.9,48.5,19.7,6.7
2018-07-09,36,8.5,8.4,49.9,19.4,6.6
2018-07-09,37,8.7,7.0,50.7,19.3,6.5
2018-07-09,38,8.7,5.7,51.1,19.4,6.8
2018-07-09,39,8.7,4.4,51.9,19.6,7.1
2018-07-09,40,8.8,3.2,52.4,19.9,7.5
2018-07-09,41,8.9,2.1,52.9,20.4,7.7
2018-07-09,42,9.0,1.2,53.6,20.8,7.8
2018-07-09,43,9.2,0.6,53.3,21.4,8.1
2018-07-09,44,9.2,0.2,52.7,22.0,8.4
2018-07-09,45,9.3,0.0,51.6,22.7,8.6
2018-07-09,46,9.3,0.0,50.3,23.4,8.9
2018-07-09,47,9.5,0.0,48.4,24.5,9.3
2018-07-09,48,9.7,0.0,47.0,25.5,9.5
2018-07-10,1,9.9,0.0,45.2,26.5,9.8
2018-07-10,2,10.2,0.0,43.9,27.3,9.8
2018-07-10,3,10.8,0.0,41.4,28.6,10.0
2018-07-10,4,11.3,0.0,39.7,29.7,10.0
2018-07-10,5,11.7,0.0,38.5,30.3,10.1
2018-07-10,6,11.9,0.0,38.1,30.5,10.1
2018-07-10,7,12.0,0.0,38.0,30.6,10.1
2018-07-10,8,12.1,0.0,37.5,30.7,10.3
2018-07-10,9,12.0,0.1,37.5,30.6,10.4
2018-07-10,10,11.9,0.5,37.2,30.4,10.6
2018-07-10,11,11.7,1.1,37.2,30.1,10.8
2018-07-10,12,11.5,2.0,37.3,29.6,10.8
2018-07-10,13,11.3,3.1,37.4,29.0,10.7
2018-07-10,14,10.8,4.3,38.4,27.9,10.4
2018-07-10,15,10.3,5.5,39.8,26.5,10.2
2018-07-10,16,9.6,6.6,42.0,24.7,9.7
2018-07-10,17,8.9,7.6,44.4,23.0,9.1
2018-07-10,18,8.3,8.6,46.9,21.4,7.8
2018-07-10,19,7.8,9.6,48.4,20.3,6.9
2018-07-10,20,7.5,10.6,48.8,19.7,6.3
2018-07-10,21,7.4,11.7,48.0,19.5,6.3
2018-07-10,22,7.3,12.7,47.3,19.4,6.3
2018-07-10,23,7.3,13.6,46.4,19.4,6.3
2018-07-10,24,7.3,14.5,45.2,19.5,6.4
2018-07-10,25,7.4,15.3,44.0,19.6,6.4
2018-07-10,26,7.5,15.7,43.4,19.7,6.4
2018-07-10,27,7.5,15.8,43.3,19.8,6.4
2018-07-10,28,7.6,15.7,43.2,19.9,6.5
2018-07-10,29,7.8,15.5,42.9,20.1,6.6
2018-07-10,30,8.0,15.1,43.1,20.2,6.7
2018-07-10,31,8.1,14.5,43.5,20.3,6.8
2018-07-10,32,8.2,13.6,44.2,20.4,6.8
2018-07-10,33,8.4,12.5,45.0,20.6,6.8
2018-07-10,34,8.5,11.2,46.4,20.7,6.6
2018-07-10,35,8.6,9.7,47.9,20.7,6.5
2018-07-10,36,8.6,8.2,49.2,20.6,6.4
2018-07-10,37,8.6,6.8,50.1,20.5,6.5
2018-07-10,38,8.5,5.5,50.5,20.6,6.8
2018-07-10,39,8.5,4.2,51.2,20.9,7.0
2018-07-10,40,8.5,3.1,51.4,21.3,7.3
2018-07-10,41,8.6,2.0,51.7,21.7,7.5
2018-07-10,42,8.6,1.1,51.9,22.1,7.7
2018-07-10,43,8.7,0.5,51.4,22.6,8.0
2018-07-10,44,8.8,0.2,50.3,23.3,8.2
2018-07-10,45,8.8,0.0,49.2,23.9,8.5
2018-07-10,46,8.7,0.0,48.5,24.3,8.7
2018-07-10,47,8.7,0.0,47.7,24.8,8.8
2018-07-10,48,8.8,0.0,46.4,25.6,9.1
2018-07-11,1,9.0,0.0,44.7,26.8,9.5
2018-07-11,2,9.3,0.0,43.2,28.4,9.7
2018-07-11,3,9.6,0.0,41.4,30.0,9.9
2018-07-11,4,9.8,0.0,40.2,31.4,9.9
2018-07-11,5,9.8,0.0,39.3,32.2,10.0
2018-07-11,6,9.7,0.0,39.2,32.4,10.1
2018-07-11,7,9.5,0.0,39.2,32.6,10.2
2018-07-11,8,9.4,0.0,39.1,32.7,10.4
2018-07-11,9,9.2,0.1,39.1,32.7,10.6
2018-07-11,10,9.0,0.5,39.2,32.4,10.8
2018-07-11,11,8.7,1.1,39.3,32.1,11.0
2018-07-11,12,8.4,2.0,39.3,31.7,11.1
2018-07-11,13,8.1,3.2,39.2,31.1,11.0
2018-07-11,14,7.6,4.4,40.5,29.9,10.5
2018-07-11,15,6.9,5.6,42.2,28.2,10.1
2018-07-11,16,6.2,6.7,44.2,26.1,9.5
2018-07-11,17,5.4,7.6,47.3,23.7,8.7
2018-07-11,18,4.9,8.5,49.5,21.9,7.5
2018-07-11,19,4.5,9.5,50.6,20.8,6.7
2018-07-11,20,4.4,10.7,50.1,20.4,6.2
2018-07-11,21,4.3,11.8,49.4,20.2,6.2
2018-07-11,22,4.2,12.8,48.6,20.2,6.3
2018-07-11,23,4.2,13.7,47.9,20.1,6.4
2018-07-11,24,4.2,14.5,47.0,20.2,6.5
2018-07-11,25,4.2,15.1,46.7,20.1,6.5
2018-07-11,26,4.3,15.6,46.1,20.1,6.6
2018-07-11,27,4.4,15.8,45.7,20.1,6.7
2018-07-11,28,4.5,15.7,45.6,20.2,6.8
2018-07-11,29,4.6,15.3,45.7,20.4,6.8
2018-07-11,30,4.7,14.9,45.8,20.7,6.9
2018-07-11,31,4.9,14.3,45.9,21.0,7.0
2018-07-11,32,5.1,13.4,46.3,21.3,7.0
2018-07-11,33,5.2,12.4,46.8,21.6,7.0
2018-07-11,34,5.4,11.1,47.6,21.7,6.9
2018-07-11,35,5.4,9.6,49.4,21.5,6.6
2018-07-11,36,5.5,8.1,50.8,21.3,6.4
2018-07-11,37,5.5,6.7,52.2,21.1,6.4
2018-07-11,38,5.5,5.4,52.8,21.2,6.7
2018-07-11,39,5.5,4.1,53.3,21.4,7.0
2018-07-11,40,5.4,3.0,53.9,21.6,7.3
2018-07-11,41,5.4,1.9,54.4,21.9,7.5
2018-07-11,42,5.4,1.1,54.7,22.1,7.7
2018-07-11,43,5.4,0.5,54.7,22.6,7.9
2018-07-11,44,5.3,0.1,54.4,23.0,8.2
2018-07-11,45,5.2,0.0,53.7,23.5,8.4
2018-07-11,46,5.0,0.0,53.1,23.9,8.6
2018-07-11,47,4.9,0.0,52.1,24.6,8.8
2018-07-11,48,4.8,0.0,50.4,25.9,9.1
2018-07-12,1,4.7,0.0,48.9,27.1,9.5
2018-07-12,2,4.8,0.0,47.3,28.5,10.1
2018-07-12,3,4.8,0.0,46.7,29.4,10.3
2018-07-12,4,4.8,0.0,45.8,30.7,10.2
2018-07-12,5,4.8,0.0,45.3,31.6,9.9
2018-07-12,6,4.8,0.0,44.8,32.2,9.9
2018-07-12,7,4.7,0.0,44.6,32.4,10.2
2018-07-12,8,4.6,0.0,44.3,32.5,10.5
2018-07-12,9,4.6,0.1,44.1,32.4,10.8
2018-07-12,10,4.5,0.5,43.5,32.4,11.2
2018-07-12,11,4.4,1.2,43.2,32.0,11.4
2018-07-12,12,4.3,2.2,42.9,31.7,11.4
2018-07-12,13,4.1,3.3,43.0,31.1,11.1
2018-07-12,14,3.9,4.7,43.5,30.1,10.6
2018-07-12,15,3.7,6.0,44.6,28.5,10.1
2018-07-12,16,3.3,7.2,46.3,26.4,9.4
2018-07-12,17,3.0,8.3,48.6,24.0,8.6
2018-07-12,18,2.7,9.3,50.4,22.2,7.4
2018-07-12,19,2.5,10.3,51.3,21.0,6.6
2018-07-12,20,2.4,11.6,50.6,20.5,6.2
2018-07-12,21,2.4,12.8,49.9,20.2,6.2
2018-07-12,22,2.4,13.9,49.1,20.1,6.2
2018-07-12,23,2.4,14.9,48.5,20.1,6.3
2018-07-12,24,2.5,15.9,47.5,20.1,6.4
2018-07-12,25,2.5,16.5,47.0,20.0,6.5
2018-07-12,26,2.5,16.8,46.9,19.9,6.6
2018-07-12,27,2.6,16.9,46.7,20.0,6.7
2018-07-12,28,2.7,16.8,46.4,20.2,6.8
2018-07-12,29,2.9,16.6,46.0,20.5,6.9
2018-07-12,30,3.0,16.1,46.1,20.8,7.0
2018-07-12,31,3.1,15.4,46.5,21.1,7.0
2018-07-12,32,3.2,14.5,46.8,21.4,7.1
2018-07-12,33,3.4,13.4,47.4,21.7,7.1
2018-07-12,34,3.5,12.1,48.4,21.8,7.0
2018-07-12,35,3.6,10.5,50.0,21.6,6.8
2018-07-12,36,3.6,8.9,51.7,21.4,6.6
2018-07-12,37,3.6,7.4,52.9,21.3,6.5
2018-07-12,38,3.7,6.0,53.3,21.3,6.9
2018-07-12,39,3.6,4.6,54.0,21.5,7.2
2018-07-12,40,3.6,3.3,54.6,21.7,7.6
2018-07-12,41,3.6,2.1,55.4,22.0,7.7
2018-07-12,42,3.6,1.2,55.9,22.3,7.9
2018-07-12,43,3.6,0.5,56.1,22.6,8.1
2018-07-12,44,3.5,0.2,55.9,22.9,8.3
2018-07-12,45,3.4,0.0,55.8,23.1,8.5
2018-07-12,46,3.2,0.0,55.8,23.4,8.5
2018-07-12,47,3.2,0.0,54.8,24.0,8.6
2018-07-12,48,3.1,0.0,53.6,24.8,8.8
2018-07-13,1,3.2,0.0,51.4,26.2,9.1
2018-07-13,2,3.2,0.0,49.7,27.5,9.7
2018-07-13,3,3.4,0.0,47.8,29.0,10.2
2018-07-16,4,10.1,0.0,40.8,28.5,15.6
2018-07-16,5,10.0,0.0,41.7,28.2,15.2
2018-07-16,6,9.1,0.0,42.3,28.3,15.4
2018-07-16,7,8.3,0.0,43.4,28.5,14.9
2018-07-16,8,7.4,0.0,44.3,28.9,14.5
2018-07-16,9,6.6,0.2,45.5,28.7,14.0
2018-07-16,10,5.8,0.8,46.6,27.9,14.0
2018-07-16,11,4.8,1.7,48.8,26.0,13.4
2018-07-16,12,3.9,2.8,51.6,23.6,12.0
2018-07-16,13,3.6,3.8,55.7,21.3,9.9
2018-07-16,14,3.2,5.0,56.8,20.1,8.5
2018-07-16,15,2.9,6.2,54.9,19.2,8.1
2018-07-16,16,2.6,7.6,54.2,18.8,7.8
2018-07-16,17,2.4,9.0,52.9,18.3,7.6
2018-07-16,18,2.2,10.2,51.7,17.9,7.5
2018-07-16,19,2.3,11.4,52.0,17.9,7.5
2018-07-16,20,2.6,12.4,51.8,17.3,7.4
2018-07-16,21,2.6,13.1,50.8,17.4,7.3
2018-07-16,22,2.7,13.7,50.3,17.0,7.3
2018-07-16,23,3.0,14.2,49.8,16.8,7.1
2018-07-16,24,3.0,14.6,49.6,16.8,7.1
2018-07-16,25,3.3,14.6,49.4,16.7,7.0
2018-07-16,26,3.5,14.5,49.7,16.7,7.0
2018-07-16,27,3.6,14.2,49.4,16.9,7.0
2018-07-16,28,3.6,13.7,49.8,17.5,7.1
2018-07-16,29,3.8,12.7,49.9,17.9,7.3
2018-07-16,30,4.2,11.5,49.9,17.8,7.3
2018-07-16,31,4.2,10.5,48.7,17.8,8.1
2018-07-16,32,4.3,9.6,47.9,17.7,8.0
2018-07-16,33,4.6,8.6,47.5,17.5,8.1
2018-07-16,34,4.7,7.4,48.0,17.8,8.2
2018-07-16,35,5.0,6.1,48.1,18.3,8.5
2018-07-16,36,4.8,4.7,48.6,18.6,8.9
2018-07-16,37,5.0,3.4,49.6,19.1,9.5
2018-07-16,38,5.0,2.2,51.0,19.4,9.6
2018-07-16,39,5.0,1.2,52.0,19.8,9.4
2018-07-16,40,5.1,0.5,52.7,20.4,9.7
2018-07-16,41,5.4,0.1,54.9,19.5,9.8
2018-07-16,42,5.9,0.0,55.1,19.6,10.0
2018-07-16,43,5.9,0.0,55.2,20.2,10.2
2018-07-16,44,6.3,0.0,53.1,21.4,10.7
2018-07-16,45,6.9,0.0,50.2,22.9,11.9
2018-07-16,46,7.7,0.0,47.7,24.1,13.4
2018-07-16,47,8.1,0.0,46.1,25.0,14.0
2018-07-16,48,6.1,0.0,46.0,25.8,14.9
2018-07-17,1,6.0,0.0,46.0,25.9,14.8
2018-07-17,2,6.5,0.0,44.9,26.3,14.9
2018-07-17,3,7.4,0.0,44.8,26.3,14.2
2018-07-17,4,7.2,0.0,44.4,26.7,14.3
2018-07-17,5,7.9,0.0,43.8,26.7,14.2
2018-07-17,6,8.1,0.0,43.2,26.9,14.3
2018-07-17,7,7.7,0.0,44.5,26.7,13.7
2018-07-17,8,8.0,0.0,44.4,26.6,13.7
2018-07-17,9,8.9,0.2,43.3,26.7,13.6
2018-07-17,10,9.0,0.7,43.7,26.2,13.1
2018-07-17,11,8.5,1.7,45.1,24.7,13.4
2018-07-17,12,7.4,2.8,48.4,22.9,12.1
2018-07-17,13,6.1,4.2,51.2,20.9,10.3
2018-07-17,14,5.2,5.6,52.2,19.8,9.1
2018-07-17,15,5.0,7.2,51.9,18.9,8.2
2018-07-17,16,4.9,8.7,51.4,18.5,7.9
2018-07-17,17,5.2,10.1,50.3,18.0,7.7
2018-07-17,18,4.9,11.4,48.9,17.9,7.6
2018-07-17,19,4.7,12.1,48.7,17.7,7.6
2018-07-17,20,4.2,12.4,48.7,17.5,7.5
2018-07-17,21,4.1,12.3,48.5,17.5,7.5
2018-07-17,22,3.9,12.1,48.8,17.5,7.4
2018-07-17,23,3.8,11.8,48.7,17.5,7.4
2018-07-17,24,3.9,11.5,48.7,17.5,7.4
2018-07-17,25,4.0,11.6,48.7,17.8,7.4
2018-07-17,26,4.2,11.8,48.5,17.9,7.4
2018-07-17,27,4.3,11.8,48.2,18.1,7.5
2018-07-17,28,4.6,11.5,48.2,18.2,7.5
2018-07-17,29,5.1,11.2,48.2,18.3,7.5
2018-07-17,30,5.0,10.6,48.3,18.2,7.5
2018-07-17,31,5.0,9.7,48.3,17.9,8.2
2018-07-17,32,5.1,8.7,48.9,17.9,8.1
2018-07-17,33,5.3,7.7,49.0,17.9,8.3
2018-07-17,34,5.5,6.8,49.2,17.9,8.4
2018-07-17,35,5.1,5.8,50.9,18.2,8.5
2018-07-17,36,4.9,4.6,52.5,18.5,8.7
2018-07-17,37,4.7,3.3,53.7,18.9,8.5
2018-07-17,38,4.5,2.2,53.9,19.3,8.5
2018-07-17,39,4.2,1.2,55.1,19.7,8.7
2018-07-17,40,4.0,0.5,54.8,20.1,9.1
2018-07-17,41,4.2,0.1,55.0,20.3,9.4
2018-07-17,42,4.2,0.0,55.7,20.5,9.2
2018-07-17,43,4.3,0.0,56.4,21.2,9.3
2018-07-17,44,4.4,0.0,55.2,22.4,10.0
2018-07-17,45,4.5,0.0,52.0,24.0,11.6
2018-07-17,46,4.4,0.0,48.3,25.7,13.1
2018-07-17,47,4.5,0.0,46.6,26.5,14.0
2018-07-17,48,4.9,0.0,44.2,26.9,14.8
2018-07-18,1,4.5,0.0,44.3,27.3,14.5
2018-07-18,2,4.4,0.0,44.6,27.1,14.6
2018-07-18,3,4.6,0.0,44.3,27.2,14.6
2018-07-18,4,4.2,0.0,44.7,27.4,14.4
2018-07-18,5,3.9,0.0,44.7,27.8,14.2
2018-07-18,6,3.7,0.0,44.9,27.8,14.2
2018-07-18,7,3.5,0.0,45.2,27.7,14.2
2018-07-18,8,3.7,0.0,45.1,27.7,14.1
2018-07-18,9,3.9,0.2,44.4,27.7,14.3
2018-07-18,10,3.7,0.6,44.5,27.4,14.5
2018-07-18,11,3.1,1.4,46.9,25.5,13.8
2018-07-18,12,2.7,2.5,50.8,23.4,12.3
2018-07-18,13,2.4,3.6,54.4,21.2,10.3
2018-07-18,14,2.2,4.9,55.4,19.9,8.9
2018-07-18,15,2.0,6.2,55.0,19.1,8.2
2018-07-18,16,1.8,7.8,53.8,18.8,8.1
2018-07-18,17,1.8,9.3,52.9,18.4,7.9
2018-07-18,18,1.7,10.7,52.2,18.2,7.8
2018-07-18,19,1.7,11.8,51.4,18.1,7.8
2018-07-18,20,1.7,12.5,51.0,17.9,7.7
2018-07-18,21,1.7,12.5,50.4,17.7,7.6
2018-07-18,22,1.6,12.4,50.5,17.7,7.6
2018-07-18,23,1.6,12.4,49.8,17.6,7.5
2018-07-18,24,1.7,12.6,50.3,17.7,7.5
2018-07-18,25,1.8,12.6,50.9,17.8,7.1
2018-07-18,26,1.9,12.5,50.7,17.9,7.1
2018-07-18,27,2.1,12.3,50.1,17.9,7.7
2018-07-18,28,2.2,12.1,50.6,17.9,7.7
2018-07-18,29,2.3,11.7,51.5,18.0,6.8
2018-07-18,30,2.3,10.7,51.7,17.9,6.7
2018-07-18,31,2.3,9.5,51.3,17.8,8.0
2018-07-18,32,2.3,8.3,51.8,17.8,7.9
2018-07-18,33,2.3,7.2,51.2,17.8,7.8
2018-07-18,34,2.3,6.1,52.2,18.0,7.8
2018-07-18,35,2.3,5.1,52.5,18.3,8.1
2018-07-18,36,2.4,4.0,53.2,18.6,8.2
2018-07-18,37,2.3,2.9,54.2,19.1,8.3
2018-07-18,38,2.3,1.9,56.8,19.5,8.5
2018-07-18,39,2.3,1.1,57.3,19.9,9.2
2018-07-18,40,2.2,0.4,57.8,20.2,9.5
2018-07-18,41,2.1,0.1,58.4,20.5,9.8
2018-07-18,42,2.1,0.0,58.1,20.7,10.2
2018-07-18,43,2.1,0.0,58.0,21.3,10.2
2018-07-18,44,2.1,0.0,55.8,22.6,10.8
2018-07-18,45,2.2,0.0,52.0,24.1,12.6
2018-07-18,46,2.4,0.0,48.6,25.5,13.8
2018-07-18,47,2.5,0.0,46.7,26.4,14.6
2018-07-18,48,2.7,0.0,46.7,26.5,14.5
2018-07-19,1,2.6,0.0,46.4,27.1,14.9
2018-07-19,2,2.4,0.0,46.1,27.6,15.1
2018-07-19,3,2.2,0.0,45.0,28.1,15.3
2018-07-19,4,2.5,0.0,44.6,28.3,15.1
2018-07-19,5,2.3,0.0,45.2,28.0,15.1
2018-07-19,6,2.2,0.0,45.3,27.9,15.1
2018-07-19,7,2.1,0.0,45.6,27.9,14.9
2018-07-19,8,2.2,0.0,45.6,28.0,14.9
2018-07-19,9,2.1,0.2,46.4,27.6,14.7
2018-07-19,10,2.1,0.8,46.2,27.1,14.7
2018-07-19,11,2.0,1.7,48.7,25.6,13.2
2018-07-19,12,1.9,2.9,51.3,23.6,11.9
2018-07-19,13,1.7,4.0,52.6,21.4,11.2
2018-07-19,14,1.6,5.4,53.3,20.2,9.9
2018-07-19,15,1.5,6.9,52.0,19.3,9.1
2018-07-19,16,1.5,8.8,50.9,18.6,8.7
2018-07-19,17,1.7,10.7,49.6,17.8,8.5
2018-07-19,18,1.9,12.6,48.9,17.5,8.4
2018-07-19,19,2.1,14.4,48.3,17.4,8.3
2018-07-19,20,2.3,15.8,47.7,17.2,8.2
2018-07-19,21,2.6,16.8,47.5,17.0,8.1
2018-07-19,22,2.7,17.5,46.7,17.1,8.1
2018-07-19,23,3.0,17.9,46.3,17.1,7.8
2018-07-19,24,3.5,18.2,45.9,17.2,7.8
2018-07-19,25,3.7,18.2,45.6,17.3,7.9
2018-07-19,26,3.9,18.1,45.2,17.4,8.0
2018-07-19,27,4.2,17.8,45.4,17.4,8.0
2018-07-19,28,4.8,17.2,45.0,17.5,8.0
2018-07-19,29,5.3,16.5,44.9,17.7,8.1
2018-07-19,30,5.4,15.2,46.1,17.5,8.1
2018-07-19,31,5.8,13.8,46.9,17.2,8.1
2018-07-19,32,5.7,12.4,47.5,17.3,8.1
2018-07-19,33,5.8,10.6,47.8,17.4,8.3
2018-07-19,34,6.0,8.9,48.8,17.8,8.4
2018-07-19,35,5.8,7.2,49.7,18.5,8.6
2018-07-19,36,5.7,5.6,50.4,19.0,8.7
2018-07-19,37,5.5,4.1,51.3,19.5,9.1
2018-07-19,38,5.5,2.7,51.7,19.9,9.2
2018-07-19,39,5.5,1.5,52.8,20.5,9.3
2018-07-19,40,5.5,0.6,53.3,20.9,9.6
2018-07-19,41,5.4,0.2,53.6,21.3,9.7
2018-07-19,42,5.0,0.0,54.2,21.4,10.0
2018-07-19,43,5.0,0.0,54.4,21.9,10.2
2018-07-19,44,5.3,0.0,52.0,22.8,11.0
2018-07-19,45,5.5,0.0,49.7,24.0,12.0
2018-07-19,46,5.1,0.0,46.1,25.5,14.0
2018-07-19,47,5.2,0.0,45.0,26.0,14.5
2018-07-19,48,5.6,0.0,44.1,26.6,14.6
2018-07-20,1,6.0,0.0,42.8,27.4,14.9
2018-07-20,2,5.8,0.0,42.0,27.9,15.1
2018-07-20,3,4.7,0.0,42.1,28.3,15.4
2018-07-20,4,5.1,0.0,41.7,28.3,15.3
2018-07-20,5,4.9,0.0,42.0,28.1,15.4
2018-07-20,6,4.8,0.0,41.9,28.2,15.5
2018-07-20,7,4.8,0.0,42.4,27.9,15.3
2018-07-20,8,4.9,0.0,42.1,28.2,15.3
2018-07-20,9,4.8,0.2,42.4,28.3,14.9
2018-07-20,10,4.8,0.6,43.0,28.0,14.4
2018-07-20,11,4.4,1.5,45.9,26.7,12.2
2018-07-20,12,4.3,2.6,47.9,24.8,11.1
2018-07-20,13,4.1,3.8,50.8,22.1,9.8
2018-07-20,14,4.4,5.0,51.8,21.0,8.5
2018-07-20,15,4.2,6.3,50.8,20.1,9.2
2018-07-20,16,4.0,7.8,49.4,19.8,8.8
2018-07-20,17,3.9,9.2,48.7,19.2,8.6
2018-07-20,18,3.7,10.4,48.7,18.6,8.5
2018-07-20,19,3.5,11.4,48.5,18.4,8.4
2018-07-20,20,3.5,12.3,48.2,18.2,8.3
2018-07-20,21,3.5,13.2,47.0,18.1,8.3
2018-07-20,22,3.3,13.8,46.8,18.1,8.3
2018-07-20,23,3.4,13.9,46.4,18.2,8.1
2018-07-20,24,3.7,13.9,45.9,18.7,8.1
2018-07-20,25,3.8,13.7,45.3,19.0,8.2
2018-07-20,26,3.9,13.0,46.0,19.3,8.3
2018-07-20,27,4.0,12.0,46.2,19.6,8.4
2018-07-20,28,4.3,11.0,46.9,19.6,8.4
2018-07-20,29,4.3,10.3,48.0,19.9,8.6
2018-07-20,30,4.5,9.4,48.4,19.8,8.5
2018-07-20,31,4.5,8.4,48.1,19.8,8.5
2018-07-20,32,4.2,7.1,49.3,19.7,8.5
2018-07-20,33,4.1,5.7,50.1,19.6,8.6
2018-07-20,34,3.7,4.6,51.1,19.9,8.7
2018-07-20,35,3.6,3.6,52.0,20.2,8.9
2018-07-20,36,3.6,2.7,52.7,20.4,9.0
2018-07-20,37,3.3,2.0,53.1,20.9,9.2
2018-07-20,38,3.2,1.3,53.0,21.3,9.4
2018-07-20,39,3.1,0.7,53.4,21.9,9.6
2018-07-20,40,3.0,0.3,53.6,22.1,10.0
2018-07-20,41,2.9,0.1,55.7,22.2,10.0
2018-07-20,42,2.6,0.0,56.4,22.1,10.1
2018-07-20,43,2.3,0.0,56.1,22.8,10.6
2018-07-20,44,2.4,0.0,55.5,23.9,10.9
2018-07-20,45,2.3,0.0,54.2,25.6,12.1
2018-07-20,46,1.9,0.0,52.5,27.6,13.3
2018-07-20,47,1.9,0.0,51.7,28.4,13.8
2018-07-20,48,1.8,0.0,49.4,29.9,14.7
2018-07-21,1,1.9,0.0,48.7,30.4,14.8
2018-07-21,2,1.8,0.0,48.3,30.6,15.0
2018-07-21,3,1.6,0.0,48.4,30.7,15.0
2018-07-21,4,1.7,0.0,47.7,31.1,15.2
2018-07-21,5,1.7,0.0,47.2,31.4,15.4
2018-07-21,6,1.8,0.0,47.7,30.8,15.3
2018-07-21,7,1.9,0.0,47.9,30.7,15.1
2018-07-21,8,1.9,0.0,47.5,30.8,15.4
2018-07-21,9,1.8,0.1,48.0,30.6,15.1
2018-07-21,10,2.1,0.4,47.5,30.6,15.0
2018-07-21,11,2.4,1.2,46.5,30.6,15.0
2018-07-21,12,2.4,2.5,46.5,29.8,14.6
2018-07-21,13,2.1,4.0,47.2,28.3,14.4
2018-07-21,14,1.8,5.8,48.8,26.7,13.0
2018-07-21,15,1.8,7.5,49.4,25.0,11.2
2018-07-21,16,1.7,9.3,49.0,23.9,10.1
2018-07-21,17,1.7,10.9,48.3,23.2,9.2
2018-07-21,18,1.8,12.4,46.6,22.8,8.9
2018-07-21,19,2.1,13.5,46.4,22.4,8.7
2018-07-21,20,2.4,14.5,45.2,22.3,8.7
2018-07-21,21,2.6,15.4,46.4,22.3,8.6
2018-07-21,22,2.8,16.2,45.4,22.4,8.7
2018-07-21,23,3.0,16.8,44.6,22.5,8.5
2018-07-21,24,3.3,17.1,44.3,22.3,8.5
2018-07-21,25,3.4,17.3,43.6,22.2,8.8
2018-07-21,26,3.9,17.1,43.1,22.3,9.1
2018-07-21,27,4.1,16.7,42.4,22.7,9.4
2018-07-21,28,4.3,15.8,43.1,22.9,9.2
2018-07-21,29,4.6,14.8,43.9,23.1,8.9
2018-07-21,30,5.1,13.7,44.0,23.7,8.9
2018-07-21,31,5.3,12.5,43.9,23.6,10.0
2018-07-21,32,5.5,11.0,45.7,23.3,9.8
2018-07-21,33,5.3,9.4,47.1,23.0,9.8
2018-07-21,34,5.2,7.9,48.0,23.1,9.8
2018-07-21,35,5.1,6.4,48.2,23.3,10.2
2018-07-21,36,5.1,5.0,48.5,23.5,10.9
2018-07-21,37,4.8,3.6,49.6,24.0,11.1
2018-07-21,38,4.8,2.3,50.1,24.6,11.5
2018-07-21,39,4.9,1.2,50.2,25.1,12.2
2018-07-21,40,5.1,0.4,50.6,25.3,12.7
2018-07-21,41,4.9,0.1,51.6,25.0,12.3
2018-07-21,42,4.8,0.0,51.7,24.9,12.1
2018-07-21,43,5.4,0.0,50.9,25.0,12.2
2018-07-21,44,5.9,0.0,49.4,26.2,12.3
2018-07-21,45,6.8,0.0,47.4,27.5,12.5
2018-07-21,46,8.2,0.0,42.2,29.2,13.8
2018-07-21,47,8.8,0.0,41.2,29.8,13.9
2018-07-21,48,8.7,0.0,38.9,32.0,13.1
2018-07-22,1,9.3,0.0,35.6,33.4,14.0
2018-07-22,2,9.5,0.0,34.2,33.8,14.7
2018-07-22,3,9.7,0.0,34.8,33.7,14.2
2018-07-22,4,10.5,0.0,33.7,33.7,14.4
2018-07-22,5,10.5,0.0,33.7,33.5,14.5
2018-07-22,6,10.6,0.0,33.7,33.7,14.2
2018-07-22,7,10.1,0.0,34.7,33.7,13.8
2018-07-22,8,10.1,0.0,34.5,33.8,13.9
2018-07-22,9,10.5,0.1,34.0,33.8,13.8
2018-07-22,10,10.4,0.5,33.5,33.8,13.9
2018-07-22,11,10.6,1.4,33.4,33.0,13.9
2018-07-22,12,10.1,2.6,33.5,32.4,13.9
2018-07-22,13,9.9,4.2,32.8,31.3,14.6
2018-07-22,14,9.7,6.0,34.0,30.2,13.8
2018-07-22,15,9.3,7.8,37.0,28.6,12.4
2018-07-22,16,8.8,9.6,38.4,27.2,11.2
2018-07-22,17,8.2,11.1,38.5,25.8,11.1
2018-07-22,18,8.0,12.6,39.1,24.9,10.7
2018-07-22,19,7.7,14.4,38.3,24.3,10.7
2018-07-22,20,7.7,16.3,37.8,23.7,10.3
2018-07-22,21,7.5,17.9,37.4,23.1,10.0
2018-07-22,22,7.6,19.2,36.8,22.8,9.7
2018-07-22,23,8.0,19.8,36.6,22.4,9.5
2018-07-22,24,8.4,20.4,35.9,22.3,9.4
2018-07-22,25,8.3,21.0,34.9,22.7,9.5
2018-07-22,26,8.6,21.2,33.7,23.1,9.6
2018-07-22,27,8.7,20.9,33.2,23.6,9.8
2018-07-22,28,9.0,20.3,33.7,23.8,9.9
2018-07-22,29,8.9,19.4,34.3,23.9,10.0
2018-07-22,30,8.7,18.1,35.3,23.9,10.1
2018-07-22,31,8.3,16.3,37.5,23.7,10.1
2018-07-22,32,7.9,14.2,40.5,23.4,10.0
2018-07-22,33,7.4,12.2,42.4,23.2,9.9
2018-07-22,34,7.1,10.1,44.0,23.1,9.9
2018-07-22,35,6.6,8.1,45.5,23.4,10.3
2018-07-22,36,6.2,6.1,46.7,23.6,10.7
2018-07-22,37,5.7,4.2,47.1,23.7,11.2
2018-07-22,38,5.4,2.7,48.4,24.1,11.5
2018-07-22,39,4.8,1.4,48.7,24.4,11.6
2018-07-22,40,4.5,0.5,49.4,24.8,11.4
2018-07-22,41,4.4,0.1,49.1,25.0,11.4
2018-07-22,42,4.6,0.0,49.4,25.0,11.5
2018-07-22,43,4.8,0.0,50.2,25.3,11.7
2018-07-22,44,5.3,0.0,48.7,26.4,12.2
2018-07-22,45,6.1,0.0,46.1,28.0,12.6
2018-07-22,46,6.9,0.0,42.7,29.6,13.7
2018-07-22,47,7.2,0.0,41.6,30.2,14.0
2018-07-22,48,6.6,0.0,39.9,32.0,13.9
2018-07-23,1,6.5,0.0,38.9,32.5,14.4
2018-07-23,2,6.4,0.0,38.8,32.7,14.4
2018-07-23,3,6.2,0.0,38.9,32.5,14.7
2018-07-23,4,6.4,0.0,38.9,32.4,14.7
2018-07-23,5,7.1,0.0,38.2,32.5,14.5
2018-07-23,6,7.0,0.0,37.8,32.7,14.8
2018-07-23,7,7.3,0.0,38.5,32.4,14.2
2018-07-23,8,8.1,0.0,38.2,32.2,13.9
2018-07-23,9,8.2,0.1,40.8,32.9,10.2
2018-07-23,10,7.7,0.5,41.6,32.2,10.0
2018-07-23,11,7.0,1.3,41.3,29.0,13.6
2018-07-23,12,6.4,2.4,43.1,26.7,12.7
2018-07-23,13,5.9,3.5,46.0,24.2,11.9
2018-07-23,14,5.8,4.8,48.7,22.6,10.3
2018-07-23,15,5.9,6.2,49.2,21.3,9.3
2018-07-23,16,6.4,7.6,49.1,20.5,8.6
2018-07-23,17,7.0,9.0,47.9,19.9,8.4
2018-07-23,18,7.0,10.5,46.8,19.6,8.3
2018-07-23,19,7.3,12.2,45.6,19.5,8.2
2018-07-23,20,7.1,13.7,44.6,19.3,8.1
2018-07-23,21,6.9,14.7,44.1,19.0,8.0
2018-07-23,22,6.9,15.4,43.7,18.9,7.9
2018-07-23,23,6.8,15.8,43.6,18.9,7.8
2018-07-23,24,6.8,15.9,43.6,18.9,7.8
2018-07-23,25,6.9,16.0,43.7,19.0,7.8
2018-07-23,26,6.9,15.9,43.7,19.1,7.9
2018-07-23,27,7.3,15.6,43.7,19.2,7.5
2018-07-23,28,7.6,15.0,44.0,19.3,7.6
2018-07-23,29,8.0,14.3,44.2,19.3,7.9
2018-07-23,30,8.4,13.4,44.4,19.3,8.0
2018-07-23,31,8.9,12.2,45.3,19.4,8.0
2018-07-23,32,9.3,10.9,44.8,19.3,8.0
2018-07-23,33,9.8,9.5,43.9,19.4,8.1
2018-07-23,34,10.1,8.2,45.2,19.6,8.2
2018-07-23,35,10.1,6.9,46.0,20.0,8.4
2018-07-23,36,10.0,5.4,47.0,20.3,8.5
2018-07-23,37,10.0,3.8,48.5,20.7,8.3
2018-07-23,38,10.0,2.4,50.0,21.3,8.5
2018-07-23,39,10.0,1.2,50.3,21.7,8.7
2018-07-23,40,9.6,0.4,50.5,22.3,9.0
2018-07-23,41,10.0,0.1,52.1,22.6,7.0
2018-07-23,42,9.2,0.0,51.9,22.9,7.3
2018-07-23,43,8.6,0.0,50.1,23.6,9.1
2018-07-23,44,8.8,0.0,48.5,24.9,9.5
2018-07-23,45,9.8,0.0,45.3,26.5,11.2
2018-07-23,46,11.2,0.0,40.8,27.8,12.5
2018-07-23,47,11.6,0.0,39.0,28.5,13.3
2018-07-23,48,10.6,0.0,35.9,30.2,14.4
2018-07-24,1,9.6,0.0,36.2,30.2,15.0
2018-07-24,2,9.0,0.0,37.3,29.7,15.1
2018-07-24,3,2.6,0.0,39.1,32.2,16.4
2018-07-24,4,8.2,0.0,36.4,30.4,15.6
2018-07-24,5,7.0,0.0,37.2,30.6,15.8
2018-07-24,6,6.2,0.0,38.4,30.5,15.5
2018-07-24,7,5.5,0.0,39.1,30.6,15.4
2018-07-24,8,5.3,0.0,39.2,30.6,15.5
2018-07-24,9,5.3,0.1,42.2,30.8,11.9
2018-07-24,10,4.9,0.6,43.2,30.1,11.5
2018-07-24,11,4.6,1.5,43.7,28.2,13.2
2018-07-24,12,4.1,2.7,47.3,25.9,11.4
2018-07-24,13,3.5,4.0,52.5,23.8,7.8
2018-07-24,14,3.0,5.5,53.9,22.3,6.6
2018-07-24,15,3.0,6.9,52.0,21.1,8.3
2018-07-24,16,2.8,8.4,51.8,20.4,8.6
2018-07-24,17,2.8,9.9,51.7,19.9,7.6
2018-07-24,18,2.7,11.4,51.2,19.6,7.5
2018-07-24,19,2.7,12.7,50.9,19.5,6.9
2018-07-24,20,2.9,13.9,49.8,19.4,6.8
2018-07-24,21,3.0,14.9,49.6,19.3,6.1
2018-07-24,22,3.2,15.6,49.5,19.2,6.0
2018-07-24,23,3.2,16.0,49.7,19.1,5.2
2018-07-24,24,3.0,16.3,49.6,19.3,5.3
2018-07-24,25,3.3,16.2,50.0,19.3,4.8
2018-07-24,26,3.6,15.7,50.2,19.4,4.8
2018-07-24,27,3.9,15.2,50.4,19.5,4.5
2018-07-24,28,4.3,14.6,50.6,19.6,4.5
2018-07-24,29,4.4,14.0,51.2,19.6,4.6
2018-07-24,30,4.6,13.1,51.2,19.8,4.7
2018-07-24,31,4.8,12.1,50.0,19.9,6.7
2018-07-24,32,4.7,10.6,51.4,19.8,6.8
2018-07-24,33,4.9,9.1,50.8,19.8,7.8
2018-07-24,34,4.8,7.7,51.9,20.0,7.9
2018-07-24,35,4.9,6.3,52.7,20.2,8.0
2018-07-24,36,4.7,5.0,53.5,20.6,8.1
2018-07-24,37,4.8,3.7,54.6,21.1,7.9
2018-07-24,38,4.6,2.4,55.3,21.6,8.0
2018-07-24,39,4.3,1.3,56.4,22.1,7.8
2018-07-24,40,3.7,0.5,57.0,22.5,7.9
2018-07-24,41,3.6,0.1,57.2,22.7,7.9
2018-07-24,42,3.9,0.0,57.0,22.9,7.9
2018-07-24,43,4.2,0.0,55.3,23.8,8.6
2018-07-24,44,4.2,0.0,53.0,25.2,9.2
2018-07-24,45,4.2,0.0,49.0,26.9,11.3
2018-07-24,46,15.1,0.0,40.7,25.3,11.0
2018-07-24,47,15.4,0.0,39.0,25.9,11.7
2018-07-24,48,4.4,0.0,41.1,30.9,14.0
2018-07-25,1,4.2,0.0,40.9,30.9,14.3
2018-07-25,2,4.1,0.0,40.4,31.1,14.7
2018-07-25,3,4.0,0.0,39.5,31.6,15.0
2018-07-25,4,4.1,0.0,39.2,31.9,14.9
2018-07-25,5,4.2,0.0,39.0,32.2,14.7
2018-07-25,6,4.2,0.0,38.7,32.2,15.0
2018-07-25,7,4.7,0.0,38.6,31.9,15.3
2018-07-25,8,4.7,0.0,38.0,32.4,15.4
2018-07-25,9,5.6,0.1,41.7,33.1,9.7
2018-07-25,10,5.6,0.7,42.8,32.3,9.1
2018-07-25,11,5.4,1.7,45.4,29.5,8.6
2018-07-25,12,4.7,3.0,47.9,27.2,7.9
2018-07-25,13,4.3,4.4,51.9,24.7,5.5
2018-07-25,14,3.9,6.0,53.7,23.4,4.6
2018-07-25,15,3.6,7.6,49.4,22.2,8.8
2018-07-25,16,3.5,9.4,49.0,21.5,8.7
2018-07-25,17,3.4,11.2,48.7,20.8,7.4
2018-07-25,18,3.6,13.1,48.0,20.6,7.3
2018-07-25,19,4.0,14.8,47.8,20.4,6.0
2018-07-25,20,4.5,15.9,46.6,20.3,5.9
2018-07-25,21,4.7,17.3,45.4,20.1,5.9
2018-07-25,22,4.9,18.4,44.2,20.0,5.9
2018-07-25,23,4.7,19.4,43.8,19.7,5.9
2018-07-25,24,4.8,20.0,43.2,19.7,5.9
2018-07-25,25,4.9,20.4,42.8,19.8,5.9
2018-07-25,26,4.8,20.6,42.6,19.8,5.9
2018-07-25,27,4.9,20.3,42.9,19.9,5.6
2018-07-25,28,5.1,19.7,43.4,20.0,5.6
2018-07-25,29,5.0,18.7,44.5,20.1,5.3
2018-07-25,30,4.9,17.5,45.4,20.1,5.4
2018-07-25,31,4.9,15.9,44.8,20.2,7.4
2018-07-25,32,4.8,14.1,45.9,20.0,7.8
2018-07-25,33,4.7,12.0,46.8,20.0,8.1
2018-07-25,34,4.6,10.0,47.7,20.3,8.2
2018-07-25,35,4.5,8.0,49.0,20.6,8.4
2018-07-25,36,4.4,6.1,49.1,21.0,8.5
2018-07-25,37,4.2,4.4,51.0,21.6,8.8
2018-07-25,38,4.1,2.8,52.5,22.2,9.2
2018-07-25,39,4.2,1.5,53.5,22.6,9.6
2018-07-25,40,4.2,0.6,54.0,23.1,10.0
2018-07-25,41,4.2,0.1,54.1,23.3,10.2
2018-07-25,42,4.3,0.0,54.4,23.1,10.2
2018-07-25,43,4.4,0.0,53.9,23.6,9.8
2018-07-25,44,4.8,0.0,51.5,24.8,10.6
2018-07-25,45,5.8,0.0,47.5,26.4,12.3
2018-07-25,46,7.2,0.0,44.4,27.8,13.5
2018-07-25,47,7.9,0.0,42.3,28.7,14.2
2018-07-25,48,7.6,0.0,40.8,30.7,13.9
2018-07-26,1,7.4,0.0,41.1,30.6,13.9
2018-07-26,2,7.8,0.0,40.2,30.9,14.1
2018-07-26,3,8.7,0.0,39.2,30.9,14.1
2018-07-26,4,8.2,0.0,38.6,31.6,14.4
2018-07-26,5,8.8,0.0,37.6,31.8,14.5
2018-07-26,6,9.0,0.0,37.6,31.7,14.5
2018-07-26,7,9.1,0.0,37.7,31.6,14.4
2018-07-26,8,9.5,0.0,37.2,31.8,14.3
2018-07-26,9,9.7,0.1,37.9,32.0,13.1
2018-07-26,10,9.9,0.5,38.9,31.4,12.3
2018-07-26,11,9.2,1.3,45.2,29.7,7.2
2018-07-26,12,8.2,2.4,48.4,27.5,6.4
2018-07-26,13,7.8,3.7,50.1,25.1,6.9
2018-07-26,14,7.4,5.2,51.0,23.6,6.1
2018-07-26,15,7.7,6.8,48.5,22.3,8.2
2018-07-26,16,7.7,8.7,47.1,21.6,7.6
2018-07-26,17,7.7,10.5,45.1,21.0,8.2
2018-07-26,18,7.9,12.4,44.5,20.8,8.0
2018-07-26,19,8.4,14.1,44.9,20.6,6.5
2018-07-26,20,8.7,15.3,43.8,20.3,6.2
2018-07-26,21,8.9,16.3,43.7,20.0,5.7
2018-07-26,22,8.8,16.8,43.2,19.8,5.8
2018-07-26,23,9.1,17.1,42.3,19.6,5.6
2018-07-26,24,9.7,17.2,42.1,19.7,5.7
2018-07-26,25,10.4,17.1,41.6,19.6,5.4
2018-07-26,26,10.8,16.8,41.3,19.7,5.3
2018-07-26,27,11.2,16.3,41.7,20.0,4.4
2018-07-26,28,11.3,15.8,41.9,20.1,4.4
2018-07-26,29,11.2,15.2,41.6,20.1,5.3
2018-07-26,30,11.3,14.5,41.8,20.0,5.4
2018-07-26,31,11.3,13.6,42.0,20.3,6.3
2018-07-26,32,11.4,12.2,42.3,20.3,6.2
2018-07-26,33,11.3,10.5,41.7,20.5,7.9
2018-07-26,34,11.0,8.7,42.9,20.7,8.0
2018-07-26,35,11.0,6.9,43.4,21.1,8.7
2018-07-26,36,10.6,5.1,45.1,21.5,9.1
2018-07-26,37,10.0,3.5,47.0,21.9,9.0
2018-07-26,38,9.4,2.2,47.8,22.4,9.2
2018-07-26,39,9.3,1.1,49.9,23.0,7.9
2018-07-26,40,9.0,0.4,50.4,23.2,8.0
2018-07-26,41,9.4,0.1,51.0,23.3,6.7
2018-07-26,42,8.7,0.0,52.0,23.6,6.8
2018-07-26,43,9.1,0.0,51.1,24.2,7.1
2018-07-26,44,9.8,0.0,48.7,25.5,7.7
2018-07-26,45,9.9,0.0,43.6,27.4,11.3
2018-07-26,46,8.7,0.0,40.6,29.3,13.1
2018-07-26,47,8.8,0.0,37.6,30.3,15.0
2018-07-26,48,9.5,0.0,38.3,30.2,13.4
2018-07-27,1,9.5,0.0,38.1,30.3,13.5
2018-07-27,2,9.6,0.0,37.7,30.5,13.5
2018-07-27,3,9.5,0.0,36.5,31.2,13.8
2018-07-27,4,9.4,0.0,35.5,31.7,14.1
2018-07-27,5,9.2,0.0,35.5,31.8,14.1
2018-07-27,6,9.4,0.0,35.6,31.6,14.0
2018-07-27,7,9.4,0.0,35.6,31.6,14.0
2018-07-27,8,9.6,0.0,35.9,31.5,13.9
2018-07-27,9,9.5,0.1,37.1,31.0,13.4
2018-07-27,10,8.9,0.4,38.2,30.7,13.0
2018-07-27,11,9.0,1.1,42.2,29.2,10.1
2018-07-27,12,8.5,2.2,44.2,27.6,9.4
2018-07-27,13,7.4,3.6,46.8,25.3,9.0
2018-07-27,14,7.5,4.9,48.0,23.8,7.9
2018-07-27,15,7.3,6.3,46.3,22.7,9.3
2018-07-27,16,7.8,7.7,44.5,21.9,8.8
2018-07-27,17,7.7,9.4,45.0,21.6,7.7
2018-07-27,18,7.7,11.2,44.8,21.2,7.5
2018-07-27,19,8.5,12.7,42.8,20.7,6.6
2018-07-27,20,8.3,14.2,41.3,20.5,6.5
2018-07-27,21,8.3,15.4,42.1,20.3,5.6
2018-07-27,22,8.6,16.1,42.2,20.1,5.6
2018-07-27,23,8.3,16.3,42.4,19.8,6.1
2018-07-27,24,8.4,16.3,42.1,19.7,6.0
2018-07-27,25,8.5,16.2,42.4,19.9,5.6
2018-07-27,26,9.2,15.7,41.9,20.1,5.6
2018-07-27,27,9.1,15.0,42.1,20.3,5.7
2018-07-27,28,9.3,13.9,42.8,20.5,5.8
2018-07-27,29,10.2,12.3,42.3,20.6,6.7
2018-07-27,30,9.9,10.4,43.9,21.0,6.9
2018-07-27,31,10.1,8.5,45.4,21.0,6.7
2018-07-27,32,9.3,7.1,46.6,21.1,6.8
2018-07-27,33,8.3,6.0,47.4,21.1,8.1
2018-07-27,34,7.3,5.0,48.8,21.2,8.1
2018-07-27,35,7.1,3.9,50.0,21.7,8.3
2018-07-27,36,7.7,2.9,50.3,22.1,8.4
2018-07-27,37,8.6,1.9,48.8,23.0,8.3
2018-07-27,38,7.5,1.1,49.1,24.0,8.6
2018-07-27,39,9.0,0.5,50.3,23.8,6.8
2018-07-27,40,7.9,0.1,50.9,24.8,6.7
2018-07-27,41,8.6,0.0,50.8,24.5,6.7
2018-07-27,42,8.7,0.0,51.0,25.0,7.0
2018-07-27,43,11.4,0.0,47.0,26.0,7.6
2018-07-27,44,10.5,0.0,43.1,28.5,8.8
2018-07-27,45,11.7,0.0,38.6,30.0,10.8
2018-07-27,46,16.6,0.0,33.0,30.0,11.4
2018-07-27,47,17.3,0.0,30.9,30.7,12.4
2018-07-27,48,17.2,0.0,26.6,34.7,12.5
2018-07-28,1,16.5,0.0,26.9,34.6,12.5
2018-07-28,2,18.3,0.0,25.1,34.1,12.7
2018-07-28,3,17.6,0.0,24.3,35.3,13.2
2018-07-28,4,17.5,0.0,23.3,36.0,13.7
2018-07-28,5,19.4,0.0,23.7,35.6,11.5
2018-07-28,6,19.5,0.0,23.5,36.1,11.0
2018-07-28,7,20.4,0.0,23.3,35.9,10.6
2018-07-28,8,21.0,0.0,22.8,36.2,10.3
2018-07-28,9,20.5,0.0,24.6,36.9,8.0
2018-07-28,10,21.0,0.2,24.7,36.4,7.9
2018-07-28,11,22.1,0.8,24.2,35.2,7.8
2018-07-28,12,22.5,1.9,23.0,35.2,8.1
2018-07-28,13,24.0,3.6,22.4,34.0,7.9
2018-07-28,14,24.9,5.6,21.8,32.2,7.5
2018-07-28,15,24.0,8.0,19.5,30.7,10.6
2018-07-28,16,24.2,10.5,19.1,29.7,10.1
2018-07-28,17,25.5,12.6,19.1,28.7,7.0
2018-07-28,18,27.6,14.2,17.8,28.3,6.4
2018-07-28,19,27.6,15.9,17.3,28.4,6.1
2018-07-28,20,26.5,17.9,16.9,28.5,6.0
2018-07-28,21,27.5,19.1,15.2,27.9,6.9
2018-07-28,22,27.1,20.7,15.1,28.1,7.1
2018-07-28,23,25.5,22.4,15.5,28.3,6.4
2018-07-28,24,26.8,22.6,15.1,27.3,6.3
2018-07-28,25,27.9,23.3,17.3,28.4,1.0
2018-07-28,26,28.5,22.6,17.5,28.8,0.6
2018-07-28,27,27.9,20.8,19.4,28.9,0.1
2018-07-28,28,28.2,19.1,20.7,28.7,0.3
2018-07-28,29,28.6,18.0,20.7,29.3,1.3
2018-07-28,30,28.1,16.4,22.5,29.2,1.4
2018-07-28,31,27.1,14.4,24.3,29.3,0.6
2018-07-28,32,26.8,12.3,25.5,29.5,1.2
2018-07-28,33,25.5,10.5,26.7,29.5,2.1
2018-07-28,34,27.0,8.5,26.9,29.0,1.8
2018-07-28,35,27.0,7.1,27.3,30.2,3.0
2018-07-28,36,26.2,5.4,27.3,30.2,3.3
2018-07-28,37,25.3,3.7,24.4,30.7,7.9
2018-07-28,38,25.2,2.3,24.6,31.4,7.7
2018-07-28,39,25.9,1.1,24.7,31.9,7.7
2018-07-28,40,25.9,0.4,24.9,32.4,7.7
2018-07-28,41,24.8,0.1,24.6,32.2,7.8
2018-07-28,42,24.2,0.0,25.7,32.1,7.8
2018-07-28,43,24.1,0.0,26.5,32.7,7.4
2018-07-28,44,24.2,0.0,26.4,34.0,7.5
2018-07-28,45,24.0,0.0,29.1,35.1,4.7
2018-07-28,46,23.7,0.0,27.6,37.5,5.0
2018-07-28,47,24.0,0.0,28.4,37.6,3.9
2018-07-28,48,30.1,0.0,23.3,37.3,3.7
2018-07-29,1,35.7,0.0,22.8,32.3,3.6
2018-07-29,2,27.8,0.0,26.3,35.6,4.5
2018-07-29,3,25.8,0.0,29.0,34.0,5.2
2018-07-29,4,24.0,0.0,31.4,32.6,5.8
2018-07-29,5,23.0,0.0,33.4,31.1,6.3
2018-07-29,6,22.3,0.0,35.1,29.6,6.7
2018-07-29,7,31.5,0.0,27.3,27.7,7.0
2018-07-29,8,22.6,0.0,37.6,25.8,7.4
2018-07-29,9,25.0,0.0,35.4,25.8,7.1
2018-07-29,10,27.5,0.0,33.5,25.7,6.7
2018-07-29,11,30.0,0.1,31.5,25.7,6.2
2018-07-29,12,32.4,0.3,29.5,25.7,5.8
2018-07-29,13,34.5,0.6,27.5,25.6,5.5
2018-07-29,14,36.8,0.9,25.4,25.5,5.1
2018-07-29,15,39.1,1.4,23.3,25.4,4.7
2018-07-29,16,40.6,1.8,21.9,25.2,4.4
2018-07-29,17,41.2,2.3,21.2,25.0,4.3
2018-07-29,18,41.0,2.7,21.0,24.8,4.3
2018-07-29,19,40.6,3.1,20.9,24.6,4.4
2018-07-29,20,39.7,3.5,20.8,24.3,4.8
2018-07-29,21,38.7,3.8,20.7,23.8,6.0
2018-07-29,22,37.4,4.1,21.0,23.4,7.1
2018-07-29,23,36.0,4.4,21.5,23.1,7.8
2018-07-29,24,35.1,4.7,22.2,23.1,7.7
2018-07-29,25,34.2,5.0,22.8,23.1,7.7
2018-07-29,26,33.4,5.3,23.4,23.1,7.6
2018-07-29,27,32.5,5.7,23.8,23.2,7.8
2018-07-29,28,31.6,6.1,24.1,23.3,7.9
2018-07-29,29,30.5,6.5,24.5,23.6,7.9
2018-07-29,30,29.9,6.9,24.8,23.8,7.7
2018-07-29,31,29.1,7.3,25.2,24.0,7.8
2018-07-29,32,28.3,7.4,25.7,24.2,8.1
2018-07-29,33,27.5,7.2,26.5,24.3,8.5
2018-07-29,34,26.5,6.7,28.0,24.2,8.8
2018-07-29,35,25.5,6.1,29.4,24.0,9.1
2018-07-29,36,24.5,5.3,31.2,23.9,9.2
2018-07-29,37,23.6,4.5,32.6,23.8,9.4
2018-07-29,38,22.8,3.6,34.0,23.7,9.6
2018-07-29,39,22.4,2.7,34.6,23.8,9.9
2018-07-29,40,22.2,1.7,35.2,24.0,10.2
2018-07-29,41,22.3,1.0,35.0,24.3,10.5
2018-07-29,42,22.4,0.4,34.5,24.5,10.9
2018-07-29,43,22.6,0.1,34.0,24.6,11.0
2018-07-29,44,22.8,0.0,33.6,24.6,11.1
2018-07-29,45,23.1,0.0,33.3,24.6,11.1
2018-07-29,46,23.3,0.0,33.2,24.7,10.9
2018-07-29,47,23.7,0.0,32.6,25.0,10.8
2018-07-29,48,24.5,0.0,31.0,25.9,10.7
2018-07-30,1,25.6,0.0,28.4,27.2,10.7
2018-07-30,2,26.6,0.0,26.0,28.6,10.6
2018-07-30,3,27.2,0.0,25.1,29.4,10.1
2018-07-30,4,27.6,0.0,25.0,29.6,9.6
2018-07-30,5,27.9,0.0,25.2,29.7,8.9
2018-07-30,6,28.1,0.0,25.4,29.7,8.5
2018-07-30,7,28.4,0.0,25.5,29.7,8.2
2018-07-30,8,28.9,0.0,25.6,29.7,7.9
2018-07-30,9,29.4,0.0,25.5,29.7,7.7
2018-07-30,10,29.7,0.2,25.4,29.5,7.7
2018-07-30,11,29.9,0.6,25.2,29.1,7.8
2018-07-30,12,29.9,1.3,25.0,28.7,7.9
2018-07-30,13,30.0,2.2,24.6,28.1,8.2
2018-07-30,14,29.5,3.4,24.2,27.1,9.1
2018-07-30,15,28.8,4.5,24.7,25.9,9.6
2018-07-30,16,27.7,5.7,26.4,24.3,10.0
2018-07-30,17,26.7,6.7,28.9,22.6,9.7
2018-07-30,18,25.7,7.6,31.1,21.2,9.3
2018-07-30,19,24.9,8.4,32.8,20.1,8.7
2018-07-30,20,24.5,9.3,33.1,19.4,8.2
2018-07-30,21,24.2,10.2,33.3,19.1,7.8
2018-07-30,22,24.2,11.2,32.5,18.9,7.7
2018-07-30,23,24.2,12.1,31.7,19.0,7.6
2018-07-30,24,24.3,13.0,30.6,19.1,7.5
2018-07-30,25,24.4,13.8,29.4,19.3,7.4
2018-07-30,26,24.3,14.3,29.0,19.3,7.4
2018-07-30,27,24.0,14.5,29.1,19.4,7.4
2018-07-30,28,23.8,14.5,29.4,19.5,7.2
2018-07-30,29,23.8,14.3,29.6,19.7,7.1
2018-07-30,30,23.7,13.9,29.8,20.0,7.1
2018-07-30,31,23.6,13.2,30.2,20.2,7.3
2018-07-30,32,23.3,12.5,30.9,20.4,7.3
2018-07-30,33,22.9,11.6,31.8,20.5,7.6
2018-07-30,34,22.6,10.5,32.6,20.7,7.9
2018-07-30,35,22.2,9.2,33.7,20.8,8.2
2018-07-30,36,21.7,7.9,35.4,20.9,8.3
2018-07-30,37,21.1,6.6,37.1,20.8,8.4
2018-07-30,38,20.5,5.2,38.5,20.9,8.7
2018-07-30,39,19.8,3.9,39.8,21.0,9.0
2018-07-30,40,19.4,2.6,40.7,21.3,9.3
2018-07-30,41,19.0,1.5,41.0,21.8,9.7
2018-07-30,42,18.6,0.6,41.3,22.2,10.0
2018-07-30,43,18.4,0.2,41.4,22.5,10.1
2018-07-30,44,18.1,0.0,41.7,22.5,10.2
2018-07-30,45,17.9,0.0,42.2,22.1,10.3
2018-07-30,46,17.7,0.0,42.8,21.8,10.3
2018-07-30,47,17.8,0.0,41.8,22.2,10.5
2018-07-30,48,18.2,0.0,39.7,23.1,10.9
2018-07-31,1,18.8,0.0,37.4,24.1,11.3
2018-07-31,2,19.2,0.0,35.9,25.1,11.2
2018-07-31,3,19.6,0.0,34.3,26.2,10.9
2018-07-31,4,20.2,0.0,32.3,27.5,10.7
2018-07-31,5,20.5,0.0,30.8,28.4,10.7
2018-07-31,6,20.6,0.0,30.0,29.1,10.9
2018-07-31,7,20.6,0.0,29.9,29.3,11.0
2018-07-31,8,20.6,0.0,29.9,29.4,11.1
2018-07-31,9,20.8,0.1,29.5,29.4,11.1
2018-07-31,10,20.9,0.3,29.3,29.3,11.1
2018-07-31,11,20.8,0.8,29.5,28.9,11.1
2018-07-31,12,20.6,1.7,29.5,28.3,11.1
2018-07-31,13,20.5,3.0,29.5,27.5,11.0
2018-07-31,14,20.2,4.5,30.8,26.1,10.7
2018-07-31,15,19.5,6.0,33.4,24.0,10.3
2018-07-31,16,18.7,7.5,36.4,21.9,9.4
2018-07-31,17,18.0,8.9,38.2,20.1,8.9
2018-07-31,18,17.6,10.4,39.1,18.7,8.4
2018-07-31,19,17.2,11.8,39.1,17.7,8.1
2018-07-31,20,17.1,13.0,38.9,17.1,7.7
2018-07-31,21,17.0,14.1,38.4,16.8,7.5
2018-07-31,22,17.2,15.0,37.7,16.8,7.3
2018-07-31,23,17.4,15.7,36.8,16.8,7.2
2018-07-31,24,17.7,16.2,35.9,16.8,7.2
2018-07-31,25,18.0,16.5,35.3,16.9,7.1
2018-07-31,26,18.1,16.6,35.2,16.9,7.0
2018-07-31,27,18.2,16.4,35.3,17.0,7.0
2018-07-31,28,18.4,16.0,35.4,17.1,7.0
2018-07-31,29,18.7,15.6,35.0,17.4,7.1
2018-07-31,30,19.1,15.0,34.9,17.7,7.2
2018-07-31,31,19.5,14.2,35.0,18.2,7.0
2018-07-31,32,19.7,13.2,35.4,18.6,6.8
2018-07-31,33,19.9,12.1,36.1,19.0,6.7
2018-07-31,34,19.9,10.9,36.5,19.3,7.0
2018-07-31,35,19.7,9.4,37.7,19.3,7.5
2018-07-31,36,19.4,7.8,39.1,19.2,7.9
2018-07-31,37,19.0,6.3,40.9,19.1,8.0
2018-07-31,38,18.7,4.9,42.0,19.3,8.2
2018-07-31,39,18.6,3.6,42.7,19.6,8.4
2018-07-31,40,18.5,2.4,43.3,19.9,8.7
2018-07-31,41,18.5,1.3,43.5,20.5,8.9
2018-07-31,42,18.5,0.6,43.3,20.9,9.1
2018-07-31,43,18.4,0.2,43.0,21.4,9.3
2018-07-31,44,18.1,0.0,43.5,21.4,9.4
2018-07-31,45,17.7,0.0,44.1,21.3,9.4
2018-07-31,46,17.4,0.0,44.3,21.4,9.5
2018-07-31,47,17.5,0.0,43.3,21.9,9.7
2018-07-31,48,18.1,0.0,41.4,23.1,9.7
2018-08-01,1,18.7,0.0,39.2,24.4,9.8
2018-08-01,2,19.2,0.0,37.5,25.6,9.9
2018-08-01,3,19.2,0.0,36.5,26.4,10.1
2018-08-01,4,19.2,0.0,36.0,27.1,10.1
2018-08-01,5,19.2,0.0,35.3,27.7,10.0
2018-08-01,6,18.9,0.0,35.6,28.0,9.8
2018-08-01,7,18.6,0.0,35.1,28.4,9.9
2018-08-01,8,18.4,0.0,34.2,29.1,10.2
2018-08-01,9,18.1,0.1,33.3,29.7,10.6
2018-08-01,10,17.5,0.3,33.3,29.6,10.7
2018-08-01,11,16.5,0.9,34.0,28.8,10.9
2018-08-01,12,15.4,1.9,34.9,28.0,10.8
2018-08-01,13,14.7,3.2,35.0,27.3,11.0
2018-08-01,14,13.8,4.8,36.1,25.9,10.8
2018-08-01,15,13.1,6.4,37.4,24.4,10.4
2018-08-01,16,12.3,8.0,39.4,22.6,10.0
2018-08-01,17,11.6,9.5,41.1,21.1,9.5
2018-08-01,18,10.9,10.9,42.5,19.5,8.8
2018-08-01,19,10.3,12.1,43.7,18.4,8.0
2018-08-01,20,9.9,13.2,44.1,17.6,7.4
2018-08-01,21,9.8,14.3,43.6,17.3,7.3
2018-08-01,22,9.8,15.2,42.9,17.2,7.3
2018-08-01,23,9.9,16.0,42.1,17.2,7.3
2018-08-01,24,10.0,16.7,41.2,17.3,7.3
2018-08-01,25,10.1,17.1,40.7,17.4,7.3
2018-08-01,26,10.0,17.3,40.6,17.5,7.4
2018-08-01,27,10.0,17.2,40.6,17.6,7.4
2018-08-01,28,9.9,16.8,40.8,17.8,7.5
2018-08-01,29,9.9,16.2,41.3,17.9,7.6
2018-08-01,30,9.9,15.5,41.8,18.2,7.6
2018-08-01,31,9.9,14.6,42.3,18.4,7.8
2018-08-01,32,9.8,13.6,42.9,18.7,7.9
2018-08-01,33,9.8,12.4,43.6,19.0,8.1
2018-08-01,34,9.7,11.1,44.4,19.3,8.3
2018-08-01,35,9.4,9.5,46.3,19.2,8.3
2018-08-01,36,9.2,7.9,47.9,19.1,8.4
2018-08-01,37,9.0,6.3,49.3,19.0,8.5
2018-08-01,38,8.9,4.9,49.9,19.2,8.8
2018-08-01,39,8.8,3.6,50.6,19.4,9.0
2018-08-01,40,8.8,2.3,51.1,19.7,9.2
2018-08-01,41,8.8,1.3,51.7,20.0,9.3
2018-08-01,42,8.9,0.5,51.9,20.5,9.5
2018-08-01,43,8.9,0.1,51.9,20.7,9.6
2018-08-01,44,8.9,0.0,51.8,20.7,9.6
2018-08-01,45,8.9,0.0,52.1,20.6,9.4
2018-08-01,46,9.1,0.0,52.1,20.8,9.3
2018-08-01,47,9.5,0.0,51.2,21.4,9.6
2018-08-01,48,10.1,0.0,49.6,22.3,10.1
2018-08-02,1,10.8,0.0,47.4,23.6,10.3
2018-08-02,2,11.4,0.0,45.6,24.9,10.4
2018-08-02,3,12.1,0.0,43.6,26.2,10.4
2018-08-02,4,12.4,0.0,42.6,26.9,10.7
2018-08-02,5,12.7,0.0,41.5,27.5,10.9
2018-08-02,6,12.9,0.0,40.9,27.8,11.0
2018-08-02,7,13.0,0.0,40.2,28.1,11.1
2018-08-02,8,13.1,0.0,39.8,28.2,11.2
2018-08-02,9,13.1,0.1,39.3,28.0,11.4
2018-08-02,10,13.0,0.3,38.8,27.7,11.7
2018-08-02,11,12.8,0.8,38.2,27.2,12.0
2018-08-02,12,12.5,1.6,38.0,26.7,12.1
2018-08-02,13,12.2,2.8,37.9,25.9,12.1
2018-08-02,14,11.8,4.3,38.4,24.8,11.8
2018-08-02,15,11.3,5.8,39.9,23.5,11.0
2018-08-02,16,10.7,7.3,41.5,21.9,10.4
2018-08-02,17,10.0,8.7,44.0,20.3,9.5
2018-08-02,18,9.4,10.0,45.4,19.0,8.7
2018-08-02,19,9.0,11.1,46.8,17.7,7.8
2018-08-02,20,8.7,12.2,47.1,16.9,7.2
2018-08-02,21,8.7,13.1,46.7,16.4,7.1
2018-08-02,22,8.9,14.1,45.3,16.3,7.2
2018-08-02,23,9.1,15.1,44.0,16.4,7.3
2018-08-02,24,9.4,15.9,43.1,16.5,7.3
2018-08-02,25,9.6,16.5,42.6,16.5,7.3
2018-08-02,26,9.7,16.7,42.4,16.5,7.3
2018-08-02,27,9.8,16.6,42.6,16.5,7.3
2018-08-02,28,9.9,16.3,42.9,16.6,7.2
2018-08-02,29,10.1,15.9,43.0,16.8,7.3
2018-08-02,30,10.3,15.4,42.9,17.1,7.4
2018-08-02,31,10.6,14.6,43.1,17.4,7.5
2018-08-02,32,10.7,13.7,43.4,17.7,7.6
2018-08-02,33,10.8,12.6,43.7,18.1,7.8
2018-08-02,34,10.9,11.2,44.5,18.3,7.9
2018-08-02,35,10.8,9.7,45.7,18.4,8.0
2018-08-02,36,10.8,8.1,46.9,18.4,8.1
2018-08-02,37,10.7,6.6,48.0,18.5,8.2
2018-08-02,38,10.6,5.2,48.5,18.7,8.5
2018-08-02,39,10.6,3.8,49.1,19.0,8.7
2018-08-02,40,10.6,2.4,49.8,19.4,8.9
2018-08-02,41,10.6,1.3,50.5,19.7,9.0
2018-08-02,42,10.6,0.5,50.8,19.9,9.2
2018-08-02,43,10.4,0.1,51.0,20.1,9.3
2018-08-02,44,10.2,0.0,51.2,20.1,9.2
2018-08-02,45,9.9,0.0,51.3,20.1,9.2
2018-08-02,46,9.7,0.0,51.5,20.3,9.0
2018-08-02,47,9.7,0.0,51.4,20.7,9.0
2018-08-02,48,9.8,0.0,50.9,21.5,9.5
2018-08-03,1,10.1,0.0,49.3,22.7,10.2
2018-08-03,2,10.5,0.0,47.5,24.2,10.6
2018-08-03,3,10.8,0.0,45.4,25.7,10.7
2018-08-03,4,11.0,0.0,44.2,27.0,10.7
2018-08-03,5,11.0,0.0,43.2,27.9,11.0
2018-08-03,6,10.9,0.0,42.9,28.4,11.1
2018-08-03,7,10.7,0.0,42.8,28.6,11.1
2018-08-03,8,10.5,0.0,42.8,28.7,11.3
2018-08-03,9,10.3,0.1,42.4,28.6,11.5
2018-08-03,10,10.1,0.2,41.8,28.4,11.9
2018-08-03,11,9.7,0.7,41.6,27.8,12.1
2018-08-03,12,9.3,1.5,41.6,27.2,12.2
2018-08-03,13,8.9,2.6,41.8,26.5,12.1
2018-08-03,14,8.5,4.0,42.3,25.6,11.6
2018-08-03,15,8.0,5.5,43.1,24.4,11.1
2018-08-03,16,7.4,6.9,44.9,22.7,10.4
2018-08-03,17,6.8,8.1,46.9,20.9,9.8
2018-08-03,18,6.2,9.2,49.1,19.3,8.6
2018-08-03,19,5.8,10.3,50.0,18.1,7.9
2018-08-03,20,5.6,11.4,50.1,17.3,7.3
2018-08-03,21,5.5,12.5,49.6,16.9,7.1
2018-08-03,22,5.5,13.6,48.6,16.8,7.0
2018-08-03,23,5.5,14.6,47.8,16.8,7.0
2018-08-03,24,5.6,15.5,46.9,16.8,7.0
2018-08-03,25,5.6,16.1,46.5,16.7,7.0
2018-08-03,26,5.7,16.5,46.1,16.7,6.9
2018-08-03,27,5.8,16.6,46.1,16.7,6.9
2018-08-03,28,5.9,16.5,46.2,16.8,6.9
2018-08-03,29,6.1,16.3,46.3,17.0,7.0
2018-08-03,30,6.3,16.0,46.4,17.3,7.0
2018-08-03,31,6.5,15.5,46.6,17.6,7.2
2018-08-03,32,6.6,14.6,47.2,17.9,7.3
2018-08-03,33,6.7,13.5,47.5,18.3,7.5
2018-08-03,34,6.8,12.1,48.4,18.6,7.6
2018-08-03,35,6.9,10.6,49.0,18.9,7.8
2018-08-03,36,7.1,9.0,49.7,19.2,7.9
2018-08-03,37,7.1,7.4,50.3,19.6,8.1
2018-08-03,38,7.0,5.8,51.0,19.9,8.4
2018-08-03,39,6.9,4.2,51.7,20.3,8.7
2018-08-03,40,6.7,2.7,52.4,20.7,9.0
2018-08-03,41,6.6,1.5,53.0,21.1,9.2
2018-08-03,42,6.4,0.6,53.4,21.5,9.4
2018-08-03,43,6.3,0.2,53.3,21.8,9.6
2018-08-03,44,6.1,0.0,53.5,21.9,9.7
2018-08-03,45,5.9,0.0,53.7,21.8,9.6
2018-08-03,46,5.7,0.0,54.0,21.8,9.3
2018-08-03,47,5.6,0.0,53.9,22.2,9.2
2018-08-05,48,11.9,0.0,33.7,35.2,13.5
2018-08-06,1,12.3,0.0,36.1,35.5,10.4
2018-08-06,2,12.9,0.0,34.3,36.0,11.0
2018-08-06,3,14.1,0.0,32.7,36.2,11.2
2018-08-06,4,15.1,0.0,31.2,36.4,11.3
2018-08-06,5,14.8,0.0,31.4,36.6,11.2
2018-08-06,6,14.7,0.0,32.0,36.6,10.8
2018-08-06,7,14.1,0.0,32.6,36.4,10.8
2018-08-06,8,13.3,0.0,32.8,36.7,10.8
2018-08-06,9,13.3,0.0,34.4,37.0,8.4
2018-08-06,10,12.8,0.3,35.9,36.0,8.1
2018-08-06,11,11.0,0.9,43.2,33.0,4.6
2018-08-06,12,9.9,2.0,45.0,30.5,4.3
2018-08-06,13,8.8,3.2,48.0,27.8,2.3
2018-08-06,14,7.8,4.5,49.6,26.0,2.1
2018-08-06,15,6.9,5.9,47.5,24.7,4.7
2018-08-06,16,6.2,7.4,47.4,23.7,4.5
2018-08-06,17,6.4,9.0,46.0,23.0,5.9
2018-08-06,18,6.5,10.9,45.1,22.7,5.5
2018-08-06,19,7.1,12.7,44.6,22.5,4.1
2018-08-06,20,7.4,14.5,43.0,22.3,3.8
2018-08-06,21,7.6,16.2,43.0,22.3,2.1
2018-08-06,22,7.4,17.5,42.3,22.0,2.2
2018-08-06,23,7.3,18.5,41.8,21.7,2.5
2018-08-06,24,7.4,19.3,41.0,21.7,2.5
2018-08-06,25,7.3,20.0,40.5,21.9,2.2
2018-08-06,26,7.1,20.2,40.2,21.9,2.4
2018-08-06,27,7.2,20.0,41.5,21.9,0.9
2018-08-06,28,7.6,19.3,41.5,22.0,1.0
2018-08-06,29,7.8,17.8,43.0,21.9,1.1
2018-08-06,30,7.7,16.3,44.6,22.0,1.1
2018-08-06,31,7.4,14.7,45.6,22.3,1.6
2018-08-06,32,7.3,12.9,46.7,22.2,1.4
2018-08-06,33,7.1,10.7,45.5,22.0,5.0
2018-08-06,34,6.6,9.8,46.5,21.7,5.1
2018-08-06,35,6.6,7.7,46.4,21.5,5.5
2018-08-06,36,6.4,5.9,47.4,21.9,5.8
2018-08-06,37,5.9,3.1,50.2,23.0,6.4
2018-08-06,38,5.7,1.7,51.4,23.5,6.4
2018-08-06,39,5.3,0.7,52.9,24.0,6.3
2018-08-06,40,4.7,0.2,53.3,24.2,6.3
2018-08-06,41,4.3,0.0,54.0,24.0,6.0
2018-08-06,42,3.9,0.0,54.7,24.4,6.3
2018-08-06,43,3.9,0.0,57.0,25.5,1.7
2018-08-06,44,4.0,0.0,56.1,27.0,1.9
2018-08-06,45,3.9,0.0,45.4,29.0,11.3
2018-08-06,46,3.5,0.0,42.7,30.7,13.7
2018-08-06,47,3.5,0.0,36.2,31.8,19.7
2018-08-06,48,4.0,0.0,40.5,32.2,14.1
2018-08-07,1,4.0,0.0,40.0,32.4,14.3
2018-08-07,2,4.1,0.0,39.5,32.6,14.4
2018-08-07,3,4.4,0.0,39.3,33.0,13.9
2018-08-07,4,4.5,0.0,38.6,33.3,14.1
2018-08-07,5,4.4,0.0,37.7,33.7,14.6
2018-08-07,6,4.2,0.0,37.2,34.0,14.7
2018-08-07,7,4.1,0.0,39.1,34.0,12.7
2018-08-07,8,4.2,0.0,39.5,33.7,12.5
2018-08-07,9,4.2,0.0,43.8,34.2,7.4
2018-08-07,10,4.3,0.2,44.4,33.6,7.2
2018-08-07,11,4.3,0.3,44.7,30.7,9.6
2018-08-07,12,3.8,1.4,47.7,28.4,8.7
2018-08-07,13,3.6,2.8,54.1,26.1,2.2
2018-08-07,14,3.8,4.8,54.8,24.7,1.0
2018-08-07,15,3.8,6.6,52.4,24.1,2.9
2018-08-07,16,3.9,8.2,50.8,23.1,2.5
2018-08-07,17,3.9,9.7,48.5,22.3,5.1
2018-08-07,18,4.0,11.3,47.8,21.9,5.1
2018-08-07,19,4.3,12.7,48.8,21.7,2.6
2018-08-07,20,4.6,14.0,47.8,21.5,2.5
2018-08-07,21,5.0,15.0,47.9,21.3,0.9
2018-08-07,22,5.0,15.9,47.5,21.3,0.9
2018-08-07,23,5.5,16.3,47.1,21.1,0.1
2018-08-07,24,5.6,16.6,47.1,21.2,0.1
2018-08-07,25,5.8,16.2,46.7,21.0,0.0
2018-08-07,26,5.8,15.6,47.1,21.3,0.0
2018-08-07,27,5.9,14.7,47.2,21.2,0.0
2018-08-07,28,6.4,13.9,47.6,21.3,0.0
2018-08-07,29,6.4,13.6,48.3,21.8,0.3
2018-08-07,30,6.2,12.9,49.0,21.9,0.6
2018-08-07,31,5.8,11.6,46.3,21.5,4.8
2018-08-07,32,5.3,9.8,48.3,21.2,4.9
2018-08-07,33,5.2,8.2,49.5,21.4,4.8
2018-08-07,34,5.0,6.6,49.8,21.6,5.1
2018-08-07,35,4.9,5.1,49.8,21.8,5.8
2018-08-07,36,5.0,3.7,49.6,22.2,6.2
2018-08-07,37,5.6,2.3,51.2,22.8,6.0
2018-08-07,38,5.5,1.2,52.3,23.5,6.0
2018-08-07,39,6.1,0.5,52.4,23.9,6.0
2018-08-07,40,6.3,0.1,52.5,24.1,6.0
2018-08-07,41,5.0,0.0,54.1,24.4,5.1
2018-08-07,42,5.8,0.0,53.7,24.7,5.2
2018-08-07,43,6.3,0.0,53.5,26.2,3.8
2018-08-07,44,7.4,0.0,51.4,27.9,4.9
2018-08-07,45,8.0,0.0,43.4,30.3,11.9
2018-08-07,46,7.7,0.0,40.3,32.7,13.8
2018-08-07,47,8.1,0.0,35.5,33.9,18.1
2018-08-07,48,10.3,0.0,35.2,34.2,14.5
2018-08-08,1,9.1,0.0,36.3,34.3,14.5
2018-08-08,2,9.5,0.0,36.7,33.9,14.3
2018-08-08,3,12.0,0.0,35.0,33.4,14.1
2018-08-08,4,10.0,0.0,35.1,34.6,14.6
2018-08-08,5,10.7,0.0,35.2,35.1,13.2
2018-08-08,6,11.4,0.0,34.8,35.0,13.0
2018-08-08,7,12.0,0.0,34.4,34.7,13.1
2018-08-08,8,11.4,0.0,34.1,35.0,13.1
2018-08-08,9,11.0,0.0,34.6,34.7,12.6
2018-08-08,10,10.2,0.2,36.7,33.9,12.1
2018-08-08,11,9.1,0.8,37.8,32.0,13.6
2018-08-08,12,8.6,2.0,40.6,29.4,12.1
2018-08-08,13,8.0,3.3,44.4,27.2,8.8
2018-08-08,14,7.2,4.7,46.4,25.5,7.4
2018-08-08,15,7.1,6.3,43.9,24.1,9.3
2018-08-08,16,7.8,8.0,42.8,23.4,9.0
2018-08-08,17,7.9,9.8,41.4,23.0,8.9
2018-08-08,18,7.8,11.5,40.5,22.7,8.8
2018-08-08,19,7.6,13.1,39.2,22.6,8.7
2018-08-08,20,9.0,13.9,37.7,22.2,8.6
2018-08-08,21,9.3,14.7,36.5,22.3,8.6
2018-08-08,22,9.5,15.1,35.8,22.4,8.7
2018-08-08,23,9.8,14.7,36.2,22.4,8.5
2018-08-08,24,10.5,14.5,35.5,22.5,8.5
2018-08-08,25,10.6,14.4,35.2,22.7,8.6
2018-08-08,26,11.0,14.6,34.4,22.8,8.6
2018-08-08,27,11.3,14.7,33.2,23.0,8.7
2018-08-08,28,12.2,14.4,32.6,23.0,8.7
2018-08-08,29,12.8,14.0,32.4,23.1,8.7
2018-08-08,30,12.2,13.2,33.1,23.3,8.8
2018-08-08,31,11.8,12.0,35.1,23.1,8.5
2018-08-08,32,12.4,10.6,36.1,22.8,8.4
2018-08-08,33,12.3,9.2,36.8,22.7,8.8
2018-08-08,34,12.5,7.6,38.2,22.6,8.8
2018-08-08,35,11.7,6.0,39.6,23.2,8.9
2018-08-08,36,11.4,4.2,41.4,23.3,9.0
2018-08-08,37,10.9,2.7,42.2,24.0,9.3
2018-08-08,38,10.0,1.5,43.3,24.4,9.5
2018-08-08,39,9.5,0.6,45.3,24.8,9.6
2018-08-08,40,9.1,0.2,45.6,25.1,9.7
2018-08-08,41,8.4,0.0,46.1,24.9,9.6
2018-08-08,42,8.1,0.0,45.7,25.5,10.1
2018-08-08,43,7.7,0.0,46.1,26.5,9.6
2018-08-08,44,7.6,0.0,44.5,28.2,10.0
2018-08-08,45,7.9,0.0,40.8,30.0,11.1
2018-08-08,46,8.5,0.0,37.7,31.5,11.9
2018-08-08,47,8.6,0.0,36.5,32.4,12.4
2018-08-08,48,7.9,0.0,33.9,33.7,13.6
2018-08-09,1,7.9,0.0,33.4,33.6,14.2
2018-08-09,2,7.7,0.0,33.0,33.9,14.4
2018-08-09,3,7.0,0.0,33.3,34.3,14.4
2018-08-09,4,7.2,0.0,33.0,34.3,14.5
2018-08-09,5,7.2,0.0,33.6,33.9,14.3
2018-08-09,6,7.5,0.0,33.2,33.9,14.4
2018-08-09,7,7.8,0.0,32.9,33.9,14.4
2018-08-09,8,8.1,0.0,32.9,33.8,14.3
2018-08-09,9,8.5,0.0,34.6,34.0,11.9
2018-08-09,10,8.6,0.1,35.4,33.6,11.5
2018-08-09,11,8.3,0.4,38.7,31.6,10.7
2018-08-09,12,7.9,1.1,41.5,29.4,9.8
2018-08-09,13,7.3,2.0,43.5,27.2,9.9
2018-08-09,14,6.8,3.0,45.3,25.6,9.0
2018-08-09,15,7.1,4.1,43.5,24.2,9.8
2018-08-09,16,7.7,5.3,42.6,23.5,9.3
2018-08-09,17,8.3,6.4,41.6,23.0,8.9
2018-08-09,18,8.7,7.5,41.1,22.9,8.8
2018-08-09,19,9.1,8.4,40.9,22.7,8.7
2018-08-09,20,9.2,9.3,40.7,22.6,8.7
2018-08-09,21,9.1,10.2,40.5,22.5,8.6
2018-08-09,22,8.8,10.9,39.8,22.3,8.6
2018-08-09,23,8.5,11.3,40.0,22.3,8.4
2018-08-09,24,8.3,11.6,39.6,22.3,8.4
2018-08-09,25,8.3,11.8,39.8,22.4,8.3
2018-08-09,26,9.2,12.1,38.8,22.5,8.3
2018-08-09,27,9.2,12.3,38.8,22.5,7.9
2018-08-09,28,9.7,12.2,37.4,22.5,7.9
2018-08-09,29,10.4,11.7,37.6,22.6,8.5
2018-08-09,30,10.4,11.0,37.5,22.8,8.6
2018-08-09,31,11.0,10.0,37.4,22.7,8.6
2018-08-09,32,11.2,9.1,37.3,22.8,8.6
2018-08-09,33,11.2,7.9,38.5,22.5,8.7
2018-08-09,34,10.8,6.8,39.7,22.7,8.7
2018-08-09,35,10.5,5.4,40.7,23.0,8.8
2018-08-09,36,9.7,4.1,41.4,23.4,9.0
2018-08-09,37,8.7,2.8,42.9,23.8,9.3
2018-08-09,38,7.9,1.7,43.9,24.3,9.6
2018-08-09,39,7.5,0.8,44.2,25.1,10.0
2018-08-09,40,7.0,0.2,44.6,25.1,10.3
2018-08-09,41,6.0,0.0,45.7,25.2,10.2
2018-08-09,42,5.7,0.0,45.5,25.8,10.2
2018-08-09,43,6.7,0.0,44.1,26.9,10.3
2018-08-09,44,8.0,0.0,42.4,29.0,11.3
2018-08-09,45,11.3,0.0,39.2,30.7,11.1
2018-08-09,46,16.8,0.0,32.1,31.3,11.9
2018-08-09,47,19.2,0.0,30.6,31.0,12.2
2018-08-09,48,12.4,0.0,31.0,35.5,12.3
2018-08-10,1,12.7,0.0,30.6,35.3,12.6
2018-08-10,2,12.5,0.0,30.4,35.7,12.6
2018-08-10,3,11.4,0.0,32.1,35.3,12.4
2018-08-10,4,11.1,0.0,32.7,35.3,12.1
2018-08-10,5,12.6,0.0,32.4,34.7,11.8
2018-08-10,6,13.5,0.0,30.6,35.2,12.0
2018-08-10,7,12.8,0.0,30.8,35.4,12.2
2018-08-10,8,13.0,0.0,31.4,34.8,12.1
2018-08-10,9,12.7,0.0,30.4,35.6,12.5
2018-08-10,10,11.9,0.2,30.9,35.6,12.6
2018-08-10,11,12.0,0.9,32.8,33.0,12.0
2018-08-10,12,12.0,2.1,34.8,30.4,10.7
2018-08-10,13,10.9,3.4,35.6,27.8,11.5
2018-08-10,14,10.1,4.9,38.5,26.0,10.3
2018-08-10,15,9.5,6.2,38.9,24.7,9.6
2018-08-10,16,9.2,7.4,39.0,23.5,9.2
2018-08-10,17,9.3,8.4,38.6,22.6,9.0
2018-08-10,18,9.6,9.2,38.1,22.3,9.0
2018-08-10,19,9.8,9.7,38.1,22.3,9.0
2018-08-10,20,9.4,9.9,38.3,22.3,9.0
2018-08-10,21,9.7,9.9,38.4,22.2,8.8
2018-08-10,22,9.6,10.1,38.2,22.3,8.8
2018-08-10,23,10.6,10.6,37.3,22.2,8.6
2018-08-10,24,11.4,11.4,36.1,22.0,8.5
2018-08-10,25,12.0,12.2,35.4,22.0,8.5
2018-08-10,26,12.7,12.8,34.5,22.3,8.6
2018-08-10,27,13.6,13.2,33.3,22.4,8.7
2018-08-10,28,13.7,13.8,32.3,22.6,8.9
2018-08-10,29,13.4,14.0,32.8,22.6,8.9
2018-08-10,30,13.6,13.9,32.6,22.7,8.9
2018-08-10,31,13.7,13.1,33.1,22.7,8.9
2018-08-10,32,13.7,12.0,33.1,23.2,9.0
2018-08-10,33,12.5,10.5,34.6,23.4,9.2
2018-08-10,34,12.7,8.8,36.0,23.5,9.2
2018-08-10,35,12.6,7.0,37.9,23.6,9.2
2018-08-10,36,12.5,5.2,38.8,23.7,9.2
2018-08-10,37,12.0,3.5,40.0,24.4,9.5
2018-08-10,38,9.6,2.0,41.3,25.5,9.9
2018-08-10,39,8.9,0.8,41.4,26.0,10.2
2018-08-10,40,9.4,0.2,41.2,26.1,10.2
2018-08-10,41,9.4,0.0,40.7,25.9,10.1
2018-08-10,42,11.0,0.0,40.0,26.2,10.4
2018-08-10,43,12.0,0.0,38.9,27.1,10.8
2018-08-10,44,12.1,0.0,35.1,28.8,11.8
2018-08-10,45,12.4,0.0,33.6,30.3,11.0
2018-08-10,46,13.6,0.0,29.3,32.1,12.0
2018-08-10,47,14.0,0.0,28.1,32.9,11.9
2018-08-10,48,13.9,0.0,26.3,34.4,11.5
2018-08-11,1,13.8,0.0,25.8,34.5,11.7
2018-08-11,2,13.4,0.0,26.7,34.4,11.2
2018-08-11,3,12.8,0.0,27.0,34.5,11.5
2018-08-11,4,11.8,0.0,26.5,34.8,12.5
2018-08-11,5,11.2,0.0,26.3,34.9,13.1
2018-08-11,6,9.9,0.0,27.2,35.4,13.0
2018-08-11,7,9.1,0.0,28.0,35.7,12.5
2018-08-11,8,8.4,0.0,28.6,35.7,12.1
2018-08-11,9,8.7,0.0,27.5,35.8,12.3
2018-08-11,10,9.2,0.3,26.0,36.3,13.0
2018-08-11,11,8.9,1.3,26.5,35.4,13.4
2018-08-11,12,8.0,2.9,29.2,33.4,12.6
2018-08-11,13,6.7,5.0,31.5,31.1,12.6
2018-08-11,14,5.7,7.2,33.7,29.3,11.7
2018-08-11,15,5.1,9.3,34.5,27.4,11.9
2018-08-11,16,4.8,11.3,35.5,26.1,10.9
2018-08-11,17,4.4,13.1,36.4,24.5,10.5
2018-08-11,18,4.4,14.9,36.0,23.9,10.1
2018-08-11,19,4.4,16.4,35.4,23.6,10.0
2018-08-11,20,4.4,17.6,34.7,23.4,9.9
2018-08-11,21,4.5,18.2,34.7,23.2,9.7
2018-08-11,22,4.6,18.3,34.7,23.1,9.6
2018-08-11,23,4.9,18.3,34.7,23.1,9.4
2018-08-11,24,5.4,17.9,34.4,23.2,9.5
2018-08-11,25,6.3,17.4,33.1,23.7,9.8
2018-08-11,26,6.6,16.5,32.6,24.2,10.3
2018-08-11,27,7.3,15.2,32.1,24.6,10.6
2018-08-11,28,7.7,13.6,32.7,24.9,10.7
2018-08-11,29,8.5,11.8,33.5,25.1,10.8
2018-08-11,30,9.2,9.9,34.1,25.2,11.3
2018-08-11,31,10.1,8.0,35.5,24.9,11.2
2018-08-11,32,11.3,6.2,36.6,24.5,11.4
2018-08-11,33,12.1,4.7,36.5,24.2,12.2
2018-08-11,34,12.8,3.5,36.8,24.2,12.4
2018-08-11,35,13.2,2.4,36.7,24.2,12.4
2018-08-11,36,13.1,1.6,37.1,24.7,12.7
2018-08-11,37,13.2,0.9,38.2,24.9,12.7
2018-08-11,38,13.9,0.4,37.6,25.2,12.9
2018-08-11,39,14.5,0.1,36.6,25.7,12.9
2018-08-11,40,15.5,0.0,36.0,25.7,12.6
2018-08-11,41,16.3,0.0,36.2,25.8,11.7
2018-08-11,42,17.7,0.0,33.4,26.6,12.2
2018-08-11,43,19.1,0.0,32.1,28.0,10.3
2018-08-11,44,19.6,0.0,30.6,29.7,10.5
2018-08-11,45,21.1,0.0,32.3,31.2,7.2
2018-08-11,46,23.9,0.0,27.3,32.3,7.9
2018-08-11,47,24.8,0.0,27.4,33.3,7.0
2018-08-11,48,21.5,0.0,27.7,35.5,6.1
2018-08-12,1,22.1,0.0,26.7,35.8,6.2
2018-08-12,2,22.7,0.0,25.1,36.1,6.8
2018-08-12,3,22.4,0.0,25.5,35.9,7.0
2018-08-12,4,24.3,0.0,23.0,36.3,7.3
2018-08-12,5,24.4,0.0,22.6,36.6,7.1
2018-08-12,6,24.2,0.0,22.6,36.9,6.9
2018-08-12,7,24.9,0.0,22.1,37.3,6.3
2018-08-12,8,25.5,0.0,22.6,37.0,5.6
2018-08-12,9,25.1,0.0,20.1,37.0,8.3
2018-08-12,10,25.2,0.0,20.5,36.9,8.3
2018-08-12,11,25.2,0.2,20.9,35.8,8.8
2018-08-12,12,24.8,0.6,21.7,35.5,8.4
2018-08-12,13,24.2,1.4,22.7,35.0,7.6
2018-08-12,14,22.4,2.5,26.2,33.3,7.2
2018-08-12,15,19.4,3.5,26.2,31.1,11.5
2018-08-12,16,17.6,4.3,30.7,28.7,10.7
2018-08-12,17,16.0,5.1,34.0,26.4,10.4
2018-08-12,18,15.7,6.0,35.2,25.5,9.7
2018-08-12,19,15.5,6.7,36.0,24.6,9.9
2018-08-12,20,15.8,7.2,35.9,24.1,9.5
2018-08-12,21,15.4,7.5,36.6,24.0,9.6
2018-08-12,22,15.4,7.8,37.0,23.7,9.3
2018-08-12,23,14.8,8.1,36.9,23.6,9.3
2018-08-12,24,13.5,8.2,38.1,23.4,9.2
2018-08-12,25,13.7,8.1,39.1,23.3,9.1
2018-08-12,26,14.2,8.2,37.7,23.8,9.3
2018-08-12,27,14.2,8.2,37.0,24.1,9.6
2018-08-12,28,12.9,8.3,37.3,24.6,9.7
2018-08-12,29,11.2,8.0,39.0,24.4,9.8
2018-08-12,30,10.4,7.3,41.5,23.4,9.8
2018-08-12,31,9.5,6.7,42.7,23.1,10.3
2018-08-12,32,8.3,6.0,43.7,22.9,10.1
2018-08-12,33,7.4,5.0,43.9,22.6,9.9
2018-08-12,34,7.0,3.9,44.3,22.6,9.8
2018-08-12,35,6.7,2.8,44.6,22.9,9.9
2018-08-12,36,6.8,2.0,44.5,23.1,10.3
2018-08-12,37,7.0,1.3,44.4,23.4,10.6
2018-08-12,38,6.9,0.7,44.1,23.8,11.0
2018-08-12,39,6.7,0.2,44.8,23.7,11.4
2018-08-12,40,6.6,0.1,46.0,22.0,11.7
2018-08-12,41,6.3,0.0,47.4,21.9,11.7
2018-08-12,42,6.2,0.0,47.6,22.6,11.9
2018-08-12,43,6.1,0.0,48.0,23.3,12.2
2018-08-12,44,6.0,0.0,46.8,25.0,13.1
2018-08-12,45,6.5,0.0,46.9,26.9,12.8
2018-08-12,46,7.7,0.0,44.4,28.3,13.9
2018-08-12,47,7.8,0.0,44.6,29.2,13.8
2018-08-12,48,7.1,0.0,43.1,30.0,13.9
2018-08-13,1,6.4,0.0,43.6,30.1,14.1
2018-08-13,2,5.9,0.0,44.1,30.1,14.1
2018-08-13,3,6.1,0.0,43.5,30.3,14.2
2018-08-13,4,5.3,0.0,43.9,30.5,14.3
2018-08-13,5,5.0,0.0,44.4,30.4,14.1
2018-08-13,6,4.9,0.0,44.8,30.4,13.8
2018-08-13,7,5.0,0.0,45.5,30.0,13.4
2018-08-13,8,5.2,0.0,45.4,29.0,13.6
2018-08-13,9,5.2,0.0,47.2,28.3,11.5
2018-08-13,10,5.6,0.0,47.6,27.9,11.0
2018-08-13,11,5.6,0.3,49.0,26.8,10.0
2018-08-13,12,5.0,0.8,52.3,25.2,9.2
2018-08-13,13,4.7,1.6,55.8,22.9,6.4
2018-08-13,14,4.3,2.8,55.5,21.9,5.3
2018-08-13,15,4.1,3.9,51.6,20.7,9.2
2018-08-13,16,3.6,5.1,51.2,19.8,9.3
2018-08-13,17,3.0,6.3,50.8,19.0,9.0
2018-08-13,18,2.7,7.6,50.2,18.8,8.9
2018-08-13,19,2.8,8.7,49.6,18.7,8.9
2018-08-13,20,3.4,9.6,48.5,18.4,8.7
2018-08-13,21,4.4,10.3,48.3,18.4,8.6
2018-08-13,22,5.1,10.9,47.7,18.6,8.5
2018-08-13,23,5.3,11.6,47.4,18.6,8.4
2018-08-13,24,5.4,11.9,46.9,18.5,8.3
2018-08-13,25,5.5,12.0,47.8,18.5,8.3
2018-08-13,26,6.0,12.1,47.3,18.6,8.3
2018-08-13,27,6.1,12.2,47.1,18.6,8.4
2018-08-13,28,6.4,12.2,46.6,18.8,8.4
2018-08-13,29,6.3,11.8,46.6,18.5,8.1
2018-08-13,30,6.0,11.0,47.4,18.3,8.1
2018-08-13,31,5.9,10.0,48.3,18.3,8.3
2018-08-13,32,6.0,8.8,48.9,18.3,8.2
2018-08-13,33,6.5,7.4,48.5,18.1,8.5
2018-08-13,34,5.8,6.0,49.3,18.2,8.5
2018-08-13,35,5.4,4.7,50.0,18.8,8.8
2018-08-13,36,5.6,3.3,51.1,19.2,8.9
2018-08-13,37,5.4,2.1,52.7,19.4,9.0
2018-08-13,38,5.0,1.1,53.9,19.9,9.2
2018-08-13,39,5.0,0.4,54.0,20.1,9.4
2018-08-13,40,5.1,0.1,53.6,20.1,9.6
2018-08-13,41,5.3,0.0,54.0,20.1,9.4
2018-08-13,42,5.6,0.0,53.5,21.0,9.7
2018-08-13,43,6.1,0.0,51.9,21.9,10.1
2018-08-13,44,6.7,0.0,49.1,23.3,10.7
2018-08-13,45,7.4,0.0,46.5,24.4,11.3
2018-08-13,46,8.2,0.0,43.0,25.6,12.5
2018-08-13,47,8.8,0.0,41.1,26.7,13.1
2018-08-13,48,7.9,0.0,44.0,25.9,11.5
2018-08-14,1,7.3,0.0,42.9,26.4,12.5
2018-08-14,2,7.7,0.0,41.9,26.6,13.0
2018-08-14,3,9.8,0.0,39.2,27.1,13.1
2018-08-14,4,8.1,0.0,38.9,28.1,13.7
2018-08-14,5,8.7,0.0,38.3,28.1,13.7
2018-08-14,6,8.6,0.0,38.3,28.1,13.8
2018-08-14,7,8.1,0.0,38.0,28.3,14.2
2018-08-14,8,8.4,0.0,38.2,28.1,14.2
2018-08-14,9,8.1,0.0,39.2,27.8,14.0
2018-08-14,10,8.0,0.1,39.7,27.7,13.7
2018-08-14,11,8.5,0.4,41.4,26.8,12.3
2018-08-14,12,8.1,1.1,44.8,24.9,10.8
2018-08-14,13,7.9,1.9,46.8,22.7,11.0
2018-08-14,14,7.2,3.0,48.9,21.5,9.7
2018-08-14,15,7.1,4.2,48.4,20.3,9.2
2018-08-14,16,7.3,5.4,47.3,19.3,8.9
2018-08-14,17,7.3,6.8,46.5,18.9,8.8
2018-08-14,18,7.8,8.1,45.1,18.9,8.7
2018-08-14,19,8.5,9.2,43.3,18.8,8.6
2018-08-14,20,8.7,10.0,42.7,18.8,8.5
2018-08-14,21,8.9,10.4,43.4,18.7,8.5
2018-08-14,22,9.1,10.6,44.2,19.2,7.1
2018-08-14,23,9.6,10.2,43.8,19.0,7.9
2018-08-14,24,9.6,10.2,43.6,19.4,8.0
2018-08-14,25,10.7,10.2,42.5,19.4,8.1
2018-08-14,26,11.0,10.3,41.8,19.6,8.1
2018-08-14,27,11.5,10.2,41.4,19.6,8.1
2018-08-14,28,11.5,10.0,41.5,19.7,8.2
2018-08-14,29,12.4,9.5,41.1,19.7,8.2
2018-08-14,30,13.8,8.9,40.2,19.8,8.2
2018-08-14,31,14.3,8.3,39.2,19.9,8.6
2018-08-14,32,14.5,7.4,40.4,19.6,8.4
2018-08-14,33,14.3,6.4,41.1,19.6,8.4
2018-08-14,34,14.1,5.2,42.1,19.7,8.4
2018-08-14,35,13.8,3.9,42.8,20.1,8.5
2018-08-14,36,13.7,2.7,43.8,20.3,8.6
2018-08-14,37,13.7,1.6,45.3,20.7,7.6
2018-08-14,38,13.7,0.7,45.3,21.0,7.7
2018-08-14,39,14.1,0.2,46.0,21.4,6.7
2018-08-14,40,14.0,0.0,46.5,21.5,6.8
2018-08-14,41,13.3,0.0,45.8,21.9,8.5
2018-08-14,42,14.1,0.0,43.3,22.7,8.9
2018-08-14,43,15.1,0.0,41.4,23.9,8.4
2018-08-14,44,15.8,0.0,38.4,25.7,9.0
2018-08-14,45,15.9,0.0,36.3,27.7,11.0
2018-08-14,46,15.1,0.0,34.0,29.8,12.7
2018-08-14,47,15.4,0.0,32.9,30.7,13.4
2018-08-14,48,19.6,0.0,28.2,30.9,12.7
2018-08-15,1,20.1,0.0,27.5,30.9,12.8
2018-08-15,2,20.3,0.0,25.9,31.3,13.7
2018-08-15,3,19.4,0.0,25.5,32.0,14.1
2018-08-15,4,21.3,0.0,24.9,31.4,13.6
2018-08-15,5,22.4,0.0,24.1,31.2,13.6
2018-08-15,6,22.7,0.0,23.4,31.5,13.6
2018-08-15,7,23.0,0.0,23.7,31.2,13.3
2018-08-15,8,23.0,0.0,23.6,31.1,13.5
2018-08-15,9,23.4,0.0,24.6,30.2,13.3
2018-08-15,10,22.5,0.0,26.0,30.0,13.0
2018-08-15,11,22.0,0.2,29.4,28.5,12.0
2018-08-15,12,21.4,0.7,30.6,27.2,11.2
2018-08-15,13,20.4,1.5,33.7,24.8,10.9
2018-08-15,14,19.9,2.5,36.0,23.5,9.6
2018-08-15,15,19.4,3.6,35.6,22.2,9.6
2018-08-15,16,18.2,5.0,35.9,21.4,9.3
2018-08-15,17,18.0,6.4,36.1,20.7,9.0
2018-08-15,18,18.2,7.7,35.1,20.6,8.9
2018-08-15,19,18.9,8.8,35.4,21.0,6.8
2018-08-15,20,19.1,9.2,34.0,20.4,8.8
2018-08-15,21,19.8,9.6,33.0,20.5,8.9
2018-08-15,22,20.6,9.9,31.9,20.6,8.9
2018-08-15,23,20.5,10.3,31.5,20.8,8.8
2018-08-15,24,20.2,10.6,31.2,20.8,8.8
2018-08-15,25,20.9,11.0,30.3,21.0,8.9
2018-08-15,26,21.2,11.2,29.4,21.1,9.0
2018-08-15,27,21.7,11.4,28.4,21.3,9.1
2018-08-15,28,22.2,11.3,27.7,21.4,9.1
2018-08-15,29,22.5,10.8,28.2,21.4,9.1
2018-08-15,30,23.1,9.9,28.5,21.4,9.0
2018-08-15,31,22.9,8.6,30.1,21.3,9.0
2018-08-15,32,22.2,7.2,31.7,21.4,9.0
2018-08-15,33,21.3,5.8,33.6,21.3,9.1
2018-08-15,34,21.1,4.3,34.5,21.3,9.1
2018-08-15,35,21.7,3.0,35.0,21.4,9.2
2018-08-15,36,22.2,1.9,34.3,21.8,9.3
2018-08-15,37,22.8,1.1,33.9,22.3,9.5
2018-08-15,38,23.4,0.4,33.8,22.6,9.7
2018-08-15,39,22.9,0.1,34.8,22.9,8.5
2018-08-15,40,22.7,0.0,35.8,22.7,8.3
2018-08-15,41,22.7,0.0,35.9,23.1,7.7
2018-08-15,42,23.9,0.0,34.4,24.2,8.0
2018-08-15,43,25.7,0.0,30.4,25.7,8.2
2018-08-15,44,26.8,0.0,27.5,27.8,9.0
2018-08-15,45,27.6,0.0,24.2,29.8,11.4
2018-08-15,46,28.5,0.0,21.2,31.6,12.9
2018-08-15,47,29.0,0.0,19.8,32.8,13.7
2018-08-15,48,28.5,0.0,19.1,33.1,14.1
2018-08-16,1,28.4,0.0,19.1,33.1,13.4
2018-08-16,2,28.9,0.0,18.9,33.2,13.5
2018-08-16,3,29.4,0.0,19.2,33.1,13.1
2018-08-16,4,26.0,0.0,20.5,34.2,13.5
2018-08-16,5,26.5,0.0,22.1,34.0,11.2
2018-08-16,6,27.1,0.0,21.5,34.1,11.0
2018-08-16,7,26.5,0.0,22.3,34.1,10.9
2018-08-16,8,25.1,0.0,23.9,34.0,10.8
2018-08-16,9,24.6,0.0,23.1,33.4,12.6
2018-08-16,10,23.8,0.0,24.4,33.0,12.7
2018-08-16,11,23.8,0.1,27.2,30.6,11.7
2018-08-16,12,22.1,0.4,31.6,28.4,10.4
2018-08-16,13,21.0,0.8,37.3,25.7,7.5
2018-08-16,14,19.0,1.3,40.0,24.3,6.4
2018-08-16,15,18.9,1.9,37.5,22.5,9.3
2018-08-16,16,19.1,2.6,37.3,21.7,9.1
2018-08-16,17,19.0,3.5,37.2,21.2,8.9
2018-08-16,18,19.4,4.8,36.4,21.0,8.8
2018-08-16,19,19.7,6.4,35.3,20.9,8.1
2018-08-16,20,20.0,8.1,33.5,20.9,8.0
2018-08-16,21,20.0,9.6,33.1,20.7,7.7
2018-08-16,22,19.0,11.0,32.9,20.8,7.7
2018-08-16,23,18.6,12.2,32.9,20.7,7.6
2018-08-16,24,18.8,13.4,32.1,20.6,7.5
2018-08-16,25,18.7,14.4,30.8,20.9,7.6
2018-08-16,26,19.1,14.8,29.6,20.9,7.6
2018-08-16,27,18.4,14.7,30.3,21.0,7.9
2018-08-16,28,17.8,14.6,30.9,21.1,8.0
2018-08-16,29,18.7,14.0,29.9,21.0,8.6
2018-08-16,30,19.6,13.3,29.6,21.1,8.6
2018-08-16,31,18.7,12.3,32.1,21.2,7.4
2018-08-16,32,18.6,10.8,34.4,20.9,7.3
2018-08-16,33,17.8,9.4,34.8,21.0,8.7
2018-08-16,34,16.8,7.7,37.1,21.1,8.8
2018-08-16,35,16.2,6.1,38.5,21.3,8.9
2018-08-16,36,15.3,4.6,39.8,21.7,9.1
2018-08-16,37,14.5,3.0,41.1,22.2,9.2
2018-08-16,38,14.3,1.6,42.2,22.7,9.5
2018-08-16,39,14.2,0.5,42.6,23.2,9.7
2018-08-16,40,14.1,0.1,42.2,22.8,9.5
2018-08-16,41,13.8,0.0,43.5,22.9,9.4
2018-08-16,42,14.5,0.0,43.0,23.6,9.6
2018-08-16,43,15.1,0.0,41.3,24.8,9.3
2018-08-16,44,17.0,0.0,36.9,26.6,10.0
2018-08-16,45,19.8,0.0,32.6,28.9,9.9
2018-08-16,46,22.5,0.0,26.9,30.6,11.2
2018-08-16,47,24.2,0.0,24.9,31.2,11.7
2018-08-16,48,23.7,0.0,21.9,33.0,13.1
2018-08-17,1,23.1,0.0,21.9,33.2,13.4
2018-08-17,2,23.4,0.0,22.3,32.7,13.3
2018-08-17,3,25.6,0.0,21.4,32.4,12.4
2018-08-17,4,21.8,0.0,22.6,34.2,12.9
2018-08-17,5,21.6,0.0,23.8,33.4,12.8
2018-08-17,6,21.9,0.0,23.1,33.7,12.9
2018-08-17,7,21.6,0.0,23.0,33.9,13.0
2018-08-17,8,20.7,0.0,25.0,33.5,12.3
2018-08-17,9,19.6,0.0,26.8,32.9,12.0
2018-08-17,10,18.6,0.2,28.5,32.2,11.9
2018-08-17,11,16.3,0.9,32.0,30.5,11.1
2018-08-17,12,14.7,2.1,35.1,28.1,10.3
2018-08-17,13,13.5,3.6,35.8,25.4,12.3
2018-08-17,14,13.2,5.1,38.4,24.0,11.2
2018-08-17,15,12.4,6.6,39.1,22.9,10.3
2018-08-17,16,12.8,8.1,38.2,22.1,9.8
2018-08-17,17,13.5,9.8,36.0,21.8,9.5
2018-08-17,18,14.4,11.2,34.5,21.6,9.3
2018-08-17,19,15.5,12.4,33.3,21.6,8.9
2018-08-17,20,17.1,13.4,31.7,21.6,9.1
2018-08-17,21,17.7,13.9,31.4,21.5,9.3
2018-08-17,22,18.3,14.1,31.3,21.3,8.9
2018-08-17,23,19.2,14.1,31.0,21.0,8.7
2018-08-17,24,19.3,14.2,30.3,21.3,8.9
2018-08-17,25,19.3,14.1,29.7,21.7,9.1
2018-08-17,26,19.6,13.6,29.6,21.9,9.2
2018-08-17,27,19.8,12.8,31.0,22.3,7.9
2018-08-17,28,20.6,11.8,31.1,22.4,7.9
2018-08-17,29,21.6,10.7,29.9,22.5,9.1
2018-08-17,30,22.2,9.8,29.7,22.7,9.2
2018-08-17,31,22.4,8.9,29.7,22.8,9.7
2018-08-17,32,22.2,7.6,31.4,22.5,9.8
2018-08-17,33,21.7,6.2,32.5,22.5,10.0
2018-08-17,34,21.8,4.7,33.6,22.6,10.4
2018-08-17,35,21.5,3.3,34.2,23.0,10.9
2018-08-17,36,21.0,2.1,35.6,23.2,11.0
2018-08-17,37,20.9,1.2,35.4,23.6,11.6
2018-08-17,38,20.7,0.6,35.7,23.9,11.5
2018-08-17,39,20.9,0.2,35.7,24.2,11.6
2018-08-17,40,20.4,0.0,36.0,24.1,11.6
2018-08-17,41,21.2,0.0,35.3,24.3,11.5
2018-08-17,42,22.7,0.0,33.2,25.5,11.2
2018-08-17,43,23.9,0.0,33.3,26.8,7.5
2018-08-17,44,25.7,0.0,29.0,28.1,8.5
2018-08-17,45,26.9,0.0,23.5,30.1,11.7
2018-08-17,46,26.8,0.0,19.5,32.4,13.4
2018-08-17,47,27.9,0.0,17.6,33.1,14.2
2018-08-17,48,30.4,0.0,15.3,34.6,12.4
2018-08-18,1,31.5,0.0,15.9,35.1,10.1
2018-08-18,2,31.6,0.0,15.5,36.2,9.9
2018-08-18,3,30.5,0.0,18.4,37.8,6.0
2018-08-18,4,32.9,0.0,18.0,37.1,4.8
2018-08-18,5,32.4,0.0,21.1,36.7,2.1
2018-08-18,6,31.9,0.0,21.3,36.8,2.2
2018-08-18,7,31.2,0.0,21.5,37.4,1.9
2018-08-18,8,31.4,0.0,21.6,37.1,1.8
2018-08-18,9,32.0,0.0,17.8,37.0,5.9
2018-08-18,10,32.1,0.0,19.4,35.1,6.0
2018-08-18,11,31.2,0.2,19.1,33.9,8.2
2018-08-18,12,29.8,0.7,20.8,32.6,9.2
2018-08-18,13,27.8,1.3,21.2,30.5,11.9
2018-08-18,14,27.7,2.1,24.8,28.2,10.5
2018-08-18,15,27.0,2.9,26.7,26.4,10.4
2018-08-18,16,26.3,3.8,28.9,25.1,9.7
2018-08-18,17,26.0,4.7,30.1,24.1,9.0
2018-08-18,18,26.6,5.7,29.1,24.0,8.4
2018-08-18,19,26.4,6.7,28.8,23.9,8.3
2018-08-18,20,26.8,7.4,28.2,23.7,8.2
2018-08-18,21,26.2,8.3,27.6,23.9,8.3
2018-08-18,22,25.2,9.0,27.9,23.9,8.2
2018-08-18,23,25.3,9.7,28.2,23.6,8.1
2018-08-18,24,24.8,10.5,27.9,24.0,8.3
2018-08-18,25,25.6,11.0,26.7,24.2,8.0
2018-08-18,26,25.9,11.4,25.1,24.9,8.2
2018-08-18,27,26.3,11.7,24.8,25.3,6.8
2018-08-18,28,26.4,11.8,24.7,25.3,6.8
2018-08-18,29,25.5,11.7,24.8,25.6,7.1
2018-08-18,30,23.8,10.9,27.3,25.4,7.0
2018-08-18,31,22.3,9.5,28.7,24.9,9.4
2018-08-18,32,20.8,8.0,31.7,24.0,9.3
2018-08-18,33,19.9,6.2,34.1,23.4,9.9
2018-08-18,34,18.3,4.6,37.4,23.3,9.9
2018-08-18,35,17.0,3.3,39.5,23.2,10.0
2018-08-18,36,16.0,2.1,41.3,23.4,10.1
2018-08-18,37,15.4,1.2,42.4,23.5,10.2
2018-08-18,38,14.5,0.5,42.8,23.9,10.3
2018-08-18,39,13.8,0.1,43.2,24.1,10.4
2018-08-18,40,13.9,0.0,42.9,24.4,10.3
2018-08-18,41,14.1,0.0,43.2,25.1,10.5
2018-08-18,42,14.7,0.0,42.3,25.8,10.8
2018-08-18,43,15.7,0.0,41.1,27.0,10.7
2018-08-18,44,16.7,0.0,37.8,28.2,11.6
2018-08-18,45,17.7,0.0,36.1,29.8,10.9
2018-08-18,46,18.5,0.0,31.9,31.6,12.2
2018-08-18,47,19.1,0.0,30.8,32.9,11.9
2018-08-18,48,21.5,0.0,24.1,34.6,13.8
2018-08-19,1,21.0,0.0,23.8,35.2,13.8
2018-08-19,2,22.3,0.0,23.0,34.8,13.6
2018-08-19,3,25.9,0.0,23.1,33.6,11.3
2018-08-19,4,24.5,0.0,22.6,35.0,11.6
2018-08-19,5,24.6,0.0,25.2,35.4,8.5
2018-08-19,6,24.8,0.0,24.3,36.0,8.7
2018-08-19,7,25.5,0.0,23.8,35.7,8.6
2018-08-19,8,27.4,0.0,21.8,35.6,8.6
2018-08-19,9,28.1,0.0,20.8,36.0,8.8
2018-08-19,10,26.3,0.0,21.4,37.1,9.2
2018-08-19,11,26.0,0.1,20.1,36.0,12.2
2018-08-19,12,26.1,0.5,20.2,35.2,12.0
2018-08-19,13,25.8,1.1,20.6,33.7,11.9
2018-08-19,14,25.4,2.1,19.9,32.9,11.9
2018-08-19,15,25.7,3.1,19.8,31.5,12.3
2018-08-19,16,25.7,4.1,20.3,30.0,11.5
2018-08-19,17,25.2,4.9,22.3,28.3,10.8
2018-08-19,18,23.9,5.9,24.6,27.4,9.7
2018-08-19,19,22.1,6.9,26.2,26.3,10.1
2018-08-19,20,21.6,7.9,27.6,25.3,9.5
2018-08-19,21,21.0,8.9,27.7,24.8,9.8
2018-08-19,22,19.8,9.9,28.8,24.4,9.7
2018-08-19,23,18.4,10.8,29.5,24.1,9.6
2018-08-19,24,18.4,11.6,29.0,23.9,9.5
2018-08-19,25,17.5,12.4,28.8,24.1,9.6
2018-08-19,26,16.8,13.0,29.1,24.3,9.6
2018-08-19,27,16.8,13.3,29.0,24.2,9.6
2018-08-19,28,16.0,13.4,29.0,24.4,9.7
2018-08-19,29,15.2,12.8,30.4,24.3,9.6
2018-08-19,30,14.4,11.7,32.4,24.2,9.6
2018-08-19,31,13.3,10.3,34.7,24.0,10.0
2018-08-19,32,11.9,8.9,37.8,23.6,9.9
2018-08-19,33,11.7,7.3,40.6,23.0,9.7
2018-08-19,34,11.7,5.8,42.2,23.0,9.6
2018-08-19,35,11.1,4.3,43.6,23.1,9.7
2018-08-19,36,10.0,2.9,45.0,23.6,9.9
2018-08-19,37,9.2,1.6,45.2,23.8,10.1
2018-08-19,38,8.8,0.7,46.1,24.0,10.3
2018-08-19,39,8.1,0.2,46.5,23.6,10.4
2018-08-19,40,7.7,0.0,46.4,23.4,10.3
2018-08-19,41,7.0,0.0,47.2,23.7,10.2
2018-08-19,42,6.0,0.0,47.8,24.2,10.4
2018-08-19,43,5.0,0.0,48.8,24.8,10.2
2018-08-19,44,4.5,0.0,47.8,26.0,10.9
2018-08-19,45,4.0,0.0,46.4,28.0,10.4
2018-08-19,46,3.4,0.0,44.2,29.9,11.3
2018-08-19,47,3.3,0.0,44.4,31.0,11.2
2018-08-19,48,3.7,0.0,41.9,31.0,12.5
2018-08-20,1,3.6,0.0,41.1,31.4,12.6
2018-08-20,2,5.5,0.0,39.1,31.1,12.6
2018-08-20,3,7.2,0.0,36.9,31.3,12.7
2018-08-20,4,2.4,0.0,40.4,32.5,13.6
2018-08-20,5,2.6,0.0,39.9,32.5,13.4
2018-08-20,6,2.7,0.0,40.2,32.4,13.0
2018-08-20,7,2.7,0.0,40.6,32.1,13.7
2018-08-20,8,2.4,0.0,41.4,31.8,14.0
2018-08-20,9,2.1,0.0,41.1,31.4,14.4
2018-08-20,10,1.9,0.0,42.2,30.5,13.9
2018-08-20,11,1.9,0.1,44.9,27.9,14.2
2018-08-20,12,1.8,0.5,47.8,25.6,12.7
2018-08-20,13,1.5,1.1,52.3,23.3,9.3
2018-08-20,14,1.5,2.1,53.2,21.9,8.3
2018-08-20,15,1.4,3.2,52.6,20.8,9.1
2018-08-20,16,1.3,4.6,51.7,20.1,8.9
2018-08-20,17,1.2,6.0,51.1,19.6,7.8
2018-08-20,18,1.2,7.3,50.2,19.4,7.7
2018-08-20,19,1.2,8.4,48.7,19.7,7.6
2018-08-20,20,1.2,9.2,48.9,19.4,7.5
2018-08-20,21,1.3,9.6,48.8,19.2,7.4
2018-08-20,22,1.3,9.7,48.0,19.1,7.4
2018-08-20,23,1.3,9.7,48.0,19.0,7.1
2018-08-20,24,1.4,9.8,48.8,19.1,7.1
2018-08-20,25,1.4,9.7,48.8,19.2,7.2
2018-08-20,26,1.4,9.3,48.9,19.3,7.2
2018-08-20,27,1.6,8.8,49.0,19.3,6.9
2018-08-20,28,1.9,8.4,50.1,19.7,5.9
2018-08-20,29,2.1,8.3,51.1,20.6,2.7
2018-08-20,30,2.0,7.2,50.2,19.5,7.7
2018-08-20,31,2.1,6.4,50.4,19.4,7.7
2018-08-20,32,2.2,5.3,51.4,19.3,7.6
2018-08-20,33,2.3,4.3,50.8,19.1,7.7
2018-08-20,34,2.5,3.3,51.4,19.2,7.7
2018-08-20,35,2.5,2.4,51.5,19.5,8.3
2018-08-20,36,2.6,1.6,52.1,19.6,8.4
2018-08-20,37,2.7,0.9,53.4,19.9,8.7
2018-08-20,38,2.7,0.3,53.8,20.0,8.8
2018-08-20,39,2.6,0.1,53.7,20.1,8.9
2018-08-20,40,2.6,0.0,53.8,19.9,8.8
2018-08-20,41,2.6,0.0,54.5,20.1,8.7
2018-08-20,42,2.9,0.0,55.1,21.0,9.1
2018-08-20,43,2.9,0.0,55.8,22.2,8.2
2018-08-20,44,3.1,0.0,53.9,23.9,8.7
2018-08-20,45,3.1,0.0,50.4,26.2,10.8
2018-08-20,46,2.6,0.0,49.7,27.5,11.5
2018-08-20,47,2.7,0.0,47.8,28.8,12.6
2018-08-20,48,3.0,0.0,47.2,28.7,12.9
2018-08-21,1,3.1,0.0,46.8,29.1,13.7
2018-08-21,2,3.1,0.0,46.4,29.3,13.8
2018-08-21,3,2.7,0.0,46.1,29.7,14.0
2018-08-21,4,2.8,0.0,45.7,29.9,14.1
2018-08-21,5,2.6,0.0,45.9,29.9,14.1
2018-08-21,6,2.5,0.0,46.3,29.7,14.1
2018-08-21,7,2.5,0.0,49.6,29.7,13.2
2018-08-21,8,2.4,0.0,50.1,29.5,13.0
2018-08-21,9,2.4,0.0,52.8,29.4,8.9
2018-08-21,10,2.5,0.0,51.7,28.9,8.7
2018-08-21,11,2.2,0.2,53.1,26.0,9.5
2018-08-21,12,2.1,0.5,54.7,24.0,8.7
2018-08-21,13,2.0,1.2,58.5,22.6,3.4
2018-08-21,14,2.0,2.2,57.3,21.4,2.7
2018-08-21,15,1.9,3.2,54.1,20.3,5.8
2018-08-21,16,1.9,4.4,54.1,19.7,5.7
2018-08-21,17,2.1,5.7,52.7,19.6,5.8
2018-08-21,18,2.4,6.8,51.7,19.6,5.8
2018-08-21,19,2.7,8.0,51.0,19.4,5.4
2018-08-21,20,3.2,8.9,50.3,19.2,5.4
2018-08-21,21,3.5,9.8,49.1,19.0,5.3
2018-08-21,22,4.1,10.8,48.3,19.0,5.3
2018-08-21,23,4.7,11.7,47.4,18.8,5.2
2018-08-21,24,5.4,12.6,46.6,18.8,5.2
2018-08-21,25,6.3,13.3,46.3,18.8,4.4
2018-08-21,26,7.7,13.9,44.4,19.0,4.5
2018-08-21,27,8.7,14.6,44.6,19.6,2.1
2018-08-21,28,9.6,14.6,44.1,19.7,2.2
2018-08-21,29,9.9,14.5,44.2,19.9,2.2
2018-08-21,30,10.0,13.7,44.5,20.0,2.3
2018-08-21,31,10.7,12.5,44.1,19.9,3.9
2018-08-21,32,10.8,11.0,45.7,19.7,3.7
2018-08-21,33,11.0,9.3,45.3,19.8,4.8
2018-08-21,34,11.0,7.5,46.3,20.0,4.9
2018-08-21,35,11.0,5.6,47.5,20.3,5.1
2018-08-21,36,11.0,3.7,49.1,20.8,5.4
2018-08-21,37,11.1,2.1,51.0,21.4,3.8
2018-08-21,38,11.2,0.8,51.7,21.5,4.0
2018-08-21,39,12.6,0.2,53.1,21.5,1.7
2018-08-21,40,13.4,0.0,53.2,21.3,1.5
2018-08-21,41,14.7,0.0,51.9,21.6,1.2
2018-08-21,42,15.2,0.0,50.5,22.7,1.6
2018-08-21,43,16.5,0.0,48.3,24.0,1.8
2018-08-21,44,17.6,0.0,45.3,25.6,2.2
2018-08-21,45,17.8,0.0,36.0,27.9,10.4
2018-08-21,46,16.5,0.0,32.4,30.3,12.3
2018-08-21,47,17.0,0.0,28.8,28.7,17.7
2018-08-21,48,18.6,0.0,29.3,30.5,12.6
2018-08-22,1,20.3,0.0,27.6,30.9,12.5
2018-08-22,2,21.3,0.0,25.8,31.7,12.8
2018-08-22,3,20.8,0.0,24.8,32.3,13.9
2018-08-22,4,21.4,0.0,23.6,32.6,14.1
2018-08-22,5,22.3,0.0,24.3,32.6,12.5
2018-08-22,6,22.9,0.0,24.0,32.3,12.3
2018-08-22,7,22.2,0.0,24.2,33.0,11.9
2018-08-22,8,22.3,0.0,24.7,32.8,11.9
2018-08-22,9,21.7,0.0,24.6,32.9,12.4
2018-08-22,10,20.9,0.0,26.7,32.8,12.1
2018-08-22,11,18.1,0.2,35.1,29.9,7.3
2018-08-22,12,16.2,0.6,40.2,27.2,6.5
2018-08-22,13,14.8,1.3,48.0,24.3,1.8
2018-08-22,14,13.2,2.2,49.4,23.0,0.9
2018-08-22,15,12.9,3.2,47.3,22.2,3.9
2018-08-22,16,12.5,4.2,46.6,21.6,3.6
2018-08-22,17,12.3,5.1,43.9,20.9,6.3
2018-08-22,18,12.1,6.1,43.9,21.2,6.3
2018-08-22,19,12.8,7.2,42.9,20.6,5.7
2018-08-22,20,12.8,7.9,42.5,20.9,5.6
2018-08-22,21,13.6,8.6,41.2,20.8,5.8
2018-08-22,22,13.5,8.9,40.4,21.0,5.9
2018-08-22,23,13.9,9.4,43.1,21.8,1.0
2018-08-22,24,13.3,9.4,43.3,21.7,1.9
2018-08-22,25,12.1,9.3,43.2,21.1,3.8
2018-08-22,26,12.0,9.5,42.8,21.3,3.8
2018-08-22,27,12.4,9.7,41.2,21.4,3.8
2018-08-22,28,12.3,9.4,41.2,21.6,3.8
2018-08-22,29,11.8,8.7,42.2,21.6,4.1
2018-08-22,30,11.7,7.7,43.5,21.4,4.1
2018-08-22,31,12.1,6.6,42.9,21.3,5.4
2018-08-22,32,11.9,5.6,43.4,21.1,5.4
2018-08-22,33,11.6,4.6,42.2,20.9,7.4
2018-08-22,34,11.2,3.6,44.0,20.9,7.7
2018-08-22,35,10.4,2.6,45.8,21.1,7.2
2018-08-22,36,10.1,1.6,46.9,20.9,7.4
2018-08-22,37,9.9,0.8,47.5,21.0,7.4
2018-08-22,38,9.2,0.3,47.5,21.3,7.4
2018-08-22,39,8.6,0.1,48.4,21.3,8.3
2018-08-22,40,7.6,0.0,50.3,21.3,8.2
2018-08-22,41,7.3,0.0,51.0,21.8,7.5
2018-08-22,42,7.0,0.0,49.4,22.9,7.9
2018-08-22,43,7.2,0.0,50.9,24.2,5.0
2018-08-22,44,7.6,0.0,49.9,25.8,5.1
2018-08-22,45,8.1,0.0,44.2,28.0,7.8
2018-08-22,46,19.6,0.0,36.3,25.6,7.8
2018-08-22,47,20.3,0.0,33.4,26.7,9.2
2018-08-22,48,8.0,0.0,38.0,30.5,10.8
2018-08-23,1,8.9,0.0,37.3,30.6,10.6
2018-08-23,2,9.6,0.0,35.4,31.0,11.3
2018-08-23,3,9.7,0.0,37.0,31.2,9.4
2018-08-23,4,8.9,0.0,36.7,31.8,9.6
2018-08-23,5,8.9,0.0,37.9,31.9,8.3
2018-08-23,6,8.7,0.0,38.6,31.6,8.3
2018-08-23,7,9.3,0.0,38.6,31.7,7.4
2018-08-23,8,9.6,0.0,38.6,31.6,7.3
2018-08-23,9,10.9,0.0,37.6,31.3,7.2
2018-08-23,10,10.2,0.0,37.7,31.2,7.2
2018-08-23,11,11.3,0.1,38.6,28.9,7.3
2018-08-23,12,10.4,0.5,42.8,27.2,6.2
2018-08-23,13,9.7,1.1,40.1,24.8,10.9
2018-08-23,14,9.4,2.1,42.4,23.4,9.8
2018-08-23,15,9.7,3.3,41.7,22.4,9.3
2018-08-23,16,10.4,4.4,40.7,21.8,8.9
2018-08-23,17,10.5,5.7,38.9,21.4,8.7
2018-08-23,18,10.3,7.1,38.7,21.3,8.7
2018-08-23,19,10.6,8.8,41.4,21.8,4.5
2018-08-23,20,10.7,9.5,38.5,20.4,8.6
2018-08-23,21,11.6,10.6,40.0,20.2,4.9
2018-08-23,22,13.0,11.5,38.7,20.2,4.9
2018-08-23,23,13.5,12.3,39.2,20.4,2.6
2018-08-23,24,13.3,12.6,38.1,21.0,2.6
2018-08-23,25,13.2,12.5,39.6,20.8,2.5
2018-08-23,26,14.6,12.3,38.7,21.0,2.6
2018-08-23,27,15.3,12.0,38.1,21.3,3.0
2018-08-23,28,15.6,11.4,37.7,21.7,2.9
2018-08-23,29,16.8,10.4,36.9,21.9,2.9
2018-08-23,30,17.0,9.5,38.2,22.1,3.0
2018-08-23,31,17.2,8.4,36.9,22.3,5.2
2018-08-23,32,17.2,7.2,37.9,22.1,5.3
2018-08-23,33,16.6,6.0,38.4,21.9,6.0
2018-08-23,34,16.2,5.0,39.5,21.6,5.9
2018-08-23,35,16.3,3.9,39.2,21.7,6.5
2018-08-23,36,17.0,2.8,39.1,22.0,6.7
2018-08-23,37,17.0,1.7,39.1,22.5,5.3
2018-08-23,38,17.6,0.8,38.3,23.0,5.5
2018-08-23,39,17.7,0.2,38.2,23.8,6.1
2018-08-23,40,18.7,0.0,38.4,23.5,5.9
2018-08-23,41,20.8,0.0,36.9,24.1,5.1
2018-08-23,42,23.8,0.0,33.1,25.5,5.5
2018-08-23,43,26.1,0.0,31.9,26.3,3.7
2018-08-23,44,29.1,0.0,27.0,28.0,4.5
2018-08-23,45,30.8,0.0,18.7,30.8,10.2
2018-08-23,46,29.6,0.0,15.6,33.7,12.5
2018-08-23,47,30.6,0.0,13.3,33.4,15.2
2018-08-23,48,33.6,0.0,13.2,33.8,11.8
2018-08-24,1,34.2,0.0,12.2,34.4,10.4
2018-08-24,2,35.5,0.0,11.1,34.4,10.3
2018-08-24,3,38.3,0.0,10.8,34.1,8.4
2018-08-24,4,38.2,0.0,10.8,35.3,7.7
2018-08-24,5,38.1,0.0,11.0,36.3,7.0
2018-08-24,6,38.2,0.0,11.0,36.6,6.6
2018-08-24,7,38.2,0.0,11.0,36.4,6.7
2018-08-24,8,37.8,0.0,11.2,36.6,6.7
2018-08-24,9,37.8,0.0,11.6,36.3,6.6
2018-08-24,10,36.4,0.0,11.7,35.5,7.7
2018-08-24,11,33.8,0.5,13.4,33.3,9.4
2018-08-24,12,31.0,1.5,19.0,30.7,8.0
2018-08-24,13,27.8,3.1,24.9,28.1,6.8
2018-08-24,14,26.0,4.9,28.9,26.0,5.5
2018-08-24,15,24.5,6.9,26.9,24.5,8.4
2018-08-24,16,23.9,9.0,25.9,23.8,8.8
2018-08-24,17,24.0,11.4,25.6,24.2,6.2
2018-08-24,18,23.2,12.9,23.6,23.2,9.1
2018-08-24,19,23.1,14.3,23.4,22.4,8.9
2018-08-24,20,22.6,15.1,23.4,22.0,8.8
2018-08-24,21,22.1,15.8,23.9,21.8,8.0
2018-08-24,22,21.8,16.1,24.4,21.6,7.9
2018-08-24,23,21.5,16.2,25.1,22.1,7.3
2018-08-24,24,21.7,16.1,24.6,22.4,7.4
2018-08-24,25,22.6,15.6,26.5,22.4,4.5
2018-08-24,26,22.8,15.3,26.3,23.2,4.6
2018-08-24,27,22.6,14.2,26.9,23.2,4.2
2018-08-24,28,23.2,13.1,27.4,23.4,4.3
2018-08-24,29,23.3,11.6,25.4,23.6,7.5
2018-08-24,30,22.7,9.7,27.8,23.6,7.6
2018-08-24,31,21.9,7.7,29.3,23.6,9.4
2018-08-24,32,22.0,5.9,30.2,23.5,9.5
2018-08-24,33,22.3,4.5,31.6,23.1,9.3
2018-08-24,34,21.9,3.4,31.9,23.2,9.2
2018-08-24,35,22.0,2.6,31.2,22.8,9.2
2018-08-24,36,21.9,1.8,31.7,22.4,9.4
2018-08-24,37,20.3,1.0,33.3,23.1,9.8
2018-08-24,38,21.1,0.4,33.1,23.2,9.7
2018-08-24,39,21.5,0.1,33.5,23.5,9.8
2018-08-24,40,21.7,0.0,33.3,24.0,9.7
2018-08-24,41,21.8,0.0,33.6,24.7,9.4
2018-08-24,42,22.6,0.0,31.3,26.3,9.9
2018-08-24,43,23.4,0.0,31.4,27.0,7.9
2018-08-24,44,24.7,0.0,28.9,28.6,8.4
2018-08-24,45,27.9,0.0,25.2,30.5,8.2
2018-08-24,46,32.1,0.0,18.6,32.0,9.5
2018-08-24,47,33.1,0.0,17.5,32.8,9.1
2018-08-24,48,33.6,0.0,14.6,35.2,9.7
2018-08-25,1,33.9,0.0,13.8,35.6,10.0
2018-08-25,2,34.1,0.0,13.1,36.3,10.3
2018-08-25,3,33.7,0.0,13.4,37.3,9.3
2018-08-25,4,33.5,0.0,13.5,37.5,9.0
2018-08-25,5,33.8,0.0,14.6,37.0,7.0
2018-08-25,6,32.9,0.0,14.5,36.6,7.1
2018-08-25,7,33.0,0.0,18.0,35.9,3.9
2018-08-25,8,31.8,0.0,18.2,36.2,4.3
2018-08-25,9,32.5,0.0,17.2,36.9,3.6
2018-08-25,10,32.0,0.0,16.5,37.6,3.6
2018-08-25,11,29.8,0.5,16.3,37.1,5.4
2018-08-25,12,26.9,1.8,18.6,35.4,5.2
2018-08-25,13,23.7,3.8,21.1,32.1,7.4
2018-08-25,14,21.8,6.2,23.4,30.1,6.7
2018-08-25,15,19.1,8.7,24.1,28.1,9.2
2018-08-25,16,17.0,11.2,26.0,26.7,8.8
2018-08-25,17,15.0,13.3,27.9,25.6,8.1
2018-08-25,18,13.5,15.4,28.2,25.1,7.9
2018-08-25,19,12.7,17.0,28.1,24.6,8.1
2018-08-25,20,12.1,18.4,28.1,23.9,8.0
2018-08-25,21,11.9,19.1,27.9,23.5,8.0
2018-08-25,22,11.7,19.6,28.2,23.4,8.0
2018-08-25,23,11.3,19.9,28.0,23.4,8.5
2018-08-25,24,11.1,20.1,27.4,23.5,8.6
2018-08-25,25,10.9,20.5,27.1,24.4,7.9
2018-08-25,26,10.7,20.8,26.5,24.8,7.9
2018-08-25,27,10.4,20.9,26.3,25.1,8.2
2018-08-25,28,10.2,20.4,26.4,25.5,8.3
2018-08-25,29,9.8,19.4,26.6,25.9,8.8
2018-08-25,30,9.4,17.9,28.3,26.0,8.8
2018-08-25,31,8.8,16.0,29.7,25.9,9.8
2018-08-25,32,7.7,13.7,33.0,25.4,9.6
2018-08-25,33,7.6,10.9,35.2,24.6,10.0
2018-08-25,34,6.8,8.5,38.0,24.6,10.0
2018-08-25,35,5.1,6.2,41.4,24.7,10.1
2018-08-25,36,4.7,4.0,43.1,24.4,10.1
2018-08-25,37,4.2,2.2,45.6,24.4,10.3
2018-08-25,38,3.8,0.9,46.4,24.7,10.4
2018-08-25,39,3.4,0.2,47.3,24.6,10.4
2018-08-25,40,3.0,0.0,47.5,24.5,10.3
2018-08-25,41,3.0,0.0,47.2,25.1,10.3
2018-08-25,42,3.1,0.0,46.4,26.6,10.6
2018-08-25,43,3.1,0.0,45.4,27.6,10.9
2018-08-25,44,3.5,0.0,44.0,28.7,11.3
2018-08-25,45,3.8,0.0,42.5,30.5,10.2
2018-08-25,46,3.9,0.0,39.4,32.2,11.4
2018-08-25,47,4.2,0.0,38.8,32.8,11.1
2018-08-25,48,5.1,0.0,34.0,34.7,12.7
2018-08-26,1,5.9,0.0,32.4,35.5,12.6
2018-08-26,2,6.7,0.0,31.0,36.2,12.6
2018-08-26,3,7.3,0.0,29.4,37.1,13.2
2018-08-26,4,8.8,0.0,29.0,37.1,13.0
2018-08-26,5,9.7,0.0,29.8,36.5,12.3
2018-08-26,6,10.6,0.0,29.6,35.6,12.5
2018-08-26,7,11.4,0.0,28.8,35.4,12.7
2018-08-26,8,12.7,0.0,27.4,35.3,12.9
2018-08-26,9,14.2,0.0,25.9,35.3,13.0
2018-08-26,10,15.9,0.0,23.7,35.9,13.0
2018-08-26,11,16.8,0.1,23.0,35.9,12.7
2018-08-26,12,18.6,0.5,22.7,34.7,12.3
2018-08-26,13,20.2,1.3,21.0,33.4,13.1
2018-08-26,14,22.6,2.3,19.8,33.1,13.0
2018-08-26,15,24.6,3.1,20.0,31.5,12.2
2018-08-26,16,26.6,3.6,20.3,30.1,11.0
2018-08-26,17,28.1,3.9,20.3,28.8,10.2
2018-08-26,18,29.7,4.1,19.6,27.6,9.4
2018-08-26,19,30.8,4.2,19.3,26.2,9.9
2018-08-26,20,31.5,4.2,19.6,25.6,9.6
2018-08-26,21,32.3,4.0,20.1,25.0,9.2
2018-08-26,22,33.9,3.8,19.6,24.7,8.8
2018-08-26,23,33.9,3.8,19.0,24.9,8.7
2018-08-26,24,33.6,4.0,19.2,25.2,8.6
2018-08-26,25,33.1,4.2,19.6,25.3,8.4
2018-08-26,26,33.3,4.4,19.1,25.7,8.5
2018-08-26,27,33.3,4.6,17.9,26.0,8.7
2018-08-26,28,32.9,4.6,17.5,26.7,8.8
2018-08-26,29,31.7,4.4,18.2,26.7,9.1
2018-08-26,30,29.4,4.0,20.7,26.4,9.2
2018-08-26,31,27.4,3.5,22.7,25.9,9.5
2018-08-26,32,25.5,3.1,24.0,25.7,9.9
2018-08-26,33,24.7,2.5,24.7,25.7,10.4
2018-08-26,34,24.6,2.0,25.3,25.7,10.2
2018-08-26,35,24.6,1.5,24.8,25.8,10.1
2018-08-26,36,24.4,0.9,25.2,26.4,10.4
2018-08-26,37,24.7,0.4,25.0,26.3,10.8
2018-08-26,38,24.9,0.1,24.6,26.7,10.5
2018-08-26,39,24.5,0.0,24.8,26.6,10.4
2018-08-26,40,24.0,0.0,25.0,26.6,10.4
2018-08-26,41,25.4,0.0,24.9,27.4,10.9
2018-08-26,42,26.3,0.0,22.9,28.7,11.0
2018-08-26,43,29.2,0.0,25.8,29.3,4.2
2018-08-26,44,32.3,0.0,21.0,31.3,4.3
2018-08-26,45,33.6,0.0,16.5,33.6,6.1
2018-08-26,46,32.0,0.0,14.4,36.5,6.9
2018-08-26,47,32.8,0.0,12.7,37.5,7.7
2018-08-26,48,34.8,0.0,11.3,35.5,9.2
2018-08-27,1,37.3,0.0,11.8,36.8,4.3
2018-08-27,2,37.0,0.0,12.1,37.0,4.3
2018-08-27,3,35.4,0.0,12.8,37.6,4.4
2018-08-27,4,36.7,0.0,12.2,37.2,4.3
2018-08-27,5,37.4,0.0,12.6,37.0,3.1
2018-08-27,6,37.4,0.0,12.5,37.7,3.1
2018-08-27,7,36.5,0.0,12.9,38.9,3.2
2018-08-27,8,36.0,0.0,13.4,38.9,3.2
2018-08-27,9,34.6,0.0,13.6,38.1,5.2
2018-08-27,10,36.4,0.0,13.7,36.7,5.1
2018-08-27,11,36.3,0.2,14.4,35.8,5.3
2018-08-27,12,35.0,0.7,16.4,34.6,4.5
2018-08-27,13,33.3,1.6,18.3,32.5,3.6
2018-08-27,14,31.7,2.9,21.0,30.7,3.2
2018-08-27,15,29.9,4.5,23.5,29.3,1.7
2018-08-27,16,29.0,6.2,24.4,27.7,1.1
2018-08-27,17,28.6,7.7,24.1,26.9,1.6
2018-08-27,18,27.6,9.1,24.6,26.3,1.6
2018-08-27,19,27.4,10.2,24.9,25.9,1.6
2018-08-27,20,27.0,11.0,24.3,26.1,1.6
2018-08-27,21,26.9,11.5,24.3,26.3,1.6
2018-08-27,22,27.1,11.5,24.7,26.0,1.6
2018-08-27,23,27.0,11.5,25.1,25.8,1.6
2018-08-27,24,26.3,11.5,25.5,26.1,1.6
2018-08-27,25,25.9,11.0,26.5,25.5,1.6
2018-08-27,26,25.6,10.8,27.2,25.8,1.6
2018-08-27,27,23.9,10.3,29.0,26.1,1.6
2018-08-27,28,23.2,9.6,29.9,25.8,1.6
2018-08-27,29,22.6,8.9,31.3,25.7,2.3
2018-08-27,30,20.9,8.1,34.1,25.2,2.3
2018-08-27,31,20.0,7.1,31.8,24.6,6.5
2018-08-27,32,18.3,5.9,35.4,24.2,6.8
2018-08-27,33,16.5,4.5,39.1,23.7,4.4
2018-08-27,34,15.0,3.3,41.4,23.4,4.3
2018-08-27,35,14.0,2.2,41.8,23.2,8.2
2018-08-27,36,13.4,1.3,43.9,23.3,8.3
2018-08-27,37,12.7,0.6,45.1,23.3,8.0
2018-08-27,38,11.8,0.2,46.0,23.3,8.0
2018-08-27,39,11.1,0.0,46.9,23.1,7.3
2018-08-27,40,9.6,0.0,47.2,23.3,7.4
2018-08-27,41,9.0,0.0,46.6,23.7,8.5
2018-08-27,42,9.3,0.0,47.7,24.7,8.4
2018-08-27,43,9.4,0.0,51.6,26.0,3.0
2018-08-27,44,9.4,0.0,49.1,27.7,3.1
2018-08-27,45,10.0,0.0,40.1,29.4,10.3
2018-08-27,46,11.5,0.0,35.4,30.9,11.3
2018-08-27,47,11.7,0.0,31.3,31.7,14.9
2018-08-27,48,10.5,0.0,31.5,33.8,12.6
2018-08-28,1,10.4,0.0,32.2,33.9,11.9
2018-08-28,2,9.8,0.0,32.8,33.6,12.3
2018-08-28,3,8.7,0.0,32.9,33.9,13.0
2018-08-28,4,8.4,0.0,33.4,33.8,12.8
2018-08-28,5,8.5,0.0,34.1,33.6,12.2
2018-08-28,6,9.2,0.0,33.2,33.7,12.2
2018-08-28,7,9.6,0.0,31.8,34.7,11.7
2018-08-28,8,9.6,0.0,31.1,35.1,11.7
2018-08-28,9,8.6,0.0,32.9,34.3,10.3
2018-08-28,10,8.6,0.0,34.8,32.2,10.2
2018-08-28,11,8.3,0.1,35.3,29.5,12.1
2018-08-28,12,8.4,0.4,39.4,27.3,10.7
2018-08-28,13,8.3,0.9,45.5,24.8,7.1
2018-08-28,14,8.8,1.7,46.4,23.3,6.2
2018-08-28,15,9.2,2.6,44.6,22.3,8.6
2018-08-28,16,10.0,3.6,44.0,21.5,8.6
2018-08-28,17,10.4,4.7,43.1,21.0,8.6
2018-08-28,18,10.7,5.9,42.1,20.8,8.4
2018-08-28,19,11.5,6.8,43.4,20.7,5.9
2018-08-28,20,11.6,7.4,42.4,20.7,5.8
2018-08-28,21,11.5,7.9,42.4,21.0,5.3
2018-08-28,22,11.9,8.1,42.3,20.9,5.3
2018-08-28,23,12.4,8.6,41.8,20.9,4.8
2018-08-28,24,12.7,9.1,40.8,21.0,4.9
2018-08-28,25,12.8,9.5,41.4,20.9,3.9
2018-08-28,26,12.7,10.0,41.4,21.2,3.6
2018-08-28,27,12.9,10.1,42.0,21.0,2.9
2018-08-28,28,13.3,10.1,41.7,21.3,2.4
2018-08-28,29,12.9,9.7,40.5,21.3,3.6
2018-08-28,30,12.5,9.0,41.4,21.3,3.6
2018-08-28,31,12.6,7.9,40.2,21.1,6.5
2018-08-28,32,11.8,6.7,41.5,21.0,6.6
2018-08-28,33,10.6,5.2,42.6,20.6,8.3
2018-08-28,34,9.7,3.8,44.9,20.5,8.3
2018-08-28,35,8.5,2.5,46.6,20.4,8.4
2018-08-28,36,8.1,1.4,47.0,20.5,8.5
2018-08-28,37,7.8,0.6,47.9,20.7,8.5
2018-08-28,38,8.1,0.2,47.7,20.7,8.6
2018-08-28,39,8.4,0.0,48.1,20.6,8.5
2018-08-28,40,8.7,0.0,47.5,20.8,8.6
2018-08-28,41,9.4,0.0,47.0,21.5,7.9
2018-08-28,42,9.5,0.0,46.8,22.7,8.3
2018-08-28,43,10.0,0.0,47.7,24.0,4.9
2018-08-28,44,11.2,0.0,43.9,25.8,5.2
2018-08-28,45,11.9,0.0,37.5,27.7,10.2
2018-08-28,46,11.8,0.0,33.5,29.7,11.6
2018-08-28,47,12.1,0.0,30.0,30.5,14.4
2018-08-28,48,11.6,0.0,32.3,30.2,12.4
2018-08-29,1,11.6,0.0,32.4,30.5,12.0
2018-08-29,2,10.5,0.0,32.5,31.0,12.2
2018-08-29,3,8.0,0.0,33.3,31.9,12.6
2018-08-29,4,9.0,0.0,32.6,31.7,12.5
2018-08-29,5,9.2,0.0,32.5,31.8,12.5
2018-08-29,6,9.4,0.0,32.4,31.7,12.5
2018-08-29,7,10.0,0.0,32.1,31.5,12.4
2018-08-29,8,10.4,0.0,31.6,31.4,12.4
2018-08-29,9,11.6,0.0,32.4,32.3,9.2
2018-08-29,10,11.0,0.0,34.2,31.7,9.1
2018-08-29,11,10.3,0.0,38.7,29.1,8.0
2018-08-29,12,10.0,0.2,41.8,26.9,7.0
2018-08-29,13,9.5,0.5,48.3,24.7,2.9
2018-08-29,14,7.9,1.2,50.5,23.5,2.0
2018-08-29,15,8.0,1.9,47.7,22.0,6.0
2018-08-29,16,7.8,2.9,47.3,21.5,5.9
2018-08-29,17,8.3,4.2,46.1,20.8,5.8
2018-08-29,18,9.0,5.7,45.4,20.7,5.6
2018-08-29,19,9.2,7.1,45.8,20.4,4.9
2018-08-29,20,9.3,8.5,44.9,20.2,4.8
2018-08-29,21,9.3,9.9,44.8,19.9,3.8
2018-08-29,22,9.6,11.0,44.1,19.7,3.6
2018-08-29,23,10.5,11.8,42.6,19.5,4.1
2018-08-29,24,11.4,12.4,41.5,19.6,4.1
2018-08-29,25,11.8,12.7,42.3,19.7,2.3
2018-08-29,26,12.6,12.7,41.4,19.6,2.3
2018-08-29,27,13.2,12.8,42.0,19.8,0.9
2018-08-29,28,13.6,12.7,41.1,20.0,1.0
2018-08-29,29,13.8,12.3,40.9,20.3,1.0
2018-08-29,30,13.5,11.4,41.5,20.4,1.0
2018-08-29,31,14.1,10.4,40.2,20.6,2.8
2018-08-29,32,13.9,9.2,41.1,20.6,2.8
2018-08-29,33,13.9,7.9,39.3,20.3,6.6
2018-08-29,34,13.2,6.3,41.3,20.5,6.8
2018-08-29,35,11.9,4.6,41.9,20.7,8.4
2018-08-29,36,11.2,2.8,44.7,20.5,8.6
2018-08-29,37,10.7,1.4,45.5,20.6,8.9
2018-08-29,38,9.9,0.4,46.4,20.9,9.3
2018-08-29,39,9.5,0.1,47.3,20.8,9.3
2018-08-29,40,9.1,0.0,47.7,20.9,9.0
2018-08-29,41,8.6,0.0,49.4,21.3,8.4
2018-08-29,42,8.7,0.0,47.6,22.2,8.8
2018-08-29,43,9.3,0.0,50.3,23.4,3.9
2018-08-29,44,9.8,0.0,48.2,25.2,4.1
2018-08-29,45,10.1,0.0,40.0,27.2,11.1
2018-08-29,46,26.3,0.0,30.6,23.6,10.4
2018-08-29,47,26.7,0.0,26.2,24.6,13.9
2018-08-29,48,9.4,0.0,35.8,29.9,13.3
2018-08-30,1,8.7,0.0,35.6,30.4,13.6
2018-08-30,2,8.4,0.0,35.2,31.0,13.7
2018-08-30,3,8.9,0.0,34.5,31.3,13.5
2018-08-30,4,7.9,0.0,34.3,32.0,13.7
2018-08-30,5,7.7,0.0,34.5,32.1,13.7
2018-08-30,6,7.4,0.0,35.3,32.0,13.7
2018-08-30,7,7.1,0.0,35.3,32.2,13.8
2018-08-30,8,6.7,0.0,35.8,32.1,13.8
2018-08-30,9,6.6,0.0,38.7,32.2,10.7
2018-08-30,10,6.3,0.0,40.7,31.3,10.2
2018-08-30,11,5.3,0.2,43.2,29.3,11.2
2018-08-30,12,4.7,0.9,46.6,27.1,10.0
2018-08-30,13,3.5,2.0,54.6,24.8,4.5
2018-08-30,14,3.0,3.4,55.8,23.4,3.6
2018-08-30,15,2.6,4.9,52.2,22.0,8.0
2018-08-30,16,2.3,6.5,51.6,21.5,7.8
2018-08-30,17,2.2,8.2,49.6,21.0,8.5
2018-08-30,18,2.2,10.1,47.5,20.7,8.4
2018-08-30,19,2.1,11.5,49.1,20.4,5.9
2018-08-30,20,2.2,12.4,48.1,20.5,5.9
2018-08-30,21,2.1,13.4,48.6,20.3,5.3
2018-08-30,22,2.1,13.8,48.1,20.2,5.4
2018-08-30,23,2.1,14.4,47.6,20.2,5.5
2018-08-30,24,2.0,14.9,47.1,20.2,5.5
2018-08-30,25,2.0,15.0,47.0,20.3,5.6
2018-08-30,26,2.1,14.8,47.6,20.4,5.7
2018-08-30,27,2.1,14.2,48.5,20.5,5.9
2018-08-30,28,2.1,13.5,49.5,20.6,6.0
2018-08-30,29,2.2,12.8,50.0,20.6,6.1
2018-08-30,30,2.2,11.9,50.5,20.7,6.2
2018-08-30,31,2.2,11.0,51.2,20.8,6.4
2018-08-30,32,2.2,9.8,51.9,21.1,6.6
2018-08-30,33,2.3,8.6,52.3,21.5,6.7
2018-08-30,34,2.3,7.2,53.4,21.8,6.8
2018-08-30,35,2.3,5.8,54.4,22.0,6.9
2018-08-30,36,2.2,4.4,55.3,22.1,6.9
2018-08-30,37,2.2,3.1,55.9,22.2,6.9
2018-08-30,38,2.1,1.9,56.4,22.3,7.0
2018-08-30,39,2.1,1.0,56.8,22.5,7.1
2018-08-30,40,2.1,0.4,57.2,22.6,7.2
2018-08-30,41,2.1,0.1,57.3,22.7,7.3
2018-08-30,42,2.1,0.0,57.3,22.6,7.4
2018-08-30,43,2.1,0.0,57.1,22.6,7.7
2018-08-30,44,2.1,0.0,57.1,22.5,7.9
2018-08-30,45,2.1,0.0,57.1,22.6,8.1
2018-08-30,46,2.2,0.0,56.8,23.0,8.2
2018-08-30,47,2.3,0.0,55.6,24.0,8.5
2018-08-30,48,2.5,0.0,53.5,25.5,9.1
2018-08-31,1,2.8,0.0,50.7,27.3,10.0
2018-08-31,2,3.0,0.0,48.5,29.1,10.9
2018-08-31,3,3.3,0.0,46.5,30.6,11.5
2018-08-31,4,3.6,0.0,44.6,31.6,12.1
2018-08-31,5,3.9,0.0,43.5,32.1,12.4
2018-08-31,6,4.1,0.0,42.9,32.3,12.6
2018-08-31,7,4.4,0.0,42.4,32.4,12.8
2018-08-31,8,4.7,0.0,42.2,32.4,12.8
2018-08-31,9,5.1,0.0,42.0,32.3,12.9
2018-08-31,10,5.5,0.0,42.1,32.1,12.9
2018-08-31,11,5.9,0.1,41.6,32.1,13.1
2018-08-31,12,6.3,0.4,41.1,31.9,13.2
2018-08-31,13,6.6,1.2,40.6,31.4,13.2
2018-08-31,14,6.7,2.6,40.7,30.3,12.8
2018-08-31,15,6.7,4.3,41.6,28.7,11.9
2018-08-31,16,6.5,6.1,42.9,26.7,10.9
2018-08-31,17,6.4,7.9,43.8,24.8,9.9
2018-08-31,18,6.4,9.5,44.4,23.1,8.9
2018-08-31,19,6.5,11.0,44.7,21.9,8.1
2018-08-31,20,6.8,12.4,44.0,21.2,7.6
2018-08-31,21,7.2,13.6,42.9,20.7,7.6
2018-08-31,22,7.6,14.8,41.6,20.5,7.6
2018-08-31,23,8.0,15.7,40.4,20.4,7.6
2018-08-31,24,8.4,16.4,39.4,20.5,7.6
2018-08-31,25,8.5,16.6,39.6,20.4,7.5
2018-08-31,26,8.6,16.5,40.1,20.3,7.4
2018-08-31,27,8.6,16.2,40.5,20.4,7.3
2018-08-31,28,8.8,15.9,40.3,20.7,7.4
2018-08-31,29,9.0,15.2,40.4,21.0,7.5
2018-08-31,30,9.3,14.4,40.3,21.5,7.7
2018-08-31,31,9.5,13.3,40.8,21.9,7.8
2018-08-31,32,9.8,12.1,40.9,22.5,7.9
2018-08-31,33,10.0,10.7,41.2,23.1,8.0
2018-08-31,34,10.1,9.2,41.8,23.6,7.9
2018-08-31,35,9.8,7.5,43.2,23.8,8.0
2018-08-31,36,9.5,5.8,44.7,23.9,8.0
2018-08-31,37,9.2,4.0,47.2,23.6,7.8
2018-08-31,38,9.1,2.4,48.9,23.2,7.7
2018-08-31,39,9.1,1.2,50.7,22.6,7.6
2018-08-31,40,9.2,0.5,51.4,22.2,7.7
2018-08-31,41,9.5,0.1,51.5,22.0,7.9
2018-08-31,42,9.8,0.0,51.4,21.9,8.0
2018-08-31,43,10.3,0.0,51.2,21.8,8.0
2018-08-31,44,11.3,0.0,50.0,22.1,8.0
2018-08-31,45,12.4,0.0,48.0,22.6,8.3
2018-08-31,46,13.6,0.0,45.3,23.5,8.9
2018-08-31,47,14.5,0.0,43.3,24.4,9.3
2018-08-31,48,15.6,0.0,40.9,25.7,9.7
2018-09-01,1,16.8,0.0,37.7,27.4,10.0
2018-09-01,2,18.0,0.0,34.2,29.2,10.4
2018-09-01,3,18.9,0.0,31.2,31.0,10.7
2018-09-01,4,19.6,0.0,28.5,32.4,11.0
2018-09-01,5,20.0,0.0,26.6,33.5,11.2
2018-09-01,6,20.3,0.0,25.3,34.4,11.3
2018-09-01,7,20.4,0.0,24.8,34.9,11.3
2018-09-01,8,20.3,0.0,24.4,35.5,11.3
2018-09-01,9,20.2,0.0,24.1,35.8,11.5
2018-09-01,10,19.8,0.0,23.9,36.3,11.6
2018-09-01,11,19.3,0.1,24.3,36.2,11.7
2018-09-01,12,18.6,0.4,24.9,35.8,11.8
2018-09-01,13,17.8,1.1,25.7,34.9,12.1
2018-09-01,14,16.8,2.0,27.5,33.4,12.2
2018-09-01,15,15.7,3.3,29.6,31.6,12.1
2018-09-01,16,14.5,4.7,32.7,29.4,11.6
2018-09-01,17,13.6,6.2,34.7,27.7,11.2
2018-09-01,18,12.8,7.6,36.2,26.2,10.6
2018-09-01,19,12.1,9.0,37.0,25.1,10.0
2018-09-01,20,11.4,10.1,37.7,24.1,9.4
2018-09-01,21,10.8,11.1,38.6,23.3,8.9
2018-09-01,22,10.4,12.0,38.6,22.9,8.6
2018-09-01,23,10.1,12.9,38.3,22.8,8.5
2018-09-01,24,10.0,13.7,37.6,22.9,8.5
2018-09-01,25,9.8,14.3,37.3,23.0,8.4
2018-09-01,26,9.6,14.6,37.2,23.2,8.5
2018-09-01,27,9.5,14.6,37.0,23.4,8.6
2018-09-01,28,9.5,14.3,37.1,23.7,8.6
2018-09-01,29,9.5,13.8,37.0,24.2,8.7
2018-09-01,30,9.6,13.2,37.0,24.6,8.8
2018-09-01,31,9.7,12.3,37.0,25.0,9.0
2018-09-01,32,9.8,11.1,37.3,25.4,9.3
2018-09-01,33,9.9,9.8,37.7,25.8,9.4
2018-09-01,34,10.1,8.3,38.2,26.3,9.5
2018-09-01,35,10.2,6.7,39.6,26.5,9.4
2018-09-01,36,10.2,5.0,41.4,26.4,9.2
2018-09-01,37,10.1,3.4,43.2,26.0,9.0
2018-09-01,38,10.1,2.1,44.4,25.5,8.9
2018-09-01,39,10.2,1.1,44.7,25.2,9.1
2018-09-01,40,10.4,0.4,45.0,25.0,9.2
2018-09-01,41,10.7,0.1,44.7,25.0,9.4
2018-09-01,42,11.0,0.0,44.6,24.9,9.4
2018-09-01,43,11.3,0.0,44.4,24.8,9.3
2018-09-01,44,11.5,0.0,44.2,24.8,9.4
2018-09-01,45,11.7,0.0,43.9,24.9,9.6
2018-09-01,46,12.2,0.0,43.5,25.3,9.9
2018-09-01,47,12.8,0.0,42.6,26.0,10.2
2018-09-01,48,13.5,0.0,41.3,27.0,10.4
2018-09-02,1,14.4,0.0,39.3,28.1,10.5
2018-09-02,2,15.5,0.0,36.6,29.5,10.8
2018-09-02,3,16.6,0.0,33.9,31.0,10.9
2018-09-02,4,17.7,0.0,31.6,32.1,11.2
2018-09-02,5,18.6,0.0,29.9,33.0,11.2
2018-09-02,6,19.7,0.0,27.8,33.6,11.4
2018-09-02,7,20.6,0.0,26.0,34.5,11.4
2018-09-02,8,21.6,0.0,24.4,35.1,11.3
2018-09-02,9,22.2,0.0,24.0,35.2,11.0
2018-09-02,10,22.8,0.0,23.6,35.3,10.8
2018-09-02,11,23.4,0.0,23.2,35.2,10.8
2018-09-02,12,23.9,0.2,22.9,35.1,10.7
2018-09-02,13,24.2,0.7,22.5,34.9,10.7
2018-09-02,14,24.3,1.6,22.3,34.2,10.7
2018-09-02,15,24.3,2.9,22.0,33.6,10.5
2018-09-02,16,24.0,4.4,22.0,32.7,10.4
2018-09-02,17,23.6,6.0,22.3,31.4,10.4
2018-09-02,18,22.6,7.5,23.9,29.6,10.3
2018-09-02,19,21.4,8.8,26.1,27.7,10.1
2018-09-02,20,20.2,9.9,28.4,25.9,9.6
2018-09-02,21,19.4,10.9,29.7,24.8,9.3
2018-09-02,22,18.8,11.9,30.5,23.8,8.9
2018-09-02,23,18.3,12.7,31.1,23.2,8.6
2018-09-02,24,17.9,13.5,31.2,22.7,8.5
2018-09-02,25,17.8,14.1,31.1,22.5,8.5
2018-09-02,26,17.6,14.4,31.0,22.4,8.5
2018-09-02,27,17.5,14.5,31.1,22.3,8.5
2018-09-02,28,17.4,14.3,31.5,22.3,8.4
2018-09-02,29,17.5,13.9,31.7,22.5,8.3
2018-09-02,30,17.7,13.4,31.9,22.8,8.2
2018-09-02,31,17.9,12.7,31.8,23.3,8.1
2018-09-02,32,18.0,11.7,32.2,23.7,8.2
2018-09-02,33,17.8,10.3,33.1,23.9,8.5
2018-09-02,34,17.5,8.7,34.5,24.0,8.7
2018-09-02,35,17.3,7.0,35.8,24.2,8.9
2018-09-02,36,16.9,5.3,37.9,24.0,8.9
2018-09-02,37,16.3,3.7,40.1,23.7,8.9
2018-09-02,38,15.5,2.2,42.1,23.3,8.9
2018-09-02,39,14.9,1.1,43.2,23.1,9.0
2018-09-02,40,14.4,0.4,43.7,23.0,9.1
2018-09-02,41,13.9,0.1,44.3,22.9,9.2
2018-09-02,42,13.4,0.0,44.7,22.8,9.2
2018-09-02,43,12.9,0.0,44.8,22.8,9.3
2018-09-02,44,12.5,0.0,44.9,22.9,9.4
2018-09-02,45,12.2,0.0,44.8,23.5,9.8
2018-09-02,46,12.1,0.0,44.4,24.4,10.3
2018-09-02,47,12.1,0.0,43.4,25.6,10.8
2018-09-02,48,12.1,0.0,42.0,26.8,11.3
2018-09-03,1,12.2,0.0,40.3,28.3,11.5
2018-09-03,2,12.4,0.0,38.4,29.8,11.9
2018-09-03,3,12.5,0.0,36.5,31.3,12.2
2018-09-03,4,12.3,0.0,35.3,31.8,12.5
2018-09-03,5,12.1,0.0,34.1,32.1,12.6
2018-09-03,6,11.8,0.0,33.5,32.0,12.6
2018-09-03,7,11.5,0.0,33.3,32.3,12.8
2018-09-03,8,11.2,0.0,33.6,32.5,12.8
2018-09-03,9,10.9,0.0,34.0,32.6,12.9
2018-09-03,10,10.5,0.0,34.6,32.8,13.0
2018-09-03,11,10.3,0.0,35.1,32.9,13.2
2018-09-03,12,9.8,0.2,36.6,32.5,13.0
2018-09-03,13,9.2,0.6,38.4,31.3,13.0
2018-09-03,14,8.5,1.3,41.2,29.4,12.4
2018-09-03,15,7.9,2.2,43.6,27.6,11.6
2018-09-03,16,7.3,3.2,46.2,25.7,10.3
2018-09-03,17,6.7,4.2,48.6,23.9,9.2
2018-09-03,18,6.2,5.2,50.8,22.1,8.0
2018-09-03,19,5.8,6.1,51.9,20.9,7.2
2018-09-03,20,5.6,7.1,51.9,20.1,6.8
2018-09-03,21,5.5,8.0,51.2,19.7,6.8
2018-09-03,22,5.4,8.9,50.8,19.8,6.7
2018-09-03,23,5.4,9.7,50.0,20.0,6.8
2018-09-03,24,5.4,10.4,49.4,20.2,6.7
2018-09-03,25,5.5,10.9,49.0,20.2,6.6
2018-09-03,26,5.6,11.3,48.4,20.2,6.6
2018-09-03,27,5.7,11.4,48.1,20.3,6.6
2018-09-03,28,5.9,11.3,47.9,20.5,6.6
2018-09-03,29,6.0,10.9,48.1,20.7,6.5
2018-09-03,30,6.2,10.4,48.4,20.9,6.4
2018-09-03,31,6.5,9.7,48.5,21.1,6.4
2018-09-03,32,6.7,8.8,48.7,21.4,6.4
2018-09-03,33,6.9,7.7,49.1,21.7,6.5
2018-09-03,34,7.0,6.5,49.9,21.7,6.5
2018-09-03,35,7.1,5.1,51.1,21.6,6.5
2018-09-03,36,7.1,3.8,51.8,21.3,6.4
2018-09-03,37,7.1,2.7,52.0,21.2,6.3
2018-09-03,38,7.1,1.6,52.3,21.2,6.3
2018-09-03,39,7.1,0.8,52.8,21.3,6.4
2018-09-03,40,7.1,0.3,53.0,21.6,6.4
2018-09-03,41,7.1,0.1,53.2,21.6,6.3
2018-09-03,42,7.0,0.0,52.9,21.5,6.6
2018-09-03,43,6.8,0.0,52.7,21.4,7.1
2018-09-03,44,6.7,0.0,52.7,21.5,7.6
2018-09-03,45,6.8,0.0,52.7,22.2,7.8
2018-09-03,46,6.9,0.0,52.0,23.3,8.1
2018-09-03,47,7.1,0.0,50.7,24.5,8.2
2018-09-03,48,7.4,0.0,48.3,26.0,8.4
2018-09-04,1,7.6,0.0,46.3,27.4,8.6
2018-09-04,2,8.0,0.0,43.9,29.0,9.2
2018-09-04,3,8.3,0.0,42.0,30.1,9.8
2018-09-04,4,8.5,0.0,40.5,30.9,10.6
2018-09-04,5,8.6,0.0,39.6,31.4,11.0
2018-09-04,6,8.6,0.0,39.0,31.7,11.4
2018-09-04,7,8.7,0.0,38.6,31.8,11.6
2018-09-04,8,8.7,0.0,38.4,31.9,11.9
2018-09-04,9,8.8,0.0,38.1,32.2,12.2
2018-09-04,10,8.9,0.0,38.4,32.2,12.4
2018-09-04,11,8.8,0.0,38.9,31.9,12.5
2018-09-04,12,8.7,0.2,39.5,31.5,12.2
2018-09-04,13,8.6,0.5,40.1,31.0,11.7
2018-09-04,14,8.3,1.2,41.7,30.1,10.8
2018-09-04,15,7.9,2.3,43.3,28.7,9.8
2018-09-04,16,7.2,3.4,45.9,26.6,8.7
2018-09-04,17,6.5,4.4,48.6,24.2,7.8
2018-09-04,18,5.9,5.4,50.3,22.2,7.0
2018-09-04,19,5.5,6.3,50.8,21.0,6.5
2018-09-04,20,5.4,7.4,50.1,20.5,6.2
2018-09-04,21,5.3,8.4,49.6,20.3,6.2
2018-09-04,22,5.3,9.4,49.3,20.3,6.1
2018-09-04,23,5.2,10.3,49.0,20.2,6.1
2018-09-04,24,5.2,11.0,48.6,20.1,6.1
2018-09-04,25,5.1,11.5,48.3,20.0,6.1
2018-09-04,26,5.2,11.8,48.0,20.0,6.1
2018-09-04,27,5.2,11.9,48.0,20.0,6.1
2018-09-04,28,5.3,11.7,47.9,20.1,6.1
2018-09-04,29,5.4,11.4,48.2,20.2,6.0
2018-09-04,30,5.6,10.9,48.2,20.4,6.0
2018-09-04,31,5.7,10.2,48.6,20.6,6.0
2018-09-04,32,5.9,9.3,49.0,20.8,6.0
2018-09-04,33,6.0,8.2,49.6,21.1,5.9
2018-09-04,34,6.2,7.0,50.2,21.3,6.0
2018-09-04,35,6.3,5.6,51.1,21.4,6.0
2018-09-04,36,6.4,4.2,51.7,21.4,6.0
2018-09-04,37,6.4,2.9,52.1,21.2,6.0
2018-09-04,38,6.4,1.8,52.3,21.3,6.0
2018-09-04,39,6.4,0.9,52.8,21.4,6.1
2018-09-04,40,6.4,0.3,53.1,21.6,6.1
2018-09-04,41,6.3,0.1,53.1,21.7,6.2
2018-09-04,42,6.2,0.0,53.0,21.6,6.5
2018-09-04,43,6.1,0.0,52.7,21.5,7.0
2018-09-04,44,6.0,0.0,52.7,21.6,7.4
2018-09-04,45,6.0,0.0,52.8,22.1,7.7
2018-09-04,46,6.1,0.0,52.0,23.1,7.9
2018-09-04,47,6.3,0.0,50.8,24.3,8.1
2018-09-04,48,6.6,0.0,48.6,26.0,8.5
2018-09-05,1,6.8,0.0,46.6,27.7,8.9
2018-09-05,2,7.2,0.0,44.4,29.3,9.7
2018-09-05,3,7.4,0.0,42.7,30.4,10.3
2018-09-05,4,11.1,0.0,30.3,34.0,9.1
2018-09-05,5,11.3,0.0,30.2,33.9,9.0
2018-09-05,6,11.2,0.0,29.5,34.3,9.2
2018-09-05,7,11.3,0.0,29.7,34.0,9.1
2018-09-05,8,11.4,0.0,29.8,33.7,8.7
2018-09-05,9,11.4,0.0,33.0,34.6,3.1
2018-09-05,10,10.4,0.0,34.9,32.7,3.5
2018-09-05,11,8.7,0.0,38.5,29.8,4.4
2018-09-05,12,7.7,0.4,42.8,27.4,3.5
2018-09-05,13,7.2,1.1,48.1,24.7,1.4
2018-09-05,14,7.3,2.3,48.5,23.3,0.6
2018-09-05,15,6.9,3.8,46.3,22.4,3.2
2018-09-05,16,6.5,5.5,45.8,22.0,3.2
2018-09-05,17,6.2,7.4,45.7,21.8,3.0
2018-09-05,18,5.9,9.3,44.9,21.4,3.0
2018-09-05,19,5.5,11.0,44.1,21.3,2.7
2018-09-05,20,5.5,12.2,43.6,21.2,2.7
2018-09-05,21,5.8,12.8,43.6,21.1,1.9
2018-09-05,22,5.9,13.1,43.4,20.9,1.9
2018-09-05,23,6.0,13.3,42.5,20.8,2.9
2018-09-05,24,6.4,13.4,42.1,20.9,2.9
2018-09-05,25,6.6,13.3,44.1,21.0,0.8
2018-09-05,26,7.2,13.1,43.5,21.2,0.8
2018-09-05,27,7.4,12.9,43.5,21.4,0.5
2018-09-05,28,7.5,12.6,43.5,21.6,0.5
2018-09-05,29,7.4,11.9,44.4,21.8,0.5
2018-09-05,30,7.3,10.7,45.1,21.4,0.7
2018-09-05,31,7.4,9.4,43.7,21.3,4.1
2018-09-05,32,7.9,7.9,44.6,20.9,4.1
2018-09-05,33,8.3,6.4,44.1,20.7,5.1
2018-09-05,34,8.5,4.9,45.1,20.8,5.2
2018-09-05,35,8.9,3.4,45.9,21.2,5.3
2018-09-05,36,8.9,2.0,46.7,21.7,5.4
2018-09-05,37,8.7,0.8,47.4,22.0,5.4
2018-09-05,38,8.5,0.2,47.5,22.0,5.6
2018-09-05,39,8.1,0.0,47.2,21.7,5.5
2018-09-05,40,8.4,0.0,47.1,22.2,5.3
2018-09-05,41,8.5,0.0,47.7,23.0,3.6
2018-09-05,42,8.6,0.0,47.0,24.3,3.8
2018-09-05,43,9.3,0.0,42.7,25.7,5.8
2018-09-05,44,9.8,0.0,38.2,27.6,6.7
2018-09-05,45,10.5,0.0,34.3,29.6,7.8
2018-09-05,46,8.9,0.0,30.6,32.3,9.3
2018-09-05,47,9.4,0.0,28.9,33.4,9.7
2018-09-05,48,12.3,0.0,25.4,33.4,9.1
2018-09-06,1,12.0,0.0,25.5,33.6,9.2
2018-09-06,2,11.9,0.0,25.8,33.6,9.2
2018-09-06,3,12.2,0.0,26.0,33.5,9.2
2018-09-06,4,11.9,0.0,25.1,33.8,9.8
2018-09-06,5,12.0,0.0,25.1,33.9,9.8
2018-09-06,6,12.2,0.0,25.5,33.7,9.8
2018-09-06,7,11.4,0.0,26.2,34.0,9.7
2018-09-06,8,10.8,0.0,27.2,33.9,9.2
2018-09-06,9,10.1,0.0,31.8,34.2,5.1
2018-09-06,10,9.0,0.0,35.8,32.8,4.8
2018-09-06,11,7.8,0.1,42.9,28.9,2.9
2018-09-06,12,6.8,0.6,46.3,26.6,2.6
2018-09-06,13,5.7,1.6,49.1,24.4,1.7
2018-09-06,14,5.1,3.1,50.3,23.0,0.9
2018-09-06,15,4.6,4.8,48.8,22.5,3.2
2018-09-06,16,4.5,6.5,47.9,22.3,3.1
2018-09-06,17,4.5,7.9,47.4,21.8,2.7
2018-09-06,18,4.9,9.2,46.4,21.5,2.7
2018-09-06,19,4.9,10.3,46.2,21.3,2.7
2018-09-06,20,5.0,11.1,45.3,21.1,2.7
2018-09-06,21,5.0,11.5,45.4,21.0,2.7
2018-09-06,22,5.5,11.4,45.4,20.8,2.6
2018-09-06,23,5.4,11.3,45.4,20.8,2.6
2018-09-06,24,5.4,10.7,46.0,20.8,2.6
2018-09-06,25,6.2,10.2,45.7,21.0,2.6
2018-09-06,26,6.5,9.6,45.7,21.1,2.6
2018-09-06,27,7.4,9.0,46.8,21.1,1.2
2018-09-06,28,7.4,8.4,46.9,21.4,1.2
2018-09-06,29,8.6,7.5,46.6,21.3,1.2
2018-09-06,30,9.5,6.4,46.6,21.2,1.2
2018-09-06,31,9.6,5.4,45.3,21.2,3.8
2018-09-06,32,9.1,4.5,45.5,21.3,3.9
2018-09-06,33,9.6,3.6,45.1,20.9,4.3
2018-09-06,34,10.1,2.7,45.7,21.0,4.3
2018-09-06,35,10.4,1.8,46.7,21.2,4.9
2018-09-06,36,10.3,1.0,46.5,21.7,4.8
2018-09-06,37,10.4,0.4,47.3,22.0,3.1
2018-09-06,38,11.0,0.1,46.7,22.1,3.1
2018-09-06,39,12.2,0.0,46.2,21.8,3.5
2018-09-06,40,12.3,0.0,46.3,22.4,3.6
2018-09-06,41,12.2,0.0,45.2,23.3,4.1
2018-09-06,42,13.3,0.0,41.0,24.6,4.3
2018-09-06,43,14.3,0.0,38.9,26.4,2.6
2018-09-06,44,15.8,0.0,34.2,28.3,2.8
2018-09-06,45,18.2,0.0,26.7,30.4,6.6
2018-09-06,46,21.3,0.0,21.7,32.0,7.8
2018-09-06,47,22.7,0.0,19.5,31.4,10.1
2018-09-06,48,21.3,0.0,17.8,35.2,8.5
2018-09-07,1,21.3,0.0,17.6,35.5,8.6
2018-09-07,2,21.8,0.0,17.4,35.1,8.5
2018-09-07,3,23.2,0.0,16.7,34.6,8.4
2018-09-07,4,22.6,0.0,16.1,35.7,8.5
2018-09-07,5,23.4,0.0,15.5,36.0,8.5
2018-09-07,6,23.6,0.0,14.8,36.4,8.5
2018-09-07,7,24.2,0.0,14.6,36.0,8.6
2018-09-07,8,24.3,0.0,15.1,35.5,8.5
2018-09-07,9,26.2,0.0,15.3,35.1,6.0
2018-09-07,10,26.1,0.0,15.8,34.5,5.5
2018-09-07,11,24.3,0.1,20.1,31.5,4.3
2018-09-07,12,21.9,0.7,24.5,28.8,3.5
2018-09-07,13,20.4,1.9,27.8,25.5,5.8
2018-09-07,14,19.3,3.7,29.1,24.4,5.4
2018-09-07,15,17.5,5.8,29.3,23.8,6.0
2018-09-07,16,16.8,8.0,28.8,23.4,5.9
2018-09-07,17,15.6,10.1,28.0,23.2,5.7
2018-09-07,18,15.2,11.9,27.8,23.0,5.6
2018-09-07,19,15.1,13.4,27.1,22.7,5.7
2018-09-07,20,15.3,14.4,26.6,22.3,5.6
2018-09-07,21,15.5,14.9,26.5,22.1,5.2
2018-09-07,22,15.6,15.0,27.0,21.9,5.1
2018-09-07,23,16.0,15.0,26.7,21.8,4.7
2018-09-07,24,16.2,15.1,26.7,22.0,4.7
2018-09-07,25,16.7,15.1,26.1,22.2,5.4
2018-09-07,26,17.9,15.0,25.2,22.4,5.4
2018-09-07,27,18.7,14.7,24.3,22.7,5.5
2018-09-07,28,19.5,14.1,24.2,23.1,5.6
2018-09-07,29,19.6,13.4,24.0,23.7,6.0
2018-09-07,30,19.9,12.1,25.0,23.3,5.9
2018-09-07,31,18.8,10.7,26.6,23.1,5.9
2018-09-07,32,17.8,9.1,28.0,22.7,5.8
2018-09-07,33,17.1,7.3,29.4,22.4,5.9
2018-09-07,34,16.6,5.4,30.7,22.8,6.0
2018-09-07,35,17.2,3.5,31.5,22.7,6.0
2018-09-07,36,16.7,1.8,33.1,22.7,6.1
2018-09-07,37,16.4,0.7,33.6,22.9,6.2
2018-09-07,38,15.8,0.1,34.0,22.7,6.1
2018-09-07,39,15.3,0.0,34.6,22.5,6.1
2018-09-07,40,15.7,0.0,34.9,23.0,6.2
2018-09-07,41,16.3,0.0,35.3,23.8,6.3
2018-09-07,42,17.0,0.0,34.0,25.0,6.6
2018-09-07,43,17.4,0.0,33.4,25.5,6.7
2018-09-07,44,17.3,0.0,32.3,27.1,7.1
2018-09-07,45,16.9,0.0,31.7,29.1,6.6
2018-09-07,46,15.5,0.0,30.7,31.0,7.1
2018-09-07,47,15.5,0.0,30.3,32.5,7.0
2018-09-07,48,16.6,0.0,26.3,33.2,7.1
2018-09-08,1,16.6,0.0,26.2,33.7,6.9
2018-09-08,2,17.1,0.0,25.5,33.5,7.5
2018-09-08,3,18.3,0.0,24.1,33.7,7.9
2018-09-08,4,15.8,0.0,23.9,35.0,8.3
2018-09-08,5,15.7,0.0,23.7,34.5,8.7
2018-09-08,6,15.7,0.0,23.8,34.5,8.9
2018-09-08,7,15.4,0.0,25.0,34.2,9.0
2018-09-08,8,15.1,0.0,25.5,34.0,9.1
2018-09-08,9,15.4,0.0,25.4,34.3,8.6
2018-09-08,10,15.7,0.0,26.1,33.7,8.6
2018-09-08,11,16.0,0.0,27.3,32.1,9.7
2018-09-08,12,15.4,0.2,28.3,31.5,9.9
2018-09-08,13,14.2,0.7,31.5,29.4,9.0
2018-09-08,14,13.9,1.5,34.9,27.5,7.8
2018-09-08,15,13.2,2.5,38.4,25.9,7.0
2018-09-08,16,11.6,3.4,40.2,24.7,6.5
2018-09-08,17,11.9,4.3,39.6,23.5,6.8
2018-09-08,18,13.4,5.4,38.3,23.3,6.5
2018-09-08,19,13.8,6.4,36.9,23.2,6.5
2018-09-08,20,14.0,7.1,36.7,23.1,6.3
2018-09-08,21,14.3,7.5,37.2,23.1,6.4
2018-09-08,22,13.4,7.8,37.5,23.1,6.3
2018-09-08,23,13.0,8.2,38.1,23.2,6.3
2018-09-08,24,13.8,8.5,36.9,23.2,6.4
2018-09-08,25,13.7,8.9,36.3,23.5,6.4
2018-09-08,26,14.1,9.1,35.3,23.7,6.4
2018-09-08,27,15.0,9.1,34.0,24.1,6.3
2018-09-08,28,15.4,8.8,33.4,24.5,6.6
2018-09-08,29,15.9,8.0,34.1,24.5,6.7
2018-09-08,30,16.1,7.1,34.4,24.7,6.9
2018-09-08,31,16.6,5.9,35.8,24.3,5.9
2018-09-08,32,16.4,4.8,37.9,23.9,5.6
2018-09-08,33,15.8,3.7,38.6,23.6,6.9
2018-09-08,34,15.3,2.6,40.4,23.3,6.9
2018-09-08,35,14.8,1.6,41.3,23.4,7.1
2018-09-08,36,15.1,0.8,41.3,23.5,7.1
2018-09-08,37,15.6,0.3,39.9,23.5,7.1
2018-09-08,38,15.5,0.0,40.6,23.4,7.4
2018-09-08,39,15.4,0.0,41.1,23.5,7.6
2018-09-08,40,14.3,0.0,40.9,24.1,7.6
2018-09-08,41,16.1,0.0,40.8,24.5,6.9
2018-09-08,42,16.6,0.0,38.7,25.9,6.9
2018-09-08,43,17.8,0.0,36.5,27.2,6.5
2018-09-08,44,18.1,0.0,33.3,28.6,6.9
2018-09-08,45,19.3,0.0,29.8,30.3,8.2
2018-09-08,46,21.8,0.0,25.1,31.4,9.1
2018-09-08,47,22.8,0.0,23.5,31.8,9.8
2018-09-08,48,22.9,0.0,20.4,34.7,9.5
2018-09-09,1,24.8,0.0,18.6,35.0,8.5
2018-09-09,2,26.7,0.0,16.3,35.8,8.9
2018-09-09,3,7.4,0.0,22.0,45.8,11.7
2018-09-09,4,27.2,0.0,17.6,35.8,9.3
2018-09-09,5,27.4,0.0,17.1,35.4,8.9
2018-09-09,6,27.5,0.0,17.5,35.6,8.0
2018-09-09,7,27.5,0.0,17.5,35.7,8.0
2018-09-09,8,28.3,0.0,16.7,35.8,8.0
2018-09-09,9,28.2,0.0,16.3,35.4,8.3
2018-09-09,10,29.5,0.0,16.2,34.9,7.8
2018-09-09,11,30.0,0.0,16.0,34.8,8.2
2018-09-09,12,29.8,0.2,17.0,34.2,8.7
2018-09-09,13,30.5,1.0,17.2,32.5,9.1
2018-09-09,14,30.8,2.4,17.4,31.6,8.9
2018-09-09,15,29.9,4.4,18.7,30.8,8.1
2018-09-09,16,28.9,6.3,20.4,27.9,6.9
2018-09-09,17,28.2,8.1,22.3,25.3,6.7
2018-09-09,18,27.3,9.6,22.6,24.4,6.3
2018-09-09,19,27.4,11.0,22.2,23.4,6.2
2018-09-09,20,27.8,13.0,21.2,23.2,6.4
2018-09-09,21,27.6,14.6,20.2,23.0,6.1
2018-09-09,22,27.6,16.0,19.9,22.6,5.7
2018-09-09,23,28.2,16.7,19.2,22.3,5.7
2018-09-09,24,29.0,17.4,18.5,22.1,5.5
2018-09-09,25,30.3,17.7,17.1,22.6,5.6
2018-09-09,26,31.4,17.9,15.5,23.0,5.6
2018-09-09,27,32.0,17.4,15.5,23.3,5.7
2018-09-09,28,32.3,16.6,15.8,23.2,5.9
2018-09-09,29,31.5,15.5,16.8,23.4,6.1
2018-09-09,30,30.0,13.7,20.1,23.0,6.0
2018-09-09,31,29.3,11.7,21.6,22.7,6.9
2018-09-09,32,30.0,9.3,23.7,22.2,6.7
2018-09-09,33,29.3,7.1,25.0,22.2,6.6
2018-09-09,34,29.0,4.8,26.5,21.7,6.5
2018-09-09,35,29.1,2.9,27.0,21.9,7.1
2018-09-09,36,29.1,1.4,27.5,21.9,6.9
2018-09-09,37,28.4,0.5,26.9,21.9,7.3
2018-09-09,38,27.8,0.1,27.5,21.5,7.4
2018-09-09,39,27.0,0.0,28.9,21.2,7.1
2018-09-09,40,27.7,0.0,28.8,21.7,7.0
2018-09-09,41,27.9,0.0,29.8,22.8,6.7
2018-09-09,42,28.4,0.0,29.2,24.2,7.2
2018-09-09,43,30.0,0.0,29.3,24.9,5.7
2018-09-09,44,31.4,0.0,26.3,26.9,6.2
2018-09-09,45,32.1,0.0,23.6,29.1,7.5
2018-09-09,46,31.8,0.0,19.4,31.6,8.8
2018-09-09,47,32.9,0.0,17.3,32.5,9.5
2018-09-09,48,34.5,0.0,17.3,31.8,9.2
2018-09-10,1,34.4,0.0,17.7,31.7,9.2
2018-09-10,2,34.1,0.0,18.2,31.2,9.1
2018-09-10,3,34.0,0.0,17.6,31.5,9.1
2018-09-10,4,33.6,0.0,17.5,31.9,8.7
2018-09-10,5,33.4,0.0,20.5,31.8,5.5
2018-09-10,6,33.7,0.0,21.6,31.3,4.5
2018-09-10,7,33.4,0.0,20.4,31.8,4.5
2018-09-10,8,33.5,0.0,19.3,31.8,5.2
2018-09-10,9,34.5,0.0,19.1,31.7,5.1
2018-09-10,10,33.3,0.0,20.3,30.8,4.5
2018-09-10,11,29.5,0.0,22.5,27.9,6.5
2018-09-10,12,27.1,0.2,27.7,25.4,5.4
2018-09-10,13,25.0,0.8,34.5,22.8,3.2
2018-09-10,14,24.8,1.8,35.2,21.4,2.9
2018-09-10,15,23.6,3.1,34.8,20.6,4.8
2018-09-10,16,23.5,4.8,33.1,20.2,5.0
2018-09-10,17,23.4,6.4,32.5,19.9,4.4
2018-09-10,18,23.3,7.9,32.5,19.8,4.3
2018-09-10,19,23.3,8.8,32.2,19.6,3.8
2018-09-10,20,22.7,9.7,32.4,19.4,3.7
2018-09-10,21,23.0,10.6,30.8,19.3,3.8
2018-09-10,22,22.6,11.8,29.5,19.4,3.8
2018-09-10,23,23.1,12.6,28.8,19.2,3.9
2018-09-10,24,23.1,13.4,27.5,19.3,3.9
2018-09-10,25,23.0,13.6,27.3,19.6,4.0
2018-09-10,26,22.9,13.2,27.3,19.8,4.0
2018-09-10,27,22.3,12.5,27.3,20.1,4.5
2018-09-10,28,22.1,11.3,28.5,20.0,4.5
2018-09-10,29,21.9,10.7,28.8,20.3,5.2
2018-09-10,30,21.8,9.5,30.3,20.0,5.1
2018-09-10,31,21.5,8.1,32.9,19.7,5.1
2018-09-10,32,21.2,6.5,33.8,19.6,5.0
2018-09-10,33,20.7,4.8,33.0,19.5,5.8
2018-09-10,34,20.5,3.3,34.0,19.4,6.0
2018-09-10,35,20.8,2.0,35.6,19.6,6.2
2018-09-10,36,21.5,0.9,35.6,19.7,6.7
2018-09-10,37,22.7,0.3,32.9,20.0,7.2
2018-09-10,38,23.0,0.0,31.9,19.7,7.1
2018-09-10,39,24.0,0.0,32.4,20.0,6.9
2018-09-10,40,26.0,0.0,30.8,20.8,6.6
2018-09-10,41,28.3,0.0,30.2,22.1,4.2
2018-09-10,42,31.8,0.0,25.9,23.7,4.3
2018-09-10,43,34.0,0.0,22.5,25.7,3.8
2018-09-10,44,35.6,0.0,18.6,27.8,4.2
2018-09-10,45,37.7,0.0,16.1,30.0,1.3
2018-09-10,46,38.7,0.0,14.2,31.1,1.7
2018-09-10,47,39.8,0.0,12.8,32.2,1.1
2018-09-10,48,39.2,0.0,14.8,31.4,0.3
2018-09-11,1,38.7,0.0,15.3,30.9,0.3
2018-09-11,2,39.6,0.0,14.5,30.6,0.9
2018-09-11,3,40.6,0.0,14.5,30.1,1.2
2018-09-11,4,40.9,0.0,14.2,31.0,0.7
2018-09-11,5,40.6,0.0,14.0,31.5,0.2
2018-09-11,6,39.9,0.0,14.1,31.4,0.0
2018-09-11,7,39.5,0.0,13.8,31.4,0.1
2018-09-11,8,38.6,0.0,14.3,30.9,0.0
2018-09-11,9,39.1,0.0,14.0,31.5,0.3
2018-09-11,10,38.6,0.0,15.3,30.6,0.9
2018-09-11,11,37.0,0.0,16.4,28.1,3.4
2018-09-11,12,33.8,0.2,18.5,26.3,2.9
2018-09-11,13,32.2,0.6,22.8,23.3,2.8
2018-09-11,14,30.8,1.3,25.4,22.2,2.5
2018-09-11,15,29.4,2.3,25.2,21.1,4.4
2018-09-11,16,28.8,3.5,25.5,20.8,4.5
2018-09-11,17,27.9,4.5,24.8,20.1,4.9
2018-09-11,18,27.4,5.4,25.1,20.0,4.8
2018-09-11,19,27.6,6.3,24.2,20.2,4.9
2018-09-11,20,27.7,7.2,23.9,19.8,5.0
2018-09-11,21,27.7,7.9,23.7,19.4,5.1
2018-09-11,22,27.7,8.4,23.6,19.1,5.3
2018-09-11,23,28.0,8.9,23.4,18.7,5.4
2018-09-11,24,28.0,9.2,23.3,18.5,5.6
2018-09-11,25,28.3,9.5,23.2,18.1,5.8
2018-09-11,26,24.2,8.3,26.5,19.8,5.2
2018-09-11,27,23.8,8.2,26.9,19.8,4.6
2018-09-11,28,23.6,8.1,27.7,19.9,4.6
2018-09-11,29,24.0,7.6,27.7,20.2,4.3
2018-09-11,30,23.8,6.8,28.6,19.9,4.2
2018-09-11,31,24.1,5.7,29.4,19.8,4.1
2018-09-11,32,24.6,4.5,29.8,19.6,4.1
2018-09-11,33,24.2,3.4,30.8,19.8,3.5
2018-09-11,34,24.5,2.3,31.3,19.7,3.5
2018-09-11,35,24.9,1.3,30.9,20.0,4.9
2018-09-11,36,24.6,0.6,31.2,20.2,5.0
2018-09-11,37,24.0,0.1,31.8,20.2,5.4
2018-09-11,38,23.3,0.0,32.9,20.0,5.3
2018-09-11,39,23.5,0.0,32.1,20.0,5.3
2018-09-11,40,23.6,0.0,31.1,20.9,5.6
2018-09-11,41,23.6,0.0,30.2,21.6,5.5
2018-09-11,42,24.6,0.0,28.4,22.7,5.8
2018-09-11,43,25.9,0.0,26.7,24.1,4.0
2018-09-11,44,27.1,0.0,23.6,26.0,4.5
2018-09-11,45,29.2,0.0,20.0,28.1,6.4
2018-09-11,46,38.8,0.0,14.9,26.5,6.4
2018-09-11,47,39.3,0.0,13.5,27.5,7.2
2018-09-11,48,30.3,0.0,15.1,32.4,8.2
2018-09-12,1,29.5,0.0,16.0,32.3,8.2
2018-09-12,2,29.6,0.0,15.5,32.5,8.3
2018-09-12,3,29.7,0.0,15.9,32.3,8.0
2018-09-12,4,29.1,0.0,15.4,32.9,8.2
2018-09-12,5,29.9,0.0,14.4,33.1,8.2
2018-09-12,6,29.5,0.0,15.2,32.9,8.2
2018-09-12,7,30.3,0.0,15.2,32.4,8.2
2018-09-12,8,30.0,0.0,15.8,32.6,8.4
2018-09-12,9,28.8,0.0,17.8,31.9,7.5
2018-09-12,10,27.1,0.0,20.2,30.2,6.6
2018-09-12,11,24.2,0.0,24.1,27.2,7.0
2018-09-12,12,21.7,0.1,30.0,24.9,5.4
2018-09-12,13,19.6,0.3,38.9,22.4,1.0
2018-09-12,14,18.4,0.5,40.1,21.4,0.9
2018-09-12,15,17.1,1.1,40.0,20.7,2.8
2018-09-12,16,16.6,1.5,40.2,20.5,2.8
2018-09-12,17,16.5,2.6,39.8,19.9,2.7
2018-09-12,18,16.2,3.3,40.2,19.8,2.7
2018-09-12,19,15.9,4.5,40.1,19.8,2.7
2018-09-12,20,15.6,5.0,39.9,19.8,2.7
2018-09-12,21,15.5,5.8,39.2,19.8,2.7
2018-09-12,22,15.9,6.0,39.4,19.7,2.7
2018-09-12,23,15.5,6.9,38.7,19.8,2.7
2018-09-12,24,15.7,7.5,37.5,19.8,2.7
2018-09-12,25,15.0,8.0,37.1,19.9,2.7
2018-09-12,26,14.6,7.9,37.3,20.0,2.7
2018-09-12,27,15.1,7.7,36.7,19.9,2.7
2018-09-12,28,14.3,7.7,37.0,20.3,2.8
2018-09-12,29,14.5,7.4,37.5,20.4,2.8
2018-09-12,30,14.0,7.2,38.0,20.3,2.8
2018-09-12,31,13.2,6.4,38.4,20.0,3.8
2018-09-12,32,12.4,5.8,39.9,19.5,3.8
2018-09-12,33,11.3,4.8,40.6,19.6,5.1
2018-09-12,34,10.0,4.3,41.7,19.5,5.1
2018-09-12,35,9.1,3.1,42.8,19.7,5.3
2018-09-12,36,8.9,2.4,43.0,19.7,5.3
2018-09-12,37,9.6,1.3,42.9,19.9,5.6
2018-09-12,38,10.1,0.8,43.1,19.7,5.6
2018-09-12,39,10.7,0.2,42.8,19.7,5.6
2018-09-12,40,11.1,0.1,43.7,20.3,5.7
2018-09-12,41,12.1,0.0,43.7,21.0,5.8
2018-09-12,42,14.2,0.0,40.3,22.3,6.1
2018-09-12,43,16.0,0.0,36.5,23.9,6.6
2018-09-12,44,17.9,0.0,33.9,25.8,7.1
2018-09-12,45,19.4,0.0,32.2,28.0,7.3
2018-09-12,46,19.7,0.0,28.5,30.0,8.5
2018-09-12,47,20.7,0.0,27.3,31.3,8.7
2018-09-12,48,23.2,0.0,23.4,31.5,8.1
2018-09-13,1,23.0,0.0,23.2,32.0,8.5
2018-09-13,2,23.7,0.0,23.1,31.9,8.7
2018-09-13,3,25.2,0.0,22.0,31.2,8.5
2018-09-13,4,23.4,0.0,22.0,32.4,8.6
2018-09-13,5,23.8,0.0,21.6,31.7,8.8
2018-09-13,6,23.8,0.0,22.1,32.1,8.9
2018-09-13,7,23.6,0.0,21.9,32.2,9.0
2018-09-13,8,23.2,0.0,22.7,31.9,8.5
2018-09-13,9,23.1,0.0,24.3,31.9,6.2
2018-09-13,10,22.2,0.0,27.1,30.6,6.0
2018-09-13,11,19.8,0.0,33.5,27.0,5.5
2018-09-13,12,18.8,0.4,35.2,24.7,5.0
2018-09-13,13,18.0,1.3,37.4,22.2,4.0
2018-09-13,14,17.7,2.9,38.3,21.1,3.1
2018-09-13,15,17.1,5.0,36.6,20.9,3.0
2018-09-13,16,17.5,7.3,34.7,20.6,2.8
2018-09-13,17,16.9,9.5,34.5,20.2,1.2
2018-09-13,18,17.1,11.6,32.9,19.9,1.2
2018-09-13,19,17.7,13.4,32.3,19.6,0.0
2018-09-13,20,18.3,15.0,31.0,19.6,0.0
2018-09-13,21,18.9,16.0,30.3,19.5,0.0
2018-09-13,22,18.9,16.7,28.8,19.7,0.0
2018-09-13,23,18.7,16.8,28.7,19.7,0.0
2018-09-13,24,18.8,16.8,29.1,19.7,0.0
2018-09-13,25,19.3,16.5,29.1,19.6,0.0
2018-09-13,26,19.8,16.2,28.0,19.9,0.0
2018-09-13,27,19.6,15.4,29.2,20.0,0.0
2018-09-13,28,18.9,14.4,30.5,20.4,0.0
2018-09-13,29,18.8,12.9,32.2,20.3,0.0
2018-09-13,30,17.9,11.0,34.0,20.1,0.0
2018-09-13,31,17.0,9.2,35.7,20.4,0.9
2018-09-13,32,16.4,7.2,37.2,20.1,0.9
2018-09-13,33,15.6,5.2,36.3,19.9,4.9
2018-09-13,34,15.0,3.6,37.9,20.0,5.5
2018-09-13,35,15.0,2.1,39.0,20.1,5.6
2018-09-13,36,15.0,0.9,39.7,20.2,5.7
2018-09-13,37,14.4,0.3,39.6,20.3,5.7
2018-09-13,38,13.3,0.0,40.8,19.9,5.6
2018-09-13,39,13.1,0.0,41.0,20.0,5.5
2018-09-13,40,13.2,0.0,40.6,20.7,5.7
2018-09-13,41,13.8,0.0,39.9,21.3,5.5
2018-09-13,42,14.8,0.0,38.7,22.7,5.8
2018-09-13,43,16.2,0.0,36.9,24.2,6.2
2018-09-13,44,18.2,0.0,34.2,26.1,7.1
2018-09-13,45,20.7,0.0,32.6,28.2,7.5
2018-09-13,46,23.4,0.0,28.6,30.1,7.9
2018-09-13,47,25.0,0.0,27.8,30.6,8.0
2018-09-13,48,24.7,0.0,23.3,32.6,8.8
2018-09-14,1,23.7,0.0,23.6,31.9,9.2
2018-09-14,2,23.9,0.0,23.6,31.3,8.6
2018-09-14,3,26.3,0.0,22.6,31.1,8.2
2018-09-14,4,25.2,0.0,22.5,31.9,8.6
2018-09-14,5,25.3,0.0,23.3,32.1,8.3
2018-09-14,6,25.6,0.0,23.0,32.4,8.3
2018-09-14,7,25.6,0.0,23.6,32.2,8.0
2018-09-14,8,25.1,0.0,23.7,32.0,7.7
2018-09-14,9,25.5,0.0,26.4,32.2,3.1
2018-09-14,10,24.5,0.0,28.3,31.6,3.7
2018-09-14,11,22.5,0.0,31.2,27.9,5.2
2018-09-14,12,20.8,0.2,33.2,25.7,4.2
2018-09-14,13,21.2,0.6,33.6,23.2,5.2
2018-09-14,14,21.1,1.4,34.1,22.1,4.5
2018-09-14,15,21.0,2.5,33.6,21.3,5.7
2018-09-14,16,20.7,3.9,33.3,21.2,5.7
2018-09-14,17,19.7,5.3,33.0,20.9,5.7
2018-09-14,18,20.4,6.7,30.9,20.7,5.6
2018-09-14,19,21.3,8.1,28.6,20.8,5.5
2018-09-14,20,21.4,9.4,27.5,20.9,5.5
2018-09-14,21,22.3,10.2,27.6,20.9,4.9
2018-09-14,22,22.8,10.7,26.6,21.0,4.9
2018-09-14,23,22.1,10.8,26.3,21.1,5.5
2018-09-14,24,21.7,10.5,27.1,21.1,5.5
2018-09-14,25,21.7,10.3,27.9,21.3,5.0
2018-09-14,26,21.5,10.2,27.7,21.6,5.0
2018-09-14,27,20.8,10.3,27.5,21.8,5.4
2018-09-14,28,21.3,10.4,27.6,21.6,5.4
2018-09-14,29,21.1,10.2,26.6,21.9,6.0
2018-09-14,30,21.0,9.2,27.9,21.5,5.9
2018-09-14,31,20.0,7.9,29.7,21.2,5.8
2018-09-14,32,18.1,6.5,31.9,21.0,5.8
2018-09-14,33,17.4,5.1,31.7,20.7,8.7
2018-09-14,34,17.6,3.7,32.6,20.6,8.6
2018-09-14,35,16.9,2.3,33.0,21.0,8.8
2018-09-14,36,17.0,1.1,33.7,21.1,8.9
2018-09-14,37,16.8,0.3,33.8,21.4,9.0
2018-09-14,38,15.4,0.0,34.4,21.0,9.1
2018-09-14,39,15.8,0.0,34.6,21.0,9.0
2018-09-14,40,16.9,0.0,34.5,21.7,9.1
2018-09-14,41,17.6,0.0,32.7,22.8,9.4
2018-09-14,42,19.0,0.0,30.5,23.7,9.7
2018-09-14,43,20.8,0.0,27.9,24.9,9.2
2018-09-14,44,23.0,0.0,25.4,26.8,10.0
2018-09-14,45,24.9,0.0,24.0,29.0,10.3
2018-09-14,46,25.7,0.0,21.4,30.6,11.3
2018-09-14,47,26.6,0.0,20.2,31.9,11.4
2018-09-14,48,25.0,0.0,19.7,32.7,11.1
2018-09-15,1,24.1,0.0,21.6,32.6,10.4
2018-09-15,2,22.9,0.0,22.0,32.7,10.4
2018-09-15,3,21.6,0.0,21.7,33.2,11.3
2018-09-15,4,19.6,0.0,22.1,34.0,12.3
2018-09-15,5,17.8,0.0,22.8,33.9,12.6
2018-09-15,6,16.7,0.0,23.1,33.9,12.5
2018-09-15,7,15.4,0.0,24.3,33.9,12.2
2018-09-15,8,14.4,0.0,25.3,34.1,11.8
2018-09-15,9,14.6,0.0,25.0,34.3,12.3
2018-09-15,10,14.3,0.0,25.7,33.6,13.2
2018-09-15,11,13.6,0.0,27.4,31.6,13.4
2018-09-15,12,12.8,0.4,29.6,30.5,12.6
2018-09-15,13,11.8,1.4,31.3,28.3,12.5
2018-09-15,14,10.2,3.0,33.4,26.8,11.4
2018-09-15,15,8.5,4.8,34.5,24.9,11.0
2018-09-15,16,8.0,6.8,34.8,23.7,10.2
2018-09-15,17,8.0,8.8,33.8,23.0,9.7
2018-09-15,18,7.9,10.8,32.9,22.7,9.4
2018-09-15,19,7.7,12.5,32.4,22.3,8.8
2018-09-15,20,7.7,13.7,31.9,22.2,8.7
2018-09-15,21,8.0,14.6,31.9,22.2,8.7
2018-09-15,22,8.2,15.2,31.8,22.2,8.7
2018-09-15,23,8.4,15.6,31.7,22.2,8.6
2018-09-15,24,8.9,15.6,31.0,22.4,8.7
2018-09-15,25,8.5,15.4,31.4,23.0,7.9
2018-09-15,26,9.2,14.7,31.0,23.3,8.0
2018-09-15,27,9.5,13.9,30.6,23.6,8.7
2018-09-15,28,9.8,12.8,31.4,24.0,8.9
2018-09-15,29,10.0,11.5,32.0,24.2,9.2
2018-09-15,30,10.2,10.0,32.4,24.3,9.5
2018-09-15,31,10.4,8.2,33.6,23.9,9.8
2018-09-15,32,10.5,6.4,34.8,23.5,10.0
2018-09-15,33,10.0,4.5,36.1,23.0,11.2
2018-09-15,34,9.9,2.9,36.8,22.7,11.4
2018-09-15,35,10.8,1.6,36.5,22.6,11.4
2018-09-15,36,11.8,0.6,35.7,22.7,11.4
2018-09-15,37,13.1,0.2,35.8,22.5,11.3
2018-09-15,38,13.4,0.0,36.7,22.3,11.2
2018-09-15,39,14.4,0.0,36.1,22.6,11.4
2018-09-15,40,16.7,0.0,33.9,23.4,11.8
2018-09-15,41,18.8,0.0,31.0,24.4,12.1
2018-09-15,42,20.6,0.0,27.1,25.6,12.7
2018-09-15,43,22.9,0.0,25.6,26.7,11.2
2018-09-15,44,24.4,0.0,22.5,28.7,12.0
2018-09-15,45,26.6,0.0,19.9,30.3,11.2
2018-09-15,46,29.3,0.0,17.7,30.8,11.1
2018-09-15,47,31.0,0.0,16.3,31.2,10.7
2018-09-15,48,29.6,0.0,17.4,33.7,7.1
2018-09-16,1,30.5,0.0,18.8,34.1,3.2
2018-09-16,2,30.9,0.0,17.9,34.5,3.2
2018-09-16,3,29.8,0.0,18.2,34.2,3.1
2018-09-16,4,30.1,0.0,17.7,33.8,3.1
2018-09-16,5,29.8,0.0,19.2,33.0,3.0
2018-09-16,6,30.8,0.0,17.9,33.3,3.1
2018-09-16,7,32.1,0.0,16.8,34.0,2.9
2018-09-16,8,33.0,0.0,16.9,34.1,2.0
2018-09-16,9,34.0,0.0,17.0,34.4,1.1
2018-09-16,10,35.1,0.0,17.1,33.9,0.1
2018-09-16,11,36.0,0.1,17.3,33.0,0.0
2018-09-16,12,36.2,0.2,17.9,32.5,0.1
2018-09-16,13,37.1,0.6,17.6,32.0,0.0
2018-09-16,14,36.8,1.0,17.5,31.6,0.0
2018-09-16,15,36.9,2.2,15.2,29.9,4.5
2018-09-16,16,36.2,3.0,15.3,28.9,4.5
2018-09-16,17,35.1,4.6,13.2,27.3,7.9
2018-09-16,18,33.9,5.4,14.1,26.5,7.7
2018-09-16,19,33.0,6.8,14.4,25.5,7.4
2018-09-16,20,32.4,7.4,14.9,25.1,7.2
2018-09-16,21,31.5,8.9,15.8,24.9,7.7
2018-09-16,22,30.8,9.7,16.4,24.8,7.6
2018-09-16,23,30.2,10.4,16.9,24.5,7.6
2018-09-16,24,29.8,10.5,17.1,24.5,7.6
2018-09-16,25,29.6,10.9,16.1,24.8,7.7
2018-09-16,26,29.6,11.1,15.9,24.8,7.6
2018-09-16,27,29.9,10.8,15.3,24.7,8.1
2018-09-16,28,29.7,10.5,15.2,24.9,8.2
2018-09-16,29,29.3,9.4,16.6,24.8,8.2
2018-09-16,30,27.9,8.6,18.7,24.4,8.1
2018-09-16,31,25.5,7.0,20.9,24.1,9.1
2018-09-16,32,22.6,6.0,24.9,23.2,8.7
2018-09-16,33,20.4,4.5,27.3,22.6,9.2
2018-09-16,34,18.4,3.8,28.9,22.2,9.0
2018-09-16,35,17.0,2.4,30.8,22.2,9.2
2018-09-16,36,16.1,1.7,31.7,22.1,9.1
2018-09-16,37,15.8,0.7,32.1,21.8,9.2
2018-09-16,38,14.9,0.4,33.3,21.5,9.0
2018-09-16,39,15.0,0.1,33.3,21.7,9.1
2018-09-16,40,15.2,0.0,32.6,22.5,9.4
2018-09-16,41,15.9,0.0,32.2,23.2,9.5
2018-09-16,42,17.5,0.0,31.3,24.1,9.9
2018-09-16,43,18.0,0.0,32.2,25.7,8.5
2018-09-16,44,19.7,0.0,31.0,27.4,9.0
2018-09-16,45,20.6,0.0,29.6,29.8,7.7
2018-09-16,46,19.4,0.0,28.6,32.1,8.9
2018-09-16,47,20.1,0.0,27.1,33.6,8.7
2018-09-16,48,24.1,0.0,25.2,32.6,8.6
2018-09-17,1,22.9,0.0,25.0,32.8,9.6
2018-09-17,2,21.6,0.0,26.0,32.8,9.7
2018-09-17,3,20.7,0.0,27.2,32.9,9.5
2018-09-17,4,20.1,0.0,27.9,33.1,9.1
2018-09-17,5,19.3,0.0,29.0,33.1,8.6
2018-09-17,6,18.1,0.0,29.7,33.0,9.1
2018-09-17,7,17.3,0.0,30.6,32.7,9.4
2018-09-17,8,16.9,0.0,31.0,32.6,9.2
2018-09-17,9,15.5,0.0,32.2,32.5,8.4
2018-09-17,10,14.7,0.0,33.4,30.8,8.2
2018-09-17,11,13.5,0.0,34.7,27.7,7.4
2018-09-17,12,13.2,0.1,36.7,25.3,6.3
2018-09-17,13,12.4,0.3,38.2,22.7,6.7
2018-09-17,14,11.8,0.9,38.0,21.5,6.0
2018-09-17,15,11.8,1.7,38.4,20.8,5.7
2018-09-17,16,11.8,2.8,37.8,20.7,5.7
2018-09-17,17,11.6,4.0,36.9,20.2,5.6
2018-09-17,18,11.7,5.4,36.8,20.0,5.5
2018-09-17,19,12.8,6.8,36.5,19.8,5.4
2018-09-17,20,13.1,8.4,35.2,19.8,5.5
2018-09-17,21,14.7,9.7,33.2,19.6,5.5
2018-09-17,22,16.6,10.8,30.9,19.5,5.5
2018-09-17,23,17.8,11.7,30.4,19.7,4.4
2018-09-17,24,18.2,12.2,29.1,19.9,4.8
2018-09-17,25,18.6,12.5,28.2,20.3,4.4
2018-09-17,26,19.4,12.6,26.4,20.7,4.7
2018-09-17,27,20.0,12.5,26.9,20.9,2.6
2018-09-17,28,21.5,12.5,26.2,21.0,2.4
2018-09-17,29,22.0,12.1,27.9,20.8,1.0
2018-09-17,30,22.6,11.2,28.6,20.5,1.2
2018-09-17,31,22.7,10.1,29.3,20.3,1.5
2018-09-17,32,22.1,8.5,32.0,20.2,1.2
2018-09-17,33,23.3,6.6,33.0,19.9,1.4
2018-09-17,34,24.2,4.7,33.1,20.2,1.5
2018-09-17,35,23.8,2.8,33.6,20.6,2.5
2018-09-17,36,24.1,1.2,35.0,20.6,2.7
2018-09-17,37,23.1,0.3,35.3,20.7,3.9
2018-09-17,38,22.1,0.0,36.4,20.4,3.9
2018-09-17,39,22.6,0.0,38.4,20.8,1.2
2018-09-17,40,24.2,0.0,36.6,21.6,0.9
2018-09-17,41,25.6,0.0,35.1,22.3,0.4
2018-09-17,42,27.1,0.0,31.6,23.7,0.6
2018-09-17,43,29.2,0.0,29.9,24.6,0.2
2018-09-17,44,31.1,0.0,26.8,26.8,0.0
2018-09-17,45,33.8,0.0,19.7,29.5,6.2
2018-09-17,46,35.8,0.0,15.6,30.6,8.1
2018-09-17,47,34.3,0.0,12.8,32.4,12.4
2018-09-17,48,36.8,0.0,15.0,31.9,6.4
2018-09-18,1,37.3,0.0,13.9,32.3,6.7
2018-09-18,2,37.2,0.0,13.3,32.4,6.6
2018-09-18,3,36.5,0.0,13.2,32.9,6.6
2018-09-18,4,37.9,0.0,13.2,33.0,5.9
2018-09-18,5,36.2,0.0,13.6,33.9,6.2
2018-09-18,6,36.3,0.0,13.6,33.9,6.1
2018-09-18,7,36.2,0.0,13.6,34.2,6.1
2018-09-18,8,35.8,0.0,13.7,34.1,6.3
2018-09-18,9,35.8,0.0,14.5,34.2,3.3
2018-09-18,10,34.8,0.0,15.6,33.3,3.5
2018-09-18,11,33.4,0.0,19.3,29.7,5.3
2018-09-18,12,30.5,0.0,24.8,27.2,4.0
2018-09-18,13,27.2,0.2,27.7,24.1,6.6
2018-09-18,14,25.3,0.7,30.6,22.6,6.2
2018-09-18,15,24.2,1.3,30.7,22.1,6.1
2018-09-18,16,23.6,2.2,30.2,21.9,6.0
2018-09-18,17,23.0,3.3,30.4,21.4,5.9
2018-09-18,18,23.1,4.6,29.8,21.1,5.8
2018-09-18,19,23.8,6.2,28.4,21.1,5.8
2018-09-18,20,24.6,7.8,27.0,20.8,5.7
2018-09-18,21,26.1,9.6,24.8,21.0,5.8
2018-09-18,22,26.9,11.3,22.7,21.3,3.9
2018-09-18,23,27.6,12.0,20.9,20.6,5.7
2018-09-18,24,29.4,12.6,18.5,21.0,5.8
2018-09-18,25,31.0,12.0,18.1,21.1,5.5
2018-09-18,26,31.7,10.9,18.2,21.6,5.7
2018-09-18,27,31.8,9.6,19.5,21.7,5.5
2018-09-18,28,31.8,8.9,19.9,21.9,5.5
2018-09-18,29,31.8,8.6,19.4,22.0,6.1
2018-09-18,30,30.9,8.0,21.5,21.6,5.8
2018-09-18,31,30.3,7.1,26.7,21.2,2.0
2018-09-18,32,30.4,5.8,28.1,20.9,2.0
2018-09-18,33,30.6,4.4,27.1,20.8,5.0
2018-09-18,34,30.3,2.8,28.0,21.1,5.1
2018-09-18,35,29.8,1.4,28.6,21.3,5.6
2018-09-18,36,29.1,0.5,28.7,21.3,5.8
2018-09-18,37,29.3,0.1,28.7,20.9,6.2
2018-09-18,38,28.8,0.0,29.2,20.7,6.1
2018-09-18,39,29.2,0.0,28.1,21.2,5.8
2018-09-18,40,30.0,0.0,27.1,22.0,6.1
2018-09-18,41,31.5,0.0,27.2,23.0,5.7
2018-09-18,42,32.7,0.0,24.6,24.8,6.1
2018-09-18,43,33.1,0.0,22.0,26.8,6.2
2018-09-18,44,33.4,0.0,20.6,28.6,7.1
2018-09-18,45,34.0,0.0,22.6,30.3,2.4
2018-09-18,46,49.7,0.0,15.5,24.3,2.2
2018-09-18,47,50.2,0.0,15.0,25.1,1.4
2018-09-18,48,34.5,0.0,18.9,32.6,3.0
2018-09-19,1,32.5,0.0,20.9,32.0,2.9
2018-09-19,2,32.3,0.0,21.5,31.6,2.9
2018-09-19,3,34.2,0.0,20.6,31.1,2.8
2018-09-19,4,32.9,0.0,20.7,31.9,2.9
2018-09-19,5,32.8,0.0,20.8,31.9,2.9
2018-09-19,6,31.2,0.0,21.9,32.1,2.9
2018-09-19,7,30.6,0.0,22.7,31.7,2.9
2018-09-19,8,31.8,0.0,21.7,31.4,2.8
2018-09-19,9,35.0,0.0,16.4,33.1,3.0
2018-09-19,10,35.8,0.0,15.8,32.2,2.9
2018-09-19,11,35.0,0.0,18.8,29.2,4.0
2018-09-19,12,33.0,0.1,22.2,26.8,3.6
2018-09-19,13,30.8,0.7,22.7,24.1,7.9
2018-09-19,14,30.7,1.6,23.2,22.7,7.5
2018-09-19,15,30.4,3.0,23.8,22.3,7.0
2018-09-19,16,31.9,4.5,22.2,21.8,6.4
2018-09-19,17,31.9,6.1,21.7,22.0,6.1
2018-09-19,18,31.5,7.2,21.5,21.5,5.9
2018-09-19,19,30.0,8.4,21.3,21.5,5.7
2018-09-19,20,27.9,9.4,21.8,21.4,5.7
2018-09-19,21,25.6,10.3,22.4,21.3,5.7
2018-09-19,22,24.3,10.6,23.6,20.9,5.6
2018-09-19,23,23.0,10.9,24.0,20.9,5.8
2018-09-19,24,23.4,10.8,23.9,20.9,5.9
2018-09-19,25,24.2,10.9,23.4,20.8,5.2
2018-09-19,26,26.0,11.0,22.6,20.8,5.3
2018-09-19,27,27.4,10.7,21.7,20.6,5.8
2018-09-19,28,28.7,10.0,21.2,21.0,5.9
2018-09-19,29,30.7,8.9,21.3,21.0,5.8
2018-09-19,30,31.6,7.6,21.6,21.1,5.8
2018-09-19,31,31.9,6.2,22.4,20.8,5.7
2018-09-19,32,31.8,4.7,23.6,20.4,5.7
2018-09-19,33,32.5,3.3,24.7,20.1,5.6
2018-09-19,34,32.2,2.1,25.2,20.5,5.7
2018-09-19,35,32.5,1.1,25.3,20.6,5.7
2018-09-19,36,32.0,0.4,26.5,20.8,5.8
2018-09-19,37,31.2,0.1,27.3,20.4,5.7
2018-09-19,38,30.5,0.0,27.6,20.0,5.6
2018-09-19,39,30.6,0.0,28.0,20.5,5.8
2018-09-19,40,31.7,0.0,26.5,21.4,6.0
2018-09-19,41,32.6,0.0,23.0,22.4,7.0
2018-09-19,42,33.3,0.0,18.2,23.8,7.6
2018-09-19,43,33.9,0.0,16.7,25.5,7.1
2018-09-19,44,34.8,0.0,15.6,27.4,7.9
2018-09-19,45,34.9,0.0,17.9,29.7,4.7
2018-09-19,46,33.6,0.0,18.2,32.3,4.9
2018-09-19,47,33.8,0.0,18.5,33.4,3.8
2018-09-19,48,36.6,0.0,18.9,33.3,0.0
2018-09-20,1,35.4,0.0,20.2,33.3,0.0
2018-09-20,2,34.7,0.0,20.9,33.3,0.0
2018-09-20,3,34.4,0.0,21.1,33.4,0.0
2018-09-20,4,32.9,0.0,22.5,33.4,0.0
2018-09-20,5,31.8,0.0,22.5,33.4,1.2
2018-09-20,6,30.3,0.0,23.2,33.2,1.3
2018-09-20,7,30.0,0.0,21.3,32.7,3.8
2018-09-20,8,29.1,0.0,22.1,32.3,3.8
2018-09-20,9,29.4,0.0,19.8,31.4,7.9
2018-09-20,10,27.2,0.0,23.1,30.5,7.8
2018-09-20,11,24.6,0.0,27.9,27.0,8.7
2018-09-20,12,22.0,0.0,34.0,24.6,7.8
2018-09-20,13,20.3,0.2,40.3,21.9,4.9
2018-09-20,14,19.2,0.7,41.5,20.8,4.7
2018-09-20,15,18.5,1.4,40.3,20.1,7.6
2018-09-20,16,18.3,2.2,40.0,19.8,7.8
2018-09-20,17,17.8,2.9,39.7,19.4,8.2
2018-09-20,18,17.6,3.6,40.0,19.4,8.2
2018-09-20,19,17.5,4.0,39.4,19.0,8.0
2018-09-20,20,17.6,4.4,39.6,18.9,7.9
2018-09-20,21,17.8,4.7,39.5,18.8,6.6
2018-09-20,22,17.4,4.7,40.1,18.8,6.6
2018-09-20,23,17.0,4.5,40.0,18.6,6.9
2018-09-20,24,16.7,4.1,40.0,18.6,7.0
2018-09-20,25,16.5,4.1,39.7,18.7,7.9
2018-09-20,26,16.7,4.2,39.9,18.8,7.9
2018-09-20,27,16.0,4.3,41.0,18.7,6.7
2018-09-20,28,16.3,4.3,40.8,18.8,6.6
2018-09-20,29,17.4,3.9,40.5,18.9,5.4
2018-09-20,30,18.0,3.2,40.6,19.0,5.4
2018-09-20,31,17.7,2.4,39.5,19.0,7.5
2018-09-20,32,16.6,1.7,40.3,18.8,7.8
2018-09-20,33,15.2,1.2,40.6,18.7,8.2
2018-09-20,34,15.3,0.7,41.4,18.7,8.2
2018-09-20,35,15.6,0.3,41.3,18.9,8.3
2018-09-20,36,15.4,0.1,41.6,18.9,8.3
2018-09-20,37,15.7,0.0,41.3,19.0,8.3
2018-09-20,38,15.7,0.0,41.1,19.1,8.4
2018-09-20,39,16.2,0.0,39.5,19.4,8.6
2018-09-20,40,17.5,0.0,37.2,20.0,8.8
2018-09-20,41,19.0,0.0,34.4,21.2,9.2
2018-09-20,42,22.3,0.0,31.2,22.3,9.7
2018-09-20,43,24.1,0.0,27.7,24.5,9.3
2018-09-20,44,26.5,0.0,24.0,26.2,9.9
2018-09-20,45,30.2,0.0,21.9,28.2,8.0
2018-09-20,46,34.0,0.0,17.8,29.4,8.8
2018-09-20,47,35.4,0.0,16.3,30.7,8.1
2018-09-20,48,35.4,0.0,13.3,32.6,9.5
2018-09-21,1,35.5,0.0,14.3,31.7,9.2
2018-09-21,2,37.2,0.0,14.2,30.4,9.3
2018-09-21,3,40.5,0.0,13.2,29.5,9.6
2018-09-21,4,38.1,0.0,13.6,30.4,10.3
2018-09-21,5,40.3,0.0,15.7,30.2,5.0
2018-09-21,6,41.6,0.0,14.9,30.6,4.8
2018-09-21,7,42.0,0.0,14.4,30.9,4.9
2018-09-21,8,40.3,0.0,14.2,31.2,5.4
2018-09-21,9,39.2,0.0,14.5,30.7,5.7
2018-09-21,10,37.9,0.0,16.1,29.9,5.6
2018-09-21,11,36.4,0.0,15.6,27.1,10.6
2018-09-21,12,36.1,0.1,17.0,25.3,10.0
2018-09-21,13,33.7,0.9,19.8,22.8,10.1
2018-09-21,14,33.0,2.3,20.9,21.8,8.9
2018-09-21,15,32.0,4.4,20.1,21.3,8.7
2018-09-21,16,32.2,6.8,18.6,21.1,8.5
2018-09-21,17,32.3,9.0,18.1,20.7,7.6
2018-09-21,18,32.2,11.0,16.9,20.6,7.4
2018-09-21,19,32.4,12.7,15.7,20.6,6.8
2018-09-21,20,32.4,13.8,15.2,20.1,6.7
2018-09-21,21,31.7,14.5,16.9,19.8,5.1
2018-09-21,22,31.5,14.7,17.7,19.4,4.9
2018-09-21,23,31.5,14.8,17.5,19.3,5.4
2018-09-21,24,31.7,14.6,17.4,19.5,5.4
2018-09-21,25,32.1,14.3,19.2,19.7,2.7
2018-09-21,26,33.1,14.2,18.1,20.4,2.5
2018-09-21,27,33.6,13.8,18.0,20.4,2.4
2018-09-21,28,34.0,13.2,18.3,20.4,2.4
2018-09-21,29,34.2,12.7,16.3,20.8,4.4
2018-09-21,30,34.4,11.5,17.7,20.3,4.4
2018-09-21,31,34.0,9.9,16.6,20.2,7.9
2018-09-21,32,32.6,7.9,19.1,19.7,7.7
2018-09-21,33,32.1,5.9,20.3,19.6,8.9
2018-09-21,34,31.3,4.0,22.2,19.9,9.0
2018-09-21,35,30.4,2.2,24.1,20.4,9.1
2018-09-21,36,29.5,0.8,25.0,20.6,9.2
2018-09-21,37,28.8,0.2,25.1,20.1,9.2
2018-09-21,38,29.0,0.0,25.3,19.9,8.9
2018-09-21,39,29.7,0.0,24.9,20.1,8.7
2018-09-21,40,30.6,0.0,24.4,21.0,9.1
2018-09-21,41,32.0,0.0,22.9,21.8,8.5
2018-09-21,42,33.0,0.0,21.0,23.0,9.0
2018-09-21,43,33.8,0.0,20.1,24.5,7.2
2018-09-21,44,34.9,0.0,17.7,26.0,7.7
2018-09-21,45,35.5,0.0,20.5,26.8,3.4
2018-09-21,46,36.3,0.0,17.8,28.1,3.5
2018-09-21,47,37.0,0.0,17.7,28.8,2.5
2018-09-21,48,36.3,0.0,17.1,29.3,3.3
2018-09-22,1,35.6,0.0,16.8,30.0,2.9
2018-09-22,2,35.5,0.0,17.3,29.6,2.8
2018-09-22,3,37.5,0.0,15.9,29.5,2.8
2018-09-22,4,35.3,0.0,16.9,30.6,2.9
2018-09-22,5,34.8,0.0,17.1,30.5,3.0
2018-09-22,6,35.9,0.0,16.8,30.0,3.0
2018-09-22,7,35.2,0.0,17.7,30.1,2.9
2018-09-22,8,34.3,0.0,18.7,29.6,2.9
2018-09-22,9,34.3,0.0,19.0,29.2,3.0
2018-09-22,10,33.1,0.0,20.0,29.5,3.0
2018-09-22,11,31.9,0.0,19.3,29.8,4.6
2018-09-22,12,30.6,0.0,20.7,29.1,4.5
2018-09-22,13,27.8,0.3,20.0,27.4,8.9
2018-09-22,14,24.8,0.8,24.5,25.5,8.3
2018-09-22,15,23.2,1.6,26.7,23.5,9.6
2018-09-22,16,22.3,2.3,28.8,22.6,9.2
2018-09-22,17,21.0,3.0,30.7,21.5,8.5
2018-09-22,18,20.0,3.5,31.8,21.2,8.3
2018-09-22,19,18.9,3.8,32.5,20.8,8.2
2018-09-22,20,18.5,4.0,33.1,20.6,8.1
2018-09-22,21,18.4,4.2,33.0,20.2,8.1
2018-09-22,22,18.6,4.5,33.6,19.8,8.1
2018-09-22,23,18.2,5.0,34.2,19.7,8.2
2018-09-22,24,18.1,5.3,34.3,19.6,8.1
2018-09-22,25,17.1,5.4,34.2,19.9,8.5
2018-09-22,26,16.1,5.3,34.4,20.6,8.6
2018-09-22,27,15.2,5.0,34.6,20.9,8.6
2018-09-22,28,14.3,4.8,35.4,20.9,8.6
2018-09-22,29,13.3,4.4,36.7,21.1,8.6
2018-09-22,30,12.6,3.9,37.3,21.0,8.6
2018-09-22,31,11.5,3.2,38.4,20.9,9.1
2018-09-22,32,10.5,2.5,39.6,20.5,9.2
2018-09-22,33,9.6,1.7,40.9,19.8,8.6
2018-09-22,34,9.0,1.1,41.8,19.5,8.5
2018-09-22,35,8.3,0.5,42.4,19.5,8.5
2018-09-22,36,8.2,0.2,42.5,19.5,8.6
2018-09-22,37,7.9,0.0,42.7,19.4,8.4
2018-09-22,38,7.6,0.0,43.6,19.3,8.4
2018-09-22,39,7.9,0.0,44.3,19.6,8.8
2018-09-22,40,8.0,0.0,43.1,20.4,9.1
2018-09-22,41,8.2,0.0,42.1,21.3,9.3
2018-09-22,42,8.4,0.0,41.9,22.2,9.7
2018-09-22,43,8.4,0.0,41.3,23.4,10.3
2018-09-22,44,8.7,0.0,38.7,24.6,11.3
2018-09-22,45,9.1,0.0,36.6,25.8,10.3
2018-09-22,46,9.3,0.0,34.4,26.7,10.8
2018-09-22,47,9.2,0.0,33.5,27.6,10.6
2018-09-22,48,10.0,0.0,34.8,28.0,9.5
2018-09-23,1,9.6,0.0,34.5,28.3,10.0
2018-09-23,2,9.6,0.0,33.3,28.9,10.3
2018-09-23,3,10.4,0.0,31.9,29.6,10.0
2018-09-23,4,10.2,0.0,32.3,30.1,9.9
2018-09-23,5,10.7,0.0,33.0,29.8,9.6
2018-09-23,6,11.3,0.0,31.7,30.0,9.9
2018-09-23,7,11.7,0.0,31.4,30.0,9.9
2018-09-23,8,12.4,0.0,30.8,30.1,9.6
2018-09-23,9,12.3,0.0,31.1,29.7,9.5
2018-09-23,10,13.2,0.0,30.5,29.4,9.4
2018-09-23,11,13.5,0.0,30.5,28.7,9.3
2018-09-23,12,13.5,0.0,31.7,28.2,8.9
2018-09-23,13,13.0,0.1,34.5,26.4,9.7
2018-09-23,14,13.4,0.4,35.5,25.7,9.8
2018-09-23,15,13.7,0.8,34.5,24.6,10.0
2018-09-23,16,14.4,1.5,34.5,23.0,9.2
2018-09-23,17,13.7,2.4,34.8,22.0,9.0
2018-09-23,18,14.9,3.6,34.5,20.7,8.6
2018-09-23,19,15.2,5.3,33.7,20.4,8.6
2018-09-23,20,17.0,7.1,31.7,19.9,8.3
2018-09-23,21,17.7,9.2,29.8,19.9,8.5
2018-09-23,22,19.6,11.2,27.3,19.9,8.5
2018-09-23,23,20.3,13.1,24.4,20.2,9.0
2018-09-23,24,21.5,14.5,21.7,20.3,9.1
2018-09-23,25,23.0,15.5,20.2,20.7,8.7
2018-09-23,26,23.7,16.6,17.6,21.4,9.1
2018-09-23,27,24.5,16.8,17.4,21.4,8.4
2018-09-23,28,25.2,16.8,16.5,21.8,8.6
2018-09-23,29,26.0,15.7,16.4,21.6,9.7
2018-09-23,30,27.6,14.0,16.5,21.6,9.6
2018-09-23,31,28.4,12.0,17.3,21.6,9.6
2018-09-23,32,27.1,9.5,20.2,21.2,9.5
2018-09-23,33,26.7,7.0,22.7,20.6,9.8
2018-09-23,34,26.7,4.7,23.8,20.7,9.6
2018-09-23,35,26.3,2.5,25.2,20.5,9.8
2018-09-23,36,25.9,0.9,26.7,20.3,9.5
2018-09-23,37,25.2,0.2,27.8,19.9,9.1
2018-09-23,38,24.5,0.0,28.6,19.6,8.9
2018-09-23,39,24.1,0.0,29.1,19.9,8.8
2018-09-23,40,24.0,0.0,30.0,20.6,9.1
2018-09-23,41,25.1,0.0,29.2,21.3,8.9
2018-09-23,42,25.7,0.0,27.7,22.5,9.5
2018-09-23,43,25.7,0.0,28.3,23.6,8.9
2018-09-23,44,25.7,0.0,26.4,25.0,9.5
2018-09-23,45,27.5,0.0,24.8,26.2,8.7
2018-09-23,46,30.6,0.0,20.9,26.3,9.3
2018-09-23,47,31.2,0.0,20.2,27.1,9.1
2018-09-23,48,27.6,0.0,20.5,28.5,9.6
2018-09-24,1,26.7,0.0,20.5,28.9,10.0
2018-09-24,2,26.5,0.0,20.9,28.9,9.9
2018-09-24,3,27.6,0.0,20.0,28.9,9.7
2018-09-24,4,24.7,0.0,20.9,30.1,10.0
2018-09-24,5,25.2,0.0,20.9,29.8,9.9
2018-09-24,6,24.5,0.0,21.2,29.8,9.9
2018-09-24,7,23.3,0.0,20.9,29.6,10.8
2018-09-24,8,22.7,0.0,21.3,29.4,10.7
2018-09-24,9,21.7,0.0,22.2,28.3,11.8
2018-09-24,10,20.2,0.0,24.2,27.2,11.1
2018-09-24,11,16.9,0.0,28.3,25.1,10.7
2018-09-24,12,14.7,0.2,32.5,22.6,9.6
2018-09-24,13,12.9,1.0,37.0,20.1,7.0
2018-09-24,14,11.4,2.4,37.9,19.0,6.5
2018-09-24,15,10.9,4.5,36.1,18.3,8.2
2018-09-24,16,9.9,6.9,36.2,18.2,8.2
2018-09-24,17,9.8,9.1,35.9,17.7,8.0
2018-09-24,18,9.8,11.3,34.4,17.6,7.9
2018-09-24,19,9.9,13.4,32.9,17.7,7.8
2018-09-24,20,10.3,15.1,30.9,17.7,7.8
2018-09-24,21,10.5,16.4,29.7,17.8,7.4
2018-09-24,22,10.5,17.1,28.9,17.6,7.4
2018-09-24,23,10.4,17.3,29.0,17.6,6.9
2018-09-24,24,10.5,17.2,29.0,17.7,6.9
2018-09-24,25,10.1,17.0,30.2,17.9,6.1
2018-09-24,26,10.4,16.8,30.2,17.9,6.1
2018-09-24,27,10.3,16.1,29.3,18.1,7.7
2018-09-24,28,10.0,15.2,29.8,18.3,7.9
2018-09-24,29,10.0,13.7,31.1,18.4,7.2
2018-09-24,30,9.3,12.2,32.3,18.3,7.2
2018-09-24,31,8.7,10.3,34.5,17.8,7.2
2018-09-24,32,7.5,8.3,36.9,17.7,7.1
2018-09-24,33,6.8,6.2,38.7,17.5,7.8
2018-09-24,34,6.1,3.9,40.2,17.5,7.9
2018-09-24,35,5.8,1.8,40.6,17.5,7.9
2018-09-24,36,5.7,0.5,40.5,17.4,7.8
2018-09-24,37,5.5,0.1,41.1,17.1,7.7
2018-09-24,38,5.3,0.0,41.7,16.9,7.6
2018-09-24,39,5.4,0.0,42.8,17.4,7.8
2018-09-24,40,5.5,0.0,42.1,18.1,8.2
2018-09-24,41,5.9,0.0,42.7,18.8,8.3
2018-09-24,42,6.3,0.0,42.2,19.9,8.8
2018-09-24,43,6.7,0.0,40.1,21.1,9.3
2018-09-24,44,7.2,0.0,37.1,22.9,10.1
2018-09-24,45,7.9,0.0,34.9,24.7,10.0
2018-09-24,46,8.8,0.0,30.6,26.2,11.7
2018-09-24,47,9.2,0.0,29.4,27.1,11.6
2018-09-24,48,9.7,0.0,29.0,27.1,12.2
2018-09-25,1,9.4,0.0,29.5,26.9,12.3
2018-09-25,2,9.4,0.0,29.9,26.8,12.1
2018-09-25,3,9.8,0.0,30.6,27.1,10.7
2018-09-25,4,10.5,0.0,29.9,27.2,10.3
2018-09-25,5,11.0,0.0,28.5,27.4,10.8
2018-09-25,6,10.8,0.0,28.2,27.3,11.4
2018-09-25,7,11.5,0.0,27.1,27.0,11.6
2018-09-25,8,12.1,0.0,26.6,26.8,11.5
2018-09-25,9,12.4,0.0,26.8,26.2,11.6
2018-09-25,10,12.2,0.0,27.2,25.2,11.9
2018-09-25,11,11.8,0.0,29.9,23.3,10.2
2018-09-25,12,11.2,0.1,33.9,21.5,8.8
2018-09-25,13,11.3,0.8,34.6,19.5,9.1
2018-09-25,14,11.9,2.2,33.7,18.6,8.3
2018-09-25,15,13.2,4.2,33.0,18.1,7.2
2018-09-25,16,14.5,6.5,31.4,18.2,7.3
2018-09-25,17,15.1,8.8,30.0,17.9,7.9
2018-09-25,18,15.8,11.2,27.8,18.0,7.9
2018-09-25,19,15.8,13.4,27.4,18.2,5.8
2018-09-25,20,16.1,15.1,26.4,18.2,5.8
2018-09-25,21,16.9,16.4,24.3,18.8,7.2
2018-09-25,22,17.2,17.3,23.6,18.8,7.0
2018-09-25,23,17.6,17.7,22.8,18.8,6.5
2018-09-25,24,18.2,18.1,22.1,18.8,6.0
2018-09-25,25,18.6,18.1,21.7,18.8,5.6
2018-09-25,26,19.0,17.8,22.0,18.8,5.2
2018-09-25,27,19.7,17.3,22.0,19.0,4.8
2018-09-25,28,20.7,16.6,22.0,19.4,4.5
2018-09-25,29,21.9,15.7,22.5,20.0,4.3
2018-09-25,30,23.5,14.6,22.9,20.7,4.6
2018-09-25,31,24.7,13.1,23.9,21.2,5.1
2018-09-25,32,25.2,11.3,25.1,21.4,5.4
2018-09-25,33,25.5,9.2,27.1,21.4,5.3
2018-09-25,34,25.5,7.0,29.9,21.1,5.1
2018-09-25,35,25.3,4.9,32.6,20.7,4.9
2018-09-25,36,25.0,2.9,35.5,20.3,4.8
2018-09-25,37,24.8,1.5,37.3,20.0,5.0
2018-09-25,38,24.4,0.5,38.8,19.5,5.4
2018-09-25,39,24.0,0.1,39.7,19.0,5.9
2018-09-25,40,23.8,0.0,39.6,18.7,6.4
2018-09-25,41,23.9,0.0,39.4,18.6,6.5
2018-09-25,42,24.2,0.0,39.0,18.6,6.4
2018-09-25,43,24.9,0.0,37.9,18.9,6.3
2018-09-25,44,25.8,0.0,36.5,19.5,6.2
2018-09-25,45,26.8,0.0,35.0,20.2,6.1
2018-09-25,46,28.4,0.0,32.4,21.4,6.3
2018-09-25,47,30.3,0.0,28.8,22.9,6.7
2018-09-25,48,32.9,0.0,24.3,24.7,7.0
2018-09-26,1,34.9,0.0,19.8,26.1,6.9
2018-09-26,2,36.7,0.0,16.1,27.4,6.5
2018-09-26,3,38.2,0.0,13.2,28.3,6.0
2018-09-26,4,39.2,0.0,12.3,28.9,5.7
2018-09-26,5,39.8,0.0,12.1,29.0,5.7
2018-09-26,6,40.4,0.0,11.9,29.2,5.4
2018-09-26,7,40.7,0.0,11.8,29.4,4.9
2018-09-26,8,40.9,0.0,11.8,29.6,4.4
2018-09-26,9,40.9,0.0,12.0,29.6,4.1
2018-09-26,10,40.6,0.0,12.2,29.5,4.1
2018-09-26,11,40.2,0.0,12.4,29.4,4.3
2018-09-26,12,40.1,0.0,12.5,29.3,4.6
2018-09-26,13,39.6,0.2,12.9,29.0,5.1
2018-09-26,14,38.5,0.8,13.9,28.3,5.6
2018-09-26,15,35.8,1.9,17.0,26.5,6.3
2018-09-26,16,32.4,3.2,21.6,23.9,6.4
2018-09-26,17,28.7,4.5,26.9,21.3,6.2
2018-09-26,18,26.2,5.8,29.9,19.7,5.6
2018-09-26,19,24.9,7.2,30.9,19.0,5.3
2018-09-26,20,24.3,8.6,30.7,18.8,4.9
2018-09-26,21,23.8,9.9,30.2,18.7,4.8
2018-09-26,22,23.4,11.1,29.7,18.7,4.6
2018-09-26,23,23.1,12.0,29.3,18.7,4.5
2018-09-26,24,23.1,12.7,28.4,19.0,4.4
2018-09-26,25,23.0,13.3,28.1,19.2,4.3
2018-09-26,26,22.8,13.5,27.9,19.5,4.2
2018-09-26,27,22.4,13.5,28.2,19.6,4.1
2018-09-26,28,22.1,13.2,28.4,19.8,4.1
2018-09-26,29,21.8,12.7,28.7,20.1,4.1
2018-09-26,30,21.5,11.8,29.4,20.3,4.1
2018-09-26,31,21.1,10.7,30.4,20.5,4.1
2018-09-26,32,20.7,9.4,32.0,20.7,3.9
2018-09-26,33,20.3,7.9,33.6,21.0,3.8
2018-09-26,34,19.9,6.2,35.3,21.3,3.7
2018-09-26,35,19.2,4.4,37.8,21.3,3.7
2018-09-26,36,18.4,2.8,40.6,21.1,3.7
2018-09-26,37,17.5,1.4,43.2,20.8,3.9
2018-09-26,38,16.7,0.5,45.0,20.5,4.3
2018-09-26,39,16.1,0.1,45.8,20.3,4.8
2018-09-26,40,15.6,0.0,45.7,20.1,5.3
2018-09-26,41,15.3,0.0,45.7,20.0,5.6
2018-09-26,42,15.0,0.0,45.7,19.9,6.0
2018-09-26,43,15.1,0.0,45.1,20.1,6.2
2018-09-26,44,15.4,0.0,44.0,20.6,6.3
2018-09-26,45,15.9,0.0,42.5,21.3,6.2
2018-09-26,46,16.5,0.0,40.8,22.2,6.2
2018-09-26,47,17.1,0.0,39.3,23.2,6.3
2018-09-26,48,18.3,0.0,36.7,25.0,6.5
2018-09-27,1,19.6,0.0,33.5,27.0,6.9
2018-09-27,2,21.1,0.0,29.5,29.3,7.7
2018-09-27,3,22.0,0.0,27.1,30.5,8.4
2018-09-27,4,18.8,0.0,21.7,29.3,12.0
2018-09-27,5,19.1,0.0,22.3,29.4,11.6
2018-09-27,6,19.4,0.0,21.6,29.8,11.1
2018-09-27,7,19.5,0.0,21.6,30.1,11.3
2018-09-27,8,18.6,0.0,21.9,30.3,11.7
2018-09-27,9,18.6,0.0,22.9,29.6,11.3
2018-09-27,10,17.6,0.0,24.5,28.2,10.8
2018-09-27,11,17.2,0.0,27.0,24.7,11.0
2018-09-27,12,18.4,0.1,29.8,22.1,9.3
2018-09-27,13,16.7,0.6,31.4,20.8,9.5
2018-09-27,14,16.1,1.7,32.4,19.7,8.7
2018-09-27,15,16.7,3.4,31.6,19.1,8.6
2018-09-27,16,17.1,5.5,30.1,19.1,8.6
2018-09-27,17,16.7,7.7,29.3,18.7,7.4
2018-09-27,18,16.1,10.1,28.3,18.7,7.4
2018-09-27,19,16.4,12.6,26.4,18.6,7.4
2018-09-27,20,16.9,14.9,24.2,18.6,7.3
2018-09-27,21,18.2,16.9,21.9,18.8,8.0
2018-09-27,22,19.0,18.0,20.3,18.6,7.9
2018-09-27,23,18.3,19.0,20.3,18.7,7.8
2018-09-27,24,18.2,19.5,20.1,18.8,7.8
2018-09-27,25,17.7,19.6,21.1,18.8,6.5
2018-09-27,26,18.0,19.2,21.1,18.9,6.5
2018-09-27,27,17.8,18.6,20.8,19.1,7.4
2018-09-27,28,17.3,17.5,21.8,19.2,7.5
2018-09-27,29,16.5,15.8,23.5,19.3,7.6
2018-09-27,30,15.8,13.4,25.8,19.0,7.5
2018-09-27,31,15.8,10.9,27.7,18.7,7.2
2018-09-27,32,15.4,8.3,30.0,18.5,7.2
2018-09-27,33,14.4,5.8,32.1,18.3,7.7
2018-09-27,34,14.3,3.5,33.6,18.2,7.7
2018-09-27,35,14.5,1.6,34.9,18.3,7.7
2018-09-27,36,14.7,0.5,35.9,18.4,7.7
2018-09-27,37,14.5,0.1,35.6,18.0,8.1
2018-09-27,38,15.0,0.0,35.4,17.9,8.0
2018-09-27,39,15.8,0.0,36.0,18.3,8.2
2018-09-27,40,15.5,0.0,35.3,19.1,8.6
2018-09-27,41,15.9,0.0,34.5,19.9,6.6
2018-09-27,42,17.4,0.0,32.7,21.1,6.9
2018-09-27,43,20.3,0.0,30.9,22.4,8.1
2018-09-27,44,22.0,0.0,29.3,24.3,8.8
2018-09-27,45,22.9,0.0,27.3,26.5,9.8
2018-09-27,46,22.0,0.0,26.7,27.9,10.9
2018-09-27,47,22.4,0.0,25.9,29.3,11.2
2018-09-27,48,21.7,0.0,25.4,28.3,12.6
2018-09-28,1,20.8,0.0,26.4,28.6,12.1
2018-09-28,2,20.1,0.0,28.1,28.3,11.7
2018-09-28,3,20.7,0.0,27.9,28.1,11.5
2018-09-28,4,18.2,0.0,29.0,28.6,12.0
2018-09-28,5,18.0,0.0,28.9,28.8,12.1
2018-09-28,6,18.4,0.0,28.9,28.7,11.7
2018-09-28,7,18.7,0.0,28.3,28.9,11.9
2018-09-28,8,18.0,0.0,29.2,28.6,11.9
2018-09-28,9,17.9,0.0,28.7,28.4,12.0
2018-09-28,10,17.0,0.0,28.4,27.5,11.6
2018-09-28,11,15.5,0.0,35.0,25.1,7.5
2018-09-28,12,14.0,0.0,39.6,22.9,5.9
2018-09-28,13,12.5,0.4,40.0,20.6,8.3
2018-09-28,14,11.8,1.2,39.2,19.8,8.0
2018-09-28,15,11.2,2.7,37.8,19.2,8.6
2018-09-28,16,11.1,4.5,37.1,19.0,8.5
2018-09-28,17,10.6,6.5,36.7,18.7,8.0
2018-09-28,18,10.1,8.8,36.7,18.6,8.0
2018-09-28,19,9.9,11.0,36.1,18.5,7.7
2018-09-28,20,9.7,13.1,34.9,18.4,7.6
2018-09-28,21,9.9,14.6,33.4,18.3,7.7
2018-09-28,22,10.1,16.4,33.9,19.1,4.0
2018-09-28,23,9.5,16.2,32.3,18.3,7.9
2018-09-28,24,9.1,16.5,31.7,18.3,7.9
2018-09-28,25,9.4,16.6,32.2,18.4,6.9
2018-09-28,26,9.4,16.5,31.8,18.6,7.0
2018-09-28,27,9.4,16.3,31.2,19.0,7.1
2018-09-28,28,9.4,15.7,31.4,19.2,7.2
2018-09-28,29,9.5,14.6,31.2,19.4,8.5
2018-09-28,30,9.3,12.9,33.1,19.3,8.5
2018-09-28,31,9.0,10.8,35.4,19.1,8.4
2018-09-28,32,9.0,8.5,37.5,18.9,8.3
2018-09-28,33,8.7,6.1,40.6,18.7,8.4
2018-09-28,34,8.2,3.7,43.1,18.6,8.4
2018-09-28,35,8.2,1.7,44.9,18.5,8.3
2018-09-28,36,8.3,0.5,46.1,18.4,8.3
2018-09-28,37,8.2,0.0,46.2,17.9,8.1
2018-09-28,38,8.1,0.0,46.0,18.2,8.2
2018-09-28,39,7.9,0.0,46.5,18.7,8.4
2018-09-28,40,8.1,0.0,46.1,19.3,8.7
2018-09-28,41,8.5,0.0,44.9,20.0,8.8
2018-09-28,42,8.5,0.0,43.2,21.0,9.2
2018-09-28,43,9.1,0.0,42.9,22.1,9.7
2018-09-28,44,9.7,0.0,42.2,23.6,10.4
2018-09-28,45,10.4,0.0,41.4,25.1,9.5
2018-09-28,46,11.3,0.0,38.3,26.6,10.1
2018-09-28,47,11.7,0.0,37.9,27.6,9.7
2018-09-28,48,12.7,0.0,35.5,29.0,10.7
2018-09-29,1,13.2,0.0,35.6,29.2,9.9
2018-09-29,2,13.8,0.0,34.8,29.0,10.5
2018-09-29,3,14.7,0.0,34.2,29.0,10.3
2018-09-29,4,15.6,0.0,32.8,29.5,10.2
2018-09-29,5,16.0,0.0,33.0,29.2,10.0
2018-09-29,6,16.8,0.0,32.0,29.3,9.8
2018-09-29,7,18.0,0.0,31.1,28.9,10.0
2018-09-29,8,18.5,0.0,30.3,29.1,10.1
2018-09-29,9,18.9,0.0,28.8,29.4,10.6
2018-09-29,10,19.6,0.0,29.4,28.8,10.1
2018-09-29,11,18.5,0.0,30.8,27.2,11.1
2018-09-29,12,18.1,0.1,31.6,26.3,10.9
2018-09-29,13,17.4,0.7,33.6,25.3,10.5
2018-09-29,14,17.2,2.1,35.6,23.7,9.4
2018-09-29,15,16.5,4.2,35.6,22.4,9.4
2018-09-29,16,16.4,6.7,34.6,21.7,9.1
2018-09-29,17,15.7,9.1,34.2,20.9,8.7
2018-09-29,18,15.4,11.5,32.7,20.5,8.6
2018-09-29,19,14.7,14.0,32.0,20.6,6.7
2018-09-29,20,14.7,16.2,30.7,20.6,6.7
2018-09-29,21,15.0,18.1,28.3,20.7,7.4
2018-09-29,22,14.9,19.5,26.6,20.9,7.5
2018-09-29,23,15.1,20.4,25.2,21.0,7.4
2018-09-29,24,15.1,21.0,24.1,21.3,7.6
2018-09-29,25,15.3,21.2,23.0,21.6,7.6
2018-09-29,26,15.9,21.2,21.8,21.9,7.8
2018-09-29,27,15.5,21.0,21.1,22.6,8.1
2018-09-29,28,16.0,19.8,21.6,22.7,8.1
2018-09-29,29,16.5,18.3,22.5,23.0,8.7
2018-09-29,30,16.8,16.0,24.3,23.0,8.6
2018-09-29,31,16.9,13.2,27.7,22.7,7.9
2018-09-29,32,17.5,9.8,31.4,21.9,7.6
2018-09-29,33,16.7,6.7,33.8,21.4,8.3
2018-09-29,34,16.5,3.8,37.1,21.0,8.2
2018-09-29,35,16.4,1.7,38.8,20.8,9.3
2018-09-29,36,16.5,0.5,39.9,20.6,9.3
2018-09-29,37,16.4,0.0,39.4,20.2,9.1
2018-09-29,38,15.6,0.0,39.7,20.4,9.2
2018-09-29,39,16.1,0.0,40.0,20.7,9.3
2018-09-29,40,16.8,0.0,39.2,21.2,9.5
2018-09-29,41,16.4,0.0,39.1,22.1,9.4
2018-09-29,42,16.9,0.0,38.6,22.9,9.7
2018-09-29,43,17.3,0.0,37.3,24.3,10.2
2018-09-29,44,17.7,0.0,35.3,25.7,10.8
2018-09-29,45,19.2,0.0,34.8,27.2,9.9
2018-09-29,46,21.3,0.0,30.9,28.1,10.8
2018-09-29,47,22.3,0.0,30.0,28.9,10.4
2018-09-29,48,22.5,0.0,27.2,30.3,10.5
2018-09-30,1,22.1,0.0,27.0,31.1,10.5
2018-09-30,2,21.9,0.0,27.3,31.0,10.5
2018-09-30,3,22.5,0.0,27.8,30.9,9.7
2018-09-30,4,21.4,0.0,28.3,31.0,10.0
2018-09-30,5,20.5,0.0,30.3,30.6,9.6
2018-09-30,6,20.5,0.0,29.3,31.0,9.8
2018-09-30,7,20.6,0.0,29.1,31.1,9.9
2018-09-30,8,21.5,0.0,28.7,30.9,9.7
2018-09-30,9,21.2,0.0,28.3,31.1,10.2
2018-09-30,10,20.9,0.0,28.7,30.9,10.4
2018-09-30,11,20.1,0.0,28.4,30.9,11.2
2018-09-30,12,20.1,0.1,28.3,30.5,11.0
2018-09-30,13,20.0,0.5,31.0,28.9,9.6
2018-09-30,14,19.7,1.6,32.7,27.3,8.8
2018-09-30,15,19.8,3.1,31.2,25.7,10.2
2018-09-30,16,20.0,4.7,31.6,24.4,10.0
2018-09-30,17,20.0,6.2,30.7,23.3,10.5
2018-09-30,18,19.3,7.6,29.8,22.5,10.5
2018-09-30,19,19.3,8.9,30.0,21.9,9.9
2018-09-30,20,19.2,9.9,29.7,21.7,9.8
2018-09-30,21,19.0,10.3,29.5,21.3,10.0
2018-09-30,22,18.8,10.2,30.1,21.2,10.2
2018-09-30,23,20.0,10.9,32.6,22.3,3.6
2018-09-30,24,18.9,9.8,30.6,21.0,10.0
2018-09-30,25,18.3,9.4,31.0,21.5,9.8
2018-09-30,26,18.2,8.8,31.4,21.9,9.8
2018-09-30,27,18.2,8.2,31.8,21.9,9.8
2018-09-30,28,18.7,7.4,32.8,21.9,9.4
2018-09-30,29,19.0,6.7,32.0,21.8,10.2
2018-09-30,30,19.4,6.2,31.6,21.7,10.6
2018-09-30,31,19.4,5.4,32.7,21.4,10.6
2018-09-30,32,19.6,4.3,33.8,21.1,10.6
2018-09-30,33,20.2,2.9,34.3,20.7,10.8
2018-09-30,34,20.9,1.7,35.3,20.6,10.2
2018-09-30,35,21.2,0.7,35.9,20.6,10.2
2018-09-30,36,21.8,0.2,36.5,20.3,9.6
2018-09-30,37,22.6,0.0,36.8,19.9,9.0
2018-09-30,38,23.4,0.0,35.3,20.2,9.1
2018-09-30,39,25.3,0.0,33.4,20.4,9.2
2018-09-30,40,25.5,0.0,32.1,21.7,9.8
2018-09-30,41,25.7,0.0,32.9,22.3,8.9
2018-09-30,42,26.9,0.0,29.7,23.8,9.5
2018-09-30,43,28.2,0.0,26.6,25.4,9.1
2018-09-30,44,29.7,0.0,23.0,27.4,10.0
2018-09-30,45,31.0,0.0,21.3,29.4,7.1
2018-09-30,46,31.3,0.0,18.4,31.0,7.2
2018-09-30,47,32.2,0.0,17.1,32.2,6.3
2018-09-30,48,32.7,0.0,17.1,31.4,7.0
2018-10-01,1,31.9,0.0,17.4,31.0,8.2
2018-10-01,2,31.0,0.0,17.8,31.1,8.3
2018-10-01,3,30.3,0.0,18.2,31.2,7.5
2018-10-01,4,29.4,0.0,19.3,31.1,7.4
2018-10-01,5,28.8,0.0,20.4,30.8,7.3
2018-10-01,6,29.4,0.0,19.7,30.9,7.3
2018-10-01,7,29.2,0.0,19.9,31.1,7.4
2018-10-01,8,28.3,0.0,20.4,31.2,7.5
2018-10-01,9,26.2,0.0,21.3,30.4,8.1
2018-10-01,10,24.1,0.0,24.7,28.4,7.5
2018-10-01,11,20.8,0.0,26.0,25.7,10.9
2018-10-01,12,18.2,0.0,31.6,23.2,9.7
2018-10-01,13,15.4,0.5,37.8,20.6,8.4
2018-10-01,14,14.0,1.7,39.6,19.2,7.9
2018-10-01,15,12.6,3.6,39.7,18.3,8.4
2018-10-01,16,12.1,5.9,39.6,17.9,8.3
2018-10-01,17,11.6,8.2,38.4,17.5,8.1
2018-10-01,18,11.3,10.2,37.5,17.4,8.1
2018-10-01,19,11.6,11.9,36.2,17.4,8.0
2018-10-01,20,11.7,13.1,35.2,17.4,8.0
2018-10-01,21,11.5,13.9,34.9,17.3,7.9
2018-10-01,22,11.7,14.3,34.9,17.2,7.9
2018-10-01,23,11.4,14.4,35.9,17.2,7.6
2018-10-01,24,11.2,14.1,36.0,17.3,7.7
2018-10-01,25,11.4,13.4,36.2,17.4,7.9
2018-10-01,26,11.5,12.6,36.6,17.6,8.0
2018-10-01,27,11.5,11.8,37.0,17.7,8.0
2018-10-01,28,12.1,10.8,37.2,17.8,8.1
2018-10-01,29,12.7,9.8,36.5,18.2,8.3
2018-10-01,30,12.5,8.1,37.9,18.0,8.2
2018-10-01,31,12.9,6.2,39.4,17.6,8.0
2018-10-01,32,14.0,4.5,39.5,17.3,7.9
2018-10-01,33,14.8,3.0,39.1,17.2,8.2
2018-10-01,34,16.0,1.7,39.3,17.0,8.5
2018-10-01,35,16.8,0.7,39.6,17.0,8.6
2018-10-01,36,16.9,0.2,40.3,16.8,8.8
2018-10-01,37,17.1,0.0,40.5,16.8,8.9
2018-10-01,38,16.8,0.0,40.2,17.2,9.0
2018-10-01,39,17.6,0.0,39.7,17.8,9.0
2018-10-01,40,18.5,0.0,38.9,18.6,8.9
2018-10-01,41,19.6,0.0,36.5,19.5,8.9
2018-10-01,42,20.2,0.0,33.2,20.9,9.5
2018-10-01,43,20.8,0.0,32.0,22.7,7.9
2018-10-01,44,22.2,0.0,29.5,24.3,8.3
2018-10-01,45,25.4,0.0,27.3,26.2,4.5
2018-10-01,46,29.9,0.0,22.5,27.9,4.8
2018-10-01,47,31.9,0.0,20.7,29.1,3.7
2018-10-01,48,33.4,0.0,20.7,29.6,2.9
2018-10-02,1,34.2,0.0,20.1,30.0,2.1
2018-10-02,2,34.5,0.0,19.7,30.0,2.2
2018-10-02,3,34.0,0.0,20.6,29.3,2.9
2018-10-02,4,33.6,0.0,20.7,29.2,3.0
2018-10-02,5,33.6,0.0,22.0,29.1,1.4
2018-10-02,6,34.0,0.0,21.8,29.1,1.3
2018-10-02,7,34.8,0.0,22.3,29.1,0.0
2018-10-02,8,34.5,0.0,22.0,29.6,0.0
2018-10-02,9,34.8,0.0,20.5,28.9,1.4
2018-10-02,10,33.5,0.0,22.4,27.4,1.4
2018-10-02,11,30.9,0.0,26.3,24.8,2.0
2018-10-02,12,28.2,0.0,31.1,22.6,2.0
2018-10-02,13,26.0,0.1,31.2,20.5,6.3
2018-10-02,14,25.5,0.5,33.8,18.9,5.9
2018-10-02,15,25.1,1.1,32.5,18.0,7.9
2018-10-02,16,26.2,2.0,31.2,17.7,7.8
2018-10-02,17,27.2,3.1,30.8,17.5,6.2
2018-10-02,18,27.2,4.4,28.9,17.5,6.2
2018-10-02,19,27.3,5.6,29.7,17.7,3.9
2018-10-02,20,27.6,6.6,29.6,17.2,3.8
2018-10-02,21,27.5,7.5,29.3,17.1,3.1
2018-10-02,22,26.5,8.2,29.1,17.4,3.2
2018-10-02,23,25.5,8.4,29.6,17.8,3.1
2018-10-02,24,25.3,8.5,29.7,17.8,3.1
2018-10-02,25,24.9,8.7,28.5,18.1,4.2
2018-10-02,26,25.2,8.8,28.5,17.8,4.2
2018-10-02,27,25.9,8.6,28.5,17.4,4.2
2018-10-02,28,26.0,8.3,28.7,17.7,4.3
2018-10-02,29,25.9,7.6,30.3,17.8,3.5
2018-10-02,30,25.5,6.2,32.9,17.4,3.3
2018-10-02,31,25.4,4.7,32.2,17.0,6.5
2018-10-02,32,24.9,3.4,34.3,16.8,6.6
2018-10-02,33,24.5,2.2,35.0,16.5,7.8
2018-10-02,34,24.7,1.2,35.7,16.2,7.7
2018-10-02,35,24.5,0.5,35.9,16.3,8.1
2018-10-02,36,23.1,0.1,36.7,16.1,8.0
2018-10-02,37,22.1,0.0,37.4,15.8,7.8
2018-10-02,38,22.5,0.0,36.8,15.9,7.8
2018-10-02,39,22.6,0.0,36.4,16.6,8.2
2018-10-02,40,22.7,0.0,34.9,17.3,8.6
2018-10-02,41,22.6,0.0,36.9,17.5,6.1
2018-10-02,42,22.4,0.0,36.4,18.2,6.4
2018-10-02,43,23.1,0.0,34.3,19.4,6.0
2018-10-02,44,23.9,0.0,32.2,20.9,6.4
2018-10-02,45,24.1,0.0,27.6,22.4,9.8
2018-10-02,46,23.2,0.0,24.8,24.2,10.6
2018-10-02,47,23.3,0.0,23.3,25.2,12.1
2018-10-02,48,23.8,0.0,23.5,25.9,9.2
2018-10-03,1,22.4,0.0,23.2,27.1,9.4
2018-10-03,2,21.3,0.0,25.3,26.6,9.4
2018-10-03,3,22.1,0.0,25.9,25.8,9.5
2018-10-03,4,18.6,0.0,29.0,25.8,9.6
2018-10-03,5,18.3,0.0,29.2,25.6,10.2
2018-10-03,6,17.9,0.0,29.2,25.8,10.5
2018-10-03,7,17.1,0.0,30.2,25.7,10.3
2018-10-03,8,16.0,0.0,31.2,25.4,10.7
2018-10-03,9,14.6,0.0,31.8,24.5,12.5
2018-10-03,10,13.4,0.0,34.6,23.2,11.6
2018-10-03,11,12.9,0.0,34.6,21.2,12.4
2018-10-03,12,12.3,0.0,38.3,19.4,10.9
2018-10-03,13,10.6,0.2,43.5,17.5,9.0
2018-10-03,14,9.8,0.6,45.4,16.9,8.4
2018-10-03,15,9.9,1.5,45.0,16.3,8.2
2018-10-03,16,10.4,2.6,44.0,16.3,8.2
2018-10-03,17,10.5,3.9,43.6,16.1,7.9
2018-10-03,18,11.1,5.1,42.1,16.1,7.8
2018-10-03,19,11.4,6.2,43.8,16.2,5.0
2018-10-03,20,12.6,7.0,42.2,16.1,4.9
2018-10-03,21,12.8,7.7,44.3,16.3,1.8
2018-10-03,22,13.4,8.1,44.1,16.2,1.7
2018-10-03,23,13.9,8.6,44.4,16.2,1.4
2018-10-03,24,14.6,8.9,43.7,16.2,1.6
2018-10-03,25,14.8,9.0,43.9,15.9,1.2
2018-10-03,26,15.1,9.2,43.4,16.0,1.2
2018-10-03,27,15.6,9.4,42.5,16.0,1.5
2018-10-03,28,15.6,9.4,42.7,16.3,1.5
2018-10-03,29,16.4,9.2,40.1,16.7,2.4
2018-10-03,30,17.3,8.1,40.7,16.3,2.2
2018-10-03,31,16.8,6.7,40.4,16.0,4.8
2018-10-03,32,17.0,5.1,42.1,15.7,4.8
2018-10-03,33,17.0,3.3,41.9,15.4,6.6
2018-10-03,34,16.0,1.8,43.3,15.4,6.6
2018-10-03,35,15.7,0.7,44.1,15.3,6.5
2018-10-03,36,15.2,0.1,44.8,15.0,6.3
2018-10-03,37,14.4,0.0,44.3,14.8,6.7
2018-10-03,38,14.7,0.0,43.9,14.9,6.8
2018-10-03,39,15.4,0.0,43.6,15.5,7.2
2018-10-03,40,16.2,0.0,43.2,16.0,7.4
2018-10-03,41,16.6,0.0,43.3,16.6,6.8
2018-10-03,42,18.0,0.0,40.6,17.7,7.2
2018-10-03,43,19.1,0.0,38.3,19.0,6.6
2018-10-03,44,19.7,0.0,35.9,20.3,7.0
2018-10-03,45,21.6,0.0,31.3,21.5,9.7
2018-10-03,46,24.8,0.0,27.7,22.0,10.2
2018-10-03,47,25.8,0.0,25.6,22.8,11.3
2018-10-03,48,22.7,0.0,27.5,24.3,10.0
2018-10-04,1,22.4,0.0,27.7,24.2,10.2
2018-10-04,2,22.0,0.0,27.8,24.1,10.2
2018-10-04,3,21.3,0.0,27.6,24.2,10.7
2018-10-04,4,21.6,0.0,28.0,24.1,10.8
2018-10-04,5,21.7,0.0,27.2,23.8,11.3
2018-10-04,6,21.8,0.0,26.4,24.2,11.7
2018-10-04,7,21.5,0.0,26.9,24.1,11.8
2018-10-04,8,21.8,0.0,27.2,23.7,11.6
2018-10-04,9,21.0,0.0,30.4,23.3,8.7
2018-10-04,10,19.4,0.0,33.7,22.3,8.4
2018-10-04,11,18.4,0.0,39.3,20.5,5.4
2018-10-04,12,17.4,0.0,42.3,19.0,4.7
2018-10-04,13,16.0,0.1,46.1,17.1,4.0
2018-10-04,14,15.6,0.3,47.3,16.3,3.4
2018-10-04,15,15.7,0.8,45.5,16.0,5.6
2018-10-04,16,16.6,1.6,44.8,16.0,5.4
2018-10-04,17,17.3,2.4,47.1,16.0,1.8
2018-10-04,18,16.9,3.4,45.8,16.2,2.1
2018-10-04,19,16.9,4.3,45.1,16.0,1.7
2018-10-04,20,16.9,5.2,44.9,16.0,1.7
2018-10-04,21,16.5,6.2,44.0,15.8,2.7
2018-10-04,22,17.1,7.2,43.0,15.7,2.6
2018-10-04,23,16.9,8.4,43.3,15.9,2.0
2018-10-04,24,17.2,9.6,42.3,16.1,1.6
2018-10-04,25,18.2,10.5,39.8,16.4,1.6
2018-10-04,26,18.4,11.0,39.0,16.7,1.5
2018-10-04,27,19.5,10.9,38.1,16.9,1.4
2018-10-04,28,19.7,10.5,38.0,17.2,1.4
2018-10-04,29,20.1,9.8,37.1,17.6,2.0
2018-10-04,30,20.5,8.3,37.9,17.2,2.1
2018-10-04,31,20.6,6.6,38.1,16.8,4.0
2018-10-04,32,20.6,4.9,40.1,16.3,4.1
2018-10-04,33,18.9,3.1,41.9,16.2,3.8
2018-10-04,34,18.2,1.6,43.1,16.0,3.8
2018-10-04,35,16.8,0.5,43.5,16.0,6.0
2018-10-04,36,15.8,0.1,45.2,15.4,5.9
2018-10-04,37,15.1,0.0,44.1,15.2,7.6
2018-10-04,38,15.2,0.0,43.6,15.5,7.8
2018-10-04,39,15.3,0.0,43.5,15.8,8.0
2018-10-04,40,15.6,0.0,43.2,16.0,8.3
2018-10-04,41,15.7,0.0,44.6,16.7,6.1
2018-10-04,42,15.8,0.0,43.3,17.7,6.4
2018-10-04,43,16.2,0.0,39.6,18.9,7.1
2018-10-04,44,16.7,0.0,38.2,20.0,7.5
2018-10-04,45,16.1,0.0,36.6,21.4,10.4
2018-10-04,46,13.9,0.0,36.3,23.5,11.1
2018-10-04,47,13.5,0.0,35.4,24.4,12.3
2018-10-04,48,11.9,0.0,38.2,23.7,10.5
2018-10-05,1,11.4,0.0,38.7,24.1,10.4
2018-10-05,2,11.1,0.0,38.6,24.1,10.4
2018-10-05,3,11.0,0.0,39.0,24.2,10.5
2018-10-05,4,11.1,0.0,38.4,24.6,10.6
2018-10-05,5,11.1,0.0,38.0,24.9,10.5
2018-10-05,6,11.1,0.0,37.4,25.2,10.6
2018-10-05,7,11.1,0.0,37.0,25.3,10.9
2018-10-05,8,10.8,0.0,37.8,25.0,10.8
2018-10-05,9,10.3,0.0,39.7,24.1,10.6
2018-10-05,10,9.2,0.0,42.7,23.0,10.1
2018-10-05,11,8.6,0.0,47.9,21.6,5.3
2018-10-05,12,8.7,0.0,49.4,19.5,4.7
2018-10-05,13,7.9,0.1,49.5,17.7,7.4
2018-10-05,14,6.9,0.4,51.2,16.7,7.0
2018-10-05,15,6.4,1.0,51.0,16.3,8.2
2018-10-05,16,6.2,1.9,50.7,16.2,8.2
2018-10-05,17,6.1,3.0,50.3,15.8,8.1
2018-10-05,18,6.0,4.1,51.3,15.7,8.2
2018-10-05,19,6.0,5.2,50.0,15.4,7.4
2018-10-05,20,6.1,6.5,49.0,15.4,7.4
2018-10-05,21,6.1,7.8,49.5,15.4,6.1
2018-10-05,22,6.5,9.0,48.0,15.3,6.0
2018-10-05,23,7.0,9.9,45.4,15.2,7.8
2018-10-05,24,6.9,10.6,44.8,15.3,7.9
2018-10-05,25,6.8,10.9,45.5,15.5,6.1
2018-10-05,26,7.0,10.5,45.7,15.8,6.2
2018-10-05,27,6.8,9.7,45.7,16.2,6.6
2018-10-05,28,7.3,8.7,46.2,16.4,6.6
2018-10-05,29,8.0,7.6,45.8,16.6,6.2
2018-10-05,30,8.0,6.2,46.7,16.5,6.2
2018-10-05,31,7.7,4.7,48.2,16.3,6.6
2018-10-05,32,7.5,3.1,49.4,16.2,6.5
2018-10-05,33,7.0,1.8,48.8,16.0,8.0
2018-10-05,34,6.6,0.8,49.4,15.9,8.0
2018-10-05,35,6.1,0.3,49.5,15.9,8.0
2018-10-05,36,5.9,0.0,49.5,15.6,7.8
2018-10-05,37,5.7,0.0,49.6,15.7,7.9
2018-10-05,38,5.7,0.0,49.5,16.1,8.1
2018-10-05,39,5.9,0.0,50.1,16.4,8.3
2018-10-05,40,5.9,0.0,49.7,17.0,8.6
2018-10-05,41,6.2,0.0,48.9,17.6,8.5
2018-10-05,42,6.3,0.0,47.6,18.5,9.0
2018-10-05,43,6.9,0.0,45.5,19.5,9.6
2018-10-05,44,7.2,0.0,44.3,20.5,10.1
2018-10-05,45,7.6,0.0,43.4,21.6,10.3
2018-10-05,46,8.0,0.0,43.1,22.2,10.8
2018-10-05,47,8.3,0.0,42.3,23.1,10.8
2018-10-05,48,8.8,0.0,42.7,22.8,10.5
2018-10-06,1,9.3,0.0,42.1,23.6,10.3
2018-10-06,2,9.9,0.0,41.6,23.5,10.3
2018-10-06,3,11.2,0.0,39.9,23.9,10.4
2018-10-06,4,10.6,0.0,38.3,25.2,10.7
2018-10-06,5,11.2,0.0,36.1,25.9,10.9
2018-10-06,6,11.5,0.0,35.6,26.1,11.0
2018-10-06,7,12.7,0.0,35.1,25.8,10.8
2018-10-06,8,14.0,0.0,33.2,26.0,10.9
2018-10-06,9,14.7,0.0,32.7,25.8,10.8
2018-10-06,10,14.5,0.0,33.7,25.5,10.7
2018-10-06,11,13.5,0.0,37.7,24.5,8.2
2018-10-06,12,13.4,0.0,38.3,23.9,7.9
2018-10-06,13,12.9,0.0,42.1,22.7,5.7
2018-10-06,14,12.1,0.2,46.1,21.5,5.5
2018-10-06,15,11.4,0.4,46.1,20.2,10.1
2018-10-06,16,11.1,0.8,47.3,19.2,9.7
2018-10-06,17,10.8,1.2,48.8,18.3,9.2
2018-10-06,18,11.1,1.7,48.6,17.6,9.1
2018-10-06,19,11.3,2.3,48.7,17.1,8.3
2018-10-06,20,11.3,3.0,48.5,17.0,8.3
2018-10-06,21,11.7,3.7,47.8,16.9,8.2
2018-10-06,22,12.9,4.5,46.9,16.7,8.2
2018-10-06,23,13.6,5.3,45.6,16.9,8.1
2018-10-06,24,14.4,6.0,43.5,17.3,8.2
2018-10-06,25,15.1,6.3,41.6,17.8,8.8
2018-10-06,26,16.4,6.5,38.8,18.2,8.9
2018-10-06,27,17.2,6.5,37.3,18.4,9.0
2018-10-06,28,18.3,6.3,36.6,18.5,9.0
2018-10-06,29,18.3,5.9,37.9,18.7,7.7
2018-10-06,30,18.1,5.3,38.6,18.8,7.7
2018-10-06,31,17.4,4.5,40.4,18.7,7.1
2018-10-06,32,16.4,3.5,42.4,18.3,6.9
2018-10-06,33,15.7,2.4,43.7,17.9,7.3
2018-10-06,34,15.2,1.4,44.9,17.7,7.2
2018-10-06,35,14.9,0.5,45.7,17.6,7.4
2018-10-06,36,14.5,0.1,45.8,17.4,7.3
2018-10-06,37,14.4,0.0,44.1,17.4,8.7
2018-10-06,38,14.2,0.0,44.0,17.4,8.8
2018-10-06,39,14.5,0.0,44.4,17.5,9.1
2018-10-06,40,14.5,0.0,45.0,18.0,9.4
2018-10-06,41,15.1,0.0,44.4,18.7,9.6
2018-10-06,42,15.6,0.0,42.6,19.6,10.0
2018-10-06,43,15.6,0.0,41.8,20.3,9.8
2018-10-06,44,16.1,0.0,40.2,21.5,10.2
2018-10-06,45,16.6,0.0,40.1,23.2,8.9
2018-10-06,46,16.4,0.0,38.0,24.7,9.4
2018-10-06,47,16.9,0.0,37.1,25.9,9.0
2018-10-06,48,17.7,0.0,34.8,26.0,9.5
2018-10-07,1,17.8,0.0,34.1,26.3,9.7
2018-10-07,2,17.5,0.0,34.9,25.9,9.4
2018-10-07,3,17.7,0.0,34.5,26.0,9.7
2018-10-07,4,18.3,0.0,33.7,26.3,9.6
2018-10-07,5,18.6,0.0,33.0,26.5,9.6
2018-10-07,6,19.0,0.0,33.0,26.2,9.7
2018-10-07,7,19.6,0.0,32.6,25.9,9.8
2018-10-07,8,20.1,0.0,32.4,25.8,9.7
2018-10-07,9,20.4,0.0,33.1,25.7,8.8
2018-10-07,10,20.7,0.0,33.1,25.4,8.7
2018-10-07,11,21.3,0.0,32.8,24.3,8.7
2018-10-07,12,21.0,0.0,33.0,23.6,8.8
2018-10-07,13,20.5,0.4,32.3,22.7,10.8
2018-10-07,14,20.8,1.6,30.9,22.6,11.3
2018-10-07,15,19.8,3.4,31.6,22.0,11.4
2018-10-07,16,19.6,5.5,31.4,21.0,11.1
2018-10-07,17,18.9,7.4,31.9,20.1,10.6
2018-10-07,18,18.0,9.5,31.6,19.7,10.4
2018-10-07,19,17.4,11.1,31.1,19.2,10.3
2018-10-07,20,17.1,12.6,30.4,19.0,10.2
2018-10-07,21,16.5,13.8,30.5,18.9,10.0
2018-10-07,22,16.5,14.9,29.9,18.8,9.9
2018-10-07,23,16.8,15.5,29.0,18.7,10.0
2018-10-07,24,17.7,15.6,28.6,18.8,10.1
2018-10-07,25,19.0,15.4,27.5,19.1,9.8
2018-10-07,26,19.8,14.7,26.3,19.5,10.1
2018-10-07,27,20.0,13.2,26.2,19.6,10.4
2018-10-07,28,20.0,11.4,27.6,19.7,10.5
2018-10-07,29,19.4,9.5,30.6,19.7,10.1
2018-10-07,30,19.1,7.5,32.1,19.1,10.0
2018-10-07,31,19.0,5.6,34.1,18.4,10.8
2018-10-07,32,19.7,3.7,36.3,18.0,10.6
2018-10-07,33,19.7,2.1,38.2,17.7,10.7
2018-10-07,34,20.0,1.0,39.2,17.4,10.6
2018-10-07,35,19.8,0.3,39.5,17.3,10.5
2018-10-07,36,19.8,0.0,40.8,16.8,10.2
2018-10-07,37,19.7,0.0,40.4,17.2,10.6
2018-10-07,38,20.5,0.0,38.4,17.9,10.9
2018-10-07,39,21.3,0.0,37.5,18.4,11.2
2018-10-07,40,22.4,0.0,35.6,19.2,11.7
2018-10-07,41,23.6,0.0,35.1,19.9,11.7
2018-10-07,42,24.1,0.0,32.1,21.0,12.4
2018-10-07,43,25.4,0.0,32.1,22.2,9.1
2018-10-07,44,26.5,0.0,28.5,23.8,9.5
2018-10-07,45,27.4,0.0,25.4,25.6,8.2
2018-10-07,46,21.0,0.0,23.5,30.1,9.4
2018-10-07,47,21.8,0.0,21.8,31.6,8.8
2018-10-07,48,28.4,0.0,20.9,29.5,5.2
2018-10-08,1,27.7,0.0,23.7,29.2,3.8
2018-10-08,2,27.1,0.0,24.5,28.8,3.7
2018-10-08,3,27.0,0.0,21.6,29.1,6.8
2018-10-08,4,26.5,0.0,22.0,29.2,6.8
2018-10-08,5,26.2,0.0,23.6,28.9,6.0
2018-10-08,6,26.2,0.0,23.3,29.4,6.2
2018-10-08,7,26.3,0.0,22.8,29.1,6.9
2018-10-08,8,25.7,0.0,23.9,28.7,6.5
2018-10-08,9,24.9,0.0,23.5,27.7,8.2
2018-10-08,10,23.7,0.0,26.8,26.3,7.9
2018-10-08,11,22.3,0.0,32.7,23.6,6.9
2018-10-08,12,21.3,0.0,36.1,21.3,6.2
2018-10-08,13,20.1,0.1,39.3,19.1,6.3
2018-10-08,14,20.4,0.4,38.9,18.1,6.3
2018-10-08,15,20.7,1.1,37.2,17.7,8.2
2018-10-08,16,20.3,2.1,37.8,17.8,7.9
2018-10-08,17,19.6,3.3,37.5,17.5,7.3
2018-10-08,18,19.5,4.6,37.3,17.4,7.0
2018-10-08,19,19.8,5.9,37.1,17.4,6.3
2018-10-08,20,20.1,6.9,36.6,17.4,6.0
2018-10-08,21,20.5,7.6,37.1,17.4,4.6
2018-10-08,22,21.3,8.0,36.9,17.4,4.3
2018-10-08,23,21.4,8.2,37.9,17.3,3.4
2018-10-08,24,22.3,8.0,37.3,17.2,3.4
2018-10-08,25,22.5,7.7,36.1,17.6,4.1
2018-10-08,26,22.6,7.0,35.9,17.8,4.2
2018-10-08,27,22.2,6.5,36.7,18.0,4.3
2018-10-08,28,21.8,6.0,37.2,18.2,4.4
2018-10-08,29,22.1,5.3,37.5,18.2,4.7
2018-10-08,30,22.5,4.3,38.0,18.0,4.6
2018-10-08,31,21.9,3.1,37.3,17.5,7.6
2018-10-08,32,22.3,1.9,39.1,17.1,7.5
2018-10-08,33,22.3,1.0,40.3,16.9,7.4
2018-10-08,34,21.3,0.4,41.2,16.9,7.9
2018-10-08,35,20.2,0.1,41.9,16.5,8.7
2018-10-08,36,19.7,0.0,42.6,16.2,8.6
2018-10-08,37,19.2,0.0,42.6,16.4,8.4
2018-10-08,38,18.8,0.0,42.6,16.8,8.6
2018-10-08,39,19.2,0.0,43.1,17.4,6.7
2018-10-08,40,19.7,0.0,41.9,18.1,6.4
2018-10-08,41,19.9,0.0,41.7,18.8,4.8
2018-10-08,42,20.3,0.0,39.7,19.8,5.2
2018-10-08,43,20.2,0.0,38.4,20.3,5.3
2018-10-08,44,21.3,0.0,35.3,21.8,5.6
2018-10-08,45,24.7,0.0,29.1,23.6,8.4
2018-10-08,46,27.0,0.0,27.4,23.8,9.9
2018-10-08,47,27.7,0.0,24.1,25.1,11.6
2018-10-08,48,27.7,0.0,27.4,25.6,8.3
2018-10-09,1,27.3,0.0,27.1,26.0,8.3
2018-10-09,2,26.4,0.0,29.0,25.4,8.1
2018-10-09,3,26.6,0.0,29.1,25.3,8.1
2018-10-09,4,25.7,0.0,29.7,25.5,8.2
2018-10-09,5,25.1,0.0,30.9,25.0,8.2
2018-10-09,6,25.0,0.0,30.7,25.2,8.3
2018-10-09,7,24.6,0.0,32.1,25.3,7.2
2018-10-09,8,24.4,0.0,32.5,25.0,7.1
2018-10-09,9,23.8,0.0,35.4,24.2,5.1
2018-10-09,10,22.8,0.0,37.1,23.2,4.8
2018-10-09,11,21.7,0.0,40.7,20.7,4.2
2018-10-09,12,21.3,0.0,43.1,18.7,3.8
2018-10-09,13,20.6,0.2,46.5,16.6,2.6
2018-10-09,14,20.4,0.9,47.1,16.0,2.6
2018-10-09,15,20.9,2.4,44.1,16.0,4.2
2018-10-09,16,21.5,4.6,41.1,16.0,4.3
2018-10-09,17,22.0,6.9,38.9,15.7,4.4
2018-10-09,18,23.1,9.8,37.8,16.5,4.6
2018-10-09,19,21.3,11.7,34.7,15.6,4.7
2018-10-09,20,21.4,13.7,32.3,15.6,4.7
2018-10-09,21,20.6,15.3,31.9,15.3,4.6
2018-10-09,22,20.8,16.5,31.0,15.1,4.6
2018-10-09,23,20.7,17.3,30.7,15.1,4.4
2018-10-09,24,21.3,17.7,30.0,15.1,4.4
2018-10-09,25,20.9,18.0,29.4,15.5,4.5
2018-10-09,26,20.7,17.6,29.3,15.5,4.5
2018-10-09,27,20.5,16.8,29.8,15.7,4.6
2018-10-09,28,20.6,15.7,30.1,15.9,4.5
2018-10-09,29,21.0,14.1,30.9,16.1,4.2
2018-10-09,30,20.7,11.8,33.9,15.9,4.1
2018-10-09,31,20.5,9.4,37.8,15.8,2.6
2018-10-09,32,19.8,6.8,40.6,15.5,2.5
2018-10-09,33,19.6,4.3,43.3,15.3,3.1
2018-10-09,34,19.4,2.1,45.3,15.2,3.0
2018-10-09,35,18.8,0.7,46.3,15.2,2.9
2018-10-09,36,18.6,0.1,47.1,14.6,3.0
2018-10-09,37,18.1,0.0,43.1,14.6,8.8
2018-10-09,38,17.9,0.0,42.9,15.0,9.2
2018-10-09,39,18.1,0.0,44.0,15.4,7.1
2018-10-09,40,17.4,0.0,44.8,16.2,7.1
2018-10-09,41,17.1,0.0,46.7,16.7,5.6
2018-10-09,42,17.5,0.0,44.8,17.6,5.8
2018-10-09,43,17.9,0.0,41.2,18.7,7.4
2018-10-09,44,18.7,0.0,38.0,20.1,8.0
2018-10-09,45,19.7,0.0,32.8,21.3,12.7
2018-10-09,46,20.9,0.0,30.9,22.3,13.4
2018-10-09,47,21.6,0.0,26.8,23.3,16.2
2018-10-09,48,20.4,0.0,31.5,23.5,12.3
2018-10-10,1,20.0,0.0,31.5,23.5,12.3
2018-10-10,2,19.6,0.0,32.0,23.5,12.3
2018-10-10,3,19.6,0.0,32.7,23.7,11.3
2018-10-10,4,19.2,0.0,32.8,23.7,11.3
2018-10-10,5,19.5,0.0,33.9,23.4,10.2
2018-10-10,6,19.4,0.0,34.2,23.5,10.2
2018-10-10,7,19.1,0.0,34.0,23.5,10.4
2018-10-10,8,18.4,0.0,35.0,23.3,10.3
2018-10-10,9,18.8,0.0,36.7,22.2,9.9
2018-10-10,10,18.5,0.0,39.0,21.3,9.3
2018-10-10,11,17.9,0.0,44.4,19.9,5.9
2018-10-10,12,16.8,0.0,46.2,18.3,5.4
2018-10-10,13,15.5,0.1,44.1,16.7,9.6
2018-10-10,14,15.1,0.8,44.1,16.0,9.4
2018-10-10,15,15.1,2.2,43.7,15.8,9.4
2018-10-10,16,15.2,4.4,42.4,15.7,9.1
2018-10-10,17,15.0,6.7,41.1,15.4,8.2
2018-10-10,18,14.4,9.2,39.2,15.5,8.0
2018-10-10,19,14.2,11.5,39.6,15.6,4.6
2018-10-10,20,14.4,13.5,38.3,15.5,4.5
2018-10-10,21,14.6,15.1,37.5,15.3,3.6
2018-10-10,22,14.6,16.5,36.1,15.4,3.5
2018-10-10,23,15.1,17.5,34.5,15.4,3.6
2018-10-10,24,16.2,17.9,32.9,15.4,3.6
2018-10-10,25,16.9,18.3,30.1,15.8,5.0
2018-10-10,26,18.0,18.1,29.6,16.0,5.3
2018-10-10,27,18.1,17.4,29.3,16.2,6.2
2018-10-10,28,18.8,16.0,30.0,16.4,6.1
2018-10-10,29,19.7,14.1,30.5,16.4,6.4
2018-10-10,30,19.9,11.6,33.0,16.2,6.3
2018-10-10,31,19.4,9.0,34.6,16.1,6.7
2018-10-10,32,19.6,6.2,37.6,15.7,6.9
2018-10-10,33,20.2,3.7,38.6,15.5,8.7
2018-10-10,34,20.0,1.7,40.2,15.6,9.0
2018-10-10,35,20.3,0.5,40.7,15.4,8.8
2018-10-10,36,20.0,0.0,41.9,14.8,8.5
2018-10-10,37,20.8,0.0,41.4,14.8,8.5
2018-10-10,38,21.5,0.0,40.0,15.3,8.8
2018-10-10,39,22.1,0.0,37.9,15.9,9.1
2018-10-10,40,22.6,0.0,37.3,16.7,9.3
2018-10-10,41,23.7,0.0,34.7,17.3,9.7
2018-10-10,42,25.5,0.0,30.7,18.5,10.4
2018-10-10,43,26.7,0.0,28.3,19.8,9.9
2018-10-10,44,27.7,0.0,25.9,21.1,10.5
2018-10-10,45,29.9,0.0,22.2,22.3,10.9
2018-10-10,46,32.8,0.0,19.2,23.0,11.3
2018-10-10,47,34.0,0.0,17.2,23.8,11.3
2018-10-10,48,31.0,0.0,19.7,24.8,11.0
2018-10-11,1,30.9,0.0,19.3,24.9,11.3
2018-10-11,2,29.9,0.0,20.6,24.8,11.3
2018-10-11,3,27.4,0.0,23.7,24.6,10.8
2018-10-11,4,30.5,0.0,21.1,24.4,10.7
2018-10-11,5,31.5,0.0,19.3,24.6,11.2
2018-10-11,6,32.1,0.0,18.7,25.1,11.4
2018-10-11,7,32.3,0.0,19.1,25.0,11.4
2018-10-11,8,30.9,0.0,19.6,25.1,11.4
2018-10-11,9,29.1,0.0,22.6,24.1,11.2
2018-10-11,10,28.6,0.0,25.1,22.9,10.6
2018-10-11,11,27.2,0.0,28.4,21.2,10.4
2018-10-11,12,25.1,0.0,31.0,19.7,9.4
2018-10-11,13,24.8,0.0,34.1,17.2,8.6
2018-10-11,14,24.4,0.3,36.0,16.6,7.8
2018-10-11,15,24.6,1.0,36.5,16.2,7.5
2018-10-11,16,24.5,2.2,35.3,16.4,7.4
2018-10-11,17,24.7,3.5,34.2,16.2,7.3
2018-10-11,18,25.0,4.9,32.8,16.2,6.8
2018-10-11,19,25.0,6.3,34.0,16.2,4.0
2018-10-11,20,25.9,7.5,32.6,16.2,4.0
2018-10-11,21,25.7,7.9,33.3,16.1,3.0
2018-10-11,22,25.5,7.7,33.6,16.0,3.0
2018-10-11,23,26.1,7.4,31.9,15.7,4.0
2018-10-11,24,26.3,7.4,31.9,16.0,3.9
2018-10-11,25,27.4,7.2,32.5,16.0,3.1
2018-10-11,26,28.6,6.7,32.7,16.1,3.1
2018-10-11,27,28.9,5.9,33.8,16.0,2.6
2018-10-11,28,29.1,5.2,33.7,16.2,2.6
2018-10-11,29,26.4,4.5,36.9,16.8,0.9
2018-10-11,30,24.2,3.5,40.8,16.0,1.0
2018-10-11,31,23.2,2.5,41.9,15.5,3.3
2018-10-11,32,22.3,1.8,44.0,15.4,3.2
2018-10-11,33,21.5,1.1,44.8,15.4,3.9
2018-10-11,34,20.1,0.5,45.4,15.3,4.0
2018-10-11,35,17.4,0.2,45.4,15.1,5.4
2018-10-11,36,15.6,0.0,47.9,14.8,5.3
2018-10-11,37,15.0,0.0,49.0,14.8,5.3
2018-10-11,38,14.4,0.0,48.2,15.3,5.8
2018-10-11,39,14.8,0.0,46.9,16.1,5.8
2018-10-11,40,14.4,0.0,47.5,16.3,6.1
2018-10-11,41,14.7,0.0,47.0,17.0,6.9
2018-10-11,42,15.1,0.0,44.2,18.1,8.0
2018-10-11,43,16.9,0.0,40.5,19.1,8.8
2018-10-11,44,17.6,0.0,37.1,20.8,9.6
2018-10-11,45,19.3,0.0,36.2,22.0,8.6
2018-10-11,46,23.3,0.0,33.1,22.9,8.9
2018-10-11,47,24.9,0.0,30.4,23.8,9.2
2018-10-11,48,27.6,0.0,26.3,25.5,9.1
2018-10-12,1,29.7,0.0,24.5,25.6,9.1
2018-10-12,2,31.0,0.0,24.4,24.5,8.7
2018-10-12,3,34.1,0.0,22.4,24.7,8.8
2018-10-12,4,33.1,0.0,23.1,25.8,9.0
2018-10-12,5,33.6,0.0,23.5,26.5,7.2
2018-10-12,6,33.7,0.0,23.4,26.6,7.2
2018-10-12,7,33.7,0.0,24.4,27.1,6.0
2018-10-12,8,34.2,0.0,24.4,26.7,5.9
2018-10-12,9,35.3,0.0,23.5,25.8,6.1
2018-10-12,10,35.4,0.0,24.4,24.9,5.8
2018-10-12,11,33.8,0.0,26.6,23.1,7.5
2018-10-12,12,32.0,0.0,30.5,21.2,6.9
2018-10-12,13,29.6,0.0,36.7,18.7,5.9
2018-10-12,14,29.6,0.1,38.5,17.7,5.4
2018-10-12,15,30.1,0.6,37.9,17.4,5.2
2018-10-12,16,31.2,1.2,36.2,17.1,6.0
2018-10-12,17,31.0,1.9,35.4,17.0,6.6
2018-10-12,18,31.3,2.4,34.9,16.7,6.5
2018-10-12,19,31.4,2.8,34.8,16.6,6.8
2018-10-12,20,32.1,3.3,33.3,16.6,6.9
2018-10-12,21,31.7,3.7,32.3,16.7,6.9
2018-10-12,22,31.1,3.9,33.2,16.4,6.8
2018-10-12,23,31.7,4.1,33.5,16.4,6.4
2018-10-12,24,32.3,4.6,32.3,16.7,6.1
2018-10-12,25,32.8,4.9,31.0,17.0,6.1
2018-10-12,26,32.9,5.1,30.0,17.1,6.1
2018-10-12,27,32.6,5.1,28.9,17.4,7.3
2018-10-12,28,32.9,4.7,29.2,17.3,7.4
2018-10-12,29,33.4,4.0,30.2,17.5,6.3
2018-10-12,30,32.7,3.0,31.6,17.4,6.2
2018-10-12,31,31.5,2.0,34.4,17.0,6.1
2018-10-12,32,31.2,1.2,35.7,16.5,6.1
2018-10-12,33,31.3,0.5,35.6,16.2,6.6
2018-10-12,34,31.7,0.2,35.6,16.3,6.7
2018-10-12,35,31.0,0.0,37.1,15.9,6.9
2018-10-12,36,30.8,0.0,38.0,15.8,6.8
2018-10-12,37,31.1,0.0,37.5,16.2,7.0
2018-10-12,38,31.6,0.0,36.0,16.6,7.2
2018-10-12,39,32.4,0.0,34.8,17.2,7.5
2018-10-12,40,33.6,0.0,32.7,18.0,7.8
2018-10-12,41,34.3,0.0,31.3,18.7,7.9
2018-10-12,42,35.6,0.0,28.8,19.5,8.3
2018-10-12,43,35.9,0.0,27.8,21.2,6.2
2018-10-12,44,35.8,0.0,26.9,22.2,6.5
2018-10-12,45,36.8,0.0,26.8,23.1,4.7
2018-10-12,46,37.6,0.0,25.6,23.3,4.8
2018-10-12,47,38.8,0.0,24.7,24.3,4.1
2018-10-12,48,35.6,0.0,26.1,24.8,4.5
2018-10-13,1,35.5,0.0,24.1,24.9,6.5
2018-10-13,2,35.0,0.0,24.6,24.7,6.5
2018-10-13,3,35.2,0.0,22.9,25.0,7.2
2018-10-13,4,34.7,0.0,22.0,25.5,7.4
2018-10-13,5,34.8,0.0,21.0,25.9,7.6
2018-10-13,6,33.7,0.0,21.5,26.2,7.7
2018-10-13,7,32.6,0.0,21.4,26.6,8.0
2018-10-13,8,32.0,0.0,22.2,26.3,7.9
2018-10-13,9,30.0,0.0,24.2,26.4,7.3
2018-10-13,10,28.5,0.0,26.8,25.8,7.1
2018-10-13,11,27.1,0.0,28.6,25.2,7.5
2018-10-13,12,25.6,0.0,30.8,24.4,7.3
2018-10-13,13,23.3,0.0,39.6,22.8,3.4
2018-10-13,14,21.5,0.2,42.5,21.7,3.4
2018-10-13,15,19.6,0.6,43.1,20.2,6.8
2018-10-13,16,18.1,1.1,44.8,19.3,6.6
2018-10-13,17,17.7,1.8,44.5,18.0,7.7
2018-10-13,18,17.3,2.6,43.7,17.9,7.6
2018-10-13,19,17.5,3.6,42.9,17.6,7.4
2018-10-13,20,18.9,4.8,41.4,17.3,7.3
2018-10-13,21,19.9,6.4,39.5,17.2,7.3
2018-10-13,22,20.6,8.0,38.5,17.1,7.3
2018-10-13,23,21.1,9.4,36.9,17.2,6.8
2018-10-13,24,20.6,10.4,35.9,17.5,6.9
2018-10-13,25,20.2,10.8,36.6,17.7,6.4
2018-10-13,26,20.9,10.5,36.1,17.8,6.3
2018-10-13,27,22.7,9.8,35.7,18.1,5.3
2018-10-13,28,25.0,8.8,34.0,18.5,5.4
2018-10-13,29,27.9,7.3,31.3,18.7,7.0
2018-10-13,30,30.7,5.5,30.0,19.0,7.1
2018-10-13,31,31.8,3.8,32.4,19.3,4.7
2018-10-13,32,32.9,2.2,33.5,18.9,4.6
2018-10-13,33,31.9,1.1,33.1,18.5,7.6
2018-10-13,34,29.7,0.4,36.5,18.1,7.5
2018-10-13,35,28.1,0.1,38.0,17.5,7.7
2018-10-13,36,27.7,0.0,38.7,17.2,7.6
2018-10-13,37,29.0,0.0,35.6,17.8,8.2
2018-10-13,38,30.2,0.0,32.2,18.7,8.6
2018-10-13,39,31.1,0.0,30.2,19.3,9.0
2018-10-13,40,32.0,0.0,28.7,19.8,9.5
2018-10-13,41,33.6,0.0,29.2,20.7,6.9
2018-10-13,42,34.4,0.0,27.5,21.6,7.6
2018-10-13,43,33.8,0.0,26.1,22.9,7.1
2018-10-13,44,31.8,0.0,26.7,23.7,7.2
2018-10-13,45,30.9,0.0,24.1,24.8,11.1
2018-10-13,46,30.6,0.0,24.0,25.7,10.7
2018-10-13,47,30.3,0.0,23.0,26.6,11.9
2018-10-13,48,30.0,0.0,24.9,26.2,9.9
2018-10-14,1,29.6,0.0,26.0,25.7,9.8
2018-10-14,2,28.3,0.0,26.1,25.9,9.9
2018-10-14,3,24.9,0.0,26.8,27.4,10.4
2018-10-14,4,28.4,0.0,23.5,27.1,10.4
2018-10-14,5,27.4,0.0,23.2,27.7,10.6
2018-10-14,6,24.9,0.0,25.8,27.9,10.6
2018-10-14,7,20.1,0.0,28.6,28.1,11.9
2018-10-14,8,18.6,0.0,30.5,27.4,11.9
2018-10-14,9,16.6,0.0,32.7,27.0,12.4
2018-10-14,10,15.4,0.0,34.6,26.5,12.2
2018-10-14,11,13.3,0.0,36.3,25.7,12.5
2018-10-14,12,11.6,0.0,39.3,24.7,11.5
2018-10-14,13,9.7,0.0,42.6,23.6,11.7
2018-10-14,14,8.3,0.1,46.0,22.5,11.1
2018-10-14,15,7.3,0.1,46.6,21.2,11.5
2018-10-14,16,6.6,0.3,48.3,20.1,10.9
2018-10-14,17,6.3,0.5,49.1,19.1,10.4
2018-10-14,18,6.3,0.7,50.4,18.5,10.0
2018-10-14,19,6.4,1.0,50.2,17.9,9.6
2018-10-14,20,6.7,1.4,52.0,17.7,9.5
2018-10-14,21,6.5,1.8,51.9,17.5,9.4
2018-10-14,22,7.3,2.3,50.7,17.0,9.1
2018-10-14,23,7.8,2.7,50.1,16.7,8.8
2018-10-14,24,7.7,3.1,50.5,16.6,8.8
2018-10-14,25,8.0,3.5,50.2,16.9,8.9
2018-10-14,26,7.8,4.0,49.2,17.2,9.1
2018-10-14,27,7.7,4.4,49.3,17.1,9.1
2018-10-14,28,7.6,4.8,49.2,17.1,9.1
2018-10-14,29,7.5,4.9,49.3,17.1,9.0
2018-10-14,30,7.5,4.5,49.4,17.0,9.0
2018-10-14,31,7.8,3.7,49.9,16.6,8.8
2018-10-14,32,8.4,2.6,50.6,16.4,8.6
2018-10-14,33,8.9,1.5,51.3,16.1,8.6
2018-10-14,34,8.9,0.6,51.3,15.9,8.5
2018-10-14,35,9.0,0.1,51.1,15.5,8.3
2018-10-14,36,8.9,0.0,51.0,15.4,8.3
2018-10-14,37,9.1,0.0,50.7,15.5,8.3
2018-10-14,38,9.1,0.0,50.2,16.0,8.6
2018-10-14,39,9.3,0.0,52.8,16.5,8.6
2018-10-14,40,9.6,0.0,52.0,17.1,8.9
2018-10-14,41,10.6,0.0,49.1,17.9,9.4
2018-10-14,42,11.4,0.0,46.4,18.9,10.0
2018-10-14,43,11.9,0.0,45.3,19.8,10.4
2018-10-14,44,12.6,0.0,42.9,21.1,11.1
2018-10-14,45,13.8,0.0,41.8,22.3,10.3
2018-10-14,46,15.4,0.0,39.5,22.8,10.5
2018-10-14,47,15.9,0.0,38.8,23.6,10.3
2018-10-14,48,14.7,0.0,38.9,23.9,11.0
2018-10-15,1,14.7,0.0,38.1,24.1,11.1
2018-10-15,2,13.8,0.0,38.8,24.1,11.1
2018-10-15,3,11.9,0.0,39.6,24.6,11.4
2018-10-15,4,13.6,0.0,38.6,24.3,11.2
2018-10-15,5,13.6,0.0,38.4,24.4,11.3
2018-10-15,6,14.6,0.0,37.1,24.4,11.3
2018-10-15,7,14.2,0.0,36.6,24.6,11.7
2018-10-15,8,13.3,0.0,37.0,24.5,11.6
2018-10-15,9,12.6,0.0,38.8,23.7,11.2
2018-10-15,10,11.7,0.0,40.4,22.6,10.2
2018-10-15,11,10.8,0.0,43.4,20.9,6.5
2018-10-15,12,9.2,0.0,46.8,18.8,5.9
2018-10-15,13,7.8,0.0,52.3,16.5,4.4
2018-10-15,14,7.3,0.0,54.4,15.5,4.2
2018-10-15,15,7.3,0.2,54.1,15.0,5.0
2018-10-15,16,7.4,0.5,54.0,15.0,5.0
2018-10-15,17,7.7,0.8,53.7,14.7,4.7
2018-10-15,18,7.5,1.2,53.4,14.5,4.7
2018-10-15,19,7.6,1.7,53.4,14.5,4.2
2018-10-15,20,7.7,2.4,53.0,14.4,4.2
2018-10-15,21,7.8,3.2,52.8,14.4,3.6
2018-10-15,22,7.6,4.0,52.8,14.4,3.6
2018-10-15,23,7.6,4.4,51.9,14.3,4.4
2018-10-15,24,7.6,4.5,51.6,14.3,4.4
2018-10-15,25,7.5,4.4,51.9,14.4,4.5
2018-10-15,26,7.5,4.3,52.1,14.6,4.4
2018-10-15,27,7.4,4.0,51.6,14.6,4.7
2018-10-15,28,7.4,3.7,52.4,14.7,4.5
2018-10-15,29,7.2,3.3,54.0,14.8,2.4
2018-10-15,30,6.8,2.6,54.1,14.7,2.3
2018-10-15,31,6.5,1.9,53.1,14.3,4.5
2018-10-15,32,6.3,1.2,54.1,14.2,4.5
2018-10-15,33,6.2,0.7,53.8,13.9,6.0
2018-10-15,34,6.4,0.3,52.5,13.7,6.1
2018-10-15,35,6.4,0.1,52.5,13.6,6.3
2018-10-15,36,6.4,0.0,52.5,13.4,6.3
2018-10-15,37,6.3,0.0,52.2,13.6,7.3
2018-10-15,38,6.1,0.0,53.2,13.9,7.5
2018-10-15,39,6.8,0.0,54.2,14.4,6.0
2018-10-15,40,8.1,0.0,54.2,15.1,6.1
2018-10-15,41,8.8,0.0,54.2,15.9,5.2
2018-10-15,42,9.6,0.0,52.5,16.8,5.6
2018-10-15,43,10.4,0.0,47.0,18.0,9.4
2018-10-15,44,11.7,0.0,43.5,19.1,10.1
2018-10-15,45,12.9,0.0,40.4,20.5,9.4
2018-10-15,46,13.4,0.0,37.1,21.7,10.4
2018-10-15,47,14.2,0.0,35.6,22.5,9.9
2018-10-15,48,15.6,0.0,33.2,22.4,10.7
2018-10-16,1,15.9,0.0,32.3,22.4,11.3
2018-10-16,2,16.1,0.0,31.8,22.4,11.7
2018-10-16,3,16.2,0.0,31.5,22.4,12.3
2018-10-16,4,16.5,0.0,31.4,22.7,12.6
2018-10-16,5,17.4,0.0,30.0,23.0,12.9
2018-10-16,6,17.6,0.0,28.5,23.2,13.1
2018-10-16,7,18.1,0.0,28.0,23.1,13.0
2018-10-16,8,19.1,0.0,27.3,22.9,12.9
2018-10-16,9,19.2,0.0,32.3,22.3,7.5
2018-10-16,10,19.0,0.0,32.9,21.3,7.1
2018-10-16,11,17.6,0.0,40.4,19.3,3.2
2018-10-16,12,15.9,0.0,44.7,17.7,2.9
2018-10-16,13,15.1,0.0,46.3,16.4,3.2
2018-10-16,14,15.3,0.1,46.0,15.8,3.1
2018-10-16,15,15.4,0.4,44.9,15.5,4.0
2018-10-16,16,16.5,1.0,44.6,15.5,4.0
2018-10-16,17,17.1,1.9,44.5,15.1,3.9
2018-10-16,18,17.1,2.9,43.2,15.0,4.1
2018-10-16,19,16.8,3.9,42.5,14.5,3.9
2018-10-16,20,16.6,5.1,42.2,14.4,3.8
2018-10-16,21,17.2,6.3,40.8,14.2,4.1
2018-10-16,22,17.1,7.4,41.0,14.2,3.9
2018-10-16,23,17.8,7.7,40.4,14.4,2.9
2018-10-16,24,18.3,7.4,40.3,14.6,2.5
2018-10-16,25,18.8,6.8,40.7,14.9,2.0
2018-10-16,26,19.4,6.4,39.7,15.2,1.9
2018-10-16,27,19.6,5.8,40.7,15.3,1.1
2018-10-16,28,20.4,5.3,40.5,15.3,0.9
2018-10-16,29,20.6,4.8,40.2,15.7,0.6
2018-10-16,30,20.4,4.0,41.7,15.5,0.6
2018-10-16,31,19.2,3.0,43.2,15.2,0.9
2018-10-16,32,18.5,1.9,45.5,14.8,1.1
2018-10-16,33,18.0,1.1,46.7,14.7,0.8
2018-10-16,34,17.1,0.5,47.0,14.5,0.8
2018-10-16,35,16.4,0.1,46.7,14.1,1.9
2018-10-16,36,15.7,0.0,47.1,13.9,2.0
2018-10-16,37,16.4,0.0,45.6,14.1,5.7
2018-10-16,38,17.0,0.0,44.5,14.4,5.8
2018-10-16,39,17.7,0.0,45.9,15.0,1.9
2018-10-16,40,17.8,0.0,46.5,15.7,2.0
2018-10-16,41,18.2,0.0,46.2,16.3,2.8
2018-10-16,42,19.3,0.0,45.4,17.3,3.0
2018-10-16,43,19.8,0.0,42.9,18.2,3.3
2018-10-16,44,20.4,0.0,42.7,19.5,3.9
2018-10-16,45,21.6,0.0,38.7,21.4,7.0
2018-10-16,46,21.5,0.0,38.7,22.2,7.0
2018-10-16,47,21.8,0.0,36.9,23.2,8.3
2018-10-16,48,20.3,0.0,35.8,23.1,9.7
2018-10-17,1,19.0,0.0,36.3,23.2,10.4
2018-10-17,2,18.3,0.0,37.8,22.8,10.2
2018-10-17,3,19.1,0.0,37.2,22.7,10.2
2018-10-17,4,18.3,0.0,37.0,23.3,10.4
2018-10-17,5,18.0,0.0,36.6,23.7,10.6
2018-10-17,6,17.7,0.0,36.4,23.8,10.7
2018-10-17,7,17.2,0.0,37.0,23.7,10.6
2018-10-17,8,16.3,0.0,37.5,23.7,10.6
2018-10-17,9,14.9,0.0,46.7,23.0,2.4
2018-10-17,10,13.7,0.0,46.4,21.8,1.9
2018-10-17,11,11.3,0.0,50.1,19.4,0.8
2018-10-17,12,10.1,0.0,51.3,17.5,0.3
2018-10-17,13,8.7,0.0,53.1,15.8,0.4
2018-10-17,14,8.1,0.1,53.8,14.9,0.4
2018-10-17,15,7.9,0.5,53.5,14.9,0.4
2018-10-17,16,7.7,1.2,52.7,14.8,0.4
2018-10-17,17,7.6,2.1,52.2,14.6,0.6
2018-10-17,18,7.5,3.2,51.9,14.6,0.7
2018-10-17,19,7.5,4.3,50.6,14.3,2.6
2018-10-17,20,7.5,5.2,50.4,14.2,2.6
2018-10-17,21,7.5,5.8,49.9,14.0,2.6
2018-10-17,22,7.6,6.3,50.6,14.1,2.6
2018-10-17,23,7.6,6.5,50.9,14.0,2.5
2018-10-17,24,7.7,6.6,50.8,14.1,2.5
2018-10-17,25,8.0,6.7,50.4,14.5,2.5
2018-10-17,26,7.8,6.5,50.9,14.6,2.5
2018-10-17,27,8.0,6.1,52.2,14.8,0.6
2018-10-17,28,7.9,5.5,52.3,15.0,0.5
2018-10-17,29,7.9,4.7,52.4,15.0,0.4
2018-10-17,30,7.6,3.9,52.5,14.8,0.4
2018-10-17,31,7.4,3.0,52.3,14.3,0.4
2018-10-17,32,7.1,2.0,52.8,13.9,0.6
2018-10-17,33,7.1,1.0,51.3,13.6,3.6
2018-10-17,34,7.0,0.4,51.4,13.4,3.6
2018-10-17,35,6.8,0.1,50.6,13.2,4.3
2018-10-17,36,6.6,0.0,49.8,13.0,4.2
2018-10-17,37,6.6,0.0,50.1,13.0,6.2
2018-10-17,38,7.1,0.0,50.5,13.4,6.6
2018-10-17,39,7.6,0.0,53.0,13.8,2.7
2018-10-17,40,7.9,0.0,54.1,14.4,2.8
2018-10-17,41,7.9,0.0,54.2,15.1,4.0
2018-10-17,42,8.2,0.0,54.6,16.0,4.4
2018-10-17,43,8.7,0.0,54.4,17.0,4.9
2018-10-17,44,9.2,0.0,53.2,18.2,5.3
2018-10-17,45,10.0,0.0,47.0,19.3,10.0
2018-10-17,46,11.2,0.0,44.2,20.1,10.4
2018-10-17,47,11.8,0.0,40.9,21.0,12.5
2018-10-17,48,10.3,0.0,43.6,21.4,10.5
2018-10-18,1,10.3,0.0,44.8,21.1,10.3
2018-10-18,2,10.7,0.0,44.6,20.9,10.2
2018-10-18,3,11.4,0.0,44.0,20.9,10.2
2018-10-18,4,11.0,0.0,43.7,21.3,10.4
2018-10-18,5,10.7,0.0,43.6,21.6,10.6
2018-10-18,6,10.6,0.0,43.1,21.7,10.7
2018-10-18,7,10.5,0.0,43.6,21.6,10.6
2018-10-18,8,10.2,0.0,44.0,21.5,10.5
2018-10-18,9,9.7,0.0,48.4,20.9,6.2
2018-10-18,10,9.3,0.0,49.8,20.0,5.6
2018-10-18,11,8.8,0.0,55.1,18.3,0.9
2018-10-18,12,8.0,0.0,56.5,16.8,0.8
2018-10-18,13,7.2,0.0,54.3,15.0,6.2
2018-10-18,14,6.9,0.4,52.8,14.3,6.5
2018-10-18,15,6.4,1.3,52.0,14.0,7.8
2018-10-18,16,5.8,2.7,52.4,14.0,7.9
2018-10-18,17,5.5,4.4,51.6,13.4,7.8
2018-10-18,18,5.5,6.2,50.6,13.3,7.7
2018-10-18,19,5.4,8.0,49.9,13.3,7.3
2018-10-18,20,5.5,10.2,48.4,13.0,7.5
2018-10-18,21,5.8,12.4,46.8,12.6,7.7
2018-10-18,22,6.1,14.5,45.1,12.3,8.0
2018-10-18,23,6.5,16.4,43.5,12.0,8.3
2018-10-18,24,7.1,18.0,42.0,11.6,8.8
2018-10-18,25,7.9,19.3,40.5,11.4,9.3
2018-10-18,26,5.7,13.0,47.2,14.0,6.6
2018-10-18,27,5.6,11.8,48.5,14.1,6.2
2018-10-18,28,5.5,10.6,49.2,14.2,6.2
2018-10-18,29,5.4,9.1,49.8,14.2,6.8
2018-10-18,30,5.3,7.5,50.7,14.1,6.7
2018-10-18,31,5.2,5.8,50.6,14.1,7.8
2018-10-18,32,4.8,3.9,52.2,13.8,7.7
2018-10-18,33,4.7,2.1,52.1,13.6,7.7
2018-10-18,34,4.7,0.8,51.4,13.4,7.6
2018-10-18,35,4.7,0.2,51.3,13.1,7.4
2018-10-18,36,4.6,0.0,51.3,12.8,7.3
2018-10-18,37,4.6,0.0,51.5,13.0,7.3
2018-10-18,38,4.7,0.0,52.5,13.0,7.5
2018-10-18,39,4.9,0.0,53.0,13.0,7.7
2018-10-18,40,5.1,0.0,53.4,13.2,8.0
2018-10-18,41,5.5,0.0,53.9,13.5,8.2
2018-10-18,42,6.2,0.0,54.3,14.1,8.6
2018-10-18,43,7.3,0.0,54.9,15.1,9.2
2018-10-18,44,8.5,0.0,53.1,16.3,9.9
2018-10-18,45,9.5,0.0,50.5,18.3,10.2
2018-10-18,46,9.9,0.0,46.9,20.0,11.4
2018-10-18,47,10.5,0.0,45.8,21.0,11.5
2018-10-18,48,12.2,0.0,42.9,21.1,11.6
2018-10-19,1,12.5,0.0,42.9,20.6,12.0
2018-10-19,2,12.8,0.0,43.3,20.0,12.2
2018-10-19,3,13.9,0.0,42.1,20.0,12.4
2018-10-19,4,12.9,0.0,41.8,20.7,12.9
2018-10-19,5,13.2,0.0,40.3,21.4,13.1
2018-10-19,6,13.8,0.0,39.4,21.9,12.7
2018-10-19,7,13.9,0.0,39.7,21.8,12.6
2018-10-19,8,14.2,0.0,40.3,21.6,12.0
2018-10-19,9,14.1,0.0,44.3,20.7,8.7
2018-10-19,10,14.4,0.0,45.7,19.4,7.6
2018-10-19,11,13.6,0.0,51.8,17.4,2.3
2018-10-19,12,13.6,0.0,51.0,15.8,1.9
2018-10-19,13,13.1,0.0,51.5,14.6,1.9
2018-10-19,14,13.3,0.3,51.6,13.9,1.2
2018-10-19,15,12.4,1.1,51.0,13.5,3.9
2018-10-19,16,11.6,2.5,50.8,13.2,3.9
2018-10-19,17,11.4,4.2,51.0,12.7,2.1
2018-10-19,18,11.8,6.2,49.9,12.9,2.1
2018-10-19,19,11.8,8.0,49.8,13.1,0.6
2018-10-19,20,12.3,9.6,48.5,13.0,0.7
2018-10-19,21,12.1,11.1,47.2,13.1,1.4
2018-10-19,22,11.9,12.4,46.0,13.1,1.4
2018-10-19,23,11.6,13.5,44.7,13.1,1.9
2018-10-19,24,11.6,14.2,44.9,13.2,1.9
2018-10-19,25,12.0,14.4,43.3,13.5,4.0
2018-10-19,26,12.3,13.9,42.9,13.8,4.1
2018-10-19,27,12.6,12.7,44.8,13.9,2.9
2018-10-19,28,11.9,11.4,46.5,14.1,2.7
2018-10-19,29,11.7,10.0,48.6,14.2,1.1
2018-10-19,30,11.2,8.2,49.4,14.1,1.1
2018-10-19,31,9.4,6.1,48.7,13.8,4.8
2018-10-19,32,8.3,3.8,50.6,13.5,4.7
2018-10-19,33,7.0,1.9,50.9,13.5,6.1
2018-10-19,34,6.0,0.6,52.3,13.2,6.2
2018-10-19,35,5.4,0.1,51.1,12.7,7.6
2018-10-19,36,4.7,0.0,51.4,12.5,7.6
2018-10-19,37,4.4,0.0,52.1,12.8,7.7
2018-10-19,38,4.2,0.0,53.1,13.1,7.9
2018-10-19,39,4.6,0.0,53.0,13.3,8.0
2018-10-19,40,5.1,0.0,53.2,13.7,8.3
2018-10-19,41,5.2,0.0,53.6,14.3,8.5
2018-10-19,42,5.5,0.0,53.1,15.0,9.0
2018-10-19,43,5.7,0.0,51.0,16.2,9.5
2018-10-19,44,6.2,0.0,48.4,17.3,10.1
2018-10-19,45,7.0,0.0,46.4,18.7,11.0
2018-10-19,46,8.3,0.0,44.4,20.1,12.1
2018-10-19,47,8.9,0.0,43.4,20.5,12.6
2018-10-19,48,8.9,0.0,45.1,22.1,12.3
2018-10-20,1,9.3,0.0,45.6,21.8,12.1
2018-10-20,2,10.2,0.0,46.1,21.0,11.7
2018-10-20,3,12.1,0.0,44.9,21.0,11.7
2018-10-20,4,12.0,0.0,44.7,21.4,12.2
2018-10-20,5,12.6,0.0,44.2,21.3,12.7
2018-10-20,6,13.0,0.0,43.7,21.1,12.9
2018-10-20,7,13.7,0.0,43.5,20.8,12.9
2018-10-20,8,15.4,0.0,46.6,22.3,7.0
2018-10-20,9,14.7,0.0,43.0,20.7,12.8
2018-10-20,10,14.8,0.0,43.3,20.5,12.3
2018-10-20,11,14.7,0.0,44.2,19.9,12.1
2018-10-20,12,14.4,0.0,45.0,19.9,11.7
2018-10-20,13,14.5,0.0,46.0,18.9,11.8
2018-10-20,14,13.8,0.0,47.6,18.2,11.7
2018-10-20,15,14.2,0.0,48.2,17.3,11.7
2018-10-20,16,14.2,0.0,47.9,17.0,11.7
2018-10-20,17,14.0,0.0,48.9,16.6,11.2
2018-10-20,18,14.1,3.3,47.2,15.9,10.8
2018-10-20,19,13.8,7.0,45.7,15.5,10.0
2018-10-20,20,13.6,10.9,42.6,15.2,9.8
2018-10-20,21,14.0,12.2,41.1,15.5,9.4
2018-10-20,22,14.7,13.4,39.1,15.9,9.4
2018-10-20,23,15.6,14.7,36.8,16.3,9.1
2018-10-20,24,15.3,15.9,35.4,16.6,9.2
2018-10-20,25,15.2,16.3,35.5,16.7,9.3
2018-10-20,26,15.9,16.1,34.8,16.7,9.4
2018-10-20,27,16.7,15.4,34.3,16.7,9.6
2018-10-20,28,17.1,13.9,34.8,16.8,9.8
2018-10-20,29,16.8,12.0,36.8,17.0,9.9
2018-10-20,30,16.0,9.6,39.9,16.9,9.9
2018-10-20,31,15.0,7.0,44.8,16.3,8.6
2018-10-20,32,14.4,4.4,48.2,15.6,8.3
2018-10-20,33,13.7,2.2,48.7,15.5,9.2
2018-10-20,34,12.8,0.8,47.6,15.4,9.2
2018-10-20,35,12.1,0.1,47.6,15.0,8.7
2018-10-20,36,12.2,0.0,47.5,14.9,8.5
2018-10-20,37,12.7,0.0,46.7,15.2,8.6
2018-10-20,38,13.2,0.0,47.1,15.7,8.9
2018-10-20,39,14.1,0.0,47.6,16.2,9.2
2018-10-20,40,14.4,0.0,47.4,16.7,9.5
2018-10-20,41,15.3,0.0,47.4,17.3,9.6
2018-10-20,42,15.6,0.0,46.5,17.9,10.2
2018-10-20,43,15.7,0.0,47.4,18.7,9.4
2018-10-20,44,16.1,0.0,45.6,19.4,9.7
2018-10-20,45,17.2,0.0,43.6,20.5,9.7
2018-10-20,46,18.8,0.0,40.2,21.1,10.3
2018-10-20,47,19.6,0.0,39.0,21.9,10.2
2018-10-20,48,18.9,0.0,39.0,21.2,10.7
2018-10-21,1,19.5,0.0,39.3,21.0,10.1
2018-10-21,2,19.4,0.0,39.1,21.3,10.2
2018-10-21,3,17.8,0.0,39.3,22.1,10.5
2018-10-21,4,20.7,0.0,36.6,22.2,10.4
2018-10-21,5,21.7,0.0,35.0,22.8,10.1
2018-10-21,6,22.5,0.0,32.9,23.7,10.4
2018-10-21,7,23.0,0.0,31.0,24.5,10.8
2018-10-21,8,23.8,0.0,30.1,24.5,10.9
2018-10-21,9,24.0,0.0,30.3,24.1,10.9
2018-10-21,10,24.1,0.0,30.6,23.9,10.8
2018-10-21,11,23.7,0.0,32.0,23.1,10.8
2018-10-21,12,23.6,0.0,33.6,22.4,10.5
2018-10-21,13,23.1,0.0,35.2,22.0,10.0
2018-10-21,14,23.6,0.4,35.6,21.2,9.9
2018-10-21,15,22.8,1.5,35.8,19.8,9.9
2018-10-21,16,22.1,3.3,36.4,18.3,9.7
2018-10-21,17,21.5,5.6,34.3,17.4,11.3
2018-10-21,18,20.3,7.9,34.7,17.1,11.1
2018-10-21,19,19.8,10.0,33.9,16.6,10.8
2018-10-21,20,19.5,11.8,32.8,16.4,10.5
2018-10-21,21,20.8,13.2,31.3,16.1,10.0
2018-10-21,22,21.7,14.6,28.8,16.2,10.0
2018-10-21,23,21.3,15.4,29.6,16.2,9.6
2018-10-21,24,22.0,15.6,28.8,16.2,9.6
2018-10-21,25,22.9,15.5,28.2,16.4,9.6
2018-10-21,26,23.7,15.1,26.9,16.7,10.1
2018-10-21,27,23.5,14.0,27.1,17.1,10.6
2018-10-21,28,23.9,12.6,27.3,17.5,10.9
2018-10-21,29,23.5,10.4,29.8,17.0,11.3
2018-10-21,30,24.0,8.0,33.1,16.3,11.3
2018-10-21,31,24.0,5.6,36.2,16.0,10.9
2018-10-21,32,23.3,3.3,39.7,15.7,10.9
2018-10-21,33,23.3,1.5,42.3,15.3,10.5
2018-10-21,34,23.4,0.5,42.4,15.1,10.2
2018-10-21,35,21.8,0.1,43.6,15.1,9.2
2018-10-21,36,21.2,0.0,44.0,15.2,8.9
2018-10-21,37,22.9,0.0,42.6,15.3,8.8
2018-10-21,38,23.9,0.0,41.8,15.8,9.1
2018-10-21,39,24.6,0.0,42.4,16.2,9.3
2018-10-21,40,26.7,0.0,39.9,16.6,9.5
2018-10-21,41,27.7,0.0,37.3,17.5,9.4
2018-10-21,42,29.0,0.0,34.8,17.9,9.8
2018-10-21,43,31.9,0.0,31.9,18.2,9.7
2018-10-21,44,34.9,0.0,26.0,19.8,10.5
2018-10-21,45,36.6,0.0,24.8,21.1,8.3
2018-10-21,46,37.1,0.0,22.3,22.3,8.7
2018-10-21,47,38.4,0.0,21.2,23.2,7.7
2018-10-21,48,41.1,0.0,17.7,22.7,8.9
2018-10-22,1,40.8,0.0,18.1,22.7,8.9
2018-10-22,2,40.2,0.0,18.8,22.9,8.7
2018-10-22,3,40.4,0.0,18.0,23.6,8.9
2018-10-22,4,39.7,0.0,19.0,24.0,9.0
2018-10-22,5,39.8,0.0,18.5,24.2,9.1
2018-10-22,6,39.5,0.0,19.0,24.2,9.1
2018-10-22,7,39.6,0.0,18.5,24.4,9.1
2018-10-22,8,37.9,0.0,19.8,24.5,9.2
2018-10-22,9,37.1,0.0,22.0,23.9,7.7
2018-10-22,10,33.0,0.0,25.4,22.8,7.4
2018-10-22,11,29.1,0.0,33.0,20.2,6.3
2018-10-22,12,25.9,0.0,38.0,18.4,5.5
2018-10-22,13,21.9,0.0,42.6,16.3,6.2
2018-10-22,14,20.3,0.4,45.7,15.2,5.8
2018-10-22,15,19.2,1.4,44.4,14.6,8.1
2018-10-22,16,18.2,3.2,44.0,14.0,8.0
2018-10-22,17,17.2,5.5,43.6,13.6,7.8
2018-10-22,18,17.7,7.7,42.0,13.4,7.6
2018-10-22,19,18.1,9.9,40.1,13.5,7.5
2018-10-22,20,18.2,11.8,38.1,13.5,7.5
2018-10-22,21,19.0,13.2,37.3,13.5,6.2
2018-10-22,22,19.2,14.4,35.5,13.6,6.3
2018-10-22,23,20.1,15.0,34.5,13.6,6.0
2018-10-22,24,20.0,15.5,33.7,13.9,6.1
2018-10-22,25,20.2,15.4,31.6,14.4,7.9
2018-10-22,26,20.5,14.9,31.5,14.6,8.0
2018-10-22,27,20.7,14.0,32.2,14.7,8.1
2018-10-22,28,20.7,12.9,32.9,14.9,8.2
2018-10-22,29,21.2,11.2,33.7,15.0,8.2
2018-10-22,30,21.0,9.2,35.7,15.0,8.2
2018-10-22,31,20.8,6.8,38.6,14.8,8.1
2018-10-22,32,20.6,4.3,41.5,14.6,8.0
2018-10-22,33,21.0,2.1,43.8,14.2,7.9
2018-10-22,34,21.3,0.7,43.5,14.1,7.9
2018-10-22,35,21.5,0.1,43.8,13.6,7.6
2018-10-22,36,21.8,0.0,44.1,13.6,7.5
2018-10-22,37,22.7,0.0,42.7,13.8,7.7
2018-10-22,38,24.2,0.0,40.7,14.3,7.9
2018-10-22,39,25.4,0.0,39.7,15.0,8.0
2018-10-22,40,26.9,0.0,36.7,15.6,8.2
2018-10-22,41,28.1,0.0,34.1,16.5,8.2
2018-10-22,42,29.2,0.0,30.9,17.5,8.7
2018-10-22,43,30.9,0.0,31.6,18.6,5.5
2018-10-22,44,33.5,0.0,28.4,20.1,5.9
2018-10-22,45,35.8,0.0,24.3,22.1,7.8
2018-10-22,46,36.2,0.0,21.3,24.2,9.0
2018-10-22,47,37.6,0.0,19.1,25.5,9.7
2018-10-22,48,39.0,0.0,18.6,24.7,8.6
2018-10-23,1,39.4,0.0,20.3,24.7,6.7
2018-10-23,2,38.6,0.0,21.3,24.4,6.8
2018-10-23,3,37.7,0.0,20.2,24.8,8.3
2018-10-23,4,39.9,0.0,18.7,24.7,7.7
2018-10-23,5,40.7,0.0,21.2,25.2,3.7
2018-10-23,6,41.2,0.0,20.1,25.4,4.0
2018-10-23,7,41.6,0.0,20.5,25.1,3.7
2018-10-23,8,41.6,0.0,19.8,25.2,4.2
2018-10-23,9,40.3,0.0,17.8,24.2,8.9
2018-10-23,10,39.4,0.0,20.1,23.1,8.5
2018-10-23,11,37.5,0.0,22.1,21.3,10.1
2018-10-23,12,34.8,0.0,26.1,19.7,9.4
2018-10-23,13,31.3,0.0,35.5,17.5,4.9
2018-10-23,14,29.9,0.1,39.0,16.5,4.4
2018-10-23,15,29.3,0.4,39.7,16.0,4.2
2018-10-23,16,30.1,1.2,38.6,15.6,3.9
2018-10-23,17,30.2,2.4,35.2,15.5,5.7
2018-10-23,18,30.4,3.9,34.1,15.4,5.5
2018-10-23,19,30.6,5.5,35.3,15.5,2.6
2018-10-23,20,31.3,7.1,33.1,15.6,2.5
2018-10-23,21,31.5,8.5,31.3,15.6,2.9
2018-10-23,22,31.8,9.6,29.8,15.6,2.9
2018-10-23,23,31.6,10.3,28.1,15.6,3.6
2018-10-23,24,32.2,10.5,28.2,15.7,3.7
2018-10-23,25,32.5,10.5,28.3,15.9,3.1
2018-10-23,26,33.2,10.0,27.9,16.0,3.2
2018-10-23,27,33.1,9.1,27.1,16.1,5.1
2018-10-23,28,32.8,7.9,28.0,16.2,5.7
2018-10-23,29,32.5,6.6,30.0,16.2,5.1
2018-10-23,30,31.9,5.1,31.9,16.0,5.1
2018-10-23,31,31.2,3.4,34.0,15.8,5.3
2018-10-23,32,31.0,1.9,36.0,15.4,5.1
2018-10-23,33,30.3,0.8,36.1,15.0,8.0
2018-10-23,34,30.0,0.2,36.6,14.7,7.9
2018-10-23,35,28.8,0.0,38.1,14.4,7.7
2018-10-23,36,28.5,0.0,38.5,14.3,7.7
2018-10-23,37,29.1,0.0,37.4,14.5,7.8
2018-10-23,38,30.2,0.0,36.4,14.8,8.0
2018-10-23,39,31.5,0.0,35.8,15.4,6.6
2018-10-23,40,32.8,0.0,33.0,16.3,7.0
2018-10-23,41,33.0,0.0,31.7,17.2,6.3
2018-10-23,42,34.2,0.0,29.3,18.1,6.6
2018-10-23,43,36.2,0.0,27.0,18.9,5.7
2018-10-23,44,40.3,0.0,23.3,19.8,6.0
2018-10-23,45,41.6,0.0,22.3,20.2,5.7
2018-10-23,46,41.8,0.0,22.0,20.4,5.8
2018-10-23,47,42.1,0.0,21.2,21.1,5.8
2018-10-23,48,42.7,0.0,20.1,22.0,5.4
2018-10-24,1,44.2,0.0,17.4,23.4,4.9
2018-10-24,2,45.5,0.0,14.7,24.7,4.5
2018-10-24,3,46.7,0.0,12.3,25.5,4.3
2018-10-24,4,46.4,0.0,12.3,25.4,4.4
2018-10-24,5,46.2,0.0,12.4,25.3,4.5
2018-10-24,6,45.9,0.0,12.5,25.3,4.7
2018-10-24,7,45.5,0.0,12.7,25.4,4.8
2018-10-24,8,45.4,0.0,12.8,25.4,4.9
2018-10-24,9,45.0,0.0,13.1,25.3,5.0
2018-10-24,10,44.5,0.0,13.5,25.1,5.1
2018-10-24,11,44.2,0.0,13.8,24.9,5.2
2018-10-24,12,43.6,0.0,14.3,24.9,5.3
2018-10-24,13,42.5,0.0,15.7,24.6,5.5
2018-10-24,14,40.4,0.1,17.9,23.9,6.2
2018-10-24,15,36.8,0.3,22.3,22.1,7.1
2018-10-24,16,33.2,0.8,26.7,20.2,7.5
2018-10-24,17,29.4,1.5,31.9,18.0,6.9
2018-10-24,18,26.7,2.4,35.4,16.5,6.2
2018-10-24,19,24.7,3.5,37.7,15.4,5.6
2018-10-24,20,23.5,4.6,38.6,14.8,5.3
2018-10-24,21,22.8,5.7,38.5,14.6,5.2
2018-10-24,22,22.6,6.9,37.6,14.6,5.1
2018-10-24,23,22.4,8.0,36.4,14.7,5.1
2018-10-24,24,22.4,8.9,35.7,14.8,4.9
2018-10-24,25,22.3,9.5,35.2,14.9,4.8
2018-10-24,26,22.3,9.8,35.2,14.9,4.7
2018-10-24,27,22.5,9.7,34.9,15.1,4.7
2018-10-24,28,22.9,9.3,34.8,15.3,4.7
2018-10-24,29,23.3,8.7,34.8,15.6,4.7
2018-10-24,30,23.8,7.8,35.3,15.8,4.7
2018-10-24,31,24.2,6.6,35.6,16.0,4.8
2018-10-24,32,24.4,5.2,36.6,16.0,4.8
2018-10-24,33,24.5,3.7,38.0,15.9,4.8
2018-10-24,34,24.5,2.3,39.7,15.7,4.5
2018-10-24,35,24.0,1.1,42.1,15.2,4.1
2018-10-24,36,23.5,0.4,43.8,14.7,3.8
2018-10-24,37,22.7,0.1,44.6,14.1,3.8
2018-10-24,38,21.9,0.0,44.9,13.6,4.2
2018-10-24,39,21.2,0.0,45.1,13.2,4.6
2018-10-24,40,20.9,0.0,44.9,13.1,5.0
2018-10-24,41,21.1,0.0,44.5,13.3,5.3
2018-10-24,42,21.8,0.0,43.8,13.8,5.6
2018-10-24,43,22.8,0.0,42.7,14.5,5.8
2018-10-24,44,23.7,0.0,41.9,15.2,6.0
2018-10-24,45,24.5,0.0,40.5,15.9,6.3
2018-10-24,46,25.2,0.0,39.2,16.6,6.6
2018-10-24,47,26.0,0.0,37.8,17.4,6.9
2018-10-24,48,27.2,0.0,35.3,18.4,7.4
2018-10-25,1,28.7,0.0,32.3,19.7,7.9
2018-10-25,2,30.3,0.0,29.2,21.1,8.2
2018-10-25,3,31.9,0.0,25.9,22.5,8.4
2018-10-25,4,33.0,0.0,23.5,23.3,8.6
2018-10-25,5,33.0,0.0,23.0,23.4,8.9
2018-10-25,6,32.1,0.0,24.3,23.0,9.1
2018-10-25,7,32.0,0.0,24.4,23.2,9.1
2018-10-25,8,32.7,0.0,22.9,23.9,9.3
2018-10-25,9,33.6,0.0,21.4,24.7,8.7
2018-10-25,10,33.6,0.0,21.6,25.0,8.0
2018-10-25,11,33.3,0.0,21.9,25.2,7.7
2018-10-25,12,32.6,0.0,22.1,24.9,8.5
2018-10-25,13,30.7,0.0,24.2,24.0,9.3
2018-10-25,14,28.3,0.0,27.8,22.4,9.8
2018-10-25,15,25.3,0.2,33.4,20.5,9.6
2018-10-25,16,22.7,0.5,38.3,18.6,9.0
2018-10-25,17,20.3,1.0,43.0,16.8,7.9
2018-10-25,18,18.6,1.7,45.6,15.5,7.0
2018-10-25,19,17.5,2.4,46.7,14.5,6.4
2018-10-25,20,17.2,3.0,46.6,14.0,6.1
2018-10-25,21,17.2,3.7,45.7,13.7,6.1
2018-10-25,22,17.3,4.3,45.5,13.6,6.2
2018-10-25,23,17.5,4.9,45.3,13.7,6.2
2018-10-25,24,17.9,5.4,45.0,13.8,6.3
2018-10-25,25,18.3,5.7,44.2,14.0,6.4
2018-10-25,26,18.7,5.8,43.1,14.2,6.6
2018-10-25,27,19.1,5.6,42.6,14.2,6.7
2018-10-25,28,19.4,5.2,42.6,14.2,6.7
2018-10-25,29,19.6,4.6,42.9,14.3,6.6
2018-10-25,30,19.9,4.0,42.8,14.5,6.5
2018-10-25,31,20.2,3.3,42.8,14.6,6.5
2018-10-25,32,20.6,2.6,42.6,14.7,6.5
2018-10-25,33,21.1,1.8,43.0,14.7,6.4
2018-10-25,34,21.4,1.1,43.5,14.6,6.2
2018-10-25,35,21.7,0.6,44.1,14.5,6.0
2018-10-25,36,21.8,0.2,44.7,14.3,5.7
2018-10-25,37,21.5,0.1,45.0,14.0,5.4
2018-10-25,38,21.1,0.0,45.2,13.6,5.5
2018-10-25,39,20.7,0.0,45.5,13.2,5.8
2018-10-25,40,20.5,0.0,45.3,13.0,6.2
2018-10-25,41,20.9,0.0,44.3,13.2,6.6
2018-10-25,42,21.7,0.0,43.0,13.6,6.8
2018-10-25,43,22.8,0.0,41.8,14.2,7.1
2018-10-25,44,23.9,0.0,40.3,14.8,7.5
2018-10-25,45,25.0,0.0,39.0,15.5,7.9
2018-10-25,46,26.1,0.0,37.4,16.1,8.2
2018-10-25,47,27.4,0.0,35.8,16.8,8.4
2018-10-25,48,28.9,0.0,33.3,17.8,8.6
2018-10-26,1,31.0,0.0,30.4,18.9,8.6
2018-10-26,2,33.2,0.0,27.2,20.2,8.2
2018-10-26,3,35.7,0.0,23.4,21.7,7.8
2018-10-26,4,37.3,0.0,20.6,22.8,7.5
2018-10-26,5,38.6,0.0,18.0,23.6,7.8
2018-10-26,6,38.6,0.0,17.9,23.7,7.9
2018-10-26,7,39.3,0.0,17.5,23.9,7.5
2018-10-26,8,40.4,0.0,16.5,24.4,7.0
2018-10-26,9,41.5,0.0,15.3,24.9,6.5
2018-10-26,10,42.2,0.0,14.4,25.2,6.3
2018-10-26,11,42.3,0.0,14.5,25.2,6.2
2018-10-26,12,42.1,0.0,15.6,24.9,5.9
2018-10-26,13,41.5,0.0,17.5,24.3,5.6
2018-10-26,14,39.6,0.0,20.6,23.1,6.0
2018-10-26,15,37.2,0.2,24.0,21.4,7.1
2018-10-26,16,33.8,0.7,28.6,19.3,7.9
2018-10-26,17,31.1,1.5,31.8,17.6,8.0
2018-10-26,18,29.1,2.4,34.2,16.3,7.4
2018-10-26,19,28.0,3.4,34.5,15.6,7.0
2018-10-26,20,27.5,4.3,34.5,15.0,7.0
2018-10-26,21,27.5,5.2,33.7,14.8,6.9
2018-10-26,22,27.7,6.1,32.8,14.7,7.0
2018-10-26,23,28.1,7.0,31.7,14.6,7.0
2018-10-26,24,28.6,7.7,30.7,14.7,6.9
2018-10-26,25,29.1,8.3,30.0,14.7,6.9
2018-10-26,26,29.4,8.6,29.5,14.8,6.9
2018-10-26,27,29.7,8.5,29.5,14.8,6.8
2018-10-26,28,29.9,8.2,29.2,15.0,6.9
2018-10-26,29,30.4,7.6,29.2,15.2,7.0
2018-10-26,30,31.1,6.9,29.4,15.4,7.1
2018-10-26,31,31.7,6.0,29.9,15.6,7.2
2018-10-26,32,32.0,4.9,30.3,15.8,7.2
2018-10-26,33,32.1,3.6,30.8,15.9,7.2
2018-10-26,34,32.1,2.3,31.5,16.0,7.2
2018-10-26,35,31.8,1.2,32.2,16.0,7.0
2018-10-26,36,31.2,0.5,33.2,15.9,6.8
2018-10-26,37,30.2,0.1,34.5,15.4,6.7
2018-10-26,38,29.2,0.0,35.6,14.9,6.8
2018-10-26,39,28.2,0.0,36.7,14.5,6.9
2018-10-26,40,27.9,0.0,37.0,14.4,7.0
2018-10-26,41,28.1,0.0,36.7,14.5,7.1
2018-10-26,42,28.9,0.0,35.6,14.9,7.1
2018-10-26,43,29.8,0.0,34.5,15.3,7.4
2018-10-26,44,30.8,0.0,33.3,15.8,7.7
2018-10-26,45,32.1,0.0,31.5,16.4,8.1
2018-10-26,46,33.5,0.0,29.3,17.2,8.6
2018-10-26,47,34.9,0.0,27.1,18.1,8.9
2018-10-26,48,36.3,0.0,25.3,18.9,8.7
2018-10-27,1,37.7,0.0,23.9,19.7,8.1
2018-10-27,2,39.7,0.0,21.3,20.7,7.5
2018-10-27,3,41.5,0.0,18.8,21.8,6.8
2018-10-27,4,41.7,0.0,20.1,23.4,5.9
2018-10-27,5,42.2,0.0,19.1,23.8,5.9
2018-10-27,6,42.2,0.0,18.9,23.9,6.0
2018-10-27,7,42.5,0.0,18.4,24.4,5.4
2018-10-27,8,42.6,0.0,18.2,24.5,5.4
2018-10-27,9,41.6,0.0,19.1,24.4,5.4
2018-10-27,10,40.3,0.0,20.9,23.8,5.5
2018-10-27,11,38.1,0.0,23.7,22.7,4.9
2018-10-27,12,36.5,0.0,26.1,21.6,4.7
2018-10-27,13,32.7,0.0,29.9,20.0,5.4
2018-10-27,14,30.9,0.2,33.4,18.8,5.0
2018-10-27,15,27.9,1.0,36.9,17.5,3.8
2018-10-27,16,26.5,2.4,39.0,16.9,3.6
2018-10-27,17,24.5,4.4,37.9,16.5,4.2
2018-10-27,18,23.4,6.4,38.5,16.1,4.1
2018-10-27,19,24.1,8.1,37.1,15.9,3.6
2018-10-27,20,24.0,9.6,35.5,15.9,3.6
2018-10-27,21,24.1,10.4,35.1,15.9,3.8
2018-10-27,22,24.0,10.5,34.4,15.8,3.9
2018-10-27,23,24.0,10.2,35.3,15.8,4.2
2018-10-27,24,25.1,9.6,35.4,15.9,4.0
2018-10-27,25,25.3,9.0,35.3,16.1,4.2
2018-10-27,26,25.1,8.3,35.9,16.3,4.3
2018-10-27,27,24.8,7.4,36.4,16.3,4.4
2018-10-27,28,24.8,6.5,36.9,16.4,4.4
2018-10-27,29,25.0,5.6,35.7,16.5,6.9
2018-10-27,30,25.1,4.5,36.3,16.6,7.0
2018-10-27,31,24.1,3.2,36.8,16.4,8.6
2018-10-27,32,23.9,1.8,39.2,15.8,8.3
2018-10-27,33,23.2,0.8,40.5,15.3,8.9
2018-10-27,34,22.5,0.2,42.2,14.5,8.6
2018-10-27,35,21.5,0.0,42.3,14.1,8.0
2018-10-27,36,21.3,0.0,42.9,14.1,8.0
2018-10-27,37,22.5,0.0,41.8,14.4,8.2
2018-10-27,38,25.6,0.0,40.0,14.6,8.3
2018-10-27,39,26.7,0.0,40.9,15.2,6.2
2018-10-27,40,20.7,0.0,42.8,17.1,6.9
2018-10-27,41,20.5,0.0,42.1,18.3,6.0
2018-10-27,42,39.2,0.0,31.4,14.7,4.8
2018-10-27,43,44.2,0.0,28.6,14.1,4.0
2018-10-27,44,21.0,0.0,39.8,21.2,6.1
2018-10-27,45,22.2,0.0,35.1,21.6,9.2
2018-10-27,46,26.1,0.0,30.6,22.0,9.2
2018-10-27,47,24.8,0.0,29.5,22.8,10.8
2018-10-27,48,9.0,0.0,34.1,28.8,12.3
2018-10-28,1,9.0,0.0,33.4,29.3,12.6
2018-10-28,2,8.7,0.0,34.7,28.7,12.3
2018-10-28,3,8.7,0.0,34.5,28.9,12.4
2018-10-28,4,27.6,0.0,26.4,23.4,10.1
2018-10-28,5,28.8,0.0,25.9,23.0,9.9
2018-10-28,6,27.7,0.0,26.1,23.5,10.1
2018-10-28,7,27.6,0.0,26.7,23.3,10.0
2018-10-28,8,28.8,0.0,25.0,23.5,10.1
2018-10-28,9,28.4,0.0,24.5,23.9,10.3
2018-10-28,10,27.6,0.0,25.1,24.0,10.3
2018-10-28,11,27.1,0.0,26.1,23.8,10.2
2018-10-28,12,26.3,0.0,27.9,23.3,10.0
2018-10-28,13,25.5,0.0,29.4,22.7,10.1
2018-10-28,14,24.5,0.1,31.6,22.0,9.7
2018-10-28,15,22.9,0.6,33.3,20.7,10.1
2018-10-28,16,19.9,1.8,37.5,19.2,9.5
2018-10-28,17,17.5,3.6,39.8,17.7,10.0
2018-10-28,18,16.0,5.5,41.6,16.7,9.4
2018-10-28,19,14.3,7.5,42.6,16.0,9.1
2018-10-28,20,13.1,9.3,42.6,15.7,8.9
2018-10-28,21,13.0,10.6,42.4,15.3,8.7
2018-10-28,22,13.0,11.8,41.1,15.4,8.7
2018-10-28,23,11.9,12.5,41.2,15.7,8.7
2018-10-28,24,11.9,12.6,40.9,15.6,8.5
2018-10-28,25,11.3,12.5,42.0,15.6,8.3
2018-10-28,26,10.7,11.9,43.6,15.5,8.3
2018-10-28,27,10.6,10.9,44.3,15.5,8.3
2018-10-28,28,10.8,9.9,44.5,15.7,8.3
2018-10-28,29,11.4,8.6,44.1,15.7,8.4
2018-10-28,30,10.8,7.1,43.6,15.9,8.5
2018-10-28,31,10.4,5.1,45.2,15.7,8.4
2018-10-28,32,9.5,3.0,47.5,15.4,8.2
2018-10-28,33,9.1,1.3,49.1,14.9,7.9
2018-10-28,34,8.4,0.4,49.9,14.3,7.6
2018-10-28,35,8.4,0.0,49.4,13.4,7.3
2018-10-28,36,8.6,0.0,49.8,13.4,7.3
2018-10-28,37,9.5,0.0,50.3,13.2,7.4
2018-10-28,38,9.8,0.0,51.0,13.4,7.6
2018-10-28,39,10.3,0.0,51.3,13.7,7.7
2018-10-28,40,10.9,0.0,52.2,14.0,7.9
2018-10-28,41,11.6,0.0,51.9,14.7,8.3
2018-10-28,42,12.3,0.0,51.4,15.1,8.5
2018-10-28,43,13.3,0.0,51.4,15.9,8.7
2018-10-28,44,14.4,0.0,49.5,17.1,9.1
2018-10-28,45,15.4,0.0,50.4,18.1,6.2
2018-10-28,46,16.0,0.0,48.0,19.2,6.4
2018-10-28,47,16.5,0.0,41.5,20.8,10.5
2018-10-28,48,18.0,0.0,38.4,21.3,10.8
2018-10-29,1,18.4,0.0,38.9,21.3,10.2
2018-10-29,2,17.4,0.0,40.0,21.2,10.2
2018-10-29,3,15.6,0.0,40.4,22.1,10.6
2018-10-29,4,18.7,0.0,37.7,22.0,10.5
2018-10-29,5,18.6,0.0,36.6,22.6,10.7
2018-10-29,6,18.1,0.0,37.8,22.2,10.5
2018-10-29,7,17.5,0.0,38.9,21.9,10.5
2018-10-29,8,18.0,0.0,38.4,22.0,10.4
2018-10-29,9,17.1,0.0,38.6,22.3,10.5
2018-10-29,10,17.1,0.0,39.3,21.6,10.7
2018-10-29,11,17.2,0.0,39.0,20.8,11.0
2018-10-29,12,15.9,0.0,40.1,19.7,10.6
2018-10-29,13,14.6,0.0,45.1,18.1,5.8
2018-10-29,14,13.9,0.1,45.9,16.8,5.2
2018-10-29,15,11.9,0.7,49.3,14.9,4.6
2018-10-29,16,11.8,2.0,48.1,14.3,4.4
2018-10-29,17,11.2,3.8,46.8,13.9,4.2
2018-10-29,18,10.9,5.8,46.0,13.5,3.9
2018-10-29,19,10.3,7.6,45.7,13.3,3.3
2018-10-29,20,9.7,9.4,45.2,13.3,3.3
2018-10-29,21,9.6,10.8,44.5,13.3,3.4
2018-10-29,22,10.5,11.9,43.1,13.3,3.4
2018-10-29,23,10.7,12.7,42.8,13.4,3.4
2018-10-29,24,10.8,12.8,42.8,13.4,3.6
2018-10-29,25,11.0,12.5,43.4,13.3,3.5
2018-10-29,26,10.7,11.9,44.9,13.4,3.5
2018-10-29,27,10.8,10.8,44.9,13.3,3.7
2018-10-29,28,11.2,9.6,45.4,13.5,3.7
2018-10-29,29,11.1,8.2,46.3,13.6,3.4
2018-10-29,30,10.6,6.5,46.7,13.6,4.0
2018-10-29,31,10.0,4.7,48.5,13.7,3.4
2018-10-29,32,10.1,2.7,49.2,13.5,2.7
2018-10-29,33,9.8,1.2,48.6,13.6,3.4
2018-10-29,34,10.2,0.3,47.7,13.0,3.3
2018-10-29,35,10.2,0.0,46.9,12.5,4.1
2018-10-29,36,10.7,0.0,47.0,12.5,4.1
2018-10-29,37,11.0,0.0,47.6,12.6,3.2
2018-10-29,38,11.2,0.0,48.2,12.8,3.3
2018-10-29,39,11.4,0.0,49.0,13.1,4.4
2018-10-29,40,11.9,0.0,49.5,13.5,4.5
2018-10-29,41,12.5,0.0,50.8,14.1,3.1
2018-10-29,42,13.0,0.0,50.8,14.7,3.4
2018-10-29,43,13.3,0.0,51.1,14.7,3.2
2018-10-29,44,14.3,0.0,50.2,15.6,3.4
2018-10-29,45,14.3,0.0,50.2,16.5,3.2
2018-10-29,46,13.3,0.0,50.7,18.0,3.7
2018-10-29,47,11.2,0.0,50.3,20.9,6.2
2018-10-29,48,16.1,0.0,47.9,20.5,6.2
2018-10-30,1,15.8,0.0,45.1,20.6,9.7
2018-10-30,2,15.5,0.0,45.9,20.3,9.6
2018-10-30,3,15.6,0.0,45.9,20.2,9.9
2018-10-30,4,16.3,0.0,45.3,20.1,9.9
2018-10-30,5,17.2,0.0,44.4,20.1,9.9
2018-10-30,6,17.7,0.0,43.1,20.5,10.1
2018-10-30,7,17.9,0.0,42.2,20.8,10.2
2018-10-30,8,18.3,0.0,40.7,21.1,10.4
2018-10-30,9,18.5,0.0,44.3,21.4,6.0
2018-10-30,10,18.8,0.0,44.0,21.1,5.9
2018-10-30,11,18.3,0.0,46.8,20.3,3.6
2018-10-30,12,17.6,0.0,47.2,19.5,3.4
2018-10-30,13,15.9,0.0,49.5,17.4,2.1
2018-10-30,14,14.9,0.0,50.1,16.1,1.9
2018-10-30,15,13.5,0.1,51.7,14.7,1.6
2018-10-30,16,12.9,0.5,50.7,14.0,1.5
2018-10-30,17,12.5,1.2,50.1,13.8,1.4
2018-10-30,18,12.2,2.2,49.6,13.6,1.3
2018-10-30,19,12.1,3.3,50.4,13.9,0.6
2018-10-30,20,11.6,4.2,49.1,13.7,0.6
2018-10-30,21,11.4,4.9,48.5,13.6,0.7
2018-10-30,22,11.2,5.5,48.2,13.5,0.7
2018-10-30,23,10.8,6.0,47.9,13.5,1.3
2018-10-30,24,10.8,6.4,47.5,13.5,1.1
2018-10-30,25,10.7,6.6,47.1,13.4,1.6
2018-10-30,26,10.5,6.5,47.0,13.4,1.6
2018-10-30,27,10.5,6.2,47.6,13.4,1.6
2018-10-30,28,10.2,5.5,48.5,13.6,1.6
2018-10-30,29,10.0,4.7,49.0,13.7,1.7
2018-10-30,30,9.8,3.8,49.7,13.8,1.7
2018-10-30,31,9.9,2.8,50.4,13.8,2.8
2018-10-30,32,10.0,1.7,50.1,13.7,2.8
2018-10-30,33,9.7,0.8,48.8,13.3,5.9
2018-10-30,34,9.7,0.2,47.6,12.8,5.9
2018-10-30,35,9.2,0.0,47.0,12.4,6.3
2018-10-30,36,8.9,0.0,46.8,12.3,6.3
2018-10-30,37,8.7,0.0,46.8,12.4,6.5
2018-10-30,38,8.7,0.0,47.3,12.6,6.6
2018-10-30,39,9.0,0.0,48.5,12.9,4.5
2018-10-30,40,9.0,0.0,49.2,13.3,4.6
2018-10-30,41,9.2,0.0,50.1,13.6,4.7
2018-10-30,42,9.6,0.0,51.7,14.2,4.9
2018-10-30,43,9.7,0.0,52.7,14.8,5.8
2018-10-30,44,10.0,0.0,52.9,15.7,6.1
2018-10-30,45,10.5,0.0,55.7,16.5,2.9
2018-10-30,46,11.2,0.0,55.3,17.5,3.0
2018-10-30,47,11.3,0.0,55.8,17.9,2.5
2018-10-30,48,11.6,0.0,55.9,19.6,4.8
2018-10-31,1,10.7,0.0,56.2,19.5,5.8
2018-10-31,2,10.2,0.0,56.8,19.1,5.6
2018-10-31,3,10.6,0.0,54.5,18.8,7.9
2018-10-31,4,9.8,0.0,55.3,19.2,8.1
2018-10-31,5,10.2,0.0,53.3,19.6,9.2
2018-10-31,6,11.2,0.0,51.9,19.8,9.3
2018-10-31,7,11.5,0.0,52.9,20.2,7.5
2018-10-31,8,12.1,0.0,51.5,20.6,7.7
2018-10-31,9,12.6,0.0,54.4,20.7,4.2
2018-10-31,10,12.2,0.0,54.7,20.6,4.3
2018-10-31,11,12.0,0.0,54.1,19.7,4.6
2018-10-31,12,12.0,0.0,53.3,18.7,4.5
2018-10-31,13,11.4,0.0,53.3,17.1,4.3
2018-10-31,14,11.5,0.1,52.5,16.0,3.8
2018-10-31,15,11.2,0.5,52.8,14.9,2.5
2018-10-31,16,11.4,1.5,52.1,14.3,1.9
2018-10-31,17,10.9,3.0,51.8,14.1,2.2
2018-10-31,18,11.2,4.7,51.0,13.8,2.1
2018-10-31,19,10.8,6.2,49.7,13.7,2.5
2018-10-31,20,11.9,7.5,48.5,13.5,2.5
2018-10-31,21,12.6,8.4,46.8,13.2,2.4
2018-10-31,22,13.0,9.2,46.8,13.3,2.4
2018-10-31,23,13.0,9.4,46.0,13.3,2.4
2018-10-31,24,13.3,9.2,47.0,13.4,2.4
2018-10-31,25,13.1,8.4,46.4,13.3,2.3
2018-10-31,26,13.2,7.5,46.9,13.5,2.3
2018-10-31,27,12.7,6.7,48.1,13.6,2.3
2018-10-31,28,12.7,5.8,48.3,13.7,2.4
2018-10-31,29,12.8,4.8,49.3,13.7,1.9
2018-10-31,30,12.2,3.6,49.5,13.7,2.1
2018-10-31,31,13.3,2.3,49.3,13.8,1.0
2018-10-31,32,13.4,1.2,49.5,13.7,1.0
2018-10-31,33,13.5,0.4,47.6,13.6,5.0
2018-10-31,34,13.0,0.1,47.3,13.1,5.1
2018-10-31,35,12.5,0.0,46.1,12.7,6.7
2018-10-31,36,12.1,0.0,46.6,12.8,6.7
2018-10-31,37,12.1,0.0,47.5,13.1,6.9
2018-10-31,38,11.9,0.0,48.9,13.3,7.0
2018-10-31,39,11.6,0.0,49.8,13.6,7.1
2018-10-31,40,11.1,0.0,51.1,13.8,7.3
2018-10-31,41,10.5,0.0,52.1,14.3,7.4
2018-10-31,42,10.6,0.0,53.2,14.7,7.6
2018-10-31,43,11.1,0.0,52.8,15.4,7.9
2018-10-31,44,12.1,0.0,51.6,16.3,8.4
2018-10-31,45,13.3,0.0,49.8,17.3,7.2
2018-10-31,46,14.7,0.0,46.7,18.4,7.5
2018-10-31,47,16.1,0.0,42.9,19.1,9.8
2018-10-31,48,13.8,0.0,43.2,20.2,10.4
2018-11-01,1,12.2,0.0,43.2,20.8,10.9
2018-11-01,2,10.8,0.0,44.7,20.5,10.8
2018-11-01,3,10.5,0.0,45.9,20.1,10.5
2018-11-01,4,9.5,0.0,46.0,20.4,10.7
2018-11-01,5,9.2,0.0,46.3,20.4,10.5
2018-11-01,6,9.1,0.0,46.4,20.5,10.5
2018-11-01,7,9.1,0.0,45.5,21.0,10.8
2018-11-01,8,9.0,0.0,45.4,21.1,10.9
2018-11-01,9,8.6,0.0,46.0,21.3,10.9
2018-11-01,10,8.3,0.0,46.6,21.1,10.8
2018-11-01,11,8.3,0.0,47.0,20.4,10.5
2018-11-01,12,8.2,0.0,48.3,19.7,10.2
2018-11-01,13,8.0,0.0,50.0,18.5,9.8
2018-11-01,14,8.1,0.0,51.7,17.2,9.1
2018-11-01,15,7.8,0.0,53.9,15.8,8.1
2018-11-01,16,7.4,0.2,54.4,15.2,7.8
2018-11-01,17,7.0,0.6,53.7,14.7,7.7
2018-11-01,18,7.0,1.3,53.3,14.5,7.6
2018-11-01,19,6.4,2.4,52.5,14.3,7.5
2018-11-01,20,6.5,3.6,52.7,14.4,7.5
2018-11-01,21,6.2,4.6,51.5,14.1,7.4
2018-11-01,22,6.2,5.3,51.5,14.1,7.4
2018-11-01,23,6.1,5.9,51.0,14.0,7.3
2018-11-01,24,6.0,6.2,50.7,13.9,7.3
2018-11-01,25,6.1,6.4,50.7,13.8,7.1
2018-11-01,26,6.3,6.1,50.8,14.0,7.2
2018-11-01,27,6.5,5.7,51.0,14.1,7.2
2018-11-01,28,6.4,5.2,51.6,14.1,7.2
2018-11-01,29,6.5,4.5,52.3,14.1,7.3
2018-11-01,30,6.8,3.6,52.5,14.2,7.3
2018-11-01,31,7.0,2.4,52.7,14.2,7.3
2018-11-01,32,7.1,1.0,51.5,14.0,7.2
2018-11-01,33,7.7,0.2,50.7,13.8,7.1
2018-11-01,34,8.5,0.0,49.9,13.1,6.7
2018-11-01,35,8.9,0.0,49.2,13.0,6.8
2018-11-01,36,9.7,0.0,48.9,13.0,6.8
2018-11-01,37,10.2,0.0,48.2,13.0,6.8
2018-11-01,38,11.1,0.0,48.9,13.1,6.9
2018-11-01,39,11.0,0.0,48.6,13.4,7.0
2018-11-01,40,11.4,0.0,48.9,13.8,7.2
2018-11-01,41,12.5,0.0,49.2,14.3,7.5
2018-11-01,42,12.7,0.0,49.2,14.9,7.8
2018-11-01,43,13.2,0.0,48.3,15.7,8.0
2018-11-01,44,13.8,0.0,47.4,16.6,8.5
2018-11-01,45,14.7,0.0,46.2,17.6,9.0
2018-11-01,46,15.8,0.0,43.2,18.5,9.5
2018-11-01,47,16.2,0.0,41.1,19.8,9.9
2018-11-01,48,17.9,0.0,38.4,20.2,10.1
2018-11-02,1,19.3,0.0,36.6,20.7,10.1
2018-11-02,2,18.8,0.0,37.5,20.5,10.0
2018-11-02,3,18.6,0.0,38.0,20.4,10.0
2018-11-02,4,17.9,0.0,39.2,20.2,9.9
2018-11-02,5,18.6,0.0,38.4,20.4,9.9
2018-11-02,6,18.2,0.0,38.1,20.6,10.1
2018-11-02,7,18.9,0.0,37.5,20.6,10.1
2018-11-02,8,18.8,0.0,37.0,20.8,10.2
2018-11-02,9,17.7,0.0,37.8,21.0,10.2
2018-11-02,10,16.5,0.0,39.3,20.9,10.2
2018-11-02,11,15.8,0.0,41.7,20.2,9.6
2018-11-02,12,14.6,0.0,43.8,19.1,9.1
2018-11-02,13,13.2,0.0,45.1,17.8,7.9
2018-11-02,14,10.7,0.1,49.2,16.3,7.2
2018-11-02,15,8.7,1.0,51.2,14.8,5.0
2018-11-02,16,7.7,2.8,50.7,14.3,4.9
2018-11-02,17,7.1,5.1,48.9,13.9,6.5
2018-11-02,18,6.8,7.2,48.4,13.7,6.2
2018-11-02,19,6.3,9.0,48.1,13.6,4.7
2018-11-02,20,5.6,10.5,47.9,13.5,4.5
2018-11-02,21,5.0,11.8,49.1,13.7,2.1
2018-11-02,22,4.8,12.7,49.3,13.7,2.3
2018-11-02,23,4.7,13.2,49.8,13.7,1.8
2018-11-02,24,4.9,13.3,49.7,13.7,1.8
2018-11-02,25,5.2,13.1,48.7,13.8,2.9
2018-11-02,26,5.1,12.6,49.5,14.2,2.4
2018-11-02,27,5.3,11.3,50.3,14.2,2.1
2018-11-02,28,5.6,9.7,51.9,14.4,1.3
2018-11-02,29,5.9,7.7,52.4,14.6,1.7
2018-11-02,30,6.3,5.2,53.7,14.7,2.3
2018-11-02,31,7.3,2.7,54.1,14.7,3.5
2018-11-02,32,8.2,0.9,52.3,14.4,4.3
2018-11-02,33,9.0,0.1,50.0,14.1,8.0
2018-11-02,34,9.1,0.0,49.7,13.2,7.6
2018-11-02,35,9.8,0.0,48.7,12.9,7.7
2018-11-02,36,10.9,0.0,48.2,13.0,7.7
2018-11-02,37,12.3,0.0,48.5,13.3,5.9
2018-11-02,38,13.6,0.0,48.0,13.6,6.1
2018-11-02,39,14.9,0.0,49.5,14.0,3.8
2018-11-02,40,16.0,0.0,49.2,14.5,4.0
2018-11-02,41,17.6,0.0,49.5,14.9,3.3
2018-11-02,42,19.3,0.0,47.4,15.7,3.4
2018-11-02,43,19.5,0.0,46.1,16.2,3.7
2018-11-02,44,20.1,0.0,44.3,16.9,3.9
2018-11-02,45,21.3,0.0,43.6,17.5,4.4
2018-11-02,46,24.6,0.0,39.6,19.3,4.8
2018-11-02,47,27.7,0.0,29.4,21.1,11.4
2018-11-02,48,29.3,0.0,27.1,21.9,11.2
2018-11-03,1,30.1,0.0,25.6,22.3,11.2
2018-11-03,2,29.7,0.0,27.5,22.4,11.3
2018-11-03,3,30.3,0.0,27.4,23.2,10.9
2018-11-03,4,32.1,0.0,24.9,23.9,11.3
2018-11-03,5,32.5,0.0,25.6,24.0,9.8
2018-11-03,6,32.5,0.0,25.1,24.1,9.7
2018-11-03,7,33.4,0.0,26.8,24.8,6.5
2018-11-03,8,35.0,0.0,25.2,25.2,6.7
2018-11-03,9,36.2,0.0,25.2,25.4,5.9
2018-11-03,10,37.3,0.0,24.9,25.5,5.9
2018-11-03,11,37.3,0.0,24.6,25.2,5.8
2018-11-03,12,37.0,0.0,25.6,24.3,5.6
2018-11-03,13,35.7,0.0,27.4,23.4,5.4
2018-11-03,14,35.8,0.0,28.5,22.6,5.2
2018-11-03,15,32.8,0.4,34.4,20.8,3.7
2018-11-03,16,32.9,1.4,35.3,19.7,3.4
2018-11-03,17,33.8,2.7,34.3,19.2,2.5
2018-11-03,18,33.6,3.8,34.0,18.6,2.4
2018-11-03,19,33.9,4.8,31.6,17.9,5.5
2018-11-03,20,35.2,5.6,29.8,17.6,5.4
2018-11-03,21,35.3,6.3,28.4,17.8,5.8
2018-11-03,22,35.0,6.7,28.2,17.7,5.8
2018-11-03,23,35.8,6.9,27.7,17.7,5.5
2018-11-03,24,36.0,7.0,27.2,17.8,5.6
2018-11-03,25,35.6,6.7,25.0,17.8,8.8
2018-11-03,26,36.3,6.3,25.7,17.9,7.6
2018-11-03,27,36.5,5.6,27.0,18.0,6.3
2018-11-03,28,36.2,4.7,27.6,18.3,6.4
2018-11-03,29,36.2,3.6,29.0,18.3,6.0
2018-11-03,30,35.9,2.6,30.4,18.3,5.5
2018-11-03,31,36.5,1.4,33.2,18.3,2.8
2018-11-03,32,34.9,0.4,34.6,18.0,2.8
2018-11-03,33,33.5,0.0,34.9,17.1,5.9
2018-11-03,34,31.3,0.0,36.0,16.1,6.0
2018-11-03,35,30.0,0.0,34.9,15.6,9.2
2018-11-03,36,30.3,0.0,34.1,15.9,9.1
2018-11-03,37,30.9,0.0,33.8,16.1,8.8
2018-11-03,38,32.4,0.0,32.4,16.8,9.1
2018-11-03,39,32.9,0.0,33.9,17.4,6.4
2018-11-03,40,34.1,0.0,30.5,18.2,7.9
2018-11-03,41,34.7,0.0,27.9,18.6,9.5
2018-11-03,42,34.9,0.0,26.6,19.0,8.2
2018-11-03,43,35.0,0.0,33.0,19.6,3.8
2018-11-03,44,35.6,0.0,31.3,20.5,3.9
2018-11-03,45,36.3,0.0,31.3,20.8,3.7
2018-11-03,46,37.5,0.0,27.9,21.7,3.8
2018-11-03,47,39.5,0.0,23.2,24.0,4.9
2018-11-03,48,39.8,0.0,22.4,24.4,5.0
2018-11-04,1,39.0,0.0,19.2,24.6,9.1
2018-11-04,2,38.2,0.0,20.2,24.4,8.7
2018-11-04,3,36.9,0.0,22.0,24.7,7.5
2018-11-04,4,36.5,0.0,21.7,25.2,7.6
2018-11-04,5,37.0,0.0,20.6,25.5,7.8
2018-11-04,6,36.5,0.0,20.4,26.1,7.7
2018-11-04,7,35.6,0.0,22.9,25.5,6.7
2018-11-04,8,36.1,0.0,21.6,26.1,6.8
2018-11-04,9,34.6,0.0,22.7,26.2,6.8
2018-11-04,10,34.7,0.0,22.8,26.1,6.8
2018-11-04,11,35.3,0.0,23.8,26.2,5.0
2018-11-04,12,35.1,0.0,23.8,26.0,5.1
2018-11-04,13,33.8,0.0,22.4,24.9,8.5
2018-11-04,14,33.5,0.0,24.9,24.1,7.4
2018-11-04,15,31.9,0.3,30.9,23.7,3.1
2018-11-04,16,29.4,0.9,34.3,22.4,3.0
2018-11-04,17,27.2,1.8,32.6,21.0,6.6
2018-11-04,18,25.7,2.5,33.1,19.5,6.4
2018-11-04,19,24.5,3.1,32.4,18.5,9.7
2018-11-04,20,23.1,3.7,33.9,18.0,8.9
2018-11-04,21,22.4,4.4,34.5,17.7,9.3
2018-11-04,22,21.8,4.6,35.6,17.4,9.1
2018-11-04,23,20.9,4.4,36.0,17.2,9.0
2018-11-04,24,19.8,4.2,36.9,17.0,8.9
2018-11-04,25,18.2,4.0,38.6,16.7,8.6
2018-11-04,26,16.8,3.8,40.3,16.6,8.6
2018-11-04,27,16.1,3.3,41.6,16.6,8.6
2018-11-04,28,14.6,2.7,43.5,16.6,8.6
2018-11-04,29,13.4,2.1,44.2,16.5,8.5
2018-11-04,30,13.2,1.5,43.9,16.4,8.4
2018-11-04,31,12.9,0.8,45.4,16.1,8.3
2018-11-04,32,12.1,0.2,47.0,15.7,8.1
2018-11-04,33,11.5,0.0,47.7,14.9,7.7
2018-11-04,34,10.6,0.0,46.8,14.1,7.3
2018-11-04,35,10.3,0.0,47.0,14.1,7.4
2018-11-04,36,11.0,0.0,47.4,14.3,7.5
2018-11-04,37,11.5,0.0,47.1,14.5,7.6
2018-11-04,38,12.1,0.0,47.8,14.8,7.8
2018-11-04,39,12.4,0.0,46.1,15.3,7.7
2018-11-04,40,12.6,0.0,48.0,15.7,7.9
2018-11-04,41,13.1,0.0,47.1,16.2,8.5
2018-11-04,42,13.8,0.0,47.7,16.8,8.8
2018-11-04,43,14.3,0.0,47.6,17.5,9.0
2018-11-04,44,14.5,0.0,47.7,18.2,9.4
2018-11-04,45,15.2,0.0,47.2,19.4,8.9
2018-11-04,46,15.9,0.0,44.1,20.7,9.5
2018-11-04,47,15.9,0.0,43.1,22.2,8.3
2018-11-04,48,16.5,0.0,41.5,22.9,8.6
2018-11-05,1,15.7,0.0,41.8,22.5,9.7
2018-11-05,2,15.1,0.0,43.9,21.5,9.3
2018-11-05,3,14.6,0.0,43.4,21.9,9.8
2018-11-05,4,15.2,0.0,42.1,22.4,9.9
2018-11-05,5,15.5,0.0,41.8,22.6,9.8
2018-11-05,6,15.3,0.0,41.4,23.0,9.9
2018-11-05,7,15.3,0.0,40.9,23.1,9.7
2018-11-05,8,16.7,0.0,39.2,23.4,9.8
2018-11-05,9,16.4,0.0,39.2,23.5,9.9
2018-11-05,10,16.2,0.0,40.3,22.9,9.9
2018-11-05,11,15.5,0.0,41.0,22.1,9.4
2018-11-05,12,15.0,0.0,43.0,20.6,7.8
2018-11-05,13,13.1,0.0,49.9,19.0,1.9
2018-11-05,14,11.3,0.0,52.9,17.2,1.5
2018-11-05,15,10.9,0.2,55.7,15.5,0.0
2018-11-05,16,10.4,0.7,54.8,15.2,0.0
2018-11-05,17,9.4,1.4,54.3,15.1,0.3
2018-11-05,18,8.9,2.0,53.7,14.8,0.5
2018-11-05,19,8.4,2.6,52.0,14.2,3.0
2018-11-05,20,8.7,3.3,52.1,14.3,2.8
2018-11-05,21,8.2,4.0,51.8,14.2,2.9
2018-11-05,22,8.4,4.6,51.3,14.1,2.9
2018-11-05,23,7.6,5.1,51.9,14.2,2.5
2018-11-05,24,7.3,5.1,52.1,14.2,2.5
2018-11-05,25,6.8,5.1,52.8,14.3,2.9
2018-11-05,26,6.4,4.9,53.3,14.3,2.9
2018-11-05,27,6.8,4.5,53.4,14.6,2.3
2018-11-05,28,6.8,3.8,53.7,14.6,2.3
2018-11-05,29,6.7,2.8,53.6,14.5,2.7
2018-11-05,30,7.0,1.7,53.4,14.6,2.6
2018-11-05,31,7.6,0.8,54.0,14.7,0.9
2018-11-05,32,7.8,0.2,53.6,14.3,1.8
2018-11-05,33,8.6,0.0,51.6,13.8,4.7
2018-11-05,34,8.4,0.0,52.0,13.1,4.5
2018-11-05,35,8.8,0.0,50.8,13.1,5.5
2018-11-05,36,9.2,0.0,50.5,13.2,5.5
2018-11-05,37,9.9,0.0,50.0,13.4,5.5
2018-11-05,38,10.0,0.0,50.9,13.8,5.6
2018-11-05,39,10.1,0.0,51.3,14.1,5.5
2018-11-05,40,10.7,0.0,51.8,14.6,5.6
2018-11-05,41,11.7,0.0,53.2,15.0,4.3
2018-11-05,42,12.5,0.0,52.1,15.4,4.6
2018-11-05,43,13.3,0.0,51.0,16.4,4.9
2018-11-05,44,14.2,0.0,47.7,17.3,5.5
2018-11-05,45,15.3,0.0,44.9,18.4,7.3
2018-11-05,46,16.2,0.0,42.1,19.6,8.0
2018-11-05,47,17.6,0.0,35.8,21.2,10.4
2018-11-05,48,18.2,0.0,33.7,22.0,10.8
2018-11-06,1,17.9,0.0,35.5,22.0,9.7
2018-11-06,2,18.6,0.0,35.6,21.6,9.5
2018-11-06,3,19.1,0.0,33.6,22.2,10.3
2018-11-06,4,18.6,0.0,34.4,22.1,10.3
2018-11-06,5,19.1,0.0,34.2,22.0,10.2
2018-11-06,6,18.9,0.0,33.8,22.3,10.4
2018-11-06,7,18.4,0.0,34.1,22.5,10.4
2018-11-06,8,19.6,0.0,32.3,22.8,10.6
2018-11-06,9,20.8,0.0,30.7,23.0,10.7
2018-11-06,10,22.2,0.0,30.0,22.7,10.4
2018-11-06,11,21.9,0.0,33.1,21.8,8.2
2018-11-06,12,21.1,0.0,34.3,20.6,7.7
2018-11-06,13,20.4,0.0,38.3,19.0,5.4
2018-11-06,14,18.5,0.0,42.0,17.4,4.8
2018-11-06,15,18.2,0.1,45.7,16.0,2.1
2018-11-06,16,19.5,0.6,43.9,15.8,2.3
2018-11-06,17,20.3,1.2,41.0,15.6,3.6
2018-11-06,18,20.4,1.8,40.6,15.5,3.5
2018-11-06,19,20.7,2.3,40.6,15.1,2.7
2018-11-06,20,20.9,2.7,40.6,15.2,2.8
2018-11-06,21,21.4,3.2,39.5,15.3,2.8
2018-11-06,22,20.9,3.9,39.3,15.2,2.8
2018-11-06,23,20.8,4.1,38.5,15.1,3.4
2018-11-06,24,21.3,4.1,37.7,15.2,3.4
2018-11-06,25,21.1,4.2,38.3,15.1,3.3
2018-11-06,26,21.5,4.2,38.2,15.1,3.3
2018-11-06,27,21.5,4.0,38.9,15.3,2.5
2018-11-06,28,23.3,3.4,38.1,15.4,2.5
2018-11-06,29,24.2,2.6,39.5,15.6,1.2
2018-11-06,30,25.2,1.8,39.9,15.6,1.1
2018-11-06,31,26.0,0.9,40.5,15.6,0.7
2018-11-06,32,26.0,0.3,40.6,15.2,1.2
2018-11-06,33,25.6,0.0,38.0,14.8,4.9
2018-11-06,34,24.7,0.0,39.9,13.9,4.3
2018-11-06,35,24.0,0.0,39.0,13.7,5.8
2018-11-06,36,24.2,0.0,38.8,13.9,5.8
2018-11-06,37,24.7,0.0,38.4,14.2,5.9
2018-11-06,38,25.3,0.0,37.0,14.3,6.2
2018-11-06,39,27.0,0.0,33.5,14.8,7.4
2018-11-06,40,28.0,0.0,33.1,15.2,7.6
2018-11-06,41,29.7,0.0,30.9,15.8,8.3
2018-11-06,42,30.6,0.0,28.9,16.5,8.7
2018-11-06,43,32.5,0.0,26.5,17.5,8.8
2018-11-06,44,35.4,0.0,23.0,18.6,9.4
2018-11-06,45,37.6,0.0,19.8,20.1,9.0
2018-11-06,46,38.7,0.0,18.8,21.6,9.6
2018-11-06,47,40.7,0.0,17.3,22.4,8.7
2018-11-06,48,40.6,0.0,16.1,22.7,8.8
2018-11-07,1,39.6,0.0,17.3,22.3,8.7
2018-11-07,2,37.8,0.0,19.1,21.9,8.5
2018-11-07,3,36.8,0.0,19.4,22.2,8.6
2018-11-07,4,36.7,0.0,19.2,22.6,8.8
2018-11-07,5,37.6,0.0,18.4,22.8,8.3
2018-11-07,6,37.3,0.0,18.1,23.3,8.5
2018-11-07,7,38.0,0.0,17.6,23.7,8.6
2018-11-07,8,39.5,0.0,15.6,24.2,8.8
2018-11-07,9,39.6,0.0,15.6,24.5,8.9
2018-11-07,10,40.4,0.0,15.9,24.2,8.8
2018-11-07,11,40.1,0.0,16.6,23.4,8.5
2018-11-07,12,38.2,0.0,19.7,22.0,8.0
2018-11-07,13,36.1,0.0,19.8,20.2,9.9
2018-11-07,14,32.8,0.0,25.2,18.2,8.8
2018-11-07,15,30.9,0.0,30.5,16.5,7.4
2018-11-07,16,30.7,0.2,31.4,16.1,7.2
2018-11-07,17,30.5,0.6,30.9,15.8,8.0
2018-11-07,18,30.8,1.2,30.5,15.6,7.9
2018-11-07,19,30.0,2.1,31.0,15.3,7.6
2018-11-07,20,30.2,2.7,30.5,15.3,7.6
2018-11-07,21,29.9,3.1,31.4,15.2,6.8
2018-11-07,22,29.2,3.5,32.3,15.1,6.8
2018-11-07,23,28.9,3.9,32.4,15.1,6.8
2018-11-07,24,28.6,4.3,31.9,15.2,6.7
2018-11-07,25,27.1,4.3,32.9,15.0,6.0
2018-11-07,26,26.3,4.0,34.0,15.3,6.1
2018-11-07,27,26.4,3.3,34.5,15.3,5.7
2018-11-07,28,27.0,2.7,34.7,15.5,5.7
2018-11-07,29,26.5,2.1,36.1,15.6,4.5
2018-11-07,30,26.0,1.5,36.6,15.6,4.5
2018-11-07,31,24.1,0.8,37.3,15.3,4.6
2018-11-07,32,22.2,0.3,39.3,14.8,5.5
2018-11-07,33,20.8,0.0,40.4,14.1,7.3
2018-11-07,34,19.0,0.0,42.1,13.5,6.9
2018-11-07,35,18.2,0.0,42.7,13.3,6.7
2018-11-07,36,17.3,0.0,43.4,13.4,6.8
2018-11-07,37,17.6,0.0,43.3,13.5,6.9
2018-11-07,38,18.9,0.0,43.7,13.8,7.0
2018-11-07,39,18.4,0.0,43.0,14.1,7.4
2018-11-07,40,17.6,0.0,42.9,14.4,7.6
2018-11-07,41,17.8,0.0,42.2,15.0,7.9
2018-11-07,42,17.2,0.0,41.5,15.6,8.2
2018-11-07,43,17.1,0.0,41.0,16.6,8.5
2018-11-07,44,17.3,0.0,39.1,17.7,9.0
2018-11-07,45,18.8,0.0,38.0,18.6,9.5
2018-11-07,46,18.7,0.0,38.7,19.8,10.1
2018-11-07,47,19.2,0.0,36.4,21.4,9.9
2018-11-07,48,19.2,0.0,33.6,22.2,11.3
2018-11-08,1,18.2,0.0,34.3,22.0,11.9
2018-11-08,2,16.9,0.0,36.9,21.2,12.0
2018-11-08,3,18.0,0.0,35.1,21.9,12.0
2018-11-08,4,19.1,0.0,32.7,22.5,12.5
2018-11-08,5,20.1,0.0,31.9,23.0,11.6
2018-11-08,6,20.3,0.0,31.3,23.2,11.8
2018-11-08,7,22.3,0.0,28.9,23.5,12.1
2018-11-08,8,23.8,0.0,26.9,24.2,12.4
2018-11-08,9,24.2,0.0,26.6,24.2,12.3
2018-11-08,10,23.8,0.0,27.4,24.1,12.2
2018-11-08,11,21.2,0.0,31.6,23.1,10.9
2018-11-08,12,20.5,0.0,34.5,21.6,10.3
2018-11-08,13,19.9,0.0,36.6,20.1,7.6
2018-11-08,14,19.2,0.0,39.4,17.9,6.5
2018-11-08,15,19.3,0.3,40.6,16.5,5.5
2018-11-08,16,19.2,1.2,40.3,16.2,5.1
2018-11-08,17,19.5,2.4,39.7,16.0,4.2
2018-11-08,18,19.3,3.7,37.7,16.0,4.2
2018-11-08,19,19.1,5.0,38.2,15.9,3.7
2018-11-08,20,19.8,6.1,37.2,15.9,3.4
2018-11-08,21,20.7,6.7,37.8,15.9,1.3
2018-11-08,22,21.0,7.1,36.8,16.0,1.1
2018-11-08,23,21.4,7.2,37.3,15.9,0.5
2018-11-08,24,21.2,7.1,37.3,15.9,0.5
2018-11-08,25,21.1,6.7,38.5,15.7,0.4
2018-11-08,26,20.4,6.1,38.3,15.9,0.4
2018-11-08,27,19.7,5.2,39.8,16.1,1.3
2018-11-08,28,19.1,4.3,41.0,16.2,1.2
2018-11-08,29,19.4,3.3,42.0,16.2,1.3
2018-11-08,30,19.7,2.2,41.6,16.5,1.2
2018-11-08,31,19.8,1.1,42.7,16.1,1.5
2018-11-08,32,19.1,0.3,42.9,15.6,1.8
2018-11-08,33,18.2,0.0,43.5,14.8,4.6
2018-11-08,34,17.7,0.0,43.0,14.2,4.2
2018-11-08,35,17.8,0.0,43.2,14.0,4.6
2018-11-08,36,19.6,0.0,42.4,14.0,4.6
2018-11-08,37,22.0,0.0,40.8,14.2,4.5
2018-11-08,38,23.3,0.0,40.1,14.5,4.6
2018-11-08,39,24.3,0.0,38.0,14.9,5.6
2018-11-08,40,25.6,0.0,37.5,15.4,5.7
2018-11-08,41,26.7,0.0,36.6,16.1,5.6
2018-11-08,42,28.7,0.0,34.9,16.8,5.9
2018-11-08,43,30.6,0.0,30.7,18.0,7.3
2018-11-08,44,32.4,0.0,27.4,19.1,7.7
2018-11-08,45,34.2,0.0,23.8,20.3,8.5
2018-11-08,46,35.9,0.0,21.0,21.7,9.0
2018-11-08,47,37.0,0.0,19.4,23.2,8.7
2018-11-08,48,37.6,0.0,17.1,24.1,9.2
2018-11-09,1,36.8,0.0,17.8,24.2,9.2
2018-11-09,2,35.7,0.0,19.0,23.9,9.5
2018-11-09,3,36.4,0.0,18.2,24.3,8.9
2018-11-09,4,37.1,0.0,17.2,24.6,9.2
2018-11-09,5,37.3,0.0,16.7,24.3,9.8
2018-11-09,6,37.3,0.0,16.8,24.7,9.8
2018-11-09,7,37.3,0.0,17.2,24.5,10.0
2018-11-09,8,38.1,0.0,16.6,25.1,10.3
2018-11-09,9,37.7,0.0,16.7,25.0,11.2
2018-11-09,10,37.2,0.0,16.6,24.8,11.2
2018-11-09,11,36.5,0.0,17.1,23.9,11.2
2018-11-09,12,35.0,0.0,18.8,22.5,10.8
2018-11-09,13,31.7,0.0,23.8,20.6,10.4
2018-11-09,14,30.1,0.0,28.5,18.7,9.2
2018-11-09,15,27.1,0.1,33.9,17.3,7.4
2018-11-09,16,26.3,0.5,34.7,16.7,7.1
2018-11-09,17,25.6,1.1,33.6,16.5,9.0
2018-11-09,18,26.3,1.7,32.9,16.3,8.9
2018-11-09,19,26.6,2.3,32.1,16.2,8.9
2018-11-09,20,27.0,2.8,31.5,16.1,8.9
2018-11-09,21,27.6,3.1,31.3,16.1,8.1
2018-11-09,22,28.3,3.3,30.3,16.2,8.1
2018-11-09,23,28.7,3.5,29.6,16.2,8.3
2018-11-09,24,29.6,3.7,28.6,16.2,8.3
2018-11-09,25,30.0,3.9,27.6,16.2,8.8
2018-11-09,26,30.9,3.8,26.7,16.3,8.7
2018-11-09,27,30.9,3.4,27.8,16.4,7.1
2018-11-09,28,31.7,2.6,28.4,16.7,7.2
2018-11-09,29,31.9,1.6,29.2,16.9,7.2
2018-11-09,30,32.7,0.9,28.1,17.1,7.3
2018-11-09,31,33.0,0.3,28.6,17.1,7.2
2018-11-09,32,31.9,0.1,30.6,16.7,6.7
2018-11-09,33,30.5,0.0,31.7,16.1,7.3
2018-11-09,34,29.2,0.0,34.2,15.4,6.6
2018-11-09,35,28.6,0.0,33.5,15.2,7.3
2018-11-09,36,29.3,0.0,32.9,15.4,7.4
2018-11-09,37,30.0,0.0,32.9,15.6,7.5
2018-11-09,38,30.7,0.0,32.5,15.8,7.6
2018-11-09,39,31.6,0.0,31.5,16.2,7.9
2018-11-09,40,32.7,0.0,30.7,16.8,8.2
2018-11-09,41,34.1,0.0,29.0,17.5,8.5
2018-11-09,42,35.6,0.0,25.8,18.2,8.9
2018-11-09,43,37.1,0.0,24.6,19.5,9.3
2018-11-09,44,37.8,0.0,22.0,20.5,9.7
2018-11-09,45,38.4,0.0,21.3,21.5,8.3
2018-11-09,46,39.2,0.0,18.1,22.9,9.2
2018-11-09,47,39.4,0.0,16.4,24.3,9.6
2018-11-09,48,40.5,0.0,15.3,24.9,9.7
2018-11-10,1,40.2,0.0,14.6,25.3,9.9
2018-11-10,2,38.7,0.0,15.8,25.1,9.9
2018-11-10,3,39.0,0.0,15.4,25.2,9.6
2018-11-10,4,39.7,0.0,14.4,26.2,10.1
2018-11-10,5,39.3,0.0,14.4,26.1,10.5
2018-11-10,6,38.3,0.0,15.2,26.6,10.4
2018-11-10,7,38.4,0.0,15.6,26.8,8.6
2018-11-10,8,37.9,0.0,15.3,27.5,8.9
2018-11-10,9,37.0,0.0,16.3,27.5,8.9
2018-11-10,10,36.4,0.0,17.0,27.1,8.8
2018-11-10,11,35.7,0.0,16.2,27.1,10.0
2018-11-10,12,33.4,0.0,18.9,26.3,10.0
2018-11-10,13,30.3,0.0,22.7,25.3,10.6
2018-11-10,14,27.3,0.0,27.6,24.1,8.9
2018-11-10,15,24.3,0.3,31.8,22.2,10.0
2018-11-10,16,21.0,1.4,35.3,21.3,9.6
2018-11-10,17,17.5,3.0,37.8,19.8,9.6
2018-11-10,18,16.6,4.4,39.9,19.1,9.2
2018-11-10,19,15.9,5.7,40.5,18.7,7.8
2018-11-10,20,15.8,6.6,40.4,18.1,7.5
2018-11-10,21,16.3,6.8,40.2,18.0,6.9
2018-11-10,22,17.3,6.9,39.3,18.0,6.9
2018-11-10,23,17.4,7.1,39.9,18.0,6.1
2018-11-10,24,16.5,6.9,40.8,18.1,6.1
2018-11-10,25,16.8,6.2,41.2,17.8,7.1
2018-11-10,26,17.5,6.0,40.2,18.0,7.2
2018-11-10,27,17.5,5.4,40.9,18.1,7.0
2018-11-10,28,18.3,4.3,40.8,18.3,7.1
2018-11-10,29,18.2,3.1,40.3,18.4,8.2
2018-11-10,30,17.8,1.9,40.6,18.6,8.2
2018-11-10,31,17.2,0.9,42.0,18.4,7.3
2018-11-10,32,15.4,0.2,44.5,17.9,6.9
2018-11-10,33,14.0,0.0,45.8,17.1,5.7
2018-11-10,34,13.9,0.0,44.4,16.2,5.4
2018-11-10,35,13.3,0.0,43.2,15.6,7.2
2018-11-10,36,13.7,0.0,44.1,15.8,7.3
2018-11-10,37,13.1,0.0,44.1,16.2,7.1
2018-11-10,38,13.2,0.0,44.9,16.5,7.3
2018-11-10,39,12.9,0.0,43.9,16.8,8.1
2018-11-10,40,13.7,0.0,44.9,17.5,8.4
2018-11-10,41,14.7,0.0,44.0,18.1,8.7
2018-11-10,42,14.9,0.0,43.2,18.8,9.1
2018-11-10,43,14.7,0.0,42.2,19.6,9.3
2018-11-10,44,15.2,0.0,42.7,20.3,9.6
2018-11-10,45,16.1,0.0,41.1,21.1,9.6
2018-11-10,46,14.5,0.0,40.3,21.9,10.0
2018-11-10,47,15.6,0.0,38.1,23.0,10.3
2018-11-10,48,16.1,0.0,36.2,23.8,10.7
2018-11-11,1,16.2,0.0,37.8,23.2,9.9
2018-11-11,2,17.4,0.0,35.9,23.7,10.1
2018-11-11,3,18.3,0.0,35.6,23.9,10.2
2018-11-11,4,19.1,0.0,34.9,24.4,10.4
2018-11-11,5,20.4,0.0,33.6,25.1,9.6
2018-11-11,6,19.9,0.0,33.1,25.7,9.8
2018-11-11,7,19.8,0.0,32.0,26.6,10.1
2018-11-11,8,20.2,0.0,31.2,26.7,10.2
2018-11-11,9,21.0,0.0,31.0,26.5,10.1
2018-11-11,10,20.9,0.0,29.9,27.0,10.3
2018-11-11,11,21.3,0.0,30.6,26.6,10.1
2018-11-11,12,20.5,0.0,31.6,26.3,10.0
2018-11-11,13,20.3,0.0,32.4,25.4,10.4
2018-11-11,14,20.0,0.0,33.9,24.9,9.7
2018-11-11,15,19.5,0.1,35.1,24.1,10.1
2018-11-11,16,19.3,0.8,35.4,23.4,10.0
2018-11-11,17,18.6,2.2,35.4,22.0,10.4
2018-11-11,18,17.9,3.8,35.9,20.8,10.2
2018-11-11,19,17.0,5.4,35.7,19.9,10.6
2018-11-11,20,17.8,7.0,34.7,19.4,10.3
2018-11-11,21,17.1,8.5,34.1,19.3,10.2
2018-11-11,22,17.8,10.0,32.9,19.1,10.2
2018-11-11,23,18.6,11.0,32.8,18.8,9.0
2018-11-11,24,19.2,11.3,32.4,18.4,8.9
2018-11-11,25,19.3,11.0,32.3,18.7,9.5
2018-11-11,26,19.8,10.1,32.2,18.8,9.9
2018-11-11,27,19.9,9.2,31.7,19.0,11.2
2018-11-11,28,19.7,8.2,32.2,19.2,11.4
2018-11-11,29,19.0,6.5,34.1,19.1,10.9
2018-11-11,30,18.6,4.5,35.9,19.2,10.7
2018-11-11,31,17.9,2.2,38.7,18.7,9.4
2018-11-11,32,17.6,0.6,39.4,18.2,9.4
2018-11-11,33,17.2,0.0,40.5,17.2,9.7
2018-11-11,34,15.8,0.0,41.0,16.1,8.7
2018-11-11,35,15.7,0.0,40.9,15.9,8.4
2018-11-11,36,17.2,0.0,40.5,16.1,8.4
2018-11-11,37,18.3,0.0,40.8,16.4,8.1
2018-11-11,38,18.5,0.0,41.7,16.7,8.5
2018-11-11,39,18.4,0.0,41.3,17.3,8.8
2018-11-11,40,20.0,0.0,39.8,17.9,9.1
2018-11-11,41,21.3,0.0,38.7,18.3,9.6
2018-11-11,42,22.3,0.0,36.2,19.2,10.2
2018-11-11,43,23.3,0.0,35.8,20.2,9.1
2018-11-11,44,25.0,0.0,32.7,21.3,9.4
2018-11-11,45,27.1,0.0,32.9,22.6,5.3
2018-11-11,46,28.9,0.0,28.9,24.1,5.4
2018-11-11,47,30.1,0.0,22.3,25.1,11.0
2018-11-11,48,30.6,0.0,21.0,25.6,11.2
2018-11-12,1,30.2,0.0,20.4,25.4,11.6
2018-11-12,2,29.0,0.0,23.1,25.1,11.6
2018-11-12,3,29.5,0.0,22.1,25.3,11.7
2018-11-12,4,30.1,0.0,20.6,26.0,11.8
2018-11-12,5,28.1,0.0,20.4,27.0,12.6
2018-11-12,6,30.0,0.0,19.5,26.6,12.3
2018-11-12,7,31.4,0.0,18.2,27.0,12.3
2018-11-12,8,32.1,0.0,18.8,27.2,12.4
2018-11-12,9,32.7,0.0,19.8,27.0,11.6
2018-11-12,10,32.2,0.0,20.9,26.6,11.2
2018-11-12,11,32.2,0.0,22.5,25.4,9.3
2018-11-12,12,30.3,0.0,25.7,24.0,9.0
2018-11-12,13,27.6,0.0,26.5,21.9,11.3
2018-11-12,14,24.7,0.0,32.5,19.6,8.2
2018-11-12,15,22.8,0.1,42.1,18.0,1.6
2018-11-12,16,22.6,0.7,41.1,17.4,2.4
2018-11-12,17,21.8,2.0,42.2,16.7,2.6
2018-11-12,18,21.6,3.7,41.3,16.7,2.4
2018-11-12,19,20.9,5.2,41.4,16.2,1.6
2018-11-12,20,21.3,6.8,39.5,16.2,1.5
2018-11-12,21,21.4,8.0,40.7,16.1,0.0
2018-11-12,22,21.9,9.0,39.9,16.1,0.0
2018-11-12,23,22.8,9.4,38.7,16.1,0.0
2018-11-12,24,22.6,9.3,38.6,16.3,0.0
2018-11-12,25,23.2,8.3,38.5,16.4,0.0
2018-11-12,26,23.2,7.5,38.1,16.5,0.0
2018-11-12,27,22.7,6.6,39.7,16.2,0.1
2018-11-12,28,22.5,5.5,40.7,16.2,0.2
2018-11-12,29,22.8,4.1,42.3,16.2,0.1
2018-11-12,30,23.2,2.6,43.9,16.3,0.1
2018-11-12,31,23.0,1.2,45.2,16.6,0.7
2018-11-12,32,21.9,0.3,45.5,15.9,1.2
2018-11-12,33,21.1,0.0,43.4,15.4,4.8
2018-11-12,34,19.8,0.0,43.6,14.6,4.6
2018-11-12,35,19.4,0.0,43.2,14.4,6.2
2018-11-12,36,20.0,0.0,43.2,14.5,6.3
2018-11-12,37,20.2,0.0,43.9,14.9,6.4
2018-11-12,38,20.5,0.0,43.1,15.0,6.4
2018-11-12,39,20.8,0.0,41.9,15.5,5.7
2018-11-12,40,21.5,0.0,40.1,16.1,6.2
2018-11-12,41,22.8,0.0,39.5,16.8,6.6
2018-11-12,42,22.7,0.0,39.4,17.7,6.9
2018-11-12,43,23.3,0.0,38.2,18.8,6.0
2018-11-12,44,23.7,0.0,38.2,20.0,6.2
2018-11-12,45,25.2,0.0,38.1,21.7,3.5
2018-11-12,46,27.6,0.0,33.2,23.1,5.0
2018-11-12,47,28.9,0.0,26.5,24.2,10.7
2018-11-12,48,30.4,0.0,24.1,25.5,10.5
2018-11-13,1,30.7,0.0,23.9,25.9,9.8
2018-11-13,2,30.6,0.0,24.7,25.4,9.8
2018-11-13,3,30.5,0.0,25.5,24.9,9.7
2018-11-13,4,31.0,0.0,24.3,25.6,9.5
2018-11-13,5,31.0,0.0,24.3,25.9,9.2
2018-11-13,6,32.6,0.0,22.8,26.0,8.9
2018-11-13,7,33.6,0.0,21.3,26.5,8.9
2018-11-13,8,34.8,0.0,20.1,26.5,8.8
2018-11-13,9,34.9,0.0,20.2,26.6,8.5
2018-11-13,10,34.5,0.0,21.2,26.3,8.3
2018-11-13,11,34.5,0.0,20.4,25.4,9.4
2018-11-13,12,33.4,0.0,21.0,24.4,9.2
2018-11-13,13,31.4,0.0,24.3,22.3,8.6
2018-11-13,14,28.8,0.0,29.5,20.1,7.5
2018-11-13,15,25.9,0.1,35.6,18.3,5.0
2018-11-13,16,24.1,0.8,37.4,17.4,4.8
2018-11-13,17,23.2,2.2,36.5,16.9,6.3
2018-11-13,18,23.1,4.2,35.7,16.8,5.8
2018-11-13,19,22.7,7.1,35.5,16.6,2.9
2018-11-13,20,22.5,8.7,34.5,16.7,3.0
2018-11-13,21,21.6,10.0,34.0,16.7,2.5
2018-11-13,22,21.2,10.9,33.8,16.7,2.5
2018-11-13,23,21.5,11.2,33.5,16.7,2.8
2018-11-13,24,21.9,10.9,33.2,16.8,2.8
2018-11-13,25,22.3,10.2,33.2,16.9,4.3
2018-11-13,26,21.8,9.3,34.9,17.0,3.9
2018-11-13,27,20.8,8.2,34.9,17.2,5.5
2018-11-13,28,19.5,6.8,37.7,17.2,4.5
2018-11-13,29,18.3,5.0,38.5,17.2,4.7
2018-11-13,30,17.7,3.1,42.1,17.4,4.1
2018-11-13,31,17.8,1.2,45.4,17.1,2.6
2018-11-13,32,15.9,0.2,47.5,16.3,3.3
2018-11-13,33,15.2,0.0,46.4,15.6,5.9
2018-11-13,34,14.9,0.0,45.0,14.7,5.7
2018-11-13,35,15.9,0.0,43.4,14.7,5.8
2018-11-13,36,17.2,0.0,42.1,14.8,6.4
2018-11-13,37,18.2,0.0,41.9,14.9,5.4
2018-11-13,38,19.3,0.0,41.0,15.2,6.4
2018-11-13,39,20.4,0.0,38.0,15.5,8.6
2018-11-13,40,20.7,0.0,37.3,16.2,9.1
2018-11-13,41,22.3,0.0,37.1,16.8,9.4
2018-11-13,42,24.5,0.0,34.3,17.8,9.9
2018-11-13,43,25.1,0.0,33.1,18.6,10.4
2018-11-13,44,27.5,0.0,30.6,20.0,11.1
2018-11-13,45,30.4,0.0,25.8,21.7,11.5
2018-11-13,46,32.6,0.0,20.8,23.2,12.2
2018-11-13,47,34.9,0.0,17.9,24.5,11.0
2018-11-13,48,36.3,0.0,16.1,25.6,11.5
2018-11-14,1,36.9,0.0,15.8,25.6,11.5
2018-11-14,2,37.0,0.0,15.3,25.3,11.4
2018-11-14,3,37.7,0.0,14.7,25.3,11.4
2018-11-14,4,37.2,0.0,14.6,25.5,11.5
2018-11-14,5,37.9,0.0,14.2,26.2,11.3
2018-11-14,6,37.5,0.0,14.5,26.5,11.2
2018-11-14,7,39.0,0.0,16.7,26.3,6.3
2018-11-14,8,40.7,0.0,14.7,27.1,6.7
2018-11-14,9,40.1,0.0,14.7,27.0,7.3
2018-11-14,10,39.6,0.0,15.0,26.9,7.3
2018-11-14,11,39.7,0.0,18.0,25.8,5.4
2018-11-14,12,37.3,0.0,20.4,24.1,4.7
2018-11-14,13,34.1,0.0,25.3,21.6,2.0
2018-11-14,14,31.9,0.0,30.8,19.5,1.8
2018-11-14,15,29.7,0.1,33.6,18.0,2.0
2018-11-14,16,28.9,0.5,33.8,17.6,1.9
2018-11-14,17,28.2,1.3,32.5,17.4,3.6
2018-11-14,18,28.1,2.6,31.6,17.4,3.4
2018-11-14,19,27.6,3.9,32.0,17.1,2.3
2018-11-14,20,28.0,5.1,30.6,17.1,2.3
2018-11-14,21,28.3,6.0,31.2,17.1,1.5
2018-11-14,22,28.8,6.9,29.7,17.1,1.6
2018-11-14,23,28.5,7.6,30.2,17.0,1.5
2018-11-14,24,28.2,8.1,30.3,17.0,1.5
2018-11-14,25,27.9,8.1,30.6,16.9,1.5
2018-11-14,26,27.6,7.8,30.5,17.1,1.5
2018-11-14,27,27.8,7.0,30.7,17.2,2.3
2018-11-14,28,27.6,6.4,31.4,17.2,2.3
2018-11-14,29,26.8,4.5,33.0,17.2,2.9
2018-11-14,30,26.2,3.0,33.9,17.2,2.9
2018-11-14,31,25.4,1.5,35.1,16.9,1.9
2018-11-14,32,24.3,0.4,35.4,16.3,2.6
2018-11-14,33,22.8,0.0,33.7,15.5,7.2
2018-11-14,34,21.8,0.0,35.0,14.7,6.7
2018-11-14,35,21.9,0.0,35.0,14.5,7.4
2018-11-14,36,22.5,0.0,33.9,14.7,7.3
2018-11-14,37,23.0,0.0,32.7,15.0,7.3
2018-11-14,38,23.6,0.0,32.7,15.1,7.5
2018-11-14,39,23.3,0.0,32.6,15.5,8.2
2018-11-14,40,23.6,0.0,30.8,15.9,8.7
2018-11-14,41,23.6,0.0,28.7,16.5,9.4
2018-11-14,42,25.0,0.0,28.2,17.2,9.7
2018-11-14,43,25.7,0.0,26.4,18.1,10.3
2018-11-14,44,26.4,0.0,26.5,19.2,10.9
2018-11-14,45,27.3,0.0,25.6,20.6,10.9
2018-11-14,46,28.9,0.0,23.4,21.9,11.6
2018-11-14,47,29.3,0.0,22.6,23.3,10.6
2018-11-14,48,30.5,0.0,21.4,24.1,11.0
2018-11-15,1,29.6,0.0,21.3,24.3,11.1
2018-11-15,2,28.9,0.0,21.2,24.0,10.9
2018-11-15,3,28.0,0.0,21.7,24.3,11.0
2018-11-15,4,28.0,0.0,21.9,24.1,11.0
2018-11-15,5,28.4,0.0,21.3,24.6,11.2
2018-11-15,6,28.2,0.0,22.4,24.8,11.3
2018-11-15,7,27.6,0.0,22.7,25.0,11.4
2018-11-15,8,27.1,0.0,22.7,25.3,11.5
2018-11-15,9,26.1,0.0,23.3,25.1,11.5
2018-11-15,10,25.1,0.0,24.1,25.1,11.4
2018-11-15,11,23.6,0.0,26.4,24.2,9.6
2018-11-15,12,21.0,0.0,28.5,22.6,8.5
2018-11-15,13,19.6,0.0,33.8,20.7,3.7
2018-11-15,14,18.2,0.0,38.0,18.9,3.7
2018-11-15,15,16.4,0.0,39.4,17.4,3.8
2018-11-15,16,16.1,0.5,40.2,17.0,3.8
2018-11-15,17,16.2,1.5,40.1,16.7,4.1
2018-11-15,18,16.7,2.8,39.3,16.5,4.1
2018-11-15,19,17.0,3.9,38.1,15.9,5.6
2018-11-15,20,17.3,4.8,37.2,15.9,5.6
2018-11-15,21,17.8,5.4,36.9,16.0,5.1
2018-11-15,22,18.3,5.7,36.7,16.0,4.5
2018-11-15,23,18.9,5.8,37.3,16.2,2.6
2018-11-15,24,18.5,5.7,37.8,16.2,2.5
2018-11-15,25,18.4,5.4,38.6,16.2,2.6
2018-11-15,26,18.8,4.8,38.7,16.2,2.7
2018-11-15,27,20.0,4.1,38.3,16.3,2.1
2018-11-15,28,20.1,3.3,38.6,16.6,2.3
2018-11-15,29,20.1,2.4,39.5,16.4,2.4
2018-11-15,30,20.2,1.4,41.5,16.4,2.1
2018-11-15,31,20.5,0.5,41.7,16.3,2.0
2018-11-15,32,20.6,0.1,42.1,15.8,2.0
2018-11-15,33,19.4,0.0,39.8,15.2,6.9
2018-11-15,34,18.7,0.0,41.3,14.4,6.6
2018-11-15,35,19.0,0.0,40.3,14.4,6.9
2018-11-15,36,18.4,0.0,39.6,14.4,6.9
2018-11-15,37,17.6,0.0,40.3,14.5,6.9
2018-11-15,38,15.7,0.0,41.9,14.8,7.1
2018-11-15,39,14.3,0.0,43.2,15.1,7.3
2018-11-15,40,13.3,0.0,42.4,15.7,7.6
2018-11-15,41,13.1,0.0,41.2,16.1,7.8
2018-11-15,42,13.3,0.0,40.9,16.5,8.0
2018-11-15,43,13.4,0.0,39.5,17.5,8.3
2018-11-15,44,12.6,0.0,38.6,18.5,8.8
2018-11-15,45,12.4,0.0,38.0,19.7,9.3
2018-11-15,46,11.9,0.0,37.5,20.9,9.9
2018-11-15,47,12.1,0.0,36.5,22.1,10.0
2018-11-15,48,12.1,0.0,35.9,22.9,10.3
2018-11-16,1,11.2,0.0,37.3,22.4,10.0
2018-11-16,2,10.3,0.0,37.5,22.4,10.2
2018-11-16,3,9.2,0.0,37.5,22.8,10.9
2018-11-16,4,8.6,0.0,37.0,23.4,10.9
2018-11-16,5,8.5,0.0,36.9,23.7,10.7
2018-11-16,6,8.4,0.0,36.7,24.0,10.9
2018-11-16,7,8.5,0.0,37.4,24.3,11.1
2018-11-16,8,8.6,0.0,38.1,24.4,11.0
2018-11-16,9,9.4,0.0,37.9,24.3,11.5
2018-11-16,10,9.4,0.0,38.1,24.0,11.7
2018-11-16,11,9.1,0.0,41.0,23.2,7.5
2018-11-16,12,9.1,0.0,41.4,22.3,7.7
2018-11-16,13,8.0,0.0,44.5,20.2,5.5
2018-11-16,14,8.1,0.0,46.8,18.4,4.5
2018-11-16,15,8.1,0.0,46.8,17.1,4.6
2018-11-16,16,8.1,0.0,47.5,16.6,4.1
2018-11-16,17,8.2,0.2,46.4,16.3,4.5
2018-11-16,18,7.7,0.5,46.0,16.2,4.5
2018-11-16,19,7.6,0.8,46.7,16.1,5.0
2018-11-16,20,7.7,1.1,46.7,16.0,5.0
2018-11-16,21,7.8,1.3,46.8,16.1,4.8
2018-11-16,22,7.9,1.5,46.0,16.0,4.8
2018-11-16,23,8.5,1.6,45.5,15.9,6.0
2018-11-16,24,9.2,1.6,44.1,16.0,6.0
2018-11-16,25,9.3,1.5,44.5,16.0,6.0
2018-11-16,26,9.5,1.3,44.9,16.1,5.3
2018-11-16,27,9.4,1.1,44.4,16.2,5.5
2018-11-16,28,9.4,0.8,43.7,16.2,5.5
2018-11-16,29,9.5,0.5,44.9,16.0,5.2
2018-11-16,30,9.6,0.3,45.1,16.3,5.0
2018-11-16,31,9.4,0.1,45.2,16.1,5.6
2018-11-16,32,9.5,0.0,46.0,15.8,5.6
2018-11-16,33,9.2,0.0,45.9,15.3,4.4
2018-11-16,34,9.1,0.0,45.9,14.9,4.6
2018-11-16,35,9.0,0.0,44.1,14.8,6.8
2018-11-16,36,9.5,0.0,44.7,14.9,6.7
2018-11-16,37,9.6,0.0,45.4,15.1,6.7
2018-11-16,38,9.5,0.0,45.6,15.5,6.9
2018-11-16,39,9.8,0.0,44.4,15.8,7.6
2018-11-16,40,10.3,0.0,43.7,16.4,8.3
2018-11-16,41,10.8,0.0,43.7,16.9,9.1
2018-11-16,42,11.5,0.0,43.1,17.6,9.3
2018-11-16,43,12.1,0.0,41.6,18.3,9.5
2018-11-16,44,13.7,0.0,39.2,19.3,10.2
2018-11-16,45,15.2,0.0,33.6,20.4,11.5
2018-11-16,46,16.1,0.0,31.5,21.4,11.7
2018-11-16,47,16.9,0.0,29.9,22.6,11.1
2018-11-16,48,17.0,0.0,29.2,23.1,12.0
2018-11-17,1,16.0,0.0,30.1,22.5,11.9
2018-11-17,2,15.8,0.0,30.2,22.3,11.8
2018-11-17,3,16.6,0.0,28.4,23.0,11.6
2018-11-17,4,17.9,0.0,26.6,23.8,12.0
2018-11-17,5,19.1,0.0,25.4,24.4,11.7
2018-11-17,6,19.7,0.0,25.0,24.8,11.9
2018-11-17,7,21.7,0.0,24.3,25.1,12.1
2018-11-17,8,22.2,0.0,23.0,25.8,12.4
2018-11-17,9,22.6,0.0,22.5,26.0,12.5
2018-11-17,10,23.1,0.0,22.4,25.7,12.4
2018-11-17,11,23.4,0.0,21.8,25.7,12.3
2018-11-17,12,22.8,0.0,21.7,24.7,12.0
2018-11-17,13,23.1,0.0,20.8,24.5,12.4
2018-11-17,14,21.8,0.0,24.0,23.6,11.9
2018-11-17,15,20.1,0.0,26.5,22.1,11.7
2018-11-17,16,19.3,0.3,27.5,21.2,11.2
2018-11-17,17,18.2,1.0,28.9,20.0,10.1
2018-11-17,18,17.4,2.2,28.3,19.3,9.8
2018-11-17,19,16.7,3.7,28.8,18.6,10.2
2018-11-17,20,17.0,5.5,27.7,18.3,9.7
2018-11-17,21,16.5,7.3,27.0,18.0,9.8
2018-11-17,22,16.8,9.1,26.5,17.8,9.4
2018-11-17,23,17.3,10.5,25.2,17.9,9.4
2018-11-17,24,17.5,11.3,25.2,18.1,9.3
2018-11-17,25,18.1,11.4,25.3,18.2,9.2
2018-11-17,26,18.4,11.2,25.1,18.4,9.3
2018-11-17,27,18.5,10.5,25.4,18.6,9.7
2018-11-17,28,20.0,9.3,25.0,18.8,9.8
2018-11-17,29,20.9,7.6,24.4,19.1,10.1
2018-11-17,30,22.2,5.4,24.7,19.3,10.1
2018-11-17,31,23.4,3.1,26.5,19.1,9.3
2018-11-17,32,24.2,1.3,28.8,18.9,9.1
2018-11-17,33,23.4,0.3,29.9,18.1,9.8
2018-11-17,34,22.5,0.0,31.0,16.8,9.0
2018-11-17,35,22.3,0.0,31.6,16.4,8.3
2018-11-17,36,22.4,0.0,31.5,16.4,7.9
2018-11-17,37,22.4,0.0,31.7,16.5,7.9
2018-11-17,38,23.0,0.0,30.7,17.0,8.2
2018-11-17,39,24.1,0.0,30.2,17.5,8.6
2018-11-17,40,25.0,0.0,28.8,18.3,9.1
2018-11-17,41,26.1,0.0,27.5,18.7,9.7
2018-11-17,42,27.6,0.0,24.8,19.6,10.2
2018-11-17,43,28.6,0.0,23.6,20.3,10.8
2018-11-17,44,30.0,0.0,22.8,19.9,11.1
2018-11-17,45,31.5,0.0,22.6,19.7,10.8
2018-11-17,46,31.9,0.0,21.9,20.8,11.4
2018-11-17,47,32.2,0.0,22.5,21.8,9.1
2018-11-17,48,31.5,0.0,21.2,22.7,9.6
2018-11-18,1,28.7,0.0,21.5,22.7,11.8
2018-11-18,2,25.7,0.0,23.8,22.1,11.8
2018-11-18,3,23.9,0.0,25.6,21.6,11.8
2018-11-18,4,24.3,0.0,26.0,21.6,11.8
2018-11-18,5,24.4,0.0,25.1,22.4,11.8
2018-11-18,6,24.5,0.0,24.6,22.8,12.0
2018-11-18,7,25.1,0.0,24.1,23.2,12.2
2018-11-18,8,25.6,0.0,23.5,23.7,12.5
2018-11-18,9,27.3,0.0,23.4,23.6,12.3
2018-11-18,10,28.9,0.0,21.9,23.7,12.3
2018-11-18,11,29.6,0.0,21.0,23.8,12.5
2018-11-18,12,28.8,0.0,21.8,23.6,12.5
2018-11-18,13,27.4,0.0,23.9,22.6,12.4
2018-11-18,14,26.3,0.0,26.0,21.7,11.9
2018-11-18,15,25.9,0.1,26.5,21.5,12.1
2018-11-18,16,25.0,0.6,27.5,20.9,11.7
2018-11-18,17,22.7,1.9,28.4,19.8,11.1
2018-11-18,18,21.0,3.8,29.0,18.6,10.4
2018-11-18,19,20.6,5.9,28.6,17.8,8.9
2018-11-18,20,19.6,8.0,28.0,17.3,8.4
2018-11-18,21,18.3,9.8,28.2,16.9,8.5
2018-11-18,22,16.9,11.3,28.4,16.8,8.3
2018-11-18,23,16.9,12.6,27.8,16.5,7.9
2018-11-18,24,16.8,12.9,27.9,16.3,8.1
2018-11-18,25,18.1,12.9,26.9,16.3,8.9
2018-11-18,26,17.6,12.4,27.7,16.7,8.6
2018-11-18,27,17.8,11.1,28.4,16.7,9.2
2018-11-18,28,18.3,9.3,29.5,16.8,9.5
2018-11-18,29,18.7,7.1,30.6,16.8,9.7
2018-11-18,30,19.7,4.5,33.2,16.7,9.3
2018-11-18,31,20.6,2.0,34.3,16.5,8.7
2018-11-18,32,19.9,0.4,37.6,16.0,8.6
2018-11-18,33,18.6,0.0,39.6,14.9,8.6
2018-11-18,34,17.7,0.0,40.7,14.0,7.4
2018-11-18,35,18.0,0.0,39.3,14.0,7.4
2018-11-18,36,17.5,0.0,39.0,14.3,7.5
2018-11-18,37,17.2,0.0,39.4,14.5,7.8
2018-11-18,38,17.3,0.0,39.3,14.8,7.9
2018-11-18,39,18.0,0.0,38.3,15.3,8.3
2018-11-18,40,18.8,0.0,36.4,15.8,8.9
2018-11-18,41,19.4,0.0,35.0,16.1,9.4
2018-11-18,42,20.4,0.0,33.0,16.7,9.2
2018-11-18,43,21.9,0.0,29.4,17.4,8.8
2018-11-18,44,22.7,0.0,26.1,18.5,8.6
2018-11-18,45,24.3,0.0,26.2,19.6,5.5
2018-11-18,46,24.9,0.0,24.3,20.8,6.4
2018-11-18,47,26.2,0.0,21.3,22.0,6.3
2018-11-18,48,27.7,0.0,20.8,21.7,6.7
2018-11-19,1,28.2,0.0,19.2,21.7,10.0
2018-11-19,2,29.0,0.0,19.6,21.3,9.8
2018-11-19,3,29.1,0.0,19.5,21.8,9.0
2018-11-19,4,29.7,0.0,19.0,22.0,8.9
2018-11-19,5,30.3,0.0,17.4,22.5,10.6
2018-11-19,6,30.9,0.0,16.2,23.1,10.6
2018-11-19,7,31.2,0.0,15.5,23.5,10.2
2018-11-19,8,29.7,0.0,17.8,23.9,9.5
2018-11-19,9,28.5,0.0,20.3,23.4,5.4
2018-11-19,10,27.5,0.0,21.4,23.0,5.4
2018-11-19,11,26.6,0.0,22.7,22.1,6.4
2018-11-19,12,24.7,0.0,25.4,20.5,5.9
2018-11-19,13,22.8,0.0,29.1,18.8,5.4
2018-11-19,14,20.8,0.0,33.7,16.8,4.3
2018-11-19,15,19.6,0.0,37.6,15.4,3.0
2018-11-19,16,20.2,0.1,38.2,14.9,2.5
2018-11-19,17,20.1,0.4,38.3,14.5,2.3
2018-11-19,18,19.6,1.0,38.0,14.4,2.3
2018-11-19,19,18.2,1.7,39.8,13.9,2.2
2018-11-19,20,17.3,2.7,40.0,13.7,2.1
2018-11-19,21,17.5,3.4,40.0,13.5,2.1
2018-11-19,22,18.6,4.1,39.2,13.5,2.1
2018-11-19,23,19.7,4.3,38.3,13.5,2.5
2018-11-19,24,19.8,4.1,38.9,13.6,2.5
2018-11-19,25,20.8,4.0,39.3,13.4,2.3
2018-11-19,26,21.3,4.2,37.6,13.6,2.3
2018-11-19,27,20.4,3.9,37.2,13.7,2.4
2018-11-19,28,20.2,3.3,38.8,13.7,2.4
2018-11-19,29,20.4,2.5,40.2,13.7,2.4
2018-11-19,30,20.7,1.5,41.0,13.8,2.3
2018-11-19,31,21.7,0.6,41.3,14.0,1.2
2018-11-19,32,20.9,0.1,42.0,13.5,1.1
2018-11-19,33,20.2,0.0,43.0,13.1,1.8
2018-11-19,34,19.1,0.0,43.5,12.7,1.7
2018-11-19,35,18.9,0.0,43.2,12.7,2.3
2018-11-19,36,19.8,0.0,42.9,12.8,2.3
2018-11-19,37,19.7,0.0,42.9,12.8,2.3
2018-11-19,38,20.3,0.0,41.0,12.9,2.3
2018-11-19,39,20.6,0.0,41.8,13.3,2.4
2018-11-19,40,21.7,0.0,41.3,13.7,2.5
2018-11-19,41,22.7,0.0,41.6,13.8,2.5
2018-11-19,42,23.6,0.0,39.7,14.5,2.6
2018-11-19,43,25.0,0.0,36.9,15.2,2.6
2018-11-19,44,26.1,0.0,35.8,16.1,2.7
2018-11-19,45,27.9,0.0,34.5,17.4,3.0
2018-11-19,46,29.1,0.0,34.0,18.3,3.1
2018-11-19,47,32.2,0.0,31.5,20.3,3.1
2018-11-19,48,32.8,0.0,30.3,21.3,3.2
2018-11-20,1,32.6,0.0,29.2,22.0,3.5
2018-11-20,2,31.2,0.0,31.4,21.4,3.5
2018-11-20,3,31.8,0.0,30.2,21.5,4.0
2018-11-20,4,33.7,0.0,28.3,22.1,4.0
2018-11-20,5,34.9,0.0,27.7,22.6,2.8
2018-11-20,6,34.6,0.0,27.9,22.9,2.9
2018-11-20,7,34.8,0.0,26.5,23.1,3.2
2018-11-20,8,34.9,0.0,25.7,23.3,3.3
2018-11-20,9,34.6,0.0,27.1,22.8,3.4
2018-11-20,10,34.2,0.0,27.3,22.5,3.6
2018-11-20,11,33.9,0.0,24.8,22.4,4.9
2018-11-20,12,32.8,0.0,26.6,21.1,4.9
2018-11-20,13,30.2,0.0,30.7,19.0,4.6
2018-11-20,14,28.2,0.0,35.0,17.3,3.4
2018-11-20,15,26.0,0.0,37.9,15.8,2.6
2018-11-20,16,25.5,0.1,36.8,15.2,2.5
2018-11-20,17,24.6,0.3,38.5,14.6,2.0
2018-11-20,18,24.4,0.7,38.8,14.5,1.9
2018-11-20,19,23.8,1.3,39.6,14.1,2.1
2018-11-20,20,24.4,1.8,39.3,13.9,2.0
2018-11-20,21,24.4,2.3,38.8,13.8,2.1
2018-11-20,22,24.2,2.8,39.1,13.6,2.1
2018-11-20,23,24.2,3.1,38.9,13.6,2.1
2018-11-20,24,24.3,2.8,39.1,13.5,2.0
2018-11-20,25,24.6,2.2,39.9,13.5,1.8
2018-11-20,26,24.8,1.7,39.9,13.6,1.8
2018-11-20,27,25.7,1.5,39.2,14.0,1.3
2018-11-20,28,25.4,1.1,40.3,13.9,1.3
2018-11-20,29,25.6,0.7,41.1,13.8,0.7
2018-11-20,30,25.2,0.4,41.8,13.9,0.7
2018-11-20,31,24.7,0.1,41.3,13.7,1.2
2018-11-20,32,23.6,0.0,43.3,13.3,1.2
2018-11-20,33,23.3,0.0,43.2,12.9,1.4
2018-11-20,34,22.9,0.0,42.7,12.8,1.4
2018-11-20,35,23.0,0.0,41.8,12.8,2.2
2018-11-20,36,22.9,0.0,42.1,12.8,2.2
2018-11-20,37,22.1,0.0,42.3,12.7,2.2
2018-11-20,38,21.8,0.0,43.4,13.0,2.3
2018-11-20,39,21.7,0.0,43.2,13.3,2.3
2018-11-20,40,21.5,0.0,42.4,13.5,2.4
2018-11-20,41,21.3,0.0,42.8,13.9,2.6
2018-11-20,42,22.1,0.0,42.5,14.4,2.5
2018-11-20,43,22.5,0.0,39.9,15.1,2.6
2018-11-20,44,22.9,0.0,37.7,16.0,3.0
2018-11-20,45,23.3,0.0,36.2,17.0,3.5
2018-11-20,46,24.7,0.0,34.9,18.0,4.1
2018-11-20,47,26.9,0.0,33.1,19.1,3.8
2018-11-20,48,28.6,0.0,30.1,19.7,4.2
2018-11-21,1,28.0,0.0,30.7,19.3,4.6
2018-11-21,2,28.6,0.0,30.3,18.9,4.7
2018-11-21,3,29.7,0.0,28.7,19.8,4.4
2018-11-21,4,31.2,0.0,27.5,20.2,4.2
2018-11-21,5,33.3,0.0,27.7,20.8,3.6
2018-11-21,6,33.1,0.0,28.3,20.8,3.8
2018-11-21,7,32.7,0.0,29.1,20.5,3.4
2018-11-21,8,33.4,0.0,28.5,20.8,3.5
2018-11-21,9,33.1,0.0,27.7,20.2,4.2
2018-11-21,10,32.5,0.0,28.0,20.0,4.1
2018-11-21,11,30.9,0.0,29.3,19.3,3.6
2018-11-21,12,30.1,0.0,29.9,18.3,3.7
2018-11-21,13,27.7,0.0,33.4,17.2,2.6
2018-11-21,14,25.6,0.0,38.2,15.8,1.5
2018-11-21,15,23.1,0.0,43.1,14.6,0.0
2018-11-21,16,22.9,0.1,42.5,14.1,0.0
2018-11-21,17,21.8,0.4,43.9,13.8,0.0
2018-11-21,18,21.4,0.9,43.4,13.7,0.0
2018-11-21,19,20.6,1.7,43.0,13.5,0.0
2018-11-21,20,20.1,2.5,43.4,13.5,0.0
2018-11-21,21,19.5,3.3,43.7,13.3,0.0
2018-11-21,22,19.1,3.9,44.4,13.1,0.0
2018-11-21,23,18.8,4.2,43.9,13.2,0.0
2018-11-21,24,18.6,4.3,44.0,13.1,0.0
2018-11-21,25,18.4,4.3,44.2,13.1,0.0
2018-11-21,26,18.5,4.0,44.0,13.3,0.0
2018-11-21,27,18.2,3.4,44.6,13.3,0.0
2018-11-21,28,18.3,2.9,44.7,13.4,0.0
2018-11-21,29,17.9,2.2,45.2,13.3,0.0
2018-11-21,30,18.8,1.3,45.0,13.4,0.0
2018-11-21,31,18.3,0.5,45.0,13.4,0.0
2018-11-21,32,17.3,0.1,46.7,13.1,0.0
2018-11-21,33,17.0,0.0,46.2,13.2,0.0
2018-11-21,34,16.8,0.0,46.0,13.0,0.0
2018-11-21,35,16.6,0.0,44.8,13.1,1.9
2018-11-21,36,15.9,0.0,45.7,13.1,1.5
2018-11-21,37,15.0,0.0,45.9,12.6,2.2
2018-11-21,38,14.7,0.0,46.2,12.7,2.2
2018-11-21,39,14.3,0.0,47.3,12.9,1.4
2018-11-21,40,14.6,0.0,47.7,13.2,1.5
2018-11-21,41,14.2,0.0,48.2,13.4,1.8
2018-11-21,42,13.4,0.0,47.6,13.9,1.7
2018-11-21,43,13.8,0.0,46.4,14.7,2.0
2018-11-21,44,14.1,0.0,46.5,15.5,1.8
2018-11-21,45,14.1,0.0,47.9,16.3,1.8
2018-11-21,46,14.1,0.0,49.1,17.3,2.0
2018-11-21,47,12.9,0.0,48.8,17.9,3.3
2018-11-21,48,12.1,0.0,48.8,18.1,3.5
2018-11-22,1,11.5,0.0,48.6,18.1,4.5
2018-11-22,2,11.6,0.0,48.0,17.9,4.4
2018-11-22,3,12.0,0.0,48.4,18.9,4.2
2018-11-22,4,11.8,0.0,47.8,19.2,4.7
2018-11-22,5,11.7,0.0,46.8,19.7,5.0
2018-11-22,6,12.1,0.0,46.1,19.9,5.0
2018-11-22,7,11.9,0.0,46.0,20.1,5.2
2018-11-22,8,11.8,0.0,45.5,20.1,5.5
2018-11-22,9,11.3,0.0,46.9,19.1,5.5
2018-11-22,10,11.3,0.0,46.8,18.8,5.3
2018-11-22,11,11.6,0.0,45.1,18.3,5.2
2018-11-22,12,11.4,0.0,45.2,17.5,3.7
2018-11-22,13,10.5,0.0,48.0,16.3,2.0
2018-11-22,14,9.3,0.0,49.5,14.9,1.8
2018-11-22,15,8.6,0.0,50.6,13.8,1.7
2018-11-22,16,8.2,0.2,49.9,13.5,1.7
2018-11-22,17,7.6,0.8,49.8,13.3,1.6
2018-11-22,18,7.3,1.8,50.1,13.1,1.5
2018-11-22,19,7.1,2.7,49.1,13.0,1.4
2018-11-22,20,6.9,3.4,49.8,13.0,1.3
2018-11-22,21,6.8,3.8,49.0,13.1,1.4
2018-11-22,22,6.8,3.9,49.3,13.1,1.4
2018-11-22,23,6.5,3.9,49.5,13.1,1.5
2018-11-22,24,6.3,3.8,49.1,13.1,1.5
2018-11-22,25,6.1,3.4,50.2,13.1,1.5
2018-11-22,26,6.3,3.1,50.1,13.1,1.5
2018-11-22,27,6.3,2.6,50.3,13.2,1.8
2018-11-22,28,6.3,2.1,50.0,13.3,1.8
2018-11-22,29,6.2,1.4,51.2,13.3,1.5
2018-11-22,30,6.5,0.8,51.2,13.4,1.5
2018-11-22,31,6.7,0.3,50.2,13.6,1.5
2018-11-22,32,6.7,0.2,50.4,13.3,1.6
2018-11-22,33,6.6,0.0,50.0,13.0,1.9
2018-11-22,34,6.3,0.0,50.9,12.9,1.8
2018-11-22,35,6.6,0.0,50.7,12.9,2.1
2018-11-22,36,6.6,0.0,50.0,13.1,2.1
2018-11-22,37,6.7,0.0,50.1,13.1,2.2
2018-11-22,38,7.0,0.0,50.0,12.9,2.0
2018-11-22,39,7.0,0.0,49.9,12.8,3.0
2018-11-22,40,6.9,0.0,49.7,12.9,2.9
2018-11-22,41,7.2,0.0,49.5,13.5,3.5
2018-11-22,42,7.5,0.0,48.3,14.1,3.4
2018-11-22,43,7.6,0.0,46.1,14.8,3.6
2018-11-22,44,8.0,0.0,45.6,15.6,3.8
2018-11-22,45,8.3,0.0,45.6,16.5,3.5
2018-11-22,46,8.8,0.0,45.4,17.4,3.2
2018-11-22,47,8.5,0.0,46.8,17.6,3.3
2018-11-22,48,8.7,0.0,46.4,18.0,3.9
2018-11-23,1,9.0,0.0,45.5,18.7,4.2
2018-11-23,2,8.5,0.0,45.9,18.7,4.3
2018-11-23,3,8.7,0.0,46.9,18.8,4.4
2018-11-23,4,8.7,0.0,46.5,19.2,4.5
2018-11-23,5,9.0,0.0,46.4,19.8,4.3
2018-11-23,6,9.0,0.0,46.3,20.0,4.4
2018-11-23,7,8.7,0.0,47.2,19.9,4.6
2018-11-23,8,8.9,0.0,46.9,20.1,4.6
2018-11-23,9,8.8,0.0,47.8,19.5,4.0
2018-11-23,10,8.5,0.0,47.1,19.4,3.7
2018-11-23,11,8.7,0.0,47.9,18.6,1.9
2018-11-23,12,8.8,0.0,48.6,17.9,2.0
2018-11-23,13,8.0,0.0,50.3,17.0,2.2
2018-11-23,14,7.5,0.0,52.2,15.9,2.1
2018-11-23,15,7.2,0.0,53.4,14.7,1.8
2018-11-23,16,7.1,0.0,53.3,14.2,1.4
2018-11-23,17,6.7,0.1,53.4,13.9,1.1
2018-11-23,18,6.7,0.3,52.9,13.8,1.0
2018-11-23,19,6.7,0.6,53.0,13.6,0.6
2018-11-23,20,6.7,0.9,53.0,13.5,0.5
2018-11-23,21,6.5,1.2,53.3,13.6,0.5
2018-11-23,22,6.5,1.5,53.4,13.6,0.5
2018-11-23,23,6.3,1.7,53.5,13.7,0.4
2018-11-23,24,6.2,1.9,53.3,13.7,0.4
2018-11-23,25,6.1,2.0,53.2,13.7,0.3
2018-11-23,26,6.3,2.0,53.3,13.8,0.2
2018-11-23,27,6.0,1.8,53.8,13.9,0.2
2018-11-23,28,6.0,1.4,53.9,14.0,0.2
2018-11-23,29,6.4,1.0,54.4,13.9,0.2
2018-11-23,30,7.1,0.7,54.1,13.9,0.2
2018-11-23,31,7.4,0.6,54.1,13.9,0.3
2018-11-23,32,7.6,0.5,53.8,13.9,0.4
2018-11-23,33,7.9,0.3,53.5,13.9,0.7
2018-11-23,34,8.2,0.1,53.3,13.8,0.9
2018-11-23,35,8.4,0.0,53.1,13.8,1.2
2018-11-23,36,8.7,0.0,52.6,13.8,1.5
2018-11-23,37,8.7,0.0,52.5,13.7,1.8
2018-11-23,38,8.7,0.0,52.2,13.6,2.2
2018-11-23,39,8.7,0.0,51.7,13.6,2.7
2018-11-23,40,8.8,0.0,51.2,13.5,3.3
2018-11-23,41,8.8,0.0,51.1,13.4,3.7
2018-11-23,42,8.8,0.0,50.8,13.4,4.1
2018-11-23,43,8.8,0.0,50.7,13.4,4.4
2018-11-23,44,8.8,0.0,51.0,13.5,4.8
2018-11-23,45,8.9,0.0,51.1,13.5,5.3
2018-11-23,46,8.9,0.0,51.1,13.7,5.8
2018-11-23,47,9.0,0.0,51.2,13.9,6.0
2018-11-23,48,9.1,0.0,51.3,14.4,6.1
2018-11-24,1,9.5,0.0,50.4,15.1,6.5
2018-11-24,2,9.9,0.0,48.7,15.9,7.0
2018-11-24,3,10.5,0.0,46.0,16.8,7.5
2018-11-24,4,11.1,0.0,43.5,17.6,8.2
2018-11-24,5,11.7,0.0,41.6,18.2,8.8
2018-11-24,6,12.0,0.0,40.9,18.4,9.2
2018-11-24,7,12.4,0.0,40.5,18.6,9.3
2018-11-24,8,12.9,0.0,39.6,18.9,9.6
2018-11-24,9,13.5,0.0,38.8,19.3,9.8
2018-11-24,10,14.0,0.0,37.9,19.7,10.1
2018-11-24,11,14.4,0.0,37.6,19.9,10.1
2018-11-24,12,14.8,0.0,37.2,20.1,10.3
2018-11-24,13,15.1,0.0,37.2,20.3,10.4
2018-11-24,14,15.3,0.0,37.5,20.4,10.4
2018-11-24,15,15.3,0.0,37.8,20.4,10.3
2018-11-24,16,15.2,0.0,37.7,20.3,10.0
2018-11-24,17,14.9,0.1,38.1,19.9,9.6
2018-11-24,18,14.3,0.3,39.5,19.2,8.9
2018-11-24,19,13.5,0.6,41.5,18.3,8.1
2018-11-24,20,12.5,1.0,44.0,17.3,7.4
2018-11-24,21,11.6,1.3,46.3,16.6,6.7
2018-11-24,22,10.7,1.7,48.3,15.8,6.1
2018-11-24,23,9.9,1.9,49.7,15.2,5.8
2018-11-24,24,9.2,2.1,50.7,14.7,5.6
2018-11-24,25,8.7,2.3,51.3,14.4,5.5
2018-11-24,26,8.3,2.3,51.5,14.3,5.6
2018-11-24,27,8.1,2.3,51.8,14.4,5.7
2018-11-24,28,8.0,2.1,52.1,14.5,5.6
2018-11-24,29,7.2,0.9,46.3,16.4,7.0
2018-11-24,30,7.4,0.4,47.1,16.4,6.8
2018-11-24,31,7.6,0.1,49.6,16.4,2.9
2018-11-24,32,7.4,0.0,49.6,16.0,3.8
2018-11-24,33,7.1,0.0,48.8,15.6,5.1
2018-11-24,34,6.7,0.0,49.0,15.3,5.0
2018-11-24,35,6.8,0.0,47.4,15.0,6.6
2018-11-24,36,6.8,0.0,47.9,15.2,6.6
2018-11-24,37,7.2,0.0,48.1,15.4,6.6
2018-11-24,38,7.5,0.0,48.6,15.9,6.8
2018-11-24,39,7.6,0.0,48.4,16.5,6.4
2018-11-24,40,7.7,0.0,48.1,17.2,6.6
2018-11-24,41,7.6,0.0,47.5,17.6,7.6
2018-11-24,42,8.0,0.0,47.9,18.2,8.0
2018-11-24,43,8.4,0.0,47.0,18.8,9.3
2018-11-24,44,8.9,0.0,45.9,19.6,9.4
2018-11-24,45,9.1,0.0,43.9,20.6,9.5
2018-11-24,46,9.2,0.0,42.6,21.5,9.9
2018-11-24,47,9.8,0.0,40.3,22.4,10.8
2018-11-24,48,10.1,0.0,39.0,23.0,11.6
2018-11-25,1,9.8,0.0,39.8,22.8,12.0
2018-11-25,2,9.9,0.0,39.0,23.0,12.1
2018-11-25,3,10.4,0.0,39.2,23.4,12.6
2018-11-25,4,10.9,0.0,39.1,23.5,12.2
2018-11-25,5,11.4,0.0,38.6,23.9,11.5
2018-11-25,6,11.9,0.0,38.2,24.2,11.5
2018-11-25,7,13.0,0.0,37.4,24.5,11.2
2018-11-25,8,13.5,0.0,36.5,24.7,11.3
2018-11-25,9,14.0,0.0,35.6,24.9,11.3
2018-11-25,10,14.4,0.0,34.5,25.2,11.4
2018-11-25,11,14.4,0.0,34.9,25.0,11.3
2018-11-25,12,14.1,0.0,35.9,24.7,11.2
2018-11-25,13,14.3,0.0,37.4,23.7,10.8
2018-11-25,14,14.3,0.0,38.4,23.1,10.5
2018-11-25,15,14.8,0.0,39.1,22.6,9.9
2018-11-25,16,15.3,0.1,37.2,22.8,9.9
2018-11-25,17,15.3,0.4,39.3,21.5,8.7
2018-11-25,18,14.7,1.1,40.0,20.8,8.3
2018-11-25,19,13.8,2.0,39.5,19.7,9.3
2018-11-25,20,13.7,2.7,38.6,19.3,8.9
2018-11-25,21,12.9,3.4,38.9,18.8,8.5
2018-11-25,22,12.6,3.8,39.6,18.5,8.3
2018-11-25,23,12.3,4.0,40.2,18.3,8.2
2018-11-25,24,12.7,3.9,39.9,18.1,8.1
2018-11-25,25,13.1,3.5,39.9,18.2,7.9
2018-11-25,26,13.0,2.9,40.8,18.1,7.9
2018-11-25,27,13.2,2.4,41.5,18.3,7.9
2018-11-25,28,13.1,1.9,42.2,18.3,7.9
2018-11-25,29,13.3,1.3,41.7,18.2,7.9
2018-11-25,30,12.8,0.7,42.4,18.1,7.8
2018-11-25,31,12.4,0.3,42.0,17.7,7.4
2018-11-25,32,12.1,0.0,42.8,17.1,7.2
2018-11-25,33,11.4,0.0,42.2,16.3,6.9
2018-11-25,34,11.4,0.0,42.2,16.0,6.8
2018-11-25,35,12.3,0.0,43.1,15.9,7.0
2018-11-25,36,12.4,0.0,42.9,16.0,7.0
2018-11-25,37,12.0,0.0,43.1,16.2,7.1
2018-11-25,38,12.1,0.0,43.4,16.6,7.3
2018-11-25,39,12.2,0.0,43.4,17.2,7.6
2018-11-25,40,12.6,0.0,42.4,17.9,7.8
2018-11-25,41,12.9,0.0,42.3,18.3,8.1
2018-11-25,42,13.3,0.0,41.9,18.8,8.3
2018-11-25,43,14.4,0.0,41.9,19.6,8.7
2018-11-25,44,14.3,0.0,41.8,20.8,9.0
2018-11-25,45,15.5,0.0,40.1,21.7,9.3
2018-11-25,46,15.5,0.0,37.7,22.9,9.8
2018-11-25,47,15.4,0.0,35.2,24.6,10.6
2018-11-25,48,15.4,0.0,35.0,24.7,10.6
2018-11-26,1,14.7,0.0,36.4,24.3,10.7
2018-11-26,2,14.0,0.0,37.9,23.7,10.4
2018-11-26,3,14.2,0.0,38.1,23.6,10.4
2018-11-26,4,13.9,0.0,37.3,24.2,10.6
2018-11-26,5,13.0,0.0,37.2,24.7,10.8
2018-11-26,6,13.2,0.0,37.2,24.5,10.8
2018-11-26,7,13.3,0.0,36.1,24.9,10.9
2018-11-26,8,12.1,0.0,36.6,25.3,11.1
2018-11-26,9,11.9,0.0,37.0,25.2,10.8
2018-11-26,10,10.9,0.0,38.4,24.9,10.4
2018-11-26,11,10.0,0.0,42.6,24.2,5.8
2018-11-26,12,9.2,0.0,41.5,23.3,5.2
2018-11-26,13,8.5,0.0,45.3,20.2,2.1
2018-11-26,14,7.2,0.0,48.2,18.5,1.1
2018-11-26,15,6.5,0.0,50.9,16.5,0.0
2018-11-26,16,6.2,0.1,52.6,16.0,0.0
2018-11-26,17,6.3,0.5,51.1,15.6,1.6
2018-11-26,18,5.9,1.4,51.6,15.6,1.1
2018-11-26,19,6.0,2.3,50.7,15.4,0.0
2018-11-26,20,5.5,3.2,50.8,15.3,0.0
2018-11-26,21,5.3,4.1,49.7,15.5,0.0
2018-11-26,22,4.5,4.6,50.5,15.2,0.0
2018-11-26,23,4.2,4.8,50.9,15.3,0.0
2018-11-26,24,3.9,4.7,51.4,15.3,0.0
2018-11-26,25,3.9,4.4,51.8,15.4,0.1
2018-11-26,26,3.9,4.0,52.2,15.0,0.3
2018-11-26,27,3.5,3.4,52.0,14.2,2.7
2018-11-26,28,3.6,2.7,52.5,14.2,2.5
2018-11-26,29,3.5,1.9,53.0,14.2,2.8
2018-11-26,30,3.4,1.2,52.6,14.3,2.8
2018-11-26,31,3.5,0.5,52.5,14.3,3.0
2018-11-26,32,3.6,0.1,52.9,14.0,3.0
2018-11-26,33,3.6,0.0,52.0,13.7,3.0
2018-11-26,34,3.9,0.0,52.3,13.6,3.1
2018-11-26,35,4.1,0.0,51.9,13.5,2.9
2018-11-26,36,4.1,0.0,51.8,13.7,3.0
2018-11-26,37,4.2,0.0,51.0,13.8,3.8
2018-11-26,38,3.9,0.0,51.8,13.8,4.1
2018-11-26,39,3.9,0.0,50.8,14.0,5.0
2018-11-26,40,4.0,0.0,50.1,14.2,5.1
2018-11-26,41,4.1,0.0,50.9,14.5,3.6
2018-11-26,42,4.5,0.0,50.2,15.0,3.9
2018-11-26,43,5.4,0.0,49.2,15.2,4.2
2018-11-26,44,6.4,0.0,49.2,16.1,4.6
2018-11-26,45,7.6,0.0,48.9,17.1,4.8
2018-11-26,46,8.1,0.0,50.0,18.3,4.8
2018-11-26,47,9.5,0.0,47.7,19.6,8.9
2018-11-26,48,10.8,0.0,45.0,20.3,10.1
2018-11-27,1,11.7,0.0,42.5,20.3,11.5
2018-11-27,2,11.6,0.0,42.5,20.6,11.7
2018-11-27,3,11.6,0.0,43.6,20.6,11.8
2018-11-27,4,12.3,0.0,42.0,20.8,12.0
2018-11-27,5,13.3,0.0,39.8,21.2,12.2
2018-11-27,6,14.6,0.0,38.6,21.2,12.2
2018-11-27,7,16.2,0.0,36.4,21.5,12.4
2018-11-27,8,17.4,0.0,35.0,21.8,11.9
2018-11-27,9,18.9,0.0,38.2,22.2,6.1
2018-11-27,10,19.7,0.0,37.5,22.1,5.3
2018-11-27,11,20.6,0.0,40.7,20.9,2.0
2018-11-27,12,21.6,0.0,40.8,20.2,1.9
2018-11-27,13,21.5,0.0,42.6,18.5,1.7
2018-11-27,14,21.4,0.0,42.4,16.9,1.6
2018-11-27,15,21.4,0.0,43.7,15.6,1.5
2018-11-27,16,21.8,0.0,43.7,15.1,1.4
2018-11-27,17,21.8,0.2,43.4,14.9,1.7
2018-11-27,18,22.2,0.4,42.8,14.7,1.7
2018-11-27,19,22.9,1.0,41.5,14.4,1.6
2018-11-27,20,23.9,1.3,40.2,14.4,1.6
2018-11-27,21,24.4,1.4,39.5,14.4,1.5
2018-11-27,22,24.8,1.5,39.0,14.4,1.3
2018-11-27,23,25.2,1.5,38.9,14.4,1.5
2018-11-27,24,25.7,1.4,38.5,14.5,1.2
2018-11-27,25,25.9,1.2,38.0,14.4,0.9
2018-11-27,26,26.3,1.0,37.5,14.5,0.5
2018-11-27,27,26.2,0.7,38.9,14.3,0.0
2018-11-27,28,26.6,0.5,38.6,14.3,0.0
2018-11-27,29,26.2,0.3,39.1,14.1,0.0
2018-11-27,30,26.7,0.2,38.6,14.1,0.0
2018-11-27,31,26.8,0.1,38.7,14.0,0.0
2018-11-27,32,25.3,0.0,40.7,13.5,0.0
2018-11-27,33,24.6,0.0,41.4,13.4,0.0
2018-11-27,34,24.4,0.0,40.8,13.4,0.0
2018-11-27,35,24.4,0.0,39.9,13.6,1.1
2018-11-27,36,24.0,0.0,41.0,13.6,1.1
2018-11-27,37,23.1,0.0,41.9,13.6,1.4
2018-11-27,38,22.5,0.0,41.7,13.7,1.4
2018-11-27,39,22.4,0.0,38.3,14.2,4.1
2018-11-27,40,21.7,0.0,38.2,14.6,4.3
2018-11-27,41,21.1,0.0,36.2,15.0,7.3
2018-11-27,42,21.4,0.0,34.9,15.6,7.9
2018-11-27,43,22.6,0.0,32.3,16.4,8.7
2018-11-27,44,23.1,0.0,31.1,17.3,9.0
2018-11-27,45,24.2,0.0,31.9,18.4,5.8
2018-11-27,46,25.5,0.0,28.6,19.5,7.1
2018-11-27,47,27.4,0.0,22.0,20.8,11.1
2018-11-27,48,28.3,0.0,20.9,21.6,11.1
2018-11-28,1,28.3,0.0,22.2,22.0,10.9
2018-11-28,2,29.1,0.0,22.0,21.7,10.8
2018-11-28,3,30.2,0.0,20.0,22.1,11.0
2018-11-28,4,31.2,0.0,18.7,22.2,11.1
2018-11-28,5,32.2,0.0,17.7,22.3,11.1
2018-11-28,6,34.5,0.0,15.5,22.3,11.0
2018-11-28,7,35.6,0.0,16.3,22.5,8.8
2018-11-28,8,36.4,0.0,15.9,22.8,8.4
2018-11-28,9,37.6,0.0,16.2,23.0,6.4
2018-11-28,10,37.6,0.0,16.2,22.9,6.8
2018-11-28,11,38.9,0.0,15.6,22.4,7.0
2018-11-28,12,38.4,0.0,16.0,21.5,6.8
2018-11-28,13,35.2,0.0,20.4,19.6,7.1
2018-11-28,14,33.2,0.0,23.5,18.0,6.2
2018-11-28,15,31.3,0.0,27.9,16.4,4.3
2018-11-28,16,30.9,0.0,28.1,16.1,4.3
2018-11-28,17,30.8,0.0,27.4,15.9,5.6
2018-11-28,18,30.4,0.2,27.6,15.8,5.6
2018-11-28,19,30.4,0.3,27.7,15.5,6.1
2018-11-28,20,31.1,0.4,27.4,15.4,6.0
2018-11-28,21,31.9,0.7,26.9,14.9,5.3
2018-11-28,22,31.4,0.9,27.5,15.4,5.3
2018-11-28,23,31.5,1.0,27.0,15.4,5.5
2018-11-28,24,31.8,1.1,27.0,15.3,5.5
2018-11-28,25,31.3,1.1,27.2,15.3,5.4
2018-11-28,26,30.3,1.0,27.3,15.4,5.5
2018-11-28,27,29.7,0.9,26.1,15.3,7.7
2018-11-28,28,29.8,0.7,25.8,15.5,7.6
2018-11-28,29,29.5,0.5,26.2,15.4,7.7
2018-11-28,30,29.5,0.3,27.0,15.4,7.7
2018-11-28,31,28.9,0.1,27.5,15.4,8.1
2018-11-28,32,27.7,0.1,29.0,14.9,7.8
2018-11-28,33,26.4,0.0,30.2,14.6,7.6
2018-11-28,34,26.1,0.0,30.7,14.0,7.1
2018-11-28,35,28.2,0.0,30.0,13.8,6.9
2018-11-28,36,29.3,0.0,28.5,14.1,6.9
2018-11-28,37,29.6,0.0,29.2,14.3,7.4
2018-11-28,38,30.2,0.0,29.1,14.6,7.7
2018-11-28,39,30.8,0.0,27.6,15.1,7.8
2018-11-28,40,31.1,0.0,26.1,15.6,8.2
2018-11-28,41,31.5,0.0,25.3,16.2,9.0
2018-11-28,42,32.5,0.0,23.5,16.9,9.5
2018-11-28,43,34.0,0.0,20.8,17.8,9.9
2018-11-28,44,35.6,0.0,17.9,19.1,10.7
2018-11-28,45,36.6,0.0,16.8,20.3,8.8
2018-11-28,46,37.7,0.0,15.8,21.8,9.4
2018-11-28,47,39.1,0.0,14.0,23.3,10.6
2018-11-28,48,39.4,0.0,13.3,24.1,10.3
2018-11-29,1,38.4,0.0,13.5,23.9,9.6
2018-11-29,2,37.9,0.0,13.8,23.4,9.1
2018-11-29,3,37.6,0.0,13.7,23.5,9.3
2018-11-29,4,37.5,0.0,13.4,23.8,9.2
2018-11-29,5,38.3,0.0,13.1,23.8,9.0
2018-11-29,6,37.9,0.0,13.1,24.4,9.3
2018-11-29,7,38.6,0.0,12.2,24.5,8.7
2018-11-29,8,40.1,0.0,12.0,24.6,8.7
2018-11-29,9,40.8,0.0,12.1,24.7,8.4
2018-11-29,10,41.2,0.0,12.6,24.7,8.4
2018-11-29,11,41.1,0.0,12.8,24.7,9.2
2018-11-29,12,38.8,0.0,13.6,24.6,9.3
2018-11-29,13,33.7,0.0,17.1,22.0,6.8
2018-11-29,14,30.3,0.0,22.9,19.8,5.7
2018-11-29,15,27.1,0.0,28.8,17.6,4.4
2018-11-29,16,25.3,0.0,30.4,16.8,4.1
2018-11-29,17,25.1,0.0,30.8,16.4,4.0
2018-11-29,18,25.9,0.1,30.1,16.4,4.0
2018-11-29,19,26.6,0.5,30.0,16.1,2.9
2018-11-29,20,27.0,1.0,30.0,16.0,2.9
2018-11-29,21,27.2,1.7,29.7,16.1,2.9
2018-11-29,22,27.3,2.3,29.2,16.2,3.0
2018-11-29,23,26.7,2.6,28.9,16.0,4.9
2018-11-29,24,27.4,3.1,28.5,15.9,5.0
2018-11-29,25,27.2,3.6,27.8,15.9,5.2
2018-11-29,26,26.7,3.6,28.8,16.0,4.0
2018-11-29,27,27.2,3.4,27.8,16.2,4.8
2018-11-29,28,28.4,2.8,27.3,16.5,4.4
2018-11-29,29,30.0,1.9,26.6,16.6,5.3
2018-11-29,30,30.9,1.0,27.3,16.6,4.6
2018-11-29,31,30.7,0.3,28.1,16.3,5.2
2018-11-29,32,29.3,0.0,30.8,15.7,4.9
2018-11-29,33,28.3,0.0,31.0,15.2,5.9
2018-11-29,34,27.8,0.0,31.4,14.7,5.3
2018-11-29,35,28.0,0.0,30.8,14.6,6.4
2018-11-29,36,29.0,0.0,30.6,14.8,6.4
2018-11-29,37,28.7,0.0,30.2,15.1,6.7
2018-11-29,38,29.5,0.0,30.0,15.3,7.1
2018-11-29,39,30.2,0.0,28.8,15.6,8.3
2018-11-29,40,30.9,0.0,26.4,16.1,8.8
2018-11-29,41,31.9,0.0,23.9,16.6,9.5
2018-11-29,42,32.4,0.0,22.9,17.2,9.9
2018-11-29,43,34.1,0.0,20.1,18.3,10.4
2018-11-29,44,34.9,0.0,19.4,19.3,9.3
2018-11-29,45,37.1,0.0,20.1,20.4,4.9
2018-11-29,46,38.3,0.0,17.4,21.9,5.5
2018-11-29,47,40.6,0.0,13.4,23.2,5.6
2018-11-29,48,41.4,0.0,11.9,23.7,5.8
2018-11-30,1,40.8,0.0,12.9,23.2,6.4
2018-11-30,2,39.9,0.0,14.0,23.0,6.4
2018-11-30,3,40.0,0.0,14.5,22.8,6.1
2018-11-30,4,40.4,0.0,13.3,23.8,6.3
2018-11-30,5,40.7,0.0,14.3,24.2,4.3
2018-11-30,6,40.7,0.0,14.2,24.3,4.3
2018-11-30,7,40.7,0.0,14.4,24.7,2.8
2018-11-30,8,39.9,0.0,15.0,24.9,2.9
2018-11-30,9,38.8,0.0,16.1,24.6,2.8
2018-11-30,10,38.1,0.0,16.4,24.5,2.9
2018-11-30,11,36.5,0.0,15.6,23.7,5.2
2018-11-30,12,36.1,0.0,16.8,22.6,4.9
2018-11-30,13,33.8,0.0,20.4,20.9,3.9
2018-11-30,14,31.3,0.0,24.4,18.8,3.3
2018-11-30,15,29.7,0.0,28.7,17.0,3.3
2018-11-30,16,29.1,0.2,29.8,16.5,3.2
2018-11-30,17,29.1,1.1,30.0,16.1,3.0
2018-11-30,18,29.1,2.7,29.3,15.9,2.7
2018-11-30,19,28.9,4.5,28.7,15.7,2.1
2018-11-30,20,29.0,6.1,27.0,15.7,2.0
2018-11-30,21,29.6,7.5,25.2,15.7,2.3
2018-11-30,22,29.8,8.5,23.5,15.9,2.6
2018-11-30,23,30.0,8.9,24.0,15.8,1.9
2018-11-30,24,30.4,8.8,23.1,15.9,2.1
2018-11-30,25,30.0,8.3,23.4,16.0,2.2
2018-11-30,26,30.1,7.3,24.1,16.2,2.1
2018-11-30,27,30.1,6.0,23.8,16.4,3.4
2018-11-30,28,30.5,4.6,24.7,16.4,3.0
2018-11-30,29,30.6,3.1,25.8,16.4,3.4
2018-11-30,30,30.3,1.6,27.4,16.6,3.0
2018-11-30,31,29.7,0.5,27.9,16.4,4.3
2018-11-30,32,28.5,0.1,30.3,15.6,4.2
2018-11-30,33,27.1,0.0,31.3,14.9,6.5
2018-11-30,34,25.9,0.0,32.1,14.6,6.4
2018-11-30,35,25.6,0.0,32.5,14.5,6.9
2018-11-30,36,26.5,0.0,31.7,14.6,7.0
2018-11-30,37,26.5,0.0,32.3,14.8,7.1
2018-11-30,38,27.4,0.0,31.6,14.9,7.1
2018-11-30,39,27.8,0.0,31.0,15.2,7.2
2018-11-30,40,26.6,0.0,30.1,15.7,7.5
2018-11-30,41,27.1,0.0,30.4,16.1,7.5
2018-11-30,42,27.0,0.0,29.1,16.7,7.8
2018-11-30,43,27.5,0.0,28.0,17.6,7.5
2018-11-30,44,28.7,0.0,28.4,18.3,7.7
2018-11-30,45,27.8,0.0,29.3,19.4,5.4
2018-11-30,46,26.9,0.0,30.5,20.1,5.7
2018-11-30,47,26.5,0.0,29.3,21.7,5.7
2018-11-30,48,26.6,0.0,28.1,22.2,6.1
2018-12-01,1,25.9,0.0,26.0,22.5,9.0
2018-12-01,2,25.3,0.0,26.8,22.5,8.8
2018-12-01,3,25.0,0.0,26.6,23.2,9.1
2018-12-01,4,23.9,0.0,26.9,24.1,9.4
2018-12-01,5,22.3,0.0,28.6,24.4,9.0
2018-12-01,6,20.4,0.0,30.5,24.7,9.1
2018-12-01,7,19.4,0.0,31.8,24.6,9.0
2018-12-01,8,20.0,0.0,30.9,24.8,9.0
2018-12-01,9,20.3,0.0,29.5,25.2,9.6
2018-12-01,10,19.0,0.0,30.2,25.6,9.7
2018-12-01,11,19.1,0.0,29.7,25.1,9.9
2018-12-01,12,19.6,0.0,30.1,24.7,9.7
2018-12-01,13,19.1,0.0,32.5,23.6,8.8
2018-12-01,14,18.6,0.0,34.9,22.3,8.3
2018-12-01,15,18.8,0.0,36.3,20.4,8.4
2018-12-01,16,17.9,0.0,39.8,19.7,7.5
2018-12-01,17,17.2,0.1,42.6,18.7,4.9
2018-12-01,18,16.8,0.3,42.9,17.8,4.8
2018-12-01,19,16.8,0.6,42.9,17.2,5.7
2018-12-01,20,16.0,0.9,43.2,16.9,5.6
2018-12-01,21,15.7,1.2,41.9,16.6,7.5
2018-12-01,22,16.2,1.3,41.4,16.7,7.6
2018-12-01,23,16.4,1.5,41.9,16.8,7.8
2018-12-01,24,15.7,1.7,42.0,16.9,7.8
2018-12-01,25,15.8,1.8,42.5,16.8,7.3
2018-12-01,26,15.6,1.8,42.6,17.0,7.3
2018-12-01,27,15.8,1.6,41.9,17.1,8.0
2018-12-01,28,16.4,1.3,40.9,17.4,8.2
2018-12-01,29,16.4,0.8,41.3,17.3,8.2
2018-12-01,30,16.3,0.4,42.2,17.2,8.2
2018-12-01,31,15.9,0.1,43.1,17.0,8.1
2018-12-01,32,15.2,0.0,44.7,16.7,8.0
2018-12-01,33,14.0,0.0,46.1,16.0,7.6
2018-12-01,34,13.0,0.0,44.5,15.6,7.4
2018-12-01,35,12.1,0.0,44.4,15.4,7.5
2018-12-01,36,11.9,0.0,44.9,15.4,7.5
2018-12-01,37,11.5,0.0,45.6,15.6,7.6
2018-12-01,38,10.9,0.0,45.4,15.9,7.8
2018-12-01,39,11.2,0.0,46.0,16.3,8.0
2018-12-01,40,11.1,0.0,46.6,16.9,8.2
2018-12-01,41,11.2,0.0,47.0,17.3,8.4
2018-12-01,42,12.4,0.0,44.7,18.1,8.8
2018-12-01,43,12.8,0.0,43.7,18.9,9.0
2018-12-01,44,13.5,0.0,42.2,19.8,9.4
2018-12-01,45,13.8,0.0,40.9,20.4,9.1
2018-12-01,46,15.3,0.0,39.7,21.3,9.5
2018-12-01,47,16.4,0.0,37.5,22.7,10.8
2018-12-01,48,15.5,0.0,37.1,23.5,11.3
2018-12-02,1,14.6,0.0,38.7,23.6,11.2
2018-12-02,2,14.3,0.0,39.4,23.1,11.0
2018-12-02,3,15.3,0.0,37.7,23.9,11.5
2018-12-02,4,15.7,0.0,36.2,24.6,12.5
2018-12-02,5,15.8,0.0,35.2,24.9,13.0
2018-12-02,6,16.0,0.0,34.7,25.4,13.5
2018-12-02,7,15.4,0.0,37.3,25.0,12.0
2018-12-02,8,15.3,0.0,37.2,25.4,11.7
2018-12-02,9,15.4,0.0,38.4,25.5,10.3
2018-12-02,10,15.2,0.0,38.4,25.3,10.2
2018-12-02,11,15.3,0.0,38.2,25.0,10.3
2018-12-02,12,15.7,0.0,38.3,24.7,10.2
2018-12-02,13,16.1,0.0,37.5,23.9,11.0
2018-12-02,14,16.6,0.0,38.4,23.4,10.5
2018-12-02,15,17.3,0.0,37.3,22.7,10.8
2018-12-02,16,17.6,0.0,36.2,22.9,11.1
2018-12-02,17,16.9,0.3,38.1,21.4,9.9
2018-12-02,18,17.8,0.9,38.5,20.4,9.2
2018-12-02,19,17.6,1.7,37.7,19.1,10.4
2018-12-02,20,16.9,2.4,38.7,18.3,9.5
2018-12-02,21,17.6,2.8,39.0,17.9,9.0
2018-12-02,22,18.0,2.9,38.8,17.8,8.9
2018-12-02,23,18.4,3.0,39.5,17.7,7.8
2018-12-02,24,18.9,3.1,39.3,17.7,7.8
2018-12-02,25,18.8,3.0,38.7,17.5,8.5
2018-12-02,26,19.2,2.6,38.9,17.5,8.5
2018-12-02,27,19.5,2.1,38.9,17.3,8.7
2018-12-02,28,19.9,1.5,39.1,17.6,8.8
2018-12-02,29,19.3,0.9,39.9,17.4,8.8
2018-12-02,30,19.7,0.4,41.0,17.4,7.4
2018-12-02,31,19.8,0.1,42.3,17.6,5.7
2018-12-02,32,19.3,0.0,43.4,17.0,5.5
2018-12-02,33,18.4,0.0,44.5,16.2,5.5
2018-12-02,34,18.5,0.0,42.6,15.9,5.4
2018-12-02,35,18.6,0.0,42.4,15.8,5.7
2018-12-02,36,18.3,0.0,42.6,15.7,5.7
2018-12-02,37,19.1,0.0,42.3,16.0,5.8
2018-12-02,38,19.8,0.0,42.3,16.4,6.0
2018-12-02,39,21.0,0.0,39.4,16.9,6.9
2018-12-02,40,22.9,0.0,38.1,17.8,7.3
2018-12-02,41,24.2,0.0,34.3,18.3,8.4
2018-12-02,42,26.2,0.0,32.1,18.9,8.7
2018-12-02,43,28.2,0.0,30.8,19.3,8.9
2018-12-02,44,29.4,0.0,29.2,20.2,9.4
2018-12-02,45,31.1,0.0,27.8,21.4,7.5
2018-12-02,46,33.8,0.0,21.6,22.7,8.8
2018-12-02,47,36.6,0.0,19.4,23.9,10.1
2018-12-02,48,36.6,0.0,19.1,24.6,10.2
2018-12-03,1,37.3,0.0,18.4,24.8,10.1
2018-12-03,2,38.2,0.0,18.0,24.3,9.9
2018-12-03,3,39.1,0.0,17.1,23.8,9.4
2018-12-03,4,39.4,0.0,17.3,23.6,9.5
2018-12-03,5,40.3,0.0,17.0,23.7,9.5
2018-12-03,6,40.7,0.0,16.9,23.8,9.6
2018-12-03,7,40.0,0.0,17.8,24.9,8.2
2018-12-03,8,38.3,0.0,18.3,25.7,8.4
2018-12-03,9,35.7,0.0,19.6,25.7,8.4
2018-12-03,10,33.8,0.0,20.2,25.1,8.2
2018-12-03,11,30.4,0.0,23.0,24.7,8.0
2018-12-03,12,28.2,0.0,25.3,23.5,7.7
2018-12-03,13,24.3,0.0,29.3,21.1,9.5
2018-12-03,14,20.4,0.0,37.0,18.6,8.4
2018-12-03,15,17.9,0.0,42.1,16.4,7.3
2018-12-03,16,16.3,0.1,45.5,15.7,6.9
2018-12-03,17,15.8,0.3,47.8,15.4,5.8
2018-12-03,18,15.5,0.8,47.4,15.0,5.8
2018-12-03,19,14.2,1.4,46.8,14.5,6.3
2018-12-03,20,13.8,1.9,46.6,14.5,6.3
2018-12-03,21,13.5,2.5,46.4,14.5,6.3
2018-12-03,22,13.1,3.3,46.5,14.5,6.3
2018-12-03,23,12.7,3.9,46.6,14.5,6.6
2018-12-03,24,12.5,4.3,46.7,14.4,6.6
2018-12-03,25,12.2,4.6,46.6,14.4,6.7
2018-12-03,26,12.5,4.6,46.0,14.9,6.8
2018-12-03,27,13.0,4.2,45.7,15.3,7.0
2018-12-03,28,14.1,3.4,44.9,15.5,7.1
2018-12-03,29,13.6,2.5,45.5,15.5,7.1
2018-12-03,30,12.8,1.4,46.9,15.5,7.1
2018-12-03,31,12.5,0.4,48.8,15.4,6.8
2018-12-03,32,11.8,0.0,49.7,14.7,6.5
2018-12-03,33,11.4,0.0,47.5,14.4,6.7
2018-12-03,34,10.7,0.0,47.2,13.5,6.5
2018-12-03,35,10.4,0.0,46.8,13.3,6.6
2018-12-03,36,9.9,0.0,47.7,13.4,6.6
2018-12-03,37,9.3,0.0,48.2,13.4,6.6
2018-12-03,38,9.1,0.0,48.8,13.7,6.7
2018-12-03,39,8.6,0.0,49.4,14.0,6.9
2018-12-03,40,8.3,0.0,49.2,14.4,7.1
2018-12-03,41,8.4,0.0,49.6,14.7,7.2
2018-12-03,42,8.3,0.0,49.5,15.4,7.5
2018-12-03,43,9.0,0.0,48.5,16.5,7.7
2018-12-03,44,9.5,0.0,47.5,17.3,8.1
2018-12-03,45,9.3,0.0,46.7,18.5,8.6
2018-12-03,46,9.4,0.0,46.6,19.1,9.1
2018-12-03,47,9.3,0.0,44.1,19.9,9.6
2018-12-03,48,9.4,0.0,43.1,20.5,9.9
2018-12-04,1,8.9,0.0,43.6,20.8,10.2
2018-12-04,2,8.5,0.0,44.6,20.5,10.1
2018-12-04,3,8.3,0.0,44.1,21.1,10.1
2018-12-04,4,7.8,0.0,44.7,21.2,10.0
2018-12-04,5,7.4,0.0,45.0,21.3,10.1
2018-12-04,6,7.0,0.0,44.9,21.5,10.2
2018-12-04,7,6.6,0.0,45.0,21.7,10.3
2018-12-04,8,6.5,0.0,45.3,21.8,10.3
2018-12-04,9,6.1,0.0,46.4,21.7,10.2
2018-12-04,10,6.1,0.0,46.9,20.8,10.0
2018-12-04,11,5.9,0.0,47.9,20.4,9.5
2018-12-04,12,5.6,0.0,48.8,19.5,9.0
2018-12-04,13,5.3,0.0,50.9,18.1,6.7
2018-12-04,14,4.7,0.0,52.3,16.4,6.0
2018-12-04,15,4.4,0.0,54.7,14.6,4.9
2018-12-04,16,4.2,0.2,55.1,14.3,4.8
2018-12-04,17,3.9,1.1,54.5,14.0,5.8
2018-12-04,18,3.8,2.6,53.9,14.1,5.7
2018-12-04,19,3.7,4.1,52.8,14.0,5.7
2018-12-04,20,3.9,5.4,52.1,14.0,5.5
2018-12-04,21,3.9,6.0,52.4,14.1,4.6
2018-12-04,22,4.0,6.0,52.6,14.3,4.7
2018-12-04,23,3.8,5.6,53.0,14.3,4.6
2018-12-04,24,3.9,4.6,52.9,14.3,4.6
2018-12-04,25,3.9,3.6,54.0,14.2,4.7
2018-12-04,26,3.9,2.8,54.3,14.0,4.7
2018-12-04,27,3.7,2.0,55.5,14.1,4.5
2018-12-04,28,3.7,1.3,56.0,14.3,4.5
2018-12-04,29,3.7,0.7,55.9,14.5,4.8
2018-12-04,30,3.8,0.3,56.1,14.7,4.8
2018-12-04,31,3.5,0.0,54.6,14.5,6.7
2018-12-04,32,3.4,0.0,53.6,13.9,6.4
2018-12-04,33,3.3,0.0,53.3,13.8,6.4
2018-12-04,34,3.3,0.0,53.2,13.8,6.4
2018-12-04,35,3.4,0.0,53.5,13.7,6.4
2018-12-04,36,3.5,0.0,53.0,14.0,6.5
2018-12-04,37,3.6,0.0,53.0,14.0,6.5
2018-12-04,38,3.7,0.0,53.5,14.1,6.6
2018-12-04,39,3.9,0.0,54.0,14.4,6.7
2018-12-04,40,4.0,0.0,54.3,14.7,6.8
2018-12-04,41,4.2,0.0,54.3,15.1,7.0
2018-12-04,42,4.6,0.0,55.5,15.8,7.4
2018-12-04,43,4.9,0.0,54.8,16.7,8.0
2018-12-04,44,5.6,0.0,52.5,17.7,8.4
2018-12-04,45,6.2,0.0,50.5,18.8,8.6
2018-12-04,46,7.3,0.0,49.5,19.9,9.0
2018-12-04,47,7.2,0.0,47.0,21.3,10.0
2018-12-04,48,7.9,0.0,44.1,22.0,10.9
2018-12-05,1,8.5,0.0,42.5,22.2,11.8
2018-12-05,2,9.1,0.0,42.4,21.9,11.7
2018-12-05,3,9.7,0.0,41.3,22.3,11.7
2018-12-05,4,10.3,0.0,40.6,22.3,11.7
2018-12-05,5,10.5,0.0,41.5,21.8,11.6
2018-12-05,6,11.8,0.0,39.8,22.1,11.6
2018-12-05,7,12.2,0.0,38.7,22.8,11.5
2018-12-05,8,12.7,0.0,38.0,23.2,11.6
2018-12-05,9,14.1,0.0,37.0,23.4,11.3
2018-12-05,10,16.0,0.0,35.5,23.2,10.8
2018-12-05,11,17.8,0.0,36.0,23.1,7.5
2018-12-05,12,18.5,0.0,37.0,22.6,6.7
2018-12-05,13,18.0,0.0,41.1,20.6,2.0
2018-12-05,14,17.5,0.0,43.0,18.7,1.9
2018-12-05,15,17.0,0.0,44.1,17.1,1.7
2018-12-05,16,16.8,0.0,44.1,16.6,1.7
2018-12-05,17,17.0,0.0,44.3,16.3,2.4
2018-12-05,18,17.4,0.1,45.0,16.1,2.3
2018-12-05,19,17.3,0.2,45.1,15.8,2.7
2018-12-05,20,18.2,0.4,44.5,15.9,2.7
2018-12-05,21,19.0,0.6,44.4,15.4,2.7
2018-12-05,22,18.7,0.7,44.6,15.7,2.8
2018-12-05,23,18.4,0.7,44.7,15.5,4.4
2018-12-05,24,17.6,0.7,45.5,15.5,4.4
2018-12-05,25,16.0,0.7,46.5,15.4,4.9
2018-12-05,26,15.1,0.6,46.2,15.5,4.9
2018-12-05,27,14.1,0.5,46.8,15.6,5.0
2018-12-05,28,13.5,0.3,47.4,15.7,5.0
2018-12-05,29,12.2,0.2,47.7,15.7,5.1
2018-12-05,30,11.8,0.1,47.7,15.7,5.3
2018-12-05,31,11.4,0.1,46.3,15.4,6.6
2018-12-05,32,10.5,0.0,46.4,14.8,6.4
2018-12-05,33,9.9,0.0,46.9,14.7,6.4
2018-12-05,34,10.0,0.0,46.2,14.5,6.3
2018-12-05,35,9.7,0.0,46.1,14.6,6.5
2018-12-05,36,9.4,0.0,46.5,14.7,6.5
2018-12-05,37,10.0,0.0,46.7,14.8,6.6
2018-12-05,38,10.4,0.0,46.6,15.0,6.7
2018-12-05,39,10.9,0.0,45.9,15.1,6.7
2018-12-05,40,10.8,0.0,46.6,15.6,6.9
2018-12-05,41,10.5,0.0,47.6,16.2,7.2
2018-12-05,42,9.9,0.0,48.3,17.0,7.6
2018-12-05,43,10.2,0.0,46.5,18.0,7.9
2018-12-05,44,10.1,0.0,45.6,19.0,8.3
2018-12-05,45,9.9,0.0,45.3,20.2,8.8
2018-12-05,46,10.4,0.0,43.8,21.2,9.2
2018-12-05,47,11.8,0.0,40.8,22.6,9.9
2018-12-05,48,13.3,0.0,37.7,23.7,10.6
2018-12-06,1,13.4,0.0,36.7,24.2,11.3
2018-12-06,2,13.4,0.0,37.2,23.9,11.8
2018-12-06,3,13.8,0.0,37.5,23.7,12.3
2018-12-06,4,13.9,0.0,36.8,24.1,12.2
2018-12-06,5,15.3,0.0,35.7,24.3,12.4
2018-12-06,6,16.0,0.0,35.2,24.2,12.5
2018-12-06,7,16.8,0.0,33.9,24.2,12.9
2018-12-06,8,17.2,0.0,32.7,24.6,13.1
2018-12-06,9,18.9,0.0,31.3,24.5,13.0
2018-12-06,10,20.9,0.0,29.1,24.6,13.1
2018-12-06,11,21.5,0.0,29.9,24.2,12.3
2018-12-06,12,23.2,0.0,28.3,23.6,11.8
2018-12-06,13,24.3,0.0,34.0,21.8,6.5
2018-12-06,14,23.9,0.0,35.9,19.8,6.9
2018-12-06,15,23.4,0.0,37.9,18.2,7.4
2018-12-06,16,22.6,0.0,39.0,17.8,7.2
2018-12-06,17,23.9,0.0,38.6,17.5,6.8
2018-12-06,18,25.3,0.1,37.1,17.6,6.8
2018-12-06,19,25.1,0.4,39.0,17.3,5.5
2018-12-06,20,25.2,0.5,38.9,17.3,5.4
2018-12-06,21,26.7,0.8,39.0,17.3,3.3
2018-12-06,22,26.9,1.2,37.5,17.4,3.3
2018-12-06,23,27.6,1.5,37.8,17.3,2.3
2018-12-06,24,27.6,1.7,37.7,17.2,2.3
2018-12-06,25,28.2,1.6,36.7,17.3,3.2
2018-12-06,26,27.5,1.4,37.3,17.5,3.2
2018-12-06,27,27.5,1.1,36.9,17.5,4.2
2018-12-06,28,27.9,0.8,37.0,17.6,3.8
2018-12-06,29,27.0,0.5,38.3,17.6,3.3
2018-12-06,30,26.4,0.2,38.9,17.5,3.8
2018-12-06,31,25.4,0.0,38.3,17.2,5.4
2018-12-06,32,24.2,0.0,39.2,16.3,5.2
2018-12-06,33,23.0,0.0,39.0,15.7,6.4
2018-12-06,34,22.0,0.0,39.1,15.5,6.3
2018-12-06,35,21.2,0.0,39.3,15.3,6.8
2018-12-06,36,20.6,0.0,40.3,15.6,6.9
2018-12-06,37,20.3,0.0,40.4,15.7,6.9
2018-12-06,38,20.0,0.0,40.9,16.2,7.1
2018-12-06,39,19.0,0.0,41.2,16.4,7.2
2018-12-06,40,18.7,0.0,41.3,17.0,7.5
2018-12-06,41,17.0,0.0,41.9,17.6,7.8
2018-12-06,42,16.5,0.0,42.4,18.1,8.7
2018-12-06,43,16.6,0.0,39.8,19.1,9.6
2018-12-06,44,19.2,0.0,36.6,20.1,10.6
2018-12-06,45,20.5,0.0,31.3,21.5,11.5
2018-12-06,46,22.6,0.0,29.7,23.1,12.1
2018-12-06,47,26.7,0.0,25.6,24.9,10.3
2018-12-06,48,29.9,0.0,20.9,26.4,10.9
2018-12-07,1,31.7,0.0,18.7,26.7,11.6
2018-12-07,2,34.0,0.0,18.7,26.5,11.5
2018-12-07,3,35.7,0.0,18.0,25.9,10.7
2018-12-07,4,37.7,0.0,15.9,26.3,10.9
2018-12-07,5,37.3,0.0,15.2,26.9,11.1
2018-12-07,6,36.2,0.0,15.4,27.3,11.3
2018-12-07,7,36.0,0.0,15.3,27.8,10.7
2018-12-07,8,35.9,0.0,15.4,28.1,10.0
2018-12-07,9,39.1,0.0,15.8,28.7,5.2
2018-12-07,10,39.3,0.0,16.7,27.8,5.0
2018-12-07,11,39.9,0.0,16.8,27.6,2.4
2018-12-07,12,38.9,0.0,20.0,26.3,2.7
2018-12-07,13,36.1,0.0,23.3,23.9,5.6
2018-12-07,14,34.3,0.0,28.5,21.5,4.8
2018-12-07,15,32.0,0.0,31.6,19.2,7.5
2018-12-07,16,31.1,0.0,33.1,18.7,7.0
2018-12-07,17,30.8,0.0,32.7,18.4,7.3
2018-12-07,18,30.7,0.2,32.5,18.1,7.2
2018-12-07,19,30.8,0.7,33.0,17.8,7.9
2018-12-07,20,31.0,1.0,32.5,17.8,7.9
2018-12-07,21,30.9,1.8,31.7,17.4,7.6
2018-12-07,22,30.6,3.7,31.0,17.4,7.6
2018-12-07,23,30.4,5.0,30.5,17.4,7.7
2018-12-07,24,30.7,5.5,29.7,17.5,7.7
2018-12-07,25,30.7,5.5,29.6,17.5,7.6
2018-12-07,26,31.7,5.3,28.9,17.5,7.6
2018-12-07,27,32.5,4.9,28.4,17.9,7.8
2018-12-07,28,32.8,4.1,28.0,18.2,7.9
2018-12-07,29,32.3,2.8,28.6,18.3,8.0
2018-12-07,30,32.6,1.4,30.4,18.2,7.9
2018-12-07,31,32.6,0.4,31.5,18.1,7.9
2018-12-07,32,31.5,0.0,32.9,17.3,7.5
2018-12-07,33,29.6,0.0,35.6,16.4,7.1
2018-12-07,34,29.5,0.0,35.7,16.0,6.9
2018-12-07,35,29.5,0.0,34.9,15.9,7.0
2018-12-07,36,29.8,0.0,34.2,16.1,7.1
2018-12-07,37,30.1,0.0,35.5,16.3,7.2
2018-12-07,38,30.7,0.0,34.4,16.8,7.4
2018-12-07,39,31.6,0.0,32.5,17.5,7.7
2018-12-07,40,31.8,0.0,32.5,18.1,8.0
2018-12-07,41,32.2,0.0,31.6,18.8,8.4
2018-12-07,42,32.7,0.0,29.0,19.4,8.9
2018-12-07,43,34.3,0.0,25.5,20.5,9.8
2018-12-07,44,34.7,0.0,22.9,21.5,10.6
2018-12-07,45,36.8,0.0,18.7,22.9,11.3
2018-12-07,46,38.7,0.0,16.0,23.8,11.8
2018-12-07,47,41.0,0.0,16.1,25.1,9.4
2018-12-07,48,41.9,0.0,13.8,25.9,10.0
2018-12-08,1,42.0,0.0,13.4,26.3,10.3
2018-12-08,2,40.6,0.0,16.5,25.4,9.9
2018-12-08,3,41.3,0.0,16.9,26.1,8.4
2018-12-08,4,41.8,0.0,16.1,26.7,8.5
2018-12-08,5,39.7,0.0,18.6,26.1,7.6
2018-12-08,6,40.2,0.0,17.5,26.2,7.6
2018-12-08,7,41.1,0.0,16.9,26.6,6.7
2018-12-08,8,42.6,0.0,15.9,27.1,6.7
2018-12-08,9,43.8,0.0,15.2,27.9,5.7
2018-12-08,10,43.0,0.0,15.9,28.2,5.5
2018-12-08,11,42.3,0.0,16.8,27.9,5.4
2018-12-08,12,41.4,0.0,17.9,27.5,5.3
2018-12-08,13,39.8,0.0,19.2,26.4,6.0
2018-12-08,14,38.9,0.0,20.5,25.6,5.7
2018-12-08,15,38.4,0.0,21.5,24.2,6.3
2018-12-08,16,37.3,0.1,23.7,23.2,6.3
2018-12-08,17,34.4,0.6,26.3,21.7,8.4
2018-12-08,18,33.3,1.8,27.3,20.3,8.0
2018-12-08,19,33.2,3.1,27.1,19.7,8.6
2018-12-08,20,32.9,4.4,26.5,19.5,8.6
2018-12-08,21,32.6,5.1,26.4,19.3,8.6
2018-12-08,22,31.7,5.3,26.6,19.4,8.7
2018-12-08,23,31.7,5.0,26.8,19.5,8.6
2018-12-08,24,30.0,4.3,28.2,19.5,8.6
2018-12-08,25,28.1,3.4,29.7,19.5,8.1
2018-12-08,26,28.1,2.7,30.0,19.6,8.2
2018-12-08,27,27.4,2.1,31.5,19.9,8.3
2018-12-08,28,26.0,1.6,32.5,20.1,8.4
2018-12-08,29,24.6,1.1,32.4,20.0,9.3
2018-12-08,30,24.1,0.6,34.7,19.8,8.9
2018-12-08,31,23.7,0.2,36.9,19.9,7.5
2018-12-08,32,23.2,0.0,38.6,18.8,7.1
2018-12-08,33,22.6,0.0,38.3,17.6,7.7
2018-12-08,34,22.8,0.0,38.7,17.4,7.6
2018-12-08,35,22.4,0.0,37.7,17.1,7.6
2018-12-08,36,22.7,0.0,37.7,17.2,7.7
2018-12-08,37,23.1,0.0,37.9,17.5,7.8
2018-12-08,38,23.8,0.0,38.0,18.0,8.0
2018-12-08,39,24.4,0.0,36.8,18.7,8.3
2018-12-08,40,25.4,0.0,35.3,19.5,8.7
2018-12-08,41,25.9,0.0,34.5,20.0,9.1
2018-12-08,42,27.1,0.0,32.5,20.8,9.8
2018-12-08,43,28.2,0.0,30.1,21.7,10.4
2018-12-08,44,29.3,0.0,27.1,22.7,10.8
2018-12-08,45,30.5,0.0,25.8,23.8,10.4
2018-12-08,46,31.7,0.0,23.6,24.7,10.8
2018-12-08,47,33.0,0.0,22.1,26.1,8.6
2018-12-08,48,33.9,0.0,20.6,26.9,8.9
2018-12-09,1,34.3,0.0,19.7,27.2,9.4
2018-12-09,2,33.7,0.0,20.7,26.8,9.1
2018-12-09,3,34.1,0.0,21.7,27.0,7.8
2018-12-09,4,34.6,0.0,20.0,27.8,8.0
2018-12-09,5,34.8,0.0,19.1,28.0,8.6
2018-12-09,6,35.8,0.0,18.5,27.9,8.5
2018-12-09,7,36.3,0.0,17.6,28.1,8.6
2018-12-09,8,36.7,0.0,16.6,28.7,8.6
2018-12-09,9,37.2,0.0,17.7,29.1,6.3
2018-12-09,10,37.1,0.0,19.0,28.4,6.0
2018-12-09,11,36.9,0.0,18.6,28.2,6.8
2018-12-09,12,36.4,0.0,19.0,28.1,7.1
2018-12-09,13,34.9,0.0,16.7,27.4,11.9
2018-12-09,14,33.9,0.0,18.3,27.0,11.8
2018-12-09,15,32.9,0.0,20.3,26.2,11.2
2018-12-09,16,31.8,0.0,22.8,25.5,10.7
2018-12-09,17,30.3,0.4,25.1,23.6,11.0
2018-12-09,18,29.0,1.4,27.3,22.5,10.2
2018-12-09,19,26.8,2.9,28.9,21.3,9.3
2018-12-09,20,26.5,4.2,29.5,20.6,8.9
2018-12-09,21,25.3,5.5,30.4,20.0,8.8
2018-12-09,22,24.5,6.6,30.9,19.7,8.6
2018-12-09,23,23.7,7.5,31.1,19.6,8.7
2018-12-09,24,23.2,7.9,31.2,19.4,8.6
2018-12-09,25,23.5,7.8,31.5,19.3,8.4
2018-12-09,26,23.9,7.0,32.0,19.3,8.4
2018-12-09,27,23.9,5.8,32.8,19.4,8.5
2018-12-09,28,24.0,4.3,33.7,19.7,8.7
2018-12-09,29,23.5,2.8,35.5,19.6,8.6
2018-12-09,30,22.9,1.4,36.6,19.5,8.6
2018-12-09,31,20.8,0.4,38.3,19.0,8.3
2018-12-09,32,18.7,0.0,40.3,18.0,7.8
2018-12-09,33,17.1,0.0,41.7,16.9,7.4
2018-12-09,34,16.1,0.0,41.5,16.4,7.1
2018-12-09,35,15.9,0.0,42.5,16.3,7.3
2018-12-09,36,15.5,0.0,42.5,16.4,7.3
2018-12-09,37,15.7,0.0,42.5,16.5,7.3
2018-12-09,38,16.2,0.0,42.6,16.9,7.5
2018-12-09,39,18.0,0.0,41.7,17.0,7.6
2018-12-09,40,18.5,0.0,42.4,17.5,7.8
2018-12-09,41,18.7,0.0,42.8,17.9,8.0
2018-12-09,42,19.1,0.0,43.0,18.6,8.2
2018-12-09,43,20.7,0.0,40.3,19.4,8.5
2018-12-09,44,20.7,0.0,37.4,20.3,8.8
2018-12-09,45,21.1,0.0,36.8,21.2,9.3
2018-12-09,46,21.9,0.0,34.2,22.3,9.7
2018-12-09,47,22.5,0.0,32.9,23.3,9.1
2018-12-09,48,21.5,0.0,33.2,23.6,9.3
2018-12-10,1,21.1,0.0,34.0,23.5,9.2
2018-12-10,2,21.6,0.0,34.1,23.2,9.1
2018-12-10,3,22.6,0.0,32.7,23.4,9.2
2018-12-10,4,23.2,0.0,31.1,24.0,9.5
2018-12-10,5,23.7,0.0,30.0,24.4,9.6
2018-12-10,6,23.1,0.0,31.0,24.2,9.5
2018-12-10,7,22.5,0.0,30.8,24.6,9.7
2018-12-10,8,22.5,0.0,30.8,24.5,9.7
2018-12-10,9,22.0,0.0,30.8,24.7,9.7
2018-12-10,10,20.7,0.0,32.3,24.3,9.6
2018-12-10,11,19.5,0.0,35.0,23.6,8.5
2018-12-10,12,18.7,0.0,36.0,22.7,8.5
2018-12-10,13,16.2,0.0,39.4,20.9,9.1
2018-12-10,14,13.7,0.0,43.6,18.8,8.2
2018-12-10,15,11.9,0.0,46.7,16.8,6.8
2018-12-10,16,11.2,0.0,46.7,16.3,6.6
2018-12-10,17,10.5,0.4,47.5,16.0,5.9
2018-12-10,18,9.8,1.2,47.4,15.9,5.9
2018-12-10,19,9.1,2.2,47.6,15.6,5.3
2018-12-10,20,8.5,3.1,47.4,15.7,5.3
2018-12-10,21,7.7,3.7,48.7,15.8,5.0
2018-12-10,22,7.0,4.0,49.3,15.9,5.1
2018-12-10,23,6.6,3.8,49.2,15.7,5.5
2018-12-10,24,6.3,3.6,49.2,15.6,5.5
2018-12-10,25,6.1,3.4,48.9,15.4,6.1
2018-12-10,26,5.6,3.0,50.0,15.4,6.1
2018-12-10,27,5.5,2.5,50.0,15.4,6.7
2018-12-10,28,5.5,1.9,50.2,15.5,6.8
2018-12-10,29,5.5,1.1,50.8,15.5,6.7
2018-12-10,30,5.2,0.6,52.1,15.5,6.7
2018-12-10,31,4.9,0.2,52.4,15.3,6.0
2018-12-10,32,4.7,0.0,51.7,14.8,5.8
2018-12-10,33,4.4,0.0,50.5,14.4,5.8
2018-12-10,34,4.4,0.0,50.8,14.5,5.8
2018-12-10,35,4.3,0.0,49.6,14.5,6.5
2018-12-10,36,4.1,0.0,49.9,14.6,6.5
2018-12-10,37,4.1,0.0,50.2,14.6,6.5
2018-12-10,38,4.3,0.0,50.6,14.6,6.5
2018-12-10,39,4.5,0.0,51.2,14.8,6.6
2018-12-10,40,4.6,0.0,51.2,15.1,6.8
2018-12-10,41,4.7,0.0,51.0,15.5,6.9
2018-12-10,42,5.2,0.0,51.3,16.1,7.2
2018-12-10,43,5.5,0.0,52.0,17.0,7.5
2018-12-10,44,5.9,0.0,50.7,18.1,8.0
2018-12-10,45,6.6,0.0,48.5,19.2,8.5
2018-12-10,46,7.2,0.0,48.2,20.4,9.0
2018-12-10,47,8.0,0.0,46.7,21.6,9.5
2018-12-10,48,8.4,0.0,45.8,22.2,9.9
2018-12-11,1,8.1,0.0,45.8,22.4,10.1
2018-12-11,2,8.2,0.0,46.2,22.0,10.2
2018-12-11,3,8.1,0.0,46.0,21.8,10.5
2018-12-11,4,8.1,0.0,46.6,21.9,10.5
2018-12-11,5,8.1,0.0,47.2,21.8,10.5
2018-12-11,6,8.4,0.0,46.4,22.1,10.7
2018-12-11,7,8.6,0.0,45.1,22.2,11.2
2018-12-11,8,8.8,0.0,44.2,22.5,11.7
2018-12-11,9,9.4,0.0,43.7,22.4,12.0
2018-12-11,10,9.5,0.0,43.1,22.5,11.6
2018-12-11,11,9.7,0.0,47.5,22.2,6.9
2018-12-11,12,9.6,0.0,47.7,21.1,6.6
2018-12-11,13,9.0,0.0,52.0,19.4,2.3
2018-12-11,14,8.5,0.0,52.7,17.7,2.8
2018-12-11,15,8.1,0.0,51.8,16.0,5.7
2018-12-11,16,8.1,0.0,50.4,15.6,5.4
2018-12-11,17,8.2,0.3,50.3,15.4,6.2
2018-12-11,18,8.4,0.7,49.8,15.3,6.2
2018-12-11,19,8.4,1.6,49.3,15.0,6.1
2018-12-11,20,8.7,2.8,48.6,15.0,6.1
2018-12-11,21,9.1,3.6,48.6,15.2,5.3
2018-12-11,22,9.3,4.2,47.5,15.2,5.4
2018-12-11,23,9.8,4.4,47.2,15.0,5.4
2018-12-11,24,9.8,4.8,46.8,15.0,5.5
2018-12-11,25,10.1,4.9,46.5,14.9,5.6
2018-12-11,26,10.6,4.8,46.2,14.8,5.7
2018-12-11,27,11.6,4.5,45.6,14.6,5.8
2018-12-11,28,12.5,3.7,45.4,14.6,6.0
2018-12-11,29,10.3,1.5,49.3,15.7,3.8
2018-12-11,30,10.3,0.6,48.8,15.8,4.2
2018-12-11,31,10.0,0.1,49.1,15.7,5.5
2018-12-11,32,9.7,0.0,48.4,15.0,4.8
2018-12-11,33,9.5,0.0,47.4,14.6,6.1
2018-12-11,34,9.9,0.0,46.9,14.5,6.0
2018-12-11,35,10.5,0.0,46.9,14.2,6.3
2018-12-11,36,11.3,0.0,46.3,14.4,6.4
2018-12-11,37,11.7,0.0,47.0,14.3,6.4
2018-12-11,38,12.2,0.0,46.2,14.3,6.4
2018-12-11,39,12.6,0.0,45.7,14.4,6.4
2018-12-11,40,13.2,0.0,45.0,14.8,6.6
2018-12-11,41,13.8,0.0,45.5,15.3,6.9
2018-12-11,42,14.5,0.0,45.4,16.0,7.3
2018-12-11,43,15.4,0.0,45.6,16.8,7.0
2018-12-11,44,16.6,0.0,44.0,17.8,7.4
2018-12-11,45,17.5,0.0,42.0,18.9,6.6
2018-12-11,46,18.6,0.0,39.3,20.2,7.1
2018-12-11,47,20.6,0.0,36.1,21.8,9.9
2018-12-11,48,20.6,0.0,36.5,21.9,9.9
2018-12-12,1,21.0,0.0,34.3,22.6,10.4
2018-12-12,2,20.5,0.0,35.6,22.1,10.2
2018-12-12,3,20.8,0.0,35.3,22.3,10.3
2018-12-12,4,22.1,0.0,33.1,22.9,10.6
2018-12-12,5,21.8,0.0,34.1,22.9,10.4
2018-12-12,6,22.6,0.0,33.0,23.1,10.5
2018-12-12,7,22.9,0.0,32.2,23.5,10.7
2018-12-12,8,22.5,0.0,31.8,24.0,10.8
2018-12-12,9,22.7,0.0,33.6,23.6,9.3
2018-12-12,10,21.9,0.0,34.4,23.9,9.2
2018-12-12,11,21.3,0.0,39.1,24.0,3.4
2018-12-12,12,20.4,0.0,39.7,22.9,2.9
2018-12-12,13,18.4,0.0,47.4,19.4,0.0
2018-12-12,14,17.0,0.0,49.3,17.8,0.0
2018-12-12,15,15.7,0.0,50.0,16.0,1.0
2018-12-12,16,16.2,0.0,49.3,15.6,0.9
2018-12-12,17,16.3,0.2,47.9,15.5,0.9
2018-12-12,18,16.4,0.4,48.0,15.6,0.9
2018-12-12,19,16.8,1.1,48.7,15.3,0.3
2018-12-12,20,17.2,2.0,48.1,14.9,0.3
2018-12-12,21,17.8,2.6,48.1,14.7,0.3
2018-12-12,22,17.5,3.2,47.9,14.7,0.3
2018-12-12,23,17.8,3.5,47.2,14.8,0.3
2018-12-12,24,18.2,3.5,46.8,14.8,0.3
2018-12-12,25,18.6,3.4,46.5,14.8,0.3
2018-12-12,26,19.0,3.2,45.9,14.9,0.3
2018-12-12,27,19.1,2.7,46.2,15.3,0.3
2018-12-12,28,19.5,2.2,46.1,15.7,0.3
2018-12-12,29,19.9,1.5,45.9,15.8,0.3
2018-12-12,30,20.4,0.7,45.9,15.9,0.3
2018-12-12,31,20.5,0.2,45.2,15.9,1.5
2018-12-12,32,20.6,0.0,45.6,15.4,1.5
2018-12-12,33,20.4,0.0,44.3,15.0,2.4
2018-12-12,34,21.0,0.0,44.9,14.9,2.3
2018-12-12,35,21.4,0.0,45.0,15.0,1.8
2018-12-12,36,21.9,0.0,45.6,15.1,2.0
2018-12-12,37,21.9,0.0,45.5,15.2,2.2
2018-12-12,38,22.8,0.0,44.0,15.3,2.5
2018-12-12,39,23.2,0.0,42.7,15.3,2.0
2018-12-12,40,24.5,0.0,41.3,15.3,3.1
2018-12-12,41,26.1,0.0,37.2,15.8,8.2
2018-12-12,42,27.6,0.0,36.7,16.5,7.8
2018-12-12,43,29.3,0.0,34.0,17.6,7.5
2018-12-12,44,31.4,0.0,31.2,18.7,8.1
2018-12-12,45,33.9,0.0,26.2,20.1,9.7
2018-12-12,46,36.3,0.0,22.3,21.4,10.2
2018-12-12,47,38.8,0.0,19.4,22.8,10.6
2018-12-12,48,39.0,0.0,18.8,23.6,10.9
2018-12-13,1,38.7,0.0,19.5,23.7,11.0
2018-12-13,2,38.1,0.0,19.3,23.4,10.8
2018-12-13,3,38.6,0.0,18.7,23.6,10.1
2018-12-13,4,39.1,0.0,17.9,23.8,10.3
2018-12-13,5,38.8,0.0,19.3,23.4,10.1
2018-12-13,6,39.8,0.0,17.7,23.8,10.2
2018-12-13,7,40.3,0.0,18.1,24.1,8.9
2018-12-13,8,40.1,0.0,17.9,24.9,9.1
2018-12-13,9,39.9,0.0,18.2,25.6,8.3
2018-12-13,10,39.0,0.0,19.3,25.8,8.3
2018-12-13,11,39.2,0.0,20.5,25.1,7.8
2018-12-13,12,37.6,0.0,22.6,23.5,6.5
2018-12-13,13,33.4,0.0,29.9,20.6,2.8
2018-12-13,14,30.9,0.0,33.1,18.7,2.3
2018-12-13,15,27.5,0.0,39.0,16.3,1.5
2018-12-13,16,26.7,0.1,39.8,15.9,1.4
2018-12-13,17,26.3,0.3,40.3,15.6,1.4
2018-12-13,18,26.0,0.9,40.1,15.6,1.4
2018-12-13,19,25.8,1.9,40.3,14.9,1.4
2018-12-13,20,25.7,3.1,39.7,14.7,1.3
2018-12-13,21,25.7,4.0,39.2,14.5,1.1
2018-12-13,22,25.6,4.6,39.2,14.5,1.0
2018-12-13,23,25.2,5.1,38.3,14.6,1.1
2018-12-13,24,24.7,5.4,39.0,14.5,0.9
2018-12-13,25,24.4,5.3,39.7,14.5,0.7
2018-12-13,26,24.1,5.0,40.0,14.7,0.7
2018-12-13,27,24.7,4.5,39.4,15.2,0.8
2018-12-13,28,24.5,3.6,40.0,15.2,0.7
2018-12-13,29,24.7,2.4,41.1,15.6,0.5
2018-12-13,30,25.7,1.2,40.3,15.7,0.9
2018-12-13,31,25.0,0.3,38.9,15.4,4.2
2018-12-13,32,23.2,0.0,40.1,14.7,3.4
2018-12-13,33,23.1,0.0,40.9,14.5,2.7
2018-12-13,34,22.9,0.0,41.0,14.6,2.7
2018-12-13,35,22.7,0.0,39.7,14.9,4.8
2018-12-13,36,22.7,0.0,40.1,15.0,4.8
2018-12-13,37,22.2,0.0,40.0,14.9,4.9
2018-12-13,38,22.4,0.0,40.8,14.9,5.0
2018-12-13,39,21.9,0.0,40.1,14.9,5.9
2018-12-13,40,21.6,0.0,40.9,15.3,5.5
2018-12-13,41,21.3,0.0,42.9,15.7,3.1
2018-12-13,42,21.2,0.0,42.8,16.3,3.4
2018-12-13,43,21.6,0.0,42.6,16.6,2.7
2018-12-13,44,22.3,0.0,41.8,17.5,2.8
2018-12-13,45,22.7,0.0,42.4,18.6,3.0
2018-12-13,46,23.5,0.0,40.6,19.6,3.6
2018-12-13,47,24.7,0.0,37.5,21.0,4.0
2018-12-13,48,25.0,0.0,33.8,21.7,7.6
2018-12-14,1,24.2,0.0,34.7,21.3,10.0
2018-12-14,2,23.3,0.0,36.3,21.0,9.8
2018-12-14,3,22.3,0.0,37.5,21.3,9.2
2018-12-14,4,22.5,0.0,36.1,22.1,9.5
2018-12-14,5,22.3,0.0,36.0,22.3,9.5
2018-12-14,6,23.9,0.0,34.2,22.4,9.6
2018-12-14,7,24.2,0.0,33.4,22.7,9.7
2018-12-14,8,24.2,0.0,33.0,22.9,9.8
2018-12-14,9,23.8,0.0,33.1,23.0,10.0
2018-12-14,10,23.7,0.0,34.9,23.0,8.2
2018-12-14,11,23.2,0.0,37.7,22.6,4.4
2018-12-14,12,22.5,0.0,38.7,21.5,3.7
2018-12-14,13,20.4,0.0,41.7,18.9,1.8
2018-12-14,14,17.8,0.0,46.2,17.2,1.2
2018-12-14,15,16.6,0.0,48.5,15.8,1.1
2018-12-14,16,16.4,0.0,48.5,15.3,0.9
2018-12-14,17,16.0,0.3,46.9,15.1,2.0
2018-12-14,18,16.4,1.0,47.1,14.9,1.9
2018-12-14,19,16.5,2.0,47.8,14.2,0.8
2018-12-14,20,17.7,2.8,46.7,14.1,0.8
2018-12-14,21,17.8,3.4,46.6,14.1,0.7
2018-12-14,22,18.3,4.0,45.9,14.2,0.8
2018-12-14,23,17.5,4.4,46.1,14.1,1.1
2018-12-14,24,16.8,4.5,46.4,14.0,1.3
2018-12-14,25,16.3,4.3,46.9,14.0,1.4
2018-12-14,26,16.1,3.8,47.2,14.3,1.4
2018-12-14,27,16.3,3.4,47.1,14.5,1.4
2018-12-14,28,16.1,2.8,47.6,14.9,1.4
2018-12-14,29,16.1,1.8,48.5,14.9,1.4
2018-12-14,30,17.0,0.9,49.0,15.0,1.4
2018-12-14,31,17.3,0.2,49.4,15.0,1.4
2018-12-14,32,17.3,0.0,48.6,14.7,1.4
2018-12-14,33,17.5,0.0,48.1,14.6,1.9
2018-12-14,34,18.4,0.0,47.7,14.7,1.6
2018-12-14,35,19.1,0.0,46.2,14.8,1.2
2018-12-14,36,19.5,0.0,47.0,14.9,1.3
2018-12-14,37,20.0,0.0,45.8,15.0,1.4
2018-12-14,38,20.4,0.0,46.9,15.0,1.4
2018-12-14,39,20.5,0.0,46.6,15.0,2.5
2018-12-14,40,21.3,0.0,45.1,15.5,2.6
2018-12-14,41,22.5,0.0,42.5,15.9,3.5
2018-12-14,42,22.5,0.0,41.1,16.4,3.6
2018-12-14,43,22.6,0.0,40.9,16.7,3.6
2018-12-14,44,22.9,0.0,40.6,17.4,3.7
2018-12-14,45,24.4,0.0,38.1,18.9,4.6
2018-12-14,46,26.7,0.0,34.9,20.2,5.2
2018-12-14,47,28.7,0.0,28.1,21.6,10.8
2018-12-14,48,30.0,0.0,27.6,22.8,10.6
2018-12-15,1,30.3,0.0,26.5,22.9,11.2
2018-12-15,2,30.8,0.0,25.8,22.9,11.2
2018-12-15,3,31.4,0.0,25.1,23.1,11.2
2018-12-15,4,32.1,0.0,24.3,23.3,11.4
2018-12-15,5,32.8,0.0,23.6,23.6,11.0
2018-12-15,6,33.7,0.0,22.6,23.9,11.1
2018-12-15,7,33.7,0.0,23.1,24.0,10.8
2018-12-15,8,34.7,0.0,21.3,24.6,10.9
2018-12-15,9,34.7,0.0,22.2,24.9,8.9
2018-12-15,10,35.0,0.0,21.8,25.2,9.0
2018-12-15,11,35.1,0.0,21.9,25.0,8.9
2018-12-15,12,35.0,0.0,22.7,24.5,8.4
2018-12-15,13,34.4,0.0,26.2,22.9,6.6
2018-12-15,14,34.6,0.0,27.2,22.2,6.1
2018-12-15,15,33.0,0.0,30.4,20.7,4.2
2018-12-15,16,33.3,0.0,31.8,20.0,3.0
2018-12-15,17,32.7,0.0,34.2,19.0,2.6
2018-12-15,18,32.4,0.2,36.3,18.1,2.1
2018-12-15,19,31.9,0.4,34.6,17.4,5.1
2018-12-15,20,32.0,0.6,33.8,17.2,5.6
2018-12-15,21,31.7,0.8,33.0,17.1,6.9
2018-12-15,22,31.7,0.9,34.9,15.5,6.9
2018-12-15,23,31.5,1.0,34.5,15.4,7.7
2018-12-15,24,31.4,0.9,34.4,15.4,7.7
2018-12-15,25,31.1,0.8,34.9,15.3,7.5
2018-12-15,26,31.0,0.5,34.6,15.3,7.5
2018-12-15,27,30.7,0.4,34.6,15.3,7.5
2018-12-15,28,30.4,0.2,34.9,15.3,7.6
2018-12-15,29,29.7,0.1,35.5,15.2,7.9
2018-12-15,30,29.1,0.0,36.2,15.2,7.6
2018-12-15,31,28.0,0.0,37.4,15.0,7.2
2018-12-15,32,26.9,0.0,37.2,14.5,7.1
2018-12-15,33,26.1,0.0,37.9,14.1,6.8
2018-12-15,34,25.3,0.0,37.8,13.6,6.8
2018-12-15,35,24.9,0.0,37.7,13.4,6.9
2018-12-15,36,24.8,0.0,37.5,13.5,7.0
2018-12-15,37,24.4,0.0,37.7,13.7,7.1
2018-12-15,38,25.0,0.0,37.2,14.2,7.4
2018-12-15,39,26.3,0.0,37.1,14.7,7.7
2018-12-15,40,27.6,0.0,35.5,15.3,8.0
2018-12-15,41,27.9,0.0,35.1,15.7,8.3
2018-12-15,42,28.6,0.0,34.3,16.6,8.5
2018-12-15,43,29.9,0.0,32.0,17.4,9.2
2018-12-15,44,29.2,0.0,30.7,18.4,9.4
2018-12-15,45,28.8,0.0,31.9,19.0,8.1
2018-12-15,46,28.6,0.0,31.7,19.6,8.5
2018-12-15,47,30.8,0.0,28.9,20.6,8.6
2018-12-15,48,33.0,0.0,25.2,21.6,8.9
2018-12-16,1,35.1,0.0,24.3,21.6,8.2
2018-12-16,2,36.4,0.0,23.5,21.3,8.3
2018-12-16,3,36.7,0.0,22.5,21.7,8.3
2018-12-16,4,36.7,0.0,22.1,22.0,8.3
2018-12-16,5,37.2,0.0,21.7,22.2,8.1
2018-12-16,6,36.3,0.0,21.9,22.6,8.1
2018-12-16,7,37.2,0.0,20.9,22.9,8.0
2018-12-16,8,36.6,0.0,20.6,23.3,8.2
2018-12-16,9,36.5,0.0,21.1,23.5,7.6
2018-12-16,10,35.6,0.0,21.6,23.6,7.6
2018-12-16,11,35.0,0.0,21.6,23.4,8.2
2018-12-16,12,33.1,0.0,23.3,23.4,8.5
2018-12-16,13,30.8,0.0,26.5,22.2,9.0
2018-12-16,14,28.3,0.0,28.9,22.1,7.6
2018-12-16,15,24.7,0.0,36.9,21.0,2.9
2018-12-16,16,22.4,0.1,39.6,20.1,4.2
2018-12-16,17,20.7,0.6,40.2,18.8,6.4
2018-12-16,18,19.1,1.9,41.3,17.8,6.3
2018-12-16,19,17.2,3.3,42.6,16.9,6.4
2018-12-16,20,15.8,4.2,43.2,16.3,6.0
2018-12-16,21,15.8,4.6,42.7,16.0,5.5
2018-12-16,22,15.2,4.7,41.6,15.7,5.5
2018-12-16,23,14.3,4.5,41.9,15.5,5.3
2018-12-16,24,13.5,4.0,42.8,15.4,5.1
2018-12-16,25,13.7,3.3,42.5,15.3,5.9
2018-12-16,26,12.6,2.6,43.4,15.5,6.0
2018-12-16,27,11.9,1.8,44.1,15.4,7.5
2018-12-16,28,11.9,1.1,45.5,15.0,7.5
2018-12-16,29,11.7,0.6,45.9,14.9,7.5
2018-12-16,30,11.6,0.2,46.8,14.8,7.5
2018-12-16,31,11.4,0.1,47.3,14.5,7.3
2018-12-16,32,11.9,0.0,47.5,14.1,7.0
2018-12-16,33,11.8,0.0,45.2,14.0,6.8
2018-12-16,34,11.8,0.0,45.6,13.9,6.7
2018-12-16,35,10.5,0.0,45.6,13.8,6.8
2018-12-16,36,10.8,0.0,45.9,13.8,6.8
2018-12-16,37,11.3,0.0,46.1,14.1,7.0
2018-12-16,38,11.5,0.0,46.3,14.4,7.1
2018-12-16,39,11.5,0.0,47.1,14.9,7.4
2018-12-16,40,11.8,0.0,46.2,15.3,7.6
2018-12-16,41,12.4,0.0,45.0,15.7,7.7
2018-12-16,42,12.9,0.0,44.2,16.0,8.1
2018-12-16,43,13.5,0.0,43.8,16.4,8.6
2018-12-16,44,14.3,0.0,42.8,17.3,8.9
2018-12-16,45,15.3,0.0,41.3,18.3,9.2
2018-12-16,46,15.6,0.0,40.4,19.0,9.6
2018-12-16,47,16.6,0.0,39.6,19.7,9.9
2018-12-16,48,16.4,0.0,37.4,20.7,10.4
2018-12-17,1,15.9,0.0,38.6,20.7,10.0
2018-12-17,2,16.2,0.0,38.2,20.9,10.0
2018-12-17,3,16.6,0.0,38.4,20.8,9.7
2018-12-17,4,17.1,0.0,36.7,21.4,10.0
2018-12-17,5,16.8,0.0,37.9,20.8,9.9
2018-12-17,6,17.2,0.0,37.3,20.8,9.9
2018-12-17,7,18.6,0.0,34.9,21.2,10.4
2018-12-17,8,19.3,0.0,32.9,21.6,11.0
2018-12-17,9,18.2,0.0,32.5,22.1,11.6
2018-12-17,10,18.0,0.0,33.5,22.1,11.1
2018-12-17,11,17.2,0.0,38.1,21.7,8.0
2018-12-17,12,15.7,0.0,41.6,20.5,7.5
2018-12-17,13,14.2,0.0,45.8,18.7,5.7
2018-12-17,14,12.9,0.0,47.1,16.8,5.1
2018-12-17,15,11.3,0.0,50.7,15.1,4.0
2018-12-17,16,10.7,0.0,52.2,14.6,4.1
2018-12-17,17,10.5,0.5,51.1,14.3,5.1
2018-12-17,18,10.7,1.5,50.4,14.2,5.1
2018-12-17,19,10.4,3.0,50.1,13.8,4.9
2018-12-17,20,10.8,4.6,48.9,13.6,4.2
2018-12-17,21,11.4,5.9,49.7,13.5,1.3
2018-12-17,22,11.8,6.7,48.6,13.5,1.4
2018-12-17,23,12.0,6.9,48.9,13.3,1.3
2018-12-17,24,12.2,6.6,49.2,13.3,1.3
2018-12-17,25,13.4,6.0,48.8,13.5,1.3
2018-12-17,26,13.9,5.1,49.2,13.7,1.3
2018-12-17,27,14.5,3.9,49.7,13.9,1.4
2018-12-17,28,15.2,2.7,49.8,14.0,1.4
2018-12-17,29,16.3,1.5,50.3,13.9,1.4
2018-12-17,30,17.6,0.6,49.9,13.8,1.4
2018-12-17,31,18.3,0.1,48.7,13.7,2.3
2018-12-17,32,18.2,0.0,48.6,13.1,2.2
2018-12-17,33,19.0,0.0,47.4,12.9,2.7
2018-12-17,34,20.4,0.0,46.5,13.3,2.7
2018-12-17,35,21.3,0.0,45.8,13.4,2.8
2018-12-17,36,21.4,0.0,45.8,13.5,2.7
2018-12-17,37,21.3,0.0,45.5,13.8,3.2
2018-12-17,38,22.4,0.0,42.7,13.9,4.0
2018-12-17,39,23.8,0.0,36.4,14.2,8.4
2018-12-17,40,25.2,0.0,34.5,14.8,8.7
2018-12-17,41,26.6,0.0,33.1,15.4,9.1
2018-12-17,42,27.9,0.0,32.3,15.7,9.5
2018-12-17,43,30.1,0.0,29.8,16.4,9.9
2018-12-17,44,32.0,0.0,25.8,17.4,10.5
2018-12-17,45,33.8,0.0,21.9,19.0,10.8
2018-12-17,46,35.9,0.0,19.7,20.1,11.4
2018-12-17,47,38.2,0.0,17.8,21.9,10.8
2018-12-17,48,38.8,0.0,16.6,22.9,11.1
2018-12-18,1,39.1,0.0,17.2,23.1,10.1
2018-12-18,2,38.0,0.0,19.2,22.5,9.8
2018-12-18,3,37.8,0.0,20.0,22.3,9.8
2018-12-18,4,38.4,0.0,18.7,23.0,9.6
2018-12-18,5,39.1,0.0,20.3,22.7,7.9
2018-12-18,6,40.5,0.0,18.2,22.9,8.0
2018-12-18,7,41.3,0.0,18.2,23.6,6.6
2018-12-18,8,42.4,0.0,16.9,23.8,6.6
2018-12-18,9,43.1,0.0,16.6,24.2,5.2
2018-12-18,10,42.9,0.0,17.0,24.3,5.3
2018-12-18,11,39.1,0.0,18.6,24.0,8.7
2018-12-18,12,38.8,0.0,20.6,22.6,8.0
2018-12-18,13,36.0,0.0,26.9,20.0,5.2
2018-12-18,14,33.8,0.0,29.6,18.1,4.7
2018-12-18,15,32.8,0.0,32.1,16.3,3.6
2018-12-18,16,31.2,0.0,33.6,15.7,3.3
2018-12-18,17,30.8,0.0,32.8,15.3,5.4
2018-12-18,18,30.5,0.1,33.6,15.0,4.7
2018-12-18,19,30.4,0.3,32.8,14.4,6.4
2018-12-18,20,30.8,0.5,32.4,14.3,5.4
2018-12-18,21,31.2,0.7,34.2,14.3,2.7
2018-12-18,22,31.0,0.9,34.0,14.3,2.9
2018-12-18,23,31.0,0.9,33.5,14.1,3.2
2018-12-18,24,30.7,0.9,33.5,14.1,3.2
2018-12-18,25,29.2,0.9,33.6,14.1,4.9
2018-12-18,26,28.3,0.7,33.5,14.2,4.8
2018-12-18,27,26.1,0.6,34.0,14.5,5.9
2018-12-18,28,24.6,0.4,35.3,14.6,6.0
2018-12-18,29,23.5,0.2,36.1,14.5,7.0
2018-12-18,30,22.8,0.1,36.6,14.6,7.1
2018-12-18,31,22.0,0.0,38.3,14.4,7.2
2018-12-18,32,20.0,0.0,40.6,13.7,6.9
2018-12-18,33,18.9,0.0,40.8,13.3,6.6
2018-12-18,34,19.2,0.0,40.7,13.0,6.5
2018-12-18,35,18.9,0.0,39.8,13.0,6.6
2018-12-18,36,19.2,0.0,39.9,13.1,6.7
2018-12-18,37,19.0,0.0,40.2,13.2,6.7
2018-12-18,38,18.9,0.0,41.2,13.4,6.8
2018-12-18,39,19.5,0.0,39.6,13.8,7.0
2018-12-18,40,19.5,0.0,39.9,14.1,7.2
2018-12-18,41,19.5,0.0,40.1,14.5,7.4
2018-12-18,42,19.8,0.0,40.2,14.6,7.8
2018-12-18,43,20.5,0.0,38.5,14.8,8.0
2018-12-18,44,21.2,0.0,38.8,15.7,8.6
2018-12-18,45,21.8,0.0,39.2,16.7,9.0
2018-12-18,46,22.5,0.0,38.0,17.6,9.7
2018-12-18,47,23.4,0.0,36.3,18.8,10.2
2018-12-18,48,23.7,0.0,34.5,20.0,10.7
2018-12-19,1,23.1,0.0,34.7,20.9,10.2
2018-12-19,2,22.1,0.0,35.6,20.8,10.0
2018-12-19,3,21.3,0.0,35.1,21.5,10.9
2018-12-19,4,20.5,0.0,35.6,21.6,11.3
2018-12-19,5,20.0,0.0,36.2,21.6,11.3
2018-12-19,6,19.8,0.0,35.7,21.8,11.5
2018-12-19,7,19.8,0.0,35.9,22.1,11.5
2018-12-19,8,20.9,0.0,35.0,22.1,11.8
2018-12-19,9,21.0,0.0,33.3,22.5,12.8
2018-12-19,10,21.1,0.0,34.1,22.0,12.5
2018-12-19,11,21.0,0.0,34.8,21.4,12.1
2018-12-19,12,20.9,0.0,34.7,20.4,11.4
2018-12-19,13,19.0,0.0,39.8,18.2,9.0
2018-12-19,14,17.6,0.0,41.8,16.3,8.0
2018-12-19,15,16.1,0.0,45.0,14.7,6.6
2018-12-19,16,15.6,0.0,45.1,14.2,6.4
2018-12-19,17,16.1,0.1,44.4,14.1,6.1
2018-12-19,18,16.4,0.6,44.4,14.0,5.9
2018-12-19,19,16.8,1.6,41.8,13.9,6.3
2018-12-19,20,17.4,3.0,41.9,13.9,6.3
2018-12-19,21,17.2,4.4,41.8,13.7,5.5
2018-12-19,22,17.0,5.6,41.2,13.6,5.5
2018-12-19,23,17.4,6.2,42.0,13.8,4.2
2018-12-19,24,18.0,6.2,40.8,14.3,4.5
2018-12-19,25,18.3,5.9,40.1,14.3,4.2
2018-12-19,26,19.1,5.1,39.9,14.4,4.2
2018-12-19,27,18.4,4.2,40.8,14.7,5.1
2018-12-19,28,17.9,3.1,41.9,14.8,5.2
2018-12-19,29,17.9,1.9,42.8,14.8,5.8
2018-12-19,30,18.3,0.8,42.7,14.8,5.8
2018-12-19,31,18.6,0.2,41.2,14.6,7.3
2018-12-19,32,18.2,0.0,41.9,14.0,6.7
2018-12-19,33,16.9,0.0,42.0,13.7,6.8
2018-12-19,34,17.4,0.0,41.5,13.4,6.7
2018-12-19,35,17.8,0.0,40.2,13.3,6.8
2018-12-19,36,18.3,0.0,40.0,13.5,6.8
2018-12-19,37,18.9,0.0,40.2,13.6,6.9
2018-12-19,38,19.1,0.0,40.3,13.9,7.0
2018-12-19,39,19.0,0.0,38.7,14.1,7.2
2018-12-19,40,19.0,0.0,38.3,14.7,7.4
2018-12-19,41,18.6,0.0,39.1,14.8,7.7
2018-12-19,42,18.7,0.0,40.0,15.3,8.2
2018-12-19,43,19.1,0.0,40.3,16.0,8.2
2018-12-19,44,19.9,0.0,38.9,16.9,8.6
2018-12-19,45,20.7,0.0,38.2,18.2,9.2
2018-12-19,46,21.7,0.0,37.7,19.1,9.8
2018-12-19,47,23.0,0.0,35.8,20.7,10.1
2018-12-19,48,23.6,0.0,33.9,21.7,10.6
2018-12-20,1,23.7,0.0,32.3,22.2,11.5
2018-12-20,2,23.6,0.0,32.5,21.8,11.9
2018-12-20,3,22.3,0.0,31.9,22.4,12.8
2018-12-20,4,22.9,0.0,31.2,22.6,12.8
2018-12-20,5,21.7,0.0,32.7,22.6,12.4
2018-12-20,6,22.0,0.0,33.0,22.5,12.1
2018-12-20,7,23.2,0.0,30.6,23.1,12.6
2018-12-20,8,22.2,0.0,31.0,23.5,12.8
2018-12-20,9,20.6,0.0,32.4,23.3,13.0
2018-12-20,10,20.8,0.0,33.1,22.9,12.8
2018-12-20,11,20.0,0.0,35.3,22.2,12.4
2018-12-20,12,18.7,0.0,37.6,21.3,12.2
2018-12-20,13,17.8,0.0,41.1,18.9,11.8
2018-12-20,14,16.4,0.0,42.4,17.3,10.8
2018-12-20,15,15.9,0.0,43.9,15.7,9.9
2018-12-20,16,16.2,0.0,42.9,15.2,9.6
2018-12-20,17,16.2,0.3,42.0,14.9,9.3
2018-12-20,18,16.5,1.2,41.9,14.6,9.2
2018-12-20,19,16.6,2.5,41.3,14.5,8.1
2018-12-20,20,17.5,3.8,40.0,14.6,8.1
2018-12-20,21,17.5,4.9,39.7,14.6,8.7
2018-12-20,22,17.8,5.5,38.9,15.0,8.7
2018-12-20,23,18.0,5.6,38.7,15.4,8.2
2018-12-20,24,18.7,5.4,38.3,15.4,8.2
2018-12-20,25,19.3,5.1,37.0,15.5,8.9
2018-12-20,26,19.7,4.4,37.3,15.7,8.5
2018-12-20,27,20.0,3.2,40.9,15.8,5.3
2018-12-20,28,19.8,2.0,42.0,15.8,5.7
2018-12-20,29,19.5,1.1,42.8,15.7,5.8
2018-12-20,30,19.4,0.5,43.1,15.7,6.4
2018-12-20,31,19.2,0.1,43.0,15.5,7.3
2018-12-20,32,18.5,0.0,44.2,15.1,6.5
2018-12-20,33,17.5,0.0,44.0,14.6,6.4
2018-12-20,34,17.7,0.0,43.2,14.2,6.3
2018-12-20,35,17.8,0.0,43.4,14.0,6.5
2018-12-20,36,18.5,0.0,42.6,14.2,6.6
2018-12-20,37,18.8,0.0,43.5,14.3,6.6
2018-12-20,38,19.0,0.0,42.8,14.6,6.7
2018-12-20,39,19.0,0.0,43.3,14.8,7.1
2018-12-20,40,19.3,0.0,42.4,15.1,7.2
2018-12-20,41,18.7,0.0,42.4,15.6,7.7
2018-12-20,42,19.2,0.0,42.7,16.2,8.0
2018-12-20,43,19.7,0.0,41.2,17.0,8.2
2018-12-20,44,19.6,0.0,40.3,17.7,8.7
2018-12-20,45,20.5,0.0,38.5,18.5,9.1
2018-12-20,46,20.7,0.0,39.2,19.5,9.6
2018-12-20,47,20.5,0.0,38.6,20.7,10.1
2018-12-20,48,18.4,0.0,39.5,21.7,10.6
2018-12-21,1,17.5,0.0,40.6,21.8,10.6
2018-12-21,2,17.3,0.0,41.7,21.4,10.4
2018-12-21,3,16.5,0.0,42.3,21.9,9.9
2018-12-21,4,15.6,0.0,42.6,22.4,10.0
2018-12-21,5,15.6,0.0,42.3,22.7,10.0
2018-12-21,6,15.2,0.0,41.9,23.2,10.2
2018-12-21,7,14.4,0.0,41.9,23.5,10.3
2018-12-21,8,13.9,0.0,42.1,23.7,10.3
2018-12-21,9,13.3,0.0,42.6,23.7,10.4
2018-12-21,10,13.0,0.0,42.8,23.7,10.8
2018-12-21,11,12.9,0.0,42.0,23.7,11.4
2018-12-21,12,12.2,0.0,42.2,22.8,11.4
2018-12-21,13,11.5,0.0,42.7,21.3,11.6
2018-12-21,14,11.0,0.0,45.1,19.5,10.1
2018-12-21,15,10.1,0.0,46.7,17.9,8.5
2018-12-21,16,9.8,0.0,47.3,17.4,8.0
2018-12-21,17,9.7,0.0,47.0,17.1,7.9
2018-12-21,18,9.7,0.1,45.9,17.0,7.8
2018-12-21,19,9.5,0.4,46.7,16.5,7.7
2018-12-21,20,9.6,0.9,46.9,16.2,7.7
2018-12-21,21,9.7,1.4,47.1,16.0,7.7
2018-12-21,22,9.9,2.0,46.1,16.0,7.7
2018-12-21,23,10.2,2.7,45.7,16.0,7.7
2018-12-21,24,10.6,3.2,45.5,16.1,7.7
2018-12-21,25,10.8,3.4,45.9,16.2,7.6
2018-12-21,26,11.1,3.3,46.2,16.3,7.6
2018-12-21,27,11.8,2.9,46.0,16.3,7.6
2018-12-21,28,12.4,2.2,45.6,16.9,7.6
2018-12-21,29,12.8,1.4,45.7,17.1,7.7
2018-12-21,30,12.6,0.7,46.6,17.2,7.7
2018-12-21,31,11.9,0.2,47.2,17.1,7.7
2018-12-21,32,12.1,0.0,47.1,16.6,7.5
2018-12-21,33,12.0,0.0,46.6,16.2,7.3
2018-12-21,34,11.8,0.0,44.9,15.9,7.1
2018-12-21,35,11.4,0.0,44.1,15.7,7.2
2018-12-21,36,10.7,0.0,44.1,15.9,7.3
2018-12-21,37,11.6,0.0,44.5,16.3,7.5
2018-12-21,38,12.3,0.0,44.2,16.5,7.6
2018-12-21,39,12.5,0.0,43.7,16.8,7.7
2018-12-21,40,12.6,0.0,43.2,17.3,7.9
2018-12-21,41,13.1,0.0,43.8,18.0,8.3
2018-12-21,42,14.5,0.0,42.6,18.7,8.8
2018-12-21,43,16.4,0.0,39.5,19.7,9.4
2018-12-21,44,17.9,0.0,36.3,20.7,9.9
2018-12-21,45,19.8,0.0,32.9,22.0,10.6
2018-12-21,46,20.9,0.0,31.4,23.3,11.2
2018-12-21,47,22.6,0.0,30.2,24.7,9.4
2018-12-21,48,23.0,0.0,28.3,25.7,10.3
2018-12-22,1,22.9,0.0,28.0,25.9,9.9
2018-12-22,2,23.0,0.0,27.6,25.4,10.1
2018-12-22,3,23.7,0.0,25.9,26.2,10.6
2018-12-22,4,23.3,0.0,25.7,27.2,10.9
2018-12-22,5,23.9,0.0,25.9,26.6,10.9
2018-12-22,6,26.1,0.0,24.0,27.0,10.4
2018-12-22,7,27.5,0.0,23.3,27.4,10.0
2018-12-22,8,28.6,0.0,21.7,28.0,10.1
2018-12-22,9,30.0,0.0,20.0,28.3,9.8
2018-12-22,10,30.8,0.0,19.0,28.5,9.7
2018-12-22,11,30.3,0.0,21.5,27.8,8.8
2018-12-22,12,29.4,0.0,22.2,27.3,9.0
2018-12-22,13,28.7,0.0,20.7,26.8,9.3
2018-12-22,14,28.1,0.0,24.5,26.0,9.2
2018-12-22,15,27.2,0.0,27.5,24.3,10.6
2018-12-22,16,26.0,0.0,30.9,23.3,10.5
2018-12-22,17,24.9,0.3,32.7,22.2,11.2
2018-12-22,18,23.4,1.1,35.1,21.1,10.7
2018-12-22,19,23.0,2.3,34.5,20.3,11.2
2018-12-22,20,22.7,3.6,33.9,20.0,10.7
2018-12-22,21,22.5,4.7,33.5,19.8,10.2
2018-12-22,22,22.2,5.5,33.7,19.7,10.0
2018-12-22,23,22.3,6.3,33.8,19.6,9.3
2018-12-22,24,22.3,6.7,33.9,19.5,8.9
2018-12-22,25,22.2,6.5,34.4,19.4,8.8
2018-12-22,26,22.7,6.0,34.4,19.7,8.8
2018-12-22,27,22.4,5.0,35.6,19.9,9.0
2018-12-22,28,22.3,3.6,36.7,20.2,9.1
2018-12-22,29,22.4,2.3,37.3,20.1,9.0
2018-12-22,30,22.0,1.1,38.9,20.0,9.0
2018-12-22,31,21.2,0.3,40.2,19.5,8.8
2018-12-22,32,19.5,0.0,41.0,18.8,8.4
2018-12-22,33,17.7,0.0,42.3,17.8,8.0
2018-12-22,34,16.8,0.0,41.6,17.4,7.8
2018-12-22,35,16.2,0.0,41.7,17.0,7.8
2018-12-22,36,16.3,0.0,42.0,17.1,7.8
2018-12-22,37,16.1,0.0,42.3,17.2,7.8
2018-12-22,38,16.3,0.0,42.3,17.5,8.0
2018-12-22,39,16.3,0.0,43.3,17.8,8.2
2018-12-22,40,16.4,0.0,44.2,18.4,8.4
2018-12-22,41,16.8,0.0,44.5,18.8,8.6
2018-12-22,42,17.1,0.0,44.1,19.0,8.9
2018-12-22,43,17.2,0.0,42.5,19.7,9.1
2018-12-22,44,16.6,0.0,41.8,20.3,9.4
2018-12-22,45,15.9,0.0,42.6,20.9,8.8
2018-12-22,46,15.6,0.0,42.6,21.8,9.2
2018-12-22,47,14.8,0.0,41.4,22.8,10.6
2018-12-22,48,14.1,0.0,41.3,23.3,10.8
2018-12-23,1,12.8,0.0,42.3,24.1,10.6
2018-12-23,2,11.3,0.0,42.8,24.1,10.5
2018-12-23,3,11.4,0.0,43.0,24.2,10.5
2018-12-23,4,11.5,0.0,41.9,25.0,10.9
2018-12-23,5,10.8,0.0,43.0,25.2,10.1
2018-12-23,6,10.2,0.0,42.8,25.6,10.3
2018-12-23,7,9.1,0.0,44.2,25.4,10.2
2018-12-23,8,8.5,0.0,44.2,25.7,10.3
2018-12-23,9,8.5,0.0,43.6,25.9,10.4
2018-12-23,10,8.2,0.0,43.2,26.0,10.4
2018-12-23,11,7.7,0.0,43.5,25.9,10.4
2018-12-23,12,7.0,0.0,45.2,26.0,10.4
2018-12-23,13,6.4,0.0,46.6,25.6,10.8
2018-12-23,14,6.1,0.0,48.1,24.8,10.5
2018-12-23,15,6.0,0.0,47.7,24.3,10.9
2018-12-23,16,6.0,0.0,49.7,23.5,10.5
2018-12-23,17,5.9,0.0,51.1,22.1,10.5
2018-12-23,18,6.1,0.1,52.2,21.0,10.1
2018-12-23,19,6.5,0.3,52.8,19.9,9.2
2018-12-23,20,6.1,0.6,51.7,19.3,8.9
2018-12-23,21,6.0,0.9,51.8,18.8,8.6
2018-12-23,22,5.9,1.2,52.3,18.4,8.4
2018-12-23,23,5.6,1.3,52.4,18.1,8.0
2018-12-23,24,5.1,1.3,52.6,17.9,7.9
2018-12-23,25,4.8,1.3,53.0,17.8,8.0
2018-12-23,26,4.8,1.2,53.1,17.8,8.0
2018-12-23,27,5.7,0.9,52.5,17.8,8.0
2018-12-23,28,6.2,0.7,52.6,17.9,8.0
2018-12-23,29,6.9,0.4,53.1,17.9,8.0
2018-12-23,30,6.8,0.2,53.3,18.0,8.0
2018-12-23,31,6.9,0.0,53.3,17.7,7.9
2018-12-23,32,6.7,0.0,52.5,17.2,7.7
2018-12-23,33,6.5,0.0,51.9,16.7,7.5
2018-12-23,34,6.6,0.0,50.5,16.0,7.4
2018-12-23,35,7.0,0.0,50.4,15.7,7.4
2018-12-23,36,7.0,0.0,50.9,15.8,7.5
2018-12-23,37,7.3,0.0,50.6,16.0,7.6
2018-12-23,38,7.3,0.0,51.2,16.3,7.7
2018-12-23,39,6.8,0.0,50.4,16.7,7.9
2018-12-23,40,7.5,0.0,49.1,17.0,8.1
2018-12-23,41,8.1,0.0,48.9,17.4,8.3
2018-12-23,42,7.8,0.0,48.2,18.1,8.6
2018-12-23,43,7.6,0.0,49.0,18.8,8.7
2018-12-23,44,7.5,0.0,49.9,19.7,9.1
2018-12-23,45,7.1,0.0,50.1,21.0,9.5
2018-12-23,46,7.2,0.0,49.1,22.0,9.9
2018-12-23,47,7.7,0.0,48.1,23.1,10.3
2018-12-23,48,7.4,0.0,47.3,23.9,10.7
2018-12-24,1,6.7,0.0,47.3,24.2,11.1
2018-12-24,2,6.6,0.0,47.4,24.0,11.0
2018-12-24,3,6.6,0.0,47.5,24.2,11.1
2018-12-24,4,6.2,0.0,46.6,24.9,11.4
2018-12-24,5,5.6,0.0,48.2,24.5,10.9
2018-12-24,6,5.4,0.0,48.3,24.4,10.9
2018-12-24,7,5.2,0.0,49.2,24.0,10.7
2018-12-24,8,5.2,0.0,48.3,24.3,10.8
2018-12-24,9,5.5,0.0,47.3,24.5,10.9
2018-12-24,10,5.4,0.0,48.3,24.5,10.9
2018-12-24,11,5.6,0.0,48.0,24.2,10.8
2018-12-24,12,5.4,0.0,48.2,24.3,10.9
2018-12-24,13,5.0,0.0,49.8,23.5,10.5
2018-12-24,14,5.1,0.0,50.7,22.2,10.0
2018-12-24,15,5.0,0.0,52.7,20.7,9.3
2018-12-24,16,4.6,0.0,52.9,19.9,8.9
2018-12-24,17,4.3,0.2,53.6,18.9,8.3
2018-12-24,18,4.3,0.5,53.7,18.1,7.9
2018-12-24,19,4.3,1.3,53.4,17.4,8.0
2018-12-24,20,4.2,2.5,52.3,16.6,7.8
2018-12-24,21,4.2,3.6,52.1,16.4,7.7
2018-12-24,22,4.2,4.6,51.7,16.3,7.7
2018-12-24,23,4.1,5.3,50.9,16.3,7.7
2018-12-24,24,4.1,6.0,50.0,16.2,7.7
2018-12-24,25,3.9,6.3,50.0,16.2,7.6
2018-12-24,26,4.1,6.1,50.5,16.4,7.6
2018-12-24,27,4.3,5.4,51.3,16.9,7.7
2018-12-24,28,4.8,4.4,50.8,17.5,7.9
2018-12-24,29,4.9,3.0,51.8,17.7,7.9
2018-12-24,30,5.5,1.5,53.3,17.8,8.0
2018-12-24,31,5.6,0.4,53.9,17.8,7.7
2018-12-24,32,5.6,0.0,53.4,17.3,7.4
2018-12-24,33,5.4,0.0,53.6,16.4,7.4
2018-12-24,34,5.7,0.0,52.7,16.1,7.2
2018-12-24,35,5.9,0.0,51.5,16.0,7.3
2018-12-24,36,5.9,0.0,52.3,16.2,7.4
2018-12-24,37,5.7,0.0,53.9,16.5,7.6
2018-12-24,38,5.8,0.0,54.0,16.9,7.7
2018-12-24,39,5.6,0.0,54.4,17.3,7.9
2018-12-24,40,5.5,0.0,54.8,17.7,8.2
2018-12-24,41,5.4,0.0,53.5,17.8,8.4
2018-12-24,42,5.4,0.0,54.1,18.4,8.7
2018-12-24,43,5.5,0.0,54.4,19.0,8.8
2018-12-24,44,5.8,0.0,54.2,19.7,9.2
2018-12-24,45,6.4,0.0,53.5,20.6,8.8
2018-12-24,46,7.2,0.0,52.2,21.5,9.2
2018-12-24,47,8.0,0.0,49.8,22.7,10.3
2018-12-24,48,8.7,0.0,47.4,23.8,10.8
2018-12-25,1,8.8,0.0,47.9,24.4,10.4
2018-12-25,2,8.6,0.0,48.2,24.8,10.4
2018-12-25,3,8.7,0.0,48.4,25.0,9.9
2018-12-25,4,8.6,0.0,47.5,25.5,10.2
2018-12-25,5,8.2,0.0,47.6,25.3,10.8
2018-12-25,6,8.3,0.0,47.3,25.4,10.8
2018-12-25,7,8.7,0.0,46.2,25.8,11.0
2018-12-25,8,9.2,0.0,45.3,26.1,11.1
2018-12-25,9,9.8,0.0,43.9,26.5,11.3
2018-12-25,10,9.8,0.0,43.4,26.8,11.4
2018-12-25,11,10.3,0.0,43.5,26.5,11.2
2018-12-25,12,10.1,0.0,44.4,26.1,11.0
2018-12-25,13,10.2,0.0,45.4,25.0,10.3
2018-12-25,14,9.9,0.0,45.2,24.7,10.0
2018-12-25,15,9.4,0.0,45.2,24.0,11.2
2018-12-25,16,9.6,0.0,45.4,23.5,11.1
2018-12-25,17,9.2,0.2,45.7,22.1,10.9
2018-12-25,18,8.5,0.5,46.6,21.1,10.3
2018-12-25,19,8.4,0.9,46.2,20.1,9.7
2018-12-25,20,8.2,1.5,46.4,19.7,8.8
2018-12-25,21,8.8,2.0,45.5,19.2,8.5
2018-12-25,22,8.6,2.6,45.8,18.9,8.4
2018-12-25,23,8.6,2.8,45.3,18.6,8.3
2018-12-25,24,8.1,2.8,45.1,18.4,8.1
2018-12-25,25,7.8,2.5,45.0,18.1,7.8
2018-12-25,26,7.9,2.1,44.7,17.9,7.8
2018-12-25,27,8.2,1.7,44.4,18.2,7.9
2018-12-25,28,8.8,1.2,45.1,18.6,8.1
2018-12-25,29,8.9,0.7,46.3,19.0,8.3
2018-12-25,30,9.3,0.3,46.5,19.5,8.5
2018-12-25,31,9.8,0.1,46.8,20.2,8.8
2018-12-25,32,10.0,0.0,46.5,20.4,8.6
2018-12-25,33,10.1,0.0,47.1,20.6,6.4
2018-12-25,34,10.4,0.0,47.5,20.8,6.6
2018-12-25,35,11.2,0.0,46.3,21.1,8.2
2018-12-25,36,11.9,0.0,47.0,21.6,8.4
2018-12-25,37,12.0,0.0,48.1,22.1,7.6
2018-12-25,38,12.6,0.0,47.8,22.1,7.7
2018-12-25,39,12.8,0.0,45.1,22.5,10.1
2018-12-25,40,13.4,0.0,44.4,22.7,10.3
2018-12-25,41,14.0,0.0,43.8,23.0,10.7
2018-12-25,42,14.0,0.0,44.0,23.5,10.7
2018-12-25,43,13.8,0.0,42.9,24.0,10.7
2018-12-25,44,13.5,0.0,42.2,25.0,11.0
2018-12-25,45,13.6,0.0,41.0,25.6,11.1
2018-12-25,46,14.7,0.0,39.5,26.1,11.3
2018-12-25,47,15.2,0.0,38.7,27.6,9.9
2018-12-25,48,15.0,0.0,37.8,28.1,10.2
2018-12-26,1,14.7,0.0,38.8,27.8,10.0
2018-12-26,2,14.8,0.0,40.0,27.1,9.7
2018-12-26,3,15.1,0.0,39.8,27.0,9.7
2018-12-26,4,16.2,0.0,37.4,27.8,10.0
2018-12-26,5,16.0,0.0,37.3,28.4,9.6
2018-12-26,6,16.5,0.0,35.2,29.3,9.9
2018-12-26,7,15.5,0.0,35.7,29.5,10.2
2018-12-26,8,15.4,0.0,35.1,30.1,10.4
2018-12-26,9,15.7,0.0,34.2,30.0,11.0
2018-12-26,10,15.6,0.0,34.6,29.9,10.9
2018-12-26,11,15.7,0.0,35.0,30.2,9.7
2018-12-26,12,14.9,0.0,36.0,30.0,9.6
2018-12-26,13,14.8,0.0,36.7,29.2,9.6
2018-12-26,14,14.1,0.0,37.7,29.0,9.4
2018-12-26,15,13.5,0.0,40.3,28.0,7.3
2018-12-26,16,13.0,0.0,40.5,27.4,7.6
2018-12-26,17,12.5,0.1,42.6,25.8,7.0
2018-12-26,18,12.1,0.3,45.0,24.4,6.9
2018-12-26,19,11.9,0.8,46.2,23.1,7.3
2018-12-26,20,11.6,1.4,47.4,22.1,6.9
2018-12-26,21,11.6,2.0,46.6,21.3,8.5
2018-12-26,22,11.3,2.5,46.1,21.2,8.2
2018-12-26,23,11.0,2.7,46.4,20.8,8.0
2018-12-26,24,11.1,2.7,45.6,20.6,8.0
2018-12-26,25,11.1,2.6,46.0,20.4,7.2
2018-12-26,26,11.5,2.4,45.5,20.4,7.2
2018-12-26,27,11.2,2.1,44.8,20.5,8.4
2018-12-26,28,11.7,1.7,44.9,20.6,8.4
2018-12-26,29,11.6,1.1,45.1,20.8,8.5
2018-12-26,30,11.7,0.5,45.2,20.8,8.5
2018-12-26,31,11.4,0.2,45.0,20.7,8.4
2018-12-26,32,10.5,0.0,46.6,20.1,8.1
2018-12-26,33,9.7,0.0,47.9,19.4,7.3
2018-12-26,34,9.7,0.0,46.4,19.1,7.1
2018-12-26,35,9.5,0.0,46.5,19.0,6.1
2018-12-26,36,9.5,0.0,47.2,19.2,6.2
2018-12-26,37,9.2,0.0,48.2,19.5,6.2
2018-12-26,38,9.4,0.0,49.5,19.8,6.4
2018-12-26,39,9.5,0.0,49.1,19.9,7.9
2018-12-26,40,9.5,0.0,49.7,20.3,8.1
2018-12-26,41,9.9,0.0,48.9,20.8,8.6
2018-12-26,42,10.4,0.0,47.9,21.3,8.8
2018-12-26,43,10.5,0.0,46.6,22.3,9.2
2018-12-26,44,10.9,0.0,46.0,22.9,9.4
2018-12-26,45,11.9,0.0,44.5,23.6,9.6
2018-12-26,46,12.6,0.0,43.8,24.6,10.0
2018-12-26,47,12.9,0.0,42.4,25.9,10.6
2018-12-26,48,13.3,0.0,41.3,26.3,10.8
2018-12-27,1,13.3,0.0,41.7,26.1,10.7
2018-12-27,2,12.9,0.0,42.9,25.7,10.5
2018-12-27,3,12.4,0.0,42.9,25.9,10.7
2018-12-27,4,11.8,0.0,42.8,26.2,10.8
2018-12-27,5,10.7,0.0,43.7,26.4,10.8
2018-12-27,6,10.7,0.0,43.4,26.6,10.9
2018-12-27,7,9.7,0.0,44.0,26.7,10.9
2018-12-27,8,9.4,0.0,44.2,26.7,10.9
2018-12-27,9,8.7,0.0,44.8,26.7,11.0
2018-12-27,10,8.5,0.0,44.9,26.7,11.0
2018-12-27,11,8.9,0.0,43.3,27.4,11.2
2018-12-27,12,8.4,0.0,43.9,27.1,11.1
2018-12-27,13,7.8,0.0,46.8,26.1,9.5
2018-12-27,14,7.3,0.0,49.0,24.6,8.8
2018-12-27,15,6.4,0.0,53.5,23.1,4.2
2018-12-27,16,5.7,0.0,52.5,22.2,5.3
2018-12-27,17,5.3,0.1,53.8,20.8,6.0
2018-12-27,18,5.1,0.5,53.5,19.8,5.7
2018-12-27,19,5.2,1.1,53.4,19.1,5.5
2018-12-27,20,4.9,1.9,53.6,18.7,5.4
2018-12-27,21,4.7,2.2,53.1,18.5,6.0
2018-12-27,22,4.5,2.9,52.8,18.3,6.1
2018-12-27,23,4.2,3.6,52.2,18.1,7.9
2018-12-27,24,3.9,4.0,52.1,18.0,7.9
2018-12-27,25,3.8,4.3,52.2,17.8,7.7
2018-12-27,26,3.8,4.4,51.9,17.9,7.8
2018-12-27,27,3.8,4.2,52.4,17.9,7.8
2018-12-27,28,3.5,3.7,52.9,18.1,7.9
2018-12-27,29,3.4,2.9,53.7,18.1,7.9
2018-12-27,30,3.4,1.9,54.2,18.2,7.9
2018-12-27,31,3.5,1.0,54.4,18.1,6.6
2018-12-27,32,3.1,0.3,54.0,17.8,6.5
2018-12-27,33,2.9,0.0,52.3,17.2,7.4
2018-12-27,34,2.8,0.0,50.7,16.5,7.2
2018-12-27,35,2.6,0.0,50.3,16.3,7.2
2018-12-27,36,2.5,0.0,50.1,16.3,7.2
2018-12-27,37,2.4,0.0,51.1,16.5,7.3
2018-12-27,38,2.4,0.0,52.3,16.8,7.4
2018-12-27,39,2.3,0.0,53.0,17.2,7.6
2018-12-27,40,2.3,0.0,53.8,17.5,7.7
2018-12-27,41,2.5,0.0,53.9,17.9,7.9
2018-12-27,42,2.9,0.0,54.0,18.6,8.2
2018-12-27,43,3.3,0.0,54.0,19.5,8.5
2018-12-27,44,3.9,0.0,54.1,20.4,8.9
2018-12-27,45,4.5,0.0,54.2,21.3,9.2
2018-12-27,46,5.2,0.0,54.1,22.3,9.7
2018-12-27,47,6.1,0.0,52.3,23.7,10.3
2018-12-27,48,6.9,0.0,51.1,24.6,10.7
2018-12-28,1,7.5,0.0,50.6,25.2,10.9
2018-12-28,2,8.2,0.0,49.9,25.0,10.9
2018-12-28,3,9.1,0.0,49.1,25.3,10.4
2018-12-28,4,10.1,0.0,47.7,25.8,10.6
2018-12-28,5,10.6,0.0,47.8,25.6,10.5
2018-12-28,6,11.9,0.0,47.0,25.3,10.4
2018-12-28,7,13.8,0.0,44.2,25.9,10.7
2018-12-28,8,15.3,0.0,42.2,26.2,10.8
2018-12-28,9,16.6,0.0,40.1,26.7,11.0
2018-12-28,10,16.8,0.0,39.7,26.7,11.0
2018-12-28,11,16.4,0.0,40.4,26.5,10.9
2018-12-28,12,17.1,0.0,40.6,25.9,10.7
2018-12-28,13,17.3,0.0,44.5,25.4,6.4
2018-12-28,14,17.7,0.0,44.1,24.6,6.0
2018-12-28,15,17.5,0.0,49.4,23.1,0.2
2018-12-28,16,17.6,0.0,49.7,22.3,0.1
2018-12-28,17,17.3,0.1,47.4,21.7,3.5
2018-12-28,18,16.5,0.2,48.7,20.8,3.5
2018-12-28,19,16.8,0.8,46.9,19.3,5.6
2018-12-28,20,16.7,1.5,47.3,18.8,5.4
2018-12-28,21,16.6,2.1,46.2,18.5,6.5
2018-12-28,22,17.8,2.5,45.2,18.3,6.4
2018-12-28,23,16.9,2.8,44.7,18.3,6.9
2018-12-28,24,16.4,2.9,45.1,18.2,6.9
2018-12-28,25,15.8,3.2,45.0,18.1,6.8
2018-12-28,26,14.4,3.2,45.4,18.2,6.9
2018-12-28,27,13.9,2.8,45.8,18.2,7.3
2018-12-28,28,12.3,2.1,47.6,18.5,7.4
2018-12-28,29,11.1,1.3,48.9,18.5,7.3
2018-12-28,30,9.6,0.7,50.5,18.4,7.3
2018-12-28,31,7.4,0.3,49.8,18.1,7.9
2018-12-28,32,7.0,0.0,49.5,17.7,7.7
2018-12-28,33,6.2,0.0,48.7,17.0,7.0
2018-12-28,34,5.8,0.0,47.7,16.6,6.8
2018-12-28,35,5.5,0.0,47.6,16.5,7.3
2018-12-28,36,6.0,0.0,47.3,16.5,7.3
2018-12-28,37,6.4,0.0,47.6,16.7,7.4
2018-12-28,38,6.6,0.0,47.8,17.1,7.6
2018-12-28,39,7.0,0.0,49.1,17.5,7.7
2018-12-28,40,8.0,0.0,50.2,18.0,8.0
2018-12-28,41,9.9,0.0,48.9,18.7,8.3
2018-12-28,42,11.7,0.0,46.8,19.8,8.8
2018-12-28,43,12.1,0.0,45.2,20.7,9.5
2018-12-28,44,14.3,0.0,42.7,21.6,9.6
2018-12-28,45,17.1,0.0,39.8,22.8,9.9
2018-12-28,46,19.8,0.0,36.8,23.9,10.4
2018-12-28,47,23.5,0.0,33.4,25.6,9.6
2018-12-28,48,26.8,0.0,28.0,26.7,10.4
2018-12-29,1,27.5,0.0,26.3,27.0,10.9
2018-12-29,2,27.9,0.0,25.7,26.6,11.4
2018-12-29,3,28.8,0.0,23.8,27.7,11.3
2018-12-29,4,31.0,0.0,20.6,28.2,11.8
2018-12-29,5,34.1,0.0,16.9,29.0,11.5
2018-12-29,6,35.4,0.0,15.6,29.2,11.6
2018-12-29,7,36.1,0.0,15.7,28.8,10.8
2018-12-29,8,37.5,0.0,14.3,29.4,10.9
2018-12-29,9,37.6,0.0,14.6,30.4,9.1
2018-12-29,10,38.8,0.0,14.7,29.9,8.8
2018-12-29,11,40.1,0.0,15.2,30.1,5.5
2018-12-29,12,41.0,0.0,15.3,29.8,5.1
2018-12-29,13,40.9,0.0,18.5,28.5,3.7
2018-12-29,14,41.8,0.0,19.0,28.2,2.7
2018-12-29,15,40.3,0.0,24.5,26.7,0.0
2018-12-29,16,39.0,0.0,25.8,26.1,0.3
2018-12-29,17,38.2,0.1,26.3,25.3,1.3
2018-12-29,18,36.4,0.3,30.1,24.0,1.5
2018-12-29,19,36.4,0.8,26.5,22.8,6.1
2018-12-29,20,36.6,1.4,26.5,21.9,5.4
2018-12-29,21,36.1,2.2,25.7,21.1,7.5
2018-12-29,22,34.8,2.9,26.4,20.9,7.5
2018-12-29,23,33.7,3.4,26.9,20.6,7.9
2018-12-29,24,32.5,3.7,28.1,20.5,7.8
2018-12-29,25,31.9,3.7,28.5,20.4,8.1
2018-12-29,26,31.9,3.6,28.5,20.6,8.2
2018-12-29,27,31.3,3.2,28.1,20.6,9.0
2018-12-29,28,30.0,2.7,29.9,21.0,9.1
2018-12-29,29,28.3,1.9,31.9,21.2,9.2
2018-12-29,30,25.3,1.0,35.7,21.1,9.2
2018-12-29,31,22.8,0.3,38.5,20.4,8.9
2018-12-29,32,20.2,0.0,41.8,20.0,8.7
2018-12-29,33,16.5,0.0,43.7,18.7,8.1
2018-12-29,34,15.7,0.0,44.0,17.7,7.7
2018-12-29,35,13.6,0.0,43.7,17.5,7.8
2018-12-29,36,12.5,0.0,45.5,17.7,7.9
2018-12-29,37,11.2,0.0,47.1,17.8,7.9
2018-12-29,38,11.0,0.0,47.5,18.2,8.1
2018-12-29,39,10.5,0.0,48.2,18.7,7.8
2018-12-29,40,10.4,0.0,49.5,19.2,8.0
2018-12-29,41,10.1,0.0,49.8,19.4,8.6
2018-12-29,42,10.6,0.0,50.0,20.0,8.8
2018-12-29,43,10.9,0.0,50.3,20.8,6.9
2018-12-29,44,10.9,0.0,50.6,21.5,7.2
2018-12-29,45,10.6,0.0,51.0,22.3,7.4
2018-12-29,46,11.1,0.0,49.9,23.2,7.8
2018-12-29,47,11.8,0.0,46.0,24.4,9.1
2018-12-29,48,11.3,0.0,45.2,25.7,9.6
2018-12-30,1,11.5,0.0,43.8,25.8,10.5
2018-12-30,2,12.8,0.0,42.9,25.6,10.4
2018-12-30,3,14.5,0.0,40.4,26.7,10.0
2018-12-30,4,14.9,0.0,38.5,27.6,10.4
2018-12-30,5,16.1,0.0,37.2,28.2,9.8
2018-12-30,6,17.0,0.0,36.5,28.1,9.8
2018-12-30,7,17.6,0.0,38.6,27.8,8.1
2018-12-30,8,19.6,0.0,36.9,27.7,7.7
2018-12-30,9,21.2,0.0,37.5,28.0,4.9
2018-12-30,10,22.0,0.0,36.6,28.2,4.9
2018-12-30,11,22.9,0.0,35.6,28.3,5.0
2018-12-30,12,23.9,0.0,34.8,28.1,4.9
2018-12-30,13,24.9,0.0,35.0,27.4,4.4
2018-12-30,14,24.6,0.0,36.0,26.9,4.3
2018-12-30,15,24.7,0.0,31.8,26.7,9.0
2018-12-30,16,24.5,0.0,31.5,26.8,9.0
2018-12-30,17,24.5,0.1,32.9,25.3,8.9
2018-12-30,18,23.2,0.4,35.5,24.3,8.6
2018-12-30,19,22.2,0.8,37.9,22.5,9.0
2018-12-30,20,21.9,1.4,38.4,21.7,8.6
2018-12-30,21,22.3,2.0,39.1,20.6,7.9
2018-12-30,22,22.8,2.3,38.4,20.5,7.8
2018-12-30,23,22.2,2.3,40.3,20.1,6.7
2018-12-30,24,22.1,2.3,40.4,19.9,6.7
2018-12-30,25,22.0,2.2,39.9,19.6,8.0
2018-12-30,26,21.6,2.1,40.3,19.6,8.0
2018-12-30,27,21.2,1.8,41.2,19.7,8.3
2018-12-30,28,20.3,1.4,41.5,19.8,8.4
2018-12-30,29,19.6,0.9,42.6,19.8,8.6
2018-12-30,30,19.0,0.4,43.6,19.6,8.5
2018-12-30,31,17.5,0.1,45.0,19.4,8.4
2018-12-30,32,16.6,0.0,45.8,18.9,8.2
2018-12-30,33,15.5,0.0,46.6,18.0,7.8
2018-12-30,34,15.3,0.0,46.1,17.6,7.6
2018-12-30,35,15.1,0.0,46.1,17.4,7.7
2018-12-30,36,15.1,0.0,46.4,17.6,7.8
2018-12-30,37,15.0,0.0,46.7,18.0,7.9
2018-12-30,38,15.1,0.0,47.4,18.4,8.1
2018-12-30,39,15.5,0.0,46.3,18.9,8.3
2018-12-30,40,16.2,0.0,44.8,19.6,8.6
2018-12-30,41,16.8,0.0,44.8,20.1,8.9
2018-12-30,42,17.0,0.0,44.4,20.8,9.1
2018-12-30,43,18.4,0.0,42.9,21.5,9.3
2018-12-30,44,18.9,0.0,40.8,22.4,9.7
2018-12-30,45,19.3,0.0,39.5,23.3,9.4
2018-12-30,46,20.9,0.0,36.6,24.4,9.8
2018-12-30,47,22.2,0.0,33.3,25.8,10.1
2018-12-30,48,23.8,0.0,30.2,26.8,10.4
2018-12-31,1,24.5,0.0,29.0,27.1,10.6
2018-12-31,2,25.3,0.0,28.9,26.7,10.4
2018-12-31,3,25.4,0.0,30.2,26.8,8.8
2018-12-31,4,25.2,0.0,29.5,27.6,9.0
2018-12-31,5,24.8,0.0,30.2,27.4,8.9
2018-12-31,6,24.9,0.0,30.0,27.5,9.0
2018-12-31,7,25.9,0.0,28.4,27.9,8.9
2018-12-31,8,27.1,0.0,26.2,28.5,9.1
2018-12-31,9,26.3,0.0,26.3,29.0,9.2
2018-12-31,10,26.4,0.0,26.3,28.9,9.2
2018-12-31,11,26.5,0.0,26.6,28.8,8.9
2018-12-31,12,25.8,0.0,28.0,27.9,8.7
2018-12-31,13,24.5,0.0,30.6,26.7,8.3
2018-12-31,14,24.0,0.0,30.1,26.1,8.1
2018-12-31,15,24.3,0.0,30.7,24.9,6.5
2018-12-31,16,24.8,0.0,31.5,24.1,6.3
2018-12-31,17,23.4,0.0,33.7,23.1,6.6
2018-12-31,18,22.3,0.1,36.1,22.0,6.0
2018-12-31,19,22.1,0.4,36.3,20.9,7.0
2018-12-31,20,22.2,0.8,36.2,20.1,6.8
2018-12-31,21,21.6,1.2,35.4,19.7,8.6
2018-12-31,22,21.5,1.5,35.5,19.5,8.4
2018-12-31,23,21.9,1.6,35.7,19.5,6.9
2018-12-31,24,21.9,1.7,35.7,19.5,7.0
2018-12-31,25,22.5,1.6,35.6,19.3,8.3
2018-12-31,26,22.7,1.3,36.0,19.2,8.3
2018-12-31,27,23.3,1.0,37.9,19.3,5.6
2018-12-31,28,24.2,0.8,37.4,19.5,6.1
2018-12-31,29,24.5,0.5,37.7,19.4,6.1
2018-12-31,30,25.2,0.3,37.2,19.5,6.0
2018-12-31,31,25.0,0.1,38.4,19.3,5.1
2018-12-31,32,24.9,0.0,39.0,18.8,5.3
2018-12-31,33,24.7,0.0,37.9,18.0,7.8
2018-12-31,34,24.7,0.0,37.3,17.7,7.6
2018-12-31,35,24.3,0.0,37.5,17.4,7.7
2018-12-31,36,25.1,0.0,36.7,17.8,7.8
2018-12-31,37,26.1,0.0,36.1,18.2,8.0
2018-12-31,38,26.8,0.0,35.5,18.8,8.3
2018-12-31,39,28.1,0.0,33.7,19.7,7.7
2018-12-31,40,29.6,0.0,31.3,20.6,8.0
2018-12-31,41,30.7,0.0,29.7,21.6,8.4
2018-12-31,42,32.4,0.0,27.4,22.5,8.8
2018-12-31,43,33.1,0.0,25.1,23.5,9.5
2018-12-31,44,34.8,0.0,23.2,24.5,8.6
2018-12-31,45,35.1,0.0,26.8,25.2,4.1
2018-12-31,46,35.8,0.0,26.1,25.6,4.5
2018-12-31,47,37.0,0.0,24.5,26.4,5.9
2019-01-25,48,11.5,0.0,32.8,34.3,13.8
2019-01-26,1,11.5,0.0,31.3,34.8,14.2
2019-01-26,2,11.3,0.0,32.4,34.8,14.5
2019-01-26,3,11.7,0.0,29.5,36.0,14.2
2019-01-26,4,12.0,0.0,28.6,37.0,14.7
2019-01-26,5,11.5,0.0,30.9,36.3,14.2
2019-01-26,6,11.8,0.0,28.7,37.8,14.7
2019-01-26,7,11.7,0.0,28.0,38.2,14.9
2019-01-26,8,11.7,0.0,26.7,39.2,15.1
2019-01-26,9,11.5,0.0,26.9,39.2,15.1
2019-01-26,10,11.1,0.0,28.5,38.3,14.8
2019-01-26,11,10.9,0.0,29.1,38.2,14.4
2019-01-26,12,10.3,0.0,31.5,36.8,14.0
2019-01-26,13,9.8,0.0,32.2,34.8,16.4
2019-01-26,14,9.6,0.0,36.9,33.9,12.7
2019-01-26,15,9.0,0.0,44.0,31.2,6.8
2019-01-26,16,9.2,0.1,44.3,31.1,6.8
2019-01-26,17,8.3,0.5,47.3,27.4,6.7
2019-01-26,18,7.9,1.2,47.7,25.9,7.0
2019-01-26,19,7.8,2.0,45.6,24.8,10.9
2019-01-26,20,7.8,2.8,45.6,24.4,10.5
2019-01-26,21,7.9,3.5,43.3,24.1,12.0
2019-01-26,22,8.2,4.1,42.0,24.4,12.1
2019-01-26,23,8.3,4.3,40.9,24.3,12.5
2019-01-26,24,8.5,4.7,41.3,24.2,12.5
2019-01-26,25,8.4,4.8,42.2,23.9,12.1
2019-01-26,26,8.6,4.3,42.7,24.2,12.3
2019-01-26,27,8.8,3.8,41.8,24.9,12.6
2019-01-26,28,8.6,3.1,42.9,25.1,12.3
2019-01-26,29,8.2,2.3,44.6,24.7,11.7
2019-01-26,30,7.8,1.4,46.6,24.5,11.1
2019-01-26,31,7.4,0.8,48.4,24.3,10.7
2019-01-26,32,7.0,0.3,50.4,23.7,10.5
2019-01-26,33,6.6,0.1,52.6,22.8,9.9
2019-01-26,34,6.0,0.0,51.3,21.1,9.2
2019-01-26,35,5.8,0.0,51.5,20.3,9.0
2019-01-26,36,6.0,0.0,51.7,20.4,9.0
2019-01-26,37,6.3,0.0,50.8,20.8,9.2
2019-01-26,38,6.4,0.0,51.4,21.2,9.7
2019-01-26,39,6.7,0.0,50.6,21.9,10.8
2019-01-26,40,7.2,0.0,50.2,23.0,11.9
2019-01-26,41,7.8,0.0,47.1,24.4,12.8
2019-01-26,42,8.5,0.0,44.9,25.7,13.5
2019-01-26,43,9.3,0.0,40.2,27.4,14.2
2019-01-26,44,9.9,0.0,37.9,28.8,14.9
2019-01-26,45,10.7,0.0,38.9,31.0,12.7
2019-01-26,46,11.6,0.0,35.5,33.1,14.0
2019-01-26,47,12.6,0.0,32.6,35.3,13.7
2019-01-26,48,13.1,0.0,31.4,35.8,14.0
2019-01-27,1,13.5,0.0,30.0,36.2,14.1
2019-01-27,2,13.1,0.0,32.8,34.6,13.5
2019-01-27,3,13.6,0.0,30.8,35.4,13.8
2019-01-27,4,14.1,0.0,28.5,36.9,14.4
2019-01-27,5,13.6,0.0,30.6,36.5,13.9
2019-01-27,6,13.9,0.0,30.4,36.5,13.9
2019-01-27,7,14.9,0.0,29.4,37.2,12.6
2019-01-27,8,15.9,0.0,27.6,37.9,12.5
2019-01-27,9,16.4,0.0,28.3,38.2,11.0
2019-01-27,10,16.6,0.0,27.6,38.6,11.1
2019-01-27,11,16.2,0.0,28.6,38.2,10.9
2019-01-27,12,15.7,0.0,29.7,37.5,10.7
2019-01-27,13,15.2,0.0,30.7,36.5,10.4
2019-01-27,14,15.1,0.0,32.0,35.7,11.1
2019-01-27,15,14.8,0.0,32.5,34.9,11.9
2019-01-27,16,14.7,0.1,31.4,35.0,11.9
2019-01-27,17,13.7,1.2,35.7,32.9,9.2
2019-01-27,18,12.8,3.7,36.0,30.3,9.3
2019-01-27,19,12.5,6.3,32.6,28.3,12.3
2019-01-27,20,12.5,8.2,33.7,27.0,11.8
2019-01-27,21,12.4,9.2,32.5,26.1,13.5
2019-01-27,22,12.6,9.8,32.3,25.8,13.3
2019-01-27,23,12.5,10.1,33.5,25.3,12.8
2019-01-27,24,12.6,9.9,33.7,25.1,12.7
2019-01-27,25,12.6,9.2,34.6,24.9,12.6
2019-01-27,26,12.6,8.4,36.4,24.8,12.5
2019-01-27,27,12.4,7.7,37.0,24.6,12.5
2019-01-27,28,12.3,6.9,38.0,24.8,12.2
2019-01-27,29,12.0,5.6,40.7,24.8,11.5
2019-01-27,30,11.8,4.0,43.6,24.3,11.1
2019-01-27,31,11.8,2.4,44.5,24.0,10.6
2019-01-27,32,11.5,1.1,46.9,23.0,10.4
2019-01-27,33,10.9,0.2,48.2,21.9,10.0
2019-01-27,34,9.8,0.0,51.2,20.2,9.2
2019-01-27,35,9.2,0.0,50.7,19.2,9.0
2019-01-27,36,8.8,0.0,51.4,19.0,8.9
2019-01-27,37,8.7,0.0,51.8,19.2,9.0
2019-01-27,38,8.7,0.0,51.3,19.8,9.2
2019-01-27,39,8.5,0.0,51.7,20.1,9.4
2019-01-27,40,8.5,0.0,51.2,20.8,9.7
2019-01-27,41,8.4,0.0,50.8,21.4,10.0
2019-01-27,42,8.5,0.0,49.6,22.4,10.4
2019-01-27,43,9.0,0.0,47.3,23.5,10.8
2019-01-27,44,9.5,0.0,45.2,25.2,11.5
2019-01-27,45,10.1,0.0,43.1,27.2,12.3
2019-01-27,46,10.5,0.0,40.2,29.1,13.1
2019-01-27,47,10.7,0.0,40.2,31.1,11.8
2019-01-27,48,10.6,0.0,39.8,31.7,12.0
2019-01-28,1,10.5,0.0,39.9,31.9,12.0
2019-01-28,2,10.5,0.0,39.4,32.4,12.1
2019-01-28,3,10.1,0.0,40.9,31.9,11.9
2019-01-28,4,10.1,0.0,39.4,32.9,12.2
2019-01-28,5,10.1,0.0,39.2,33.0,12.2
2019-01-28,6,9.6,0.0,40.3,32.7,12.0
2019-01-28,7,9.3,0.0,40.9,32.4,11.9
2019-01-28,8,9.0,0.0,40.9,32.6,12.0
2019-01-28,9,8.8,0.0,41.3,32.4,12.1
2019-01-28,10,8.4,0.0,41.5,31.9,12.3
2019-01-28,11,7.5,0.0,43.4,30.4,12.4
2019-01-28,12,6.7,0.0,44.9,28.0,11.9
2019-01-28,13,6.0,0.0,46.0,24.7,12.1
2019-01-28,14,5.1,0.0,51.1,21.6,9.9
2019-01-28,15,4.4,0.0,55.1,19.2,7.2
2019-01-28,16,4.3,0.3,55.2,18.8,7.1
2019-01-28,17,4.0,1.5,53.9,18.0,7.8
2019-01-28,18,3.8,3.6,52.5,17.6,7.7
2019-01-28,19,3.7,5.8,51.4,17.0,7.5
2019-01-28,20,3.7,7.8,49.8,17.1,7.5
2019-01-28,21,3.8,9.5,49.4,17.3,4.8
2019-01-28,22,3.7,10.7,49.2,17.2,5.3
2019-01-28,23,3.6,11.4,48.5,17.1,6.3
2019-01-28,24,3.5,11.6,49.0,17.0,6.2
2019-01-28,25,3.5,11.3,49.5,17.0,6.1
2019-01-28,26,3.4,10.8,49.9,17.1,6.1
2019-01-28,27,3.4,10.1,50.2,17.1,6.1
2019-01-28,28,3.3,9.2,50.7,17.2,6.1
2019-01-28,29,3.3,8.0,52.2,17.3,4.9
2019-01-28,30,3.2,6.3,52.9,17.3,5.6
2019-01-28,31,3.1,4.1,53.0,17.2,6.1
2019-01-28,32,3.1,2.0,53.4,17.1,6.1
2019-01-28,33,3.1,0.5,53.6,16.9,6.1
2019-01-28,34,3.0,0.0,53.1,16.5,5.9
2019-01-28,35,3.0,0.0,53.7,16.1,5.9
2019-01-28,36,3.1,0.0,54.2,16.2,5.9
2019-01-28,37,3.1,0.0,53.7,16.0,5.8
2019-01-28,38,3.1,0.0,53.9,16.0,5.9
2019-01-28,39,3.2,0.0,55.0,16.6,6.1
2019-01-28,40,3.3,0.0,55.9,17.0,6.2
2019-01-28,41,3.3,0.0,56.3,17.2,6.3
2019-01-28,42,3.6,0.0,56.1,18.0,6.6
2019-01-28,43,3.7,0.0,56.2,19.0,6.8
2019-01-28,44,3.9,0.0,55.6,20.2,7.3
2019-01-28,45,4.1,0.0,55.4,21.4,7.7
2019-01-28,46,4.3,0.0,54.5,22.8,8.2
2019-01-28,47,4.6,0.0,54.6,24.3,8.7
2019-01-28,48,4.7,0.0,55.1,24.7,8.8
2019-01-29,1,4.7,0.0,56.1,24.6,9.0
2019-01-29,2,4.8,0.0,56.2,24.7,9.0
2019-01-29,3,4.8,0.0,56.1,24.8,9.1
2019-01-29,4,4.9,0.0,55.3,25.3,9.2
2019-01-29,5,4.7,0.0,56.0,24.9,9.1
2019-01-29,6,4.6,0.0,55.9,24.8,9.1
2019-01-29,7,4.4,0.0,56.0,24.8,9.1
2019-01-29,8,4.3,0.0,56.0,25.0,9.1
2019-01-29,9,4.3,0.0,55.7,25.2,9.0
2019-01-29,10,4.2,0.0,55.7,25.0,8.9
2019-01-29,11,4.1,0.0,57.5,25.4,5.5
2019-01-29,12,3.9,0.0,56.9,24.3,5.5
2019-01-29,13,3.3,0.0,59.7,21.5,1.7
2019-01-29,14,3.0,0.0,60.9,19.4,2.5
2019-01-29,15,2.6,0.0,58.1,17.5,4.1
2019-01-29,16,2.6,0.1,57.3,17.1,4.2
2019-01-29,17,2.5,0.4,56.2,16.7,5.5
2019-01-29,18,2.5,0.9,55.6,16.6,5.5
2019-01-29,19,2.4,1.5,55.6,16.2,5.3
2019-01-29,20,2.4,2.2,55.5,16.2,5.3
2019-01-29,21,2.5,2.8,55.6,16.2,3.7
2019-01-29,22,2.5,3.2,54.7,16.1,4.8
2019-01-29,23,2.6,3.3,53.3,16.0,5.4
2019-01-29,24,2.8,3.1,53.5,16.1,5.4
2019-01-29,25,2.9,2.8,53.3,16.2,6.0
2019-01-29,26,3.1,2.6,53.1,16.2,6.0
2019-01-29,27,3.1,2.2,53.4,16.3,6.3
2019-01-29,28,3.2,1.8,53.3,16.4,6.2
2019-01-29,29,3.2,1.3,53.9,16.4,5.7
2019-01-29,30,3.3,1.0,53.7,16.7,5.8
2019-01-29,31,3.3,0.6,54.6,16.9,5.3
2019-01-29,32,3.3,0.4,55.0,16.7,5.4
2019-01-29,33,3.2,0.2,54.0,16.3,6.9
2019-01-29,34,3.1,0.0,53.6,16.0,6.9
2019-01-29,35,3.1,0.0,53.6,16.0,6.4
2019-01-29,36,3.1,0.0,53.8,16.0,6.3
2019-01-29,37,3.1,0.0,54.1,16.2,6.4
2019-01-29,38,3.1,0.0,54.0,16.5,6.5
2019-01-29,39,3.0,0.0,53.7,16.3,7.1
2019-01-29,40,3.0,0.0,54.1,16.6,7.3
2019-01-29,41,3.1,0.0,55.6,17.2,7.7
2019-01-29,42,3.1,0.0,56.3,18.2,8.2
2019-01-29,43,3.2,0.0,55.4,19.1,8.7
2019-01-29,44,3.3,0.0,55.6,20.3,8.9
2019-01-29,45,3.5,0.0,54.6,21.6,9.3
2019-01-29,46,3.6,0.0,53.5,23.0,9.9
2019-01-29,47,3.6,0.0,53.3,24.1,10.4
2019-01-29,48,3.6,0.0,53.3,24.6,10.6
2019-01-30,1,3.6,0.0,54.3,24.0,10.5
2019-01-30,2,3.5,0.0,55.9,23.1,10.1
2019-01-30,3,3.6,0.0,55.3,23.3,10.2
2019-01-30,4,3.7,0.0,54.6,23.8,10.4
2019-01-30,5,3.7,0.0,54.4,24.0,10.5
2019-01-30,6,3.8,0.0,53.4,24.5,10.7
2019-01-30,7,3.8,0.0,52.9,24.7,10.8
2019-01-30,8,3.8,0.0,52.4,24.9,10.9
2019-01-30,9,3.7,0.0,52.5,24.8,10.7
2019-01-30,10,3.5,0.0,53.4,24.3,10.4
2019-01-30,11,3.3,0.0,54.5,23.2,9.9
2019-01-30,12,3.1,0.0,55.2,22.5,8.2
2019-01-30,13,2.6,0.0,56.7,20.3,4.6
2019-01-30,14,2.3,0.0,55.6,18.4,4.3
2019-01-30,15,2.0,0.0,56.2,16.6,3.5
2019-01-30,16,1.9,0.1,55.7,16.2,3.5
2019-01-30,17,1.7,0.8,54.0,15.8,5.1
2019-01-30,18,1.7,1.4,53.6,15.6,5.0
2019-01-30,19,1.6,2.9,52.2,15.4,4.4
2019-01-30,20,1.5,5.1,51.8,14.9,4.3
2019-01-30,21,1.4,6.5,51.2,14.8,4.2
2019-01-30,22,1.4,7.9,50.5,14.8,4.2
2019-01-30,23,1.4,9.1,50.0,14.7,4.2
2019-01-30,24,1.4,9.7,50.7,14.8,4.3
2019-01-30,25,1.4,9.6,50.9,15.0,4.3
2019-01-30,26,1.4,9.3,51.4,15.2,4.4
2019-01-30,27,1.4,8.7,51.6,15.4,4.6
2019-01-30,28,1.4,7.8,52.4,15.5,4.7
2019-01-30,29,1.4,6.6,53.3,15.5,4.5
2019-01-30,30,1.3,5.2,53.5,15.6,4.5
2019-01-30,31,1.3,3.5,53.0,15.5,5.9
2019-01-30,32,1.2,1.8,53.1,15.3,5.8
2019-01-30,33,1.2,0.5,52.6,15.2,5.9
2019-01-30,34,1.2,0.1,52.2,15.1,5.9
2019-01-30,35,1.2,0.0,51.6,14.8,6.3
2019-01-30,36,1.2,0.0,52.0,14.8,6.3
2019-01-30,37,1.2,0.0,51.8,14.7,6.4
2019-01-30,38,1.1,0.0,51.5,14.9,6.4
2019-01-30,39,1.1,0.0,52.1,14.9,6.5
2019-01-30,40,1.1,0.0,52.6,15.1,6.6
2019-01-30,41,1.1,0.0,52.9,15.4,6.7
2019-01-30,42,1.1,0.0,53.9,16.0,7.0
2019-01-30,43,1.1,0.0,55.0,16.6,7.1
2019-01-30,44,1.1,0.0,56.6,17.5,7.5
2019-01-30,45,1.2,0.0,58.0,18.6,7.4
2019-01-30,46,1.2,0.0,57.8,19.7,7.9
2019-01-30,47,1.3,0.0,57.1,21.3,9.1
2019-01-30,48,1.4,0.0,58.7,21.9,9.4
2019-01-31,1,1.4,0.0,58.6,22.2,9.7
2019-01-31,2,1.4,0.0,59.0,21.8,9.6
2019-01-31,3,1.4,0.0,59.0,21.5,9.4
2019-01-31,4,1.4,0.0,58.9,22.0,9.6
2019-01-31,5,1.4,0.0,59.3,21.9,9.6
2019-01-31,6,1.5,0.0,59.0,22.0,9.6
2019-01-31,7,1.6,0.0,58.5,21.9,10.0
2019-01-31,8,1.7,0.0,58.3,21.9,10.4
2019-01-31,9,1.7,0.0,57.5,22.0,10.8
2019-01-31,10,1.8,0.0,58.4,21.8,8.8
2019-01-31,11,1.8,0.0,60.7,21.4,5.0
2019-01-31,12,1.8,0.0,60.2,20.9,4.7
2019-01-31,13,1.6,0.0,61.2,19.0,3.0
2019-01-31,14,1.5,0.0,59.1,17.9,2.8
2019-01-31,15,1.4,0.0,55.5,16.4,5.5
2019-01-31,16,1.5,0.2,54.4,16.0,5.4
2019-01-31,17,1.5,0.7,53.5,15.8,7.2
2019-01-31,18,1.5,1.7,53.7,15.5,7.1
2019-01-31,19,1.6,2.9,52.8,15.2,7.3
2019-01-31,20,1.6,4.0,52.4,15.2,7.0
2019-01-31,21,1.7,4.8,53.2,15.2,5.4
2019-01-31,22,1.9,5.3,53.2,15.2,5.0
2019-01-31,23,2.0,5.6,53.4,15.3,4.1
2019-01-31,24,2.1,5.7,53.3,15.4,4.1
2019-01-31,25,2.2,5.3,53.3,15.3,3.9
2019-01-31,26,2.4,4.9,54.1,15.6,3.8
2019-01-31,27,2.5,4.2,54.1,15.5,4.1
2019-01-31,28,2.6,3.6,54.6,15.7,4.1
2019-01-31,29,2.6,2.9,54.9,15.7,4.1
2019-01-31,30,2.7,2.2,55.5,15.9,4.0
2019-01-31,31,2.8,1.5,54.5,16.0,6.4
2019-01-31,32,2.9,0.8,54.9,16.0,6.7
2019-01-31,33,3.1,0.3,55.1,16.2,5.5
2019-01-31,34,3.1,0.1,55.8,16.2,5.5
2019-01-31,35,3.2,0.0,55.2,16.2,6.2
2019-01-31,36,3.2,0.0,55.6,16.3,6.2
2019-01-31,37,3.3,0.0,56.1,16.4,5.9
2019-01-31,38,3.3,0.0,55.9,16.5,6.0
2019-01-31,39,3.3,0.0,55.3,16.7,7.3
2019-01-31,40,3.4,0.0,55.7,17.1,7.6
2019-01-31,41,3.5,0.0,55.8,17.7,8.3
2019-01-31,42,3.7,0.0,55.7,18.6,8.9
2019-01-31,43,3.9,0.0,55.6,19.6,9.7
2019-01-31,44,4.1,0.0,55.4,21.1,10.0
2019-01-31,45,4.4,0.0,54.6,22.5,10.1
2019-01-31,46,4.7,0.0,53.8,24.1,10.4
2019-01-31,47,5.1,0.0,51.3,25.8,11.5
2019-01-31,48,5.4,0.0,49.9,26.5,12.8
2019-02-01,1,5.4,0.0,49.5,26.3,13.7
2019-02-01,2,5.4,0.0,49.6,26.1,13.9
2019-02-01,3,5.3,0.0,50.1,25.6,14.1
2019-02-01,4,5.5,0.0,49.0,26.1,14.3
2019-02-01,5,5.6,0.0,48.1,26.7,14.5
2019-02-01,6,5.6,0.0,47.5,26.5,14.4
2019-02-01,7,5.6,0.0,48.0,26.3,14.0
2019-02-01,8,5.8,0.0,47.0,26.8,14.3
2019-02-01,9,5.8,0.0,48.0,26.7,14.0
2019-02-01,10,5.8,0.0,48.1,26.7,13.7
2019-02-01,11,5.7,0.0,49.9,26.2,11.7
2019-02-01,12,5.3,0.0,51.0,24.9,11.5
2019-02-01,13,4.5,0.0,55.2,21.5,9.2
2019-02-01,14,4.0,0.0,55.8,19.6,7.6
2019-02-01,15,3.6,0.0,58.0,17.5,5.7
2019-02-01,16,3.4,0.0,57.1,17.0,5.2
2019-02-01,17,3.3,0.2,57.0,16.6,4.9
2019-02-01,18,3.3,0.3,56.7,16.5,4.8
2019-02-01,19,3.3,0.7,56.6,16.4,4.7
2019-02-01,20,3.2,1.5,55.5,16.0,4.6
2019-02-01,21,3.2,2.2,54.8,15.8,4.5
2019-02-01,22,3.1,2.9,54.7,15.6,4.5
2019-02-01,23,3.1,3.4,54.2,15.7,4.5
2019-02-01,24,3.1,3.7,54.9,15.8,4.5
2019-02-01,25,3.1,3.9,53.7,15.6,4.5
2019-02-01,26,3.1,4.0,53.6,15.7,4.5
2019-02-01,27,3.2,3.8,54.2,15.8,4.5
2019-02-01,28,3.2,3.3,55.0,16.1,4.6
2019-02-01,29,3.2,2.8,55.0,16.2,4.9
2019-02-01,30,3.3,2.3,55.8,16.6,5.0
2019-02-01,31,3.3,1.6,56.5,16.8,5.1
2019-02-01,32,3.2,0.9,56.7,16.7,5.2
2019-02-01,33,3.2,0.3,56.2,16.7,6.2
2019-02-01,34,3.1,0.0,56.6,16.4,6.2
2019-02-01,35,3.1,0.0,56.4,16.2,6.6
2019-02-01,36,3.1,0.0,56.7,16.4,6.7
2019-02-01,37,3.2,0.0,57.1,16.6,6.7
2019-02-01,38,3.2,0.0,57.3,16.7,6.8
2019-02-01,39,3.3,0.0,58.1,17.0,7.4
2019-02-01,40,3.4,0.0,59.4,17.5,7.6
2019-02-01,41,3.5,0.0,59.2,18.0,7.9
2019-02-01,42,3.7,0.0,58.2,18.9,8.3
2019-02-01,43,4.0,0.0,56.9,20.2,8.7
2019-02-01,44,4.3,0.0,55.7,21.4,9.2
2019-02-01,45,4.6,0.0,55.1,22.4,9.6
2019-02-01,46,4.8,0.0,54.8,23.6,10.1
2019-02-01,47,5.2,0.0,51.9,25.7,11.0
2019-02-01,48,5.5,0.0,49.8,27.1,11.6
2019-02-02,1,5.7,0.0,49.2,27.5,12.5
2019-02-02,2,5.7,0.0,49.5,27.1,12.6
2019-02-02,3,6.0,0.0,47.4,27.9,13.5
2019-02-02,4,6.2,0.0,46.0,28.7,13.8
2019-02-02,5,6.2,0.0,47.4,28.0,13.2
2019-02-02,6,6.4,0.0,46.5,28.4,13.4
2019-02-02,7,6.3,0.0,47.2,28.2,13.1
2019-02-02,8,6.4,0.0,46.4,28.6,13.3
2019-02-02,9,6.5,0.0,45.4,29.2,13.4
2019-02-02,10,6.6,0.0,45.1,29.5,13.2
2019-02-02,11,6.7,0.0,45.2,30.1,13.0
2019-02-02,12,6.5,0.0,46.3,29.3,12.7
2019-02-02,13,6.0,0.0,49.5,27.4,11.8
2019-02-02,14,5.8,0.0,50.3,26.9,11.4
2019-02-02,15,5.6,0.0,54.0,25.9,7.6
2019-02-02,16,5.4,0.2,55.0,25.1,7.2
2019-02-02,17,5.0,0.9,56.9,23.0,6.5
2019-02-02,18,4.6,2.2,58.8,21.3,6.0
2019-02-02,19,4.3,4.0,56.3,20.1,8.2
2019-02-02,20,4.1,6.0,54.7,19.5,8.5
2019-02-02,21,4.1,7.8,53.0,19.2,8.4
2019-02-02,22,4.1,9.3,52.2,19.0,8.3
2019-02-02,23,4.2,10.6,51.4,18.9,8.3
2019-02-02,24,4.3,11.5,50.3,18.9,8.3
2019-02-02,25,4.4,12.0,49.5,19.1,8.2
2019-02-02,26,4.6,12.1,48.6,19.5,8.3
2019-02-02,27,4.6,11.6,48.8,19.6,8.4
2019-02-02,28,4.6,10.9,49.1,20.1,8.6
2019-02-02,29,4.5,9.7,50.2,20.1,8.6
2019-02-02,30,4.4,8.0,52.8,20.0,8.6
2019-02-02,31,4.2,5.9,54.0,19.9,8.0
2019-02-02,32,4.0,3.8,55.8,19.6,7.9
2019-02-02,33,3.7,1.8,57.4,19.1,8.1
2019-02-02,34,3.5,0.6,57.5,18.4,7.8
2019-02-02,35,3.3,0.1,55.3,17.5,7.6
2019-02-02,36,3.2,0.0,55.0,17.1,7.5
2019-02-02,37,3.2,0.0,54.5,17.3,7.6
2019-02-02,38,3.2,0.0,55.1,17.5,7.6
2019-02-02,39,3.1,0.0,56.1,17.6,7.7
2019-02-02,40,3.0,0.0,57.6,18.1,7.9
2019-02-02,41,3.0,0.0,58.1,18.6,8.1
2019-02-02,42,3.0,0.0,58.5,19.2,8.4
2019-02-02,43,3.0,0.0,59.3,19.9,8.6
2019-02-02,44,3.0,0.0,59.7,20.8,8.9
2019-02-02,45,3.0,0.0,59.9,21.6,9.3
2019-02-02,46,3.0,0.0,59.3,22.4,9.6
2019-02-02,47,3.2,0.0,57.9,23.8,10.2
2019-02-02,48,3.4,0.0,57.2,24.9,10.7
2019-02-03,1,3.6,0.0,55.8,25.4,11.1
2019-02-03,2,3.6,0.0,55.5,25.2,11.0
2019-02-03,3,3.6,0.0,56.3,25.0,10.8
2019-02-03,4,3.8,0.0,54.6,25.9,11.2
2019-02-03,5,4.0,0.0,53.9,26.2,11.3
2019-02-03,6,4.0,0.0,54.5,26.1,11.3
2019-02-03,7,4.1,0.0,54.2,26.4,11.6
2019-02-03,8,4.3,0.0,52.6,26.9,11.9
2019-02-03,9,4.5,0.0,52.0,27.3,12.3
2019-02-03,10,4.7,0.0,50.6,27.5,13.2
2019-02-03,11,4.8,0.0,49.6,27.7,13.9
2019-02-03,12,4.8,0.0,49.6,27.4,14.2
2019-02-03,13,5.2,0.0,49.0,27.3,14.5
2019-02-03,14,5.9,0.0,48.2,27.0,14.3
2019-02-03,15,6.9,0.0,47.2,26.4,14.1
2019-02-03,16,7.8,0.0,47.4,25.4,13.4
2019-02-03,17,8.6,0.1,47.9,24.1,12.6
2019-02-03,18,9.3,0.3,48.8,22.7,11.3
2019-02-03,19,10.1,0.8,49.5,21.4,10.0
2019-02-03,20,4.6,8.5,51.3,20.7,10.6
2019-02-03,21,4.7,10.1,50.4,20.5,10.0
2019-02-03,22,4.8,11.7,49.3,20.4,9.5
2019-02-03,23,4.9,13.0,48.4,20.4,9.0
2019-02-03,24,5.0,13.4,47.9,20.3,8.9
2019-02-03,25,5.0,12.7,49.2,19.9,8.6
2019-02-03,26,5.1,11.7,49.3,20.5,8.8
2019-02-03,27,5.1,10.4,50.2,20.7,8.9
2019-02-03,28,5.0,8.9,51.1,20.9,9.0
2019-02-03,29,4.9,7.0,52.6,21.3,9.1
2019-02-03,30,4.8,4.9,54.1,21.2,9.1
2019-02-03,31,4.5,2.9,56.2,20.7,8.9
2019-02-03,32,4.3,1.2,58.1,20.3,8.7
2019-02-03,33,4.2,0.3,57.4,19.8,8.5
2019-02-03,34,4.0,0.0,57.3,18.8,8.4
2019-02-03,35,3.9,0.0,57.0,18.1,8.3
2019-02-03,36,4.0,0.0,55.9,18.2,8.4
2019-02-03,37,4.3,0.0,56.7,18.6,8.6
2019-02-03,38,4.5,0.0,56.3,19.1,9.0
2019-02-03,39,4.9,0.0,57.3,18.5,9.4
2019-02-03,40,5.3,0.0,56.4,19.5,10.2
2019-02-03,41,5.6,0.0,54.4,20.4,11.6
2019-02-03,42,6.2,0.0,52.1,21.8,12.4
2019-02-03,43,6.6,0.0,51.7,22.5,12.7
2019-02-03,44,7.5,0.0,47.9,24.9,13.4
2019-02-03,45,8.3,0.0,45.0,26.6,13.4
2019-02-03,46,9.3,0.0,40.4,28.8,14.8
2019-02-03,47,11.0,0.0,32.7,33.4,15.9
2019-02-03,48,11.4,0.0,33.4,33.7,16.0
2019-02-04,1,11.6,0.0,33.7,33.8,15.5
2019-02-04,2,11.9,0.0,33.5,33.5,15.9
2019-02-04,3,12.3,0.0,32.9,33.3,16.3
2019-02-04,4,12.8,0.0,32.4,33.7,15.9
2019-02-04,5,13.1,0.0,31.9,34.2,15.5
2019-02-04,6,13.3,0.0,32.0,34.1,15.1
2019-02-04,7,13.2,0.0,32.7,33.8,14.8
2019-02-04,8,13.2,0.0,33.0,33.7,14.5
2019-02-04,9,12.9,0.0,33.7,33.0,14.8
2019-02-04,10,12.5,0.0,34.6,32.3,14.9
2019-02-04,11,11.9,0.0,38.2,31.6,12.4
2019-02-04,12,11.2,0.0,39.3,30.2,12.5
2019-02-04,13,9.8,0.0,44.6,26.7,10.2
2019-02-04,14,8.5,0.0,53.2,23.2,5.9
2019-02-04,15,7.1,0.0,60.9,19.2,3.0
2019-02-04,16,6.8,0.0,60.7,18.5,2.9
2019-02-04,17,6.6,0.2,60.4,18.1,3.0
2019-02-04,18,6.4,0.7,60.0,17.9,2.9
2019-02-04,19,6.3,1.3,60.5,17.6,2.9
2019-02-04,20,6.0,1.9,59.8,17.3,2.8
2019-02-04,21,5.8,2.7,58.5,17.0,2.8
2019-02-04,22,5.7,3.9,58.2,16.9,2.8
2019-02-04,23,5.6,5.1,57.8,16.9,2.8
2019-02-04,24,5.5,6.0,57.2,16.8,2.8
2019-02-04,25,5.4,6.8,56.5,16.6,2.6
2019-02-04,26,5.3,7.5,56.9,16.7,2.6
2019-02-04,27,5.2,7.5,57.4,17.0,3.0
2019-02-04,28,5.1,6.9,57.5,17.2,3.2
2019-02-04,29,4.8,6.0,56.7,17.2,5.7
2019-02-04,30,4.5,4.9,57.9,17.3,5.6
2019-02-04,31,4.0,3.6,58.4,17.1,6.0
2019-02-04,32,3.6,2.2,60.1,16.5,5.8
2019-02-04,33,3.3,0.9,59.8,16.4,6.4
2019-02-04,34,3.1,0.1,60.4,16.0,6.4
2019-02-04,35,2.9,0.0,59.9,15.5,5.9
2019-02-04,36,2.8,0.0,59.5,15.5,6.6
2019-02-04,37,2.6,0.0,60.0,15.5,7.3
2019-02-04,38,2.6,0.0,59.9,15.7,7.4
2019-02-04,39,2.5,0.0,59.7,15.6,7.4
2019-02-04,40,2.4,0.0,59.7,15.8,7.5
2019-02-04,41,2.4,0.0,59.9,16.1,7.6
2019-02-04,42,2.4,0.0,60.1,16.7,7.9
2019-02-04,43,2.4,0.0,60.7,17.7,7.9
2019-02-04,44,2.4,0.0,61.0,18.5,8.0
2019-02-04,45,2.4,0.0,63.4,19.6,5.7
2019-02-04,46,2.4,0.0,63.8,20.2,6.0
2019-02-04,47,2.3,0.0,65.7,21.6,3.7
2019-02-04,48,2.2,0.0,66.0,22.3,3.8
2019-02-05,1,2.0,0.0,66.3,22.4,4.0
2019-02-05,2,2.0,0.0,67.0,22.0,4.0
2019-02-05,3,1.9,0.0,64.6,21.4,7.8
2019-02-05,4,1.9,0.0,64.9,21.5,8.0
2019-02-05,5,1.9,0.0,62.1,21.5,10.3
2019-02-05,6,1.9,0.0,61.4,21.5,10.3
2019-02-05,7,1.9,0.0,60.5,21.8,10.9
2019-02-05,8,2.0,0.0,60.6,22.0,11.2
2019-02-05,9,2.1,0.0,63.2,22.1,8.4
2019-02-05,10,2.2,0.0,62.8,21.9,8.2
2019-02-05,11,2.2,0.0,64.9,21.7,5.2
2019-02-05,12,2.2,0.0,64.9,20.9,5.2
2019-02-05,13,2.1,0.0,65.1,19.5,4.9
2019-02-05,14,2.0,0.0,65.2,17.9,4.7
2019-02-05,15,2.0,0.0,62.7,16.7,7.0
2019-02-05,16,2.1,0.1,61.1,16.4,7.2
2019-02-05,17,2.2,0.4,60.4,16.1,6.6
2019-02-05,18,2.4,0.8,60.5,16.1,6.6
2019-02-05,19,2.6,1.3,59.8,15.9,6.7
2019-02-05,20,2.8,1.7,59.6,16.0,6.7
2019-02-05,21,3.0,2.1,59.2,16.0,6.3
2019-02-05,22,3.2,2.5,59.2,16.1,6.0
2019-02-05,23,3.5,2.7,60.6,16.5,3.6
2019-02-05,24,3.8,2.8,60.1,16.6,4.0
2019-02-05,25,3.9,2.5,59.8,16.3,4.9
2019-02-05,26,4.2,2.3,59.5,16.5,4.9
2019-02-05,27,4.5,1.9,60.4,16.7,3.8
2019-02-05,28,4.7,1.5,60.8,16.9,3.9
2019-02-05,29,4.9,1.2,60.8,17.1,3.6
2019-02-05,30,5.2,0.9,60.9,17.6,3.6
2019-02-05,31,5.5,0.6,57.6,17.8,6.5
2019-02-05,32,5.5,0.3,57.8,17.5,6.3
2019-02-05,33,5.6,0.1,58.6,17.2,6.3
2019-02-05,34,5.5,0.0,59.2,16.9,5.8
2019-02-05,35,5.6,0.0,58.9,16.8,5.4
2019-02-05,36,5.7,0.0,59.5,17.2,5.5
2019-02-05,37,5.8,0.0,57.9,17.4,6.5
2019-02-05,38,5.9,0.0,56.9,17.7,7.0
2019-02-05,39,6.2,0.0,56.1,18.4,7.6
2019-02-05,40,6.6,0.0,57.5,19.3,8.0
2019-02-05,41,6.8,0.0,56.1,20.2,9.5
2019-02-05,42,7.2,0.0,53.5,21.6,10.2
2019-02-05,43,7.4,0.0,51.6,22.5,10.4
2019-02-05,44,7.7,0.0,50.1,23.9,11.0
2019-02-05,45,7.9,0.0,48.9,25.3,11.4
2019-02-05,46,8.4,0.0,47.1,27.4,12.3
2019-02-05,47,9.4,0.0,43.1,31.1,12.2
2019-02-05,48,9.8,0.0,39.9,32.9,13.0
2019-02-06,1,9.4,0.0,41.1,32.3,12.8
2019-02-06,2,8.7,0.0,44.1,30.9,12.2
2019-02-06,3,8.5,0.0,44.7,30.7,12.1
2019-02-06,4,8.4,0.0,44.1,31.1,12.4
2019-02-06,5,8.3,0.0,43.7,31.3,12.8
2019-02-06,6,8.1,0.0,43.8,31.3,12.9
2019-02-06,7,7.7,0.0,43.5,30.7,14.1
2019-02-06,8,7.5,0.0,43.1,31.0,14.2
2019-02-06,9,7.2,0.0,44.1,30.5,14.0
2019-02-06,10,7.1,0.0,44.5,30.2,14.0
2019-02-06,11,6.6,0.0,45.2,29.1,14.8
2019-02-06,12,6.1,0.0,45.9,27.0,14.2
2019-02-06,13,5.1,0.0,50.7,23.1,12.6
2019-02-06,14,4.4,0.0,52.7,20.4,10.5
2019-02-06,15,3.9,0.0,56.2,18.1,8.6
2019-02-06,16,3.8,0.3,55.8,17.8,8.6
2019-02-06,17,3.7,1.1,55.7,17.7,8.6
2019-02-06,18,3.7,2.3,54.0,17.5,8.6
2019-02-06,19,3.6,3.5,54.3,17.2,8.7
2019-02-06,20,3.6,4.7,53.5,17.1,8.5
2019-02-06,21,3.9,6.3,51.7,16.1,8.7
2019-02-06,22,3.9,6.9,51.8,17.2,8.1
2019-02-06,23,4.0,7.4,51.1,17.2,7.9
2019-02-06,24,4.0,8.9,50.4,16.9,7.8
2019-02-06,25,4.2,8.2,51.0,17.2,7.5
2019-02-06,26,4.3,7.6,51.5,17.2,7.5
2019-02-06,27,4.3,7.1,51.8,17.3,7.0
2019-02-06,28,4.4,5.9,52.6,17.5,7.1
2019-02-06,29,4.4,4.3,54.2,17.6,6.5
2019-02-06,30,4.4,3.2,54.6,18.0,6.7
2019-02-06,31,4.3,2.1,54.2,18.0,7.3
2019-02-06,32,4.0,1.1,56.0,17.2,7.1
2019-02-06,33,3.8,0.4,56.3,16.9,7.9
2019-02-06,34,3.7,0.0,56.7,16.4,7.7
2019-02-06,35,3.5,0.0,57.0,15.8,7.5
2019-02-06,36,3.5,0.0,56.7,15.8,7.5
2019-02-06,37,3.5,0.0,55.7,15.9,7.6
2019-02-06,38,3.5,0.0,56.1,16.1,7.7
2019-02-06,39,3.6,0.0,55.2,16.6,7.9
2019-02-06,40,3.6,0.0,55.5,16.8,8.0
2019-02-06,41,3.7,0.0,57.3,17.4,8.3
2019-02-06,42,3.8,0.0,56.6,18.2,8.7
2019-02-06,43,4.0,0.0,54.8,19.4,9.1
2019-02-06,44,4.4,0.0,51.9,21.1,9.9
2019-02-06,45,4.8,0.0,49.0,22.8,10.7
2019-02-06,46,5.4,0.0,48.7,24.6,11.5
2019-02-06,47,6.2,0.0,47.1,26.9,12.0
2019-02-06,48,6.9,0.0,44.8,28.1,12.5
2019-02-07,1,7.0,0.0,46.4,26.9,12.2
2019-02-07,2,7.1,0.0,46.5,26.7,12.2
2019-02-07,3,7.0,0.0,46.9,26.3,12.5
2019-02-07,4,6.9,0.0,47.4,25.9,12.5
2019-02-07,5,6.9,0.0,48.1,25.6,12.1
2019-02-07,6,6.8,0.0,47.1,26.1,12.5
2019-02-07,7,6.5,0.0,46.9,26.2,12.9
2019-02-07,8,6.4,0.0,46.0,26.6,13.2
2019-02-07,9,6.5,0.0,45.4,26.8,13.5
2019-02-07,10,6.4,0.0,46.2,26.4,13.2
2019-02-07,11,6.5,0.0,46.3,26.6,11.9
2019-02-07,12,6.1,0.0,48.5,25.3,11.5
2019-02-07,13,5.3,0.0,51.6,22.0,11.9
2019-02-07,14,5.0,0.0,53.0,19.8,10.5
2019-02-07,15,4.9,0.0,53.6,18.2,10.1
2019-02-07,16,5.2,0.4,51.6,18.2,9.7
2019-02-07,17,5.4,1.5,50.9,17.9,9.1
2019-02-07,18,5.6,2.7,49.9,17.8,9.0
2019-02-07,19,5.7,4.2,49.1,17.3,8.6
2019-02-07,20,5.8,6.0,48.7,17.1,8.6
2019-02-07,21,6.1,7.5,47.0,17.2,8.6
2019-02-07,22,6.3,8.5,45.3,17.2,8.6
2019-02-07,23,6.5,9.9,44.8,17.2,8.3
2019-02-07,24,6.8,10.6,43.5,17.4,8.4
2019-02-07,25,7.0,11.0,43.2,17.4,8.3
2019-02-07,26,7.2,11.3,42.3,17.6,8.4
2019-02-07,27,7.3,10.8,41.7,18.1,8.4
2019-02-07,28,7.4,9.8,41.7,18.5,8.6
2019-02-07,29,7.2,8.8,42.6,18.6,8.7
2019-02-07,30,7.0,8.0,42.8,18.7,8.8
2019-02-07,31,6.8,6.3,44.0,18.8,9.4
2019-02-07,32,6.3,3.3,48.2,18.1,9.1
2019-02-07,33,5.9,0.9,50.4,17.9,9.0
2019-02-07,34,5.4,0.0,53.3,16.9,8.5
2019-02-07,35,5.0,0.0,53.9,16.1,8.2
2019-02-07,36,4.9,0.0,53.8,16.1,8.2
2019-02-07,37,4.9,0.0,53.7,16.1,8.2
2019-02-07,38,5.0,0.0,54.5,16.5,8.4
2019-02-07,39,5.1,0.0,54.3,17.0,9.0
2019-02-07,40,5.2,0.0,54.0,17.3,9.9
2019-02-07,41,5.5,0.0,50.5,18.1,11.0
2019-02-07,42,5.9,0.0,50.0,19.2,11.9
2019-02-07,43,6.4,0.0,47.9,20.8,12.1
2019-02-07,44,6.9,0.0,43.9,22.2,12.9
2019-02-07,45,7.3,0.0,44.2,23.5,13.8
2019-02-07,46,7.9,0.0,41.6,25.3,15.2
2019-02-07,47,9.2,0.0,37.7,29.4,15.1
2019-02-07,48,9.8,0.0,35.2,31.2,16.0
2019-02-08,1,10.3,0.0,34.2,31.7,15.9
2019-02-08,2,10.5,0.0,34.3,31.5,15.8
2019-02-08,3,11.3,0.0,31.9,32.8,15.7
2019-02-08,4,12.1,0.0,29.2,34.0,16.3
2019-02-08,5,12.3,0.0,29.4,33.7,16.2
2019-02-08,6,12.8,0.0,28.3,34.1,16.4
2019-02-08,7,13.5,0.0,27.9,34.7,15.9
2019-02-08,8,13.9,0.0,27.5,34.7,15.9
2019-02-08,9,14.2,0.0,28.3,34.9,14.6
2019-02-08,10,14.8,0.0,27.8,35.7,13.4
2019-02-08,11,15.5,0.0,29.6,37.0,8.7
2019-02-08,12,14.8,0.0,31.4,34.4,9.7
2019-02-08,13,12.6,0.0,34.2,28.8,14.0
2019-02-08,14,11.4,0.0,41.3,25.4,12.1
2019-02-08,15,10.3,0.0,44.4,22.2,12.3
2019-02-08,16,10.1,0.0,44.7,21.3,11.8
2019-02-08,17,10.2,0.1,45.9,21.2,12.3
2019-02-08,18,10.3,0.2,45.8,21.0,12.1
2019-02-08,19,10.2,0.4,46.7,20.0,11.7
2019-02-08,20,10.5,0.8,46.5,20.2,11.7
2019-02-08,21,10.8,1.2,46.2,20.2,11.7
2019-02-08,22,11.0,1.8,45.0,19.9,11.6
2019-02-08,23,11.2,2.4,45.0,19.7,11.4
2019-02-08,24,11.4,3.0,44.5,19.7,11.4
2019-02-08,25,11.4,3.4,44.3,19.8,11.3
2019-02-08,26,11.4,4.2,43.4,20.0,11.3
2019-02-08,27,11.5,4.7,41.9,20.5,11.5
2019-02-08,28,11.6,4.5,41.0,20.9,11.9
2019-02-08,29,11.6,4.1,40.5,21.2,12.2
2019-02-08,30,11.8,3.7,39.9,21.6,12.4
2019-02-08,31,11.8,2.9,39.8,21.8,12.5
2019-02-08,32,11.5,1.6,41.9,21.5,12.4
2019-02-08,33,11.1,0.6,44.1,21.2,12.2
2019-02-08,34,10.6,0.1,45.8,20.5,11.8
2019-02-08,35,10.1,0.0,45.7,19.6,11.4
2019-02-08,36,10.1,0.0,46.7,19.6,11.4
2019-02-08,37,10.2,0.0,46.6,19.9,11.5
2019-02-08,38,10.4,0.0,46.1,20.4,11.8
2019-02-08,39,10.7,0.0,45.5,21.1,12.3
2019-02-08,40,11.1,0.0,43.1,22.1,12.9
2019-02-08,41,11.6,0.0,39.6,23.5,13.7
2019-02-08,42,12.2,0.0,36.2,24.7,14.3
2019-02-08,43,12.9,0.0,34.8,26.0,13.9
2019-02-08,44,18.6,0.0,29.1,21.8,20.1
2019-02-08,45,14.6,0.0,29.7,30.3,13.3
2019-02-08,46,15.4,0.0,29.7,32.0,14.1
2019-02-08,47,15.7,0.0,28.3,31.9,15.0
2019-02-08,48,16.3,0.0,26.9,33.0,15.5
2019-02-09,1,16.2,0.0,27.0,33.4,15.1
2019-02-09,2,15.8,0.0,26.9,32.9,14.9
2019-02-09,3,16.7,0.0,26.5,32.4,15.2
2019-02-09,4,17.8,0.0,26.1,31.6,15.6
2019-02-09,5,18.9,0.0,25.6,31.0,15.9
2019-02-09,6,20.2,0.0,25.1,30.2,16.3
2019-02-09,7,21.6,0.0,24.5,29.3,16.8
2019-02-09,8,23.2,0.0,23.8,28.2,17.3
2019-02-09,9,24.9,0.0,23.1,27.1,18.0
2019-02-09,10,17.7,0.0,29.1,34.1,10.8
2019-02-09,11,17.9,0.0,27.5,34.6,11.5
2019-02-09,12,17.9,0.0,27.7,34.4,11.5
2019-02-09,13,17.7,0.0,27.7,33.8,12.4
2019-02-09,14,17.4,0.0,29.1,32.8,12.1
2019-02-09,15,16.1,0.1,30.9,30.0,13.4
2019-02-09,16,15.2,0.8,33.4,28.2,12.6
2019-02-09,17,14.4,2.4,33.6,26.5,13.9
2019-02-09,18,14.0,4.6,33.8,25.3,13.1
2019-02-09,19,13.8,6.8,33.2,24.3,12.7
2019-02-09,20,13.8,8.8,31.6,23.9,12.5
2019-02-09,21,13.6,10.5,31.1,23.4,12.2
2019-02-09,22,13.5,12.0,29.8,23.4,12.2
2019-02-09,23,13.2,14.5,28.8,23.0,11.6
2019-02-09,24,13.4,15.3,27.5,23.5,11.4
2019-02-09,25,13.6,15.2,27.4,23.8,11.0
2019-02-09,26,13.5,14.9,28.1,24.0,10.9
2019-02-09,27,13.4,13.4,28.9,24.4,10.7
2019-02-09,28,13.5,11.7,29.3,25.2,10.9
2019-02-09,29,13.1,9.7,31.4,25.4,10.8
2019-02-09,30,12.8,7.3,33.2,25.8,11.0
2019-02-09,31,12.0,4.7,34.7,25.6,12.1
2019-02-09,32,11.0,2.2,39.7,25.1,11.8
2019-02-09,33,10.0,0.6,43.6,24.5,10.7
2019-02-09,34,8.6,0.1,47.5,22.4,9.8
2019-02-09,35,7.7,0.0,49.3,20.9,10.0
2019-02-09,36,7.3,0.0,50.5,20.5,9.8
2019-02-09,37,7.2,0.0,49.9,21.0,10.0
2019-02-09,38,7.1,0.0,49.3,21.3,10.1
2019-02-09,39,7.1,0.0,48.2,22.1,10.5
2019-02-09,40,7.0,0.0,49.4,22.3,10.6
2019-02-09,41,6.9,0.0,48.7,22.8,10.8
2019-02-09,42,7.0,0.0,48.4,23.6,11.2
2019-02-09,43,6.9,0.0,48.1,24.3,11.3
2019-02-09,44,6.9,0.0,47.0,25.0,11.6
2019-02-09,45,6.8,0.0,46.0,25.6,11.9
2019-02-09,46,6.5,0.0,45.7,26.5,12.3
2019-02-09,47,6.0,0.0,45.6,27.4,12.7
2019-02-09,48,5.4,0.0,46.9,27.1,12.6
2019-02-10,1,5.0,0.0,48.3,26.5,12.5
2019-02-10,2,4.7,0.0,48.5,26.0,12.3
2019-02-10,3,4.3,0.0,48.2,25.8,12.2
2019-02-10,4,4.1,0.0,48.5,25.9,12.2
2019-02-10,5,4.0,0.0,48.8,26.1,11.5
2019-02-10,6,3.7,0.0,48.4,26.2,11.5
2019-02-10,7,3.5,0.0,48.8,26.4,11.6
2019-02-10,8,3.3,0.0,49.2,26.6,12.2
2019-02-10,9,3.3,0.0,48.8,26.3,12.7
2019-02-10,10,3.4,0.0,48.5,26.1,13.0
2019-02-10,11,3.6,0.0,48.0,26.5,13.5
2019-02-10,12,3.6,0.0,48.3,26.4,13.5
2019-02-10,13,3.7,0.0,48.4,26.1,13.3
2019-02-10,14,3.8,0.0,48.2,26.2,12.9
2019-02-10,15,3.8,0.0,49.8,25.2,12.5
2019-02-10,16,3.9,0.1,50.7,24.5,12.2
2019-02-10,17,3.9,0.4,51.1,22.9,12.4
2019-02-10,18,4.0,1.0,52.2,21.9,12.1
2019-02-10,19,4.1,1.9,51.7,21.0,11.9
2019-02-10,20,4.4,3.2,50.6,20.6,11.7
2019-02-10,21,4.7,4.7,49.4,20.2,11.4
2019-02-10,22,5.0,5.5,48.3,20.4,11.6
2019-02-10,23,5.3,6.7,47.0,20.1,11.4
2019-02-10,24,5.8,7.9,45.3,20.4,11.5
2019-02-10,25,20.0,8.2,37.7,17.1,9.5
2019-02-10,26,21.2,8.8,35.3,17.4,9.7
2019-02-10,27,22.2,8.7,34.9,17.5,9.5
2019-02-10,28,19.2,9.0,34.2,19.2,10.5
2019-02-10,29,12.1,9.4,37.2,21.0,11.7
2019-02-10,30,6.9,8.8,40.1,22.3,12.4
2019-02-10,31,10.9,6.6,39.8,21.2,11.8
2019-02-10,32,21.2,3.6,38.0,18.1,10.1
2019-02-10,33,22.3,1.4,40.5,17.4,9.6
2019-02-10,34,19.2,0.2,44.6,17.2,9.6
2019-02-10,35,17.2,0.0,46.0,16.1,9.1
2019-02-10,36,11.7,0.0,49.4,17.0,9.6
2019-02-10,37,10.3,0.0,50.4,17.4,9.6
2019-02-10,38,18.4,0.0,46.1,16.4,9.0
2019-02-10,39,17.4,0.0,46.4,16.6,9.4
2019-02-10,40,17.6,0.0,47.2,17.1,9.6
2019-02-10,41,18.9,0.0,46.3,17.6,9.8
2019-02-10,42,20.0,0.0,44.8,18.0,9.9
2019-02-10,43,21.1,0.0,43.5,18.5,10.3
2019-02-10,44,22.8,0.0,40.5,19.6,10.5
2019-02-10,45,24.5,0.0,37.2,20.9,10.7
2019-02-10,46,25.9,0.0,34.8,22.1,11.2
2019-02-10,47,26.9,0.0,33.9,23.1,11.0
2019-02-10,48,26.0,0.0,35.0,22.7,10.7
2019-02-11,1,24.7,0.0,37.6,21.9,10.4
2019-02-11,2,23.6,0.0,39.2,21.5,10.2
2019-02-11,3,23.5,0.0,38.7,22.0,10.4
2019-02-11,4,23.2,0.0,38.6,22.3,10.4
2019-02-11,5,22.0,0.0,40.3,22.1,10.0
2019-02-11,6,21.2,0.0,40.7,22.2,10.0
2019-02-11,7,20.8,0.0,39.4,22.9,10.3
2019-02-11,8,20.2,0.0,38.9,23.5,10.6
2019-02-11,9,19.4,0.0,39.2,23.9,11.1
2019-02-11,10,17.5,0.0,42.4,23.1,10.7
2019-02-11,11,15.8,0.0,45.0,22.3,9.9
2019-02-11,12,14.0,0.0,49.2,21.2,8.3
2019-02-11,13,11.8,0.0,52.3,19.4,6.0
2019-02-11,14,9.9,0.0,54.6,17.3,5.3
2019-02-11,15,6.4,0.1,57.4,16.3,5.0
2019-02-11,16,6.2,0.8,57.8,15.9,4.9
2019-02-11,17,9.3,2.1,54.4,15.0,5.1
2019-02-11,18,5.9,3.7,55.6,15.0,5.2
2019-02-11,19,5.3,5.1,54.1,14.6,6.4
2019-02-11,20,4.5,6.7,53.5,14.4,6.3
2019-02-11,21,3.6,8.4,52.4,14.1,6.7
2019-02-11,22,3.1,9.4,53.2,14.2,6.7
2019-02-11,23,3.5,10.9,52.0,14.2,6.6
2019-02-11,24,3.6,10.6,52.2,14.2,6.6
2019-02-11,25,2.6,10.5,53.1,14.4,6.6
2019-02-11,26,1.6,10.3,54.3,14.7,6.8
2019-02-11,27,2.1,9.4,54.8,15.0,6.9
2019-02-11,28,3.1,8.2,54.5,15.0,6.9
2019-02-11,29,3.6,6.7,55.6,15.1,6.9
2019-02-11,30,3.7,5.1,56.6,15.3,6.9
2019-02-11,31,3.7,3.6,58.0,15.3,5.5
2019-02-11,32,4.0,2.1,58.8,15.1,5.5
2019-02-11,33,4.1,0.9,58.2,15.1,6.3
2019-02-11,34,4.3,0.2,58.0,15.0,6.3
2019-02-11,35,4.3,0.0,57.6,14.4,6.7
2019-02-11,36,4.3,0.0,57.8,14.3,6.7
2019-02-11,37,3.1,0.0,58.7,14.7,6.8
2019-02-11,38,3.0,0.0,58.6,14.7,6.8
2019-02-11,39,5.4,0.0,57.6,14.7,6.8
2019-02-11,40,7.0,0.0,56.8,14.7,6.8
2019-02-11,41,8.8,0.0,55.9,15.0,7.5
2019-02-11,42,8.1,0.0,54.8,15.9,8.4
2019-02-11,43,9.2,0.0,52.3,16.7,9.0
2019-02-11,44,18.2,0.0,45.2,16.4,8.6
2019-02-11,45,11.8,0.0,48.4,18.9,9.6
2019-02-11,46,13.1,0.0,47.2,20.1,10.2
2019-02-11,47,16.3,0.0,45.8,21.7,10.0
2019-02-11,48,17.1,0.0,45.3,22.2,10.6
2019-02-12,1,17.8,0.0,44.5,22.1,11.1
2019-02-12,2,19.1,0.0,43.2,21.8,11.4
2019-02-12,3,19.8,0.0,42.4,21.6,11.6
2019-02-12,4,20.7,0.0,40.4,22.2,12.0
2019-02-12,5,22.2,0.0,38.7,22.4,12.1
2019-02-12,6,24.3,0.0,35.9,22.8,12.3
2019-02-12,7,24.4,0.0,35.3,23.1,12.4
2019-02-12,8,22.6,0.0,35.6,24.0,12.9
2019-02-12,9,20.2,0.0,35.9,25.1,13.3
2019-02-12,10,19.2,0.0,38.1,25.1,11.9
2019-02-12,11,20.6,0.0,44.1,24.0,3.3
2019-02-12,12,20.3,0.0,45.0,22.8,4.0
2019-02-12,13,18.5,0.0,43.6,20.0,7.0
2019-02-12,14,18.0,0.0,44.8,18.1,6.1
2019-02-12,15,18.3,0.1,45.9,16.5,6.7
2019-02-12,16,16.5,0.7,45.6,16.6,6.8
2019-02-12,17,17.5,1.7,44.8,16.3,6.7
2019-02-12,18,19.1,2.5,43.8,15.9,6.2
2019-02-12,19,25.1,3.2,40.0,14.7,5.4
2019-02-12,20,20.6,4.3,41.8,15.6,5.8
2019-02-12,21,17.8,5.2,43.8,15.9,5.4
2019-02-12,22,13.0,6.4,46.3,17.1,5.3
2019-02-12,23,13.2,7.8,45.3,17.2,4.7
2019-02-12,24,21.7,7.1,39.8,15.8,4.4
2019-02-12,25,22.7,6.2,41.1,16.2,2.5
2019-02-12,26,17.9,6.5,43.6,17.3,2.7
2019-02-12,27,14.0,6.3,43.7,18.0,5.5
2019-02-12,28,22.8,5.2,39.6,16.1,5.0
2019-02-12,29,20.9,4.3,40.5,16.9,5.2
2019-02-12,30,23.1,3.1,40.6,16.3,5.0
2019-02-12,31,22.9,2.1,39.8,16.0,6.7
2019-02-12,32,21.7,1.3,40.9,15.7,6.6
2019-02-12,33,14.6,0.6,45.4,16.9,7.8
2019-02-12,34,20.7,0.1,42.6,15.3,7.1
2019-02-12,35,13.8,0.0,47.2,15.8,7.4
2019-02-12,36,19.5,0.0,43.9,14.3,6.8
2019-02-12,37,18.7,0.0,45.1,14.6,6.9
2019-02-12,38,19.9,0.0,43.7,14.5,6.9
2019-02-12,39,20.4,0.0,43.7,14.9,7.0
2019-02-12,40,10.7,0.0,48.6,17.4,8.2
2019-02-12,41,20.7,0.0,42.7,16.2,7.6
2019-02-12,42,20.1,0.0,41.5,17.0,8.0
2019-02-12,43,21.1,0.0,40.2,18.0,8.5
2019-02-12,44,22.2,0.0,37.7,19.1,8.9
2019-02-12,45,22.6,0.0,37.0,20.4,9.4
2019-02-12,46,23.7,0.0,35.9,21.5,10.0
2019-02-12,47,25.5,0.0,35.7,22.9,10.7
2019-02-12,48,26.2,0.0,33.0,23.6,11.9
2019-02-13,1,25.6,0.0,33.7,23.4,12.4
2019-02-13,2,25.9,0.0,33.9,23.0,12.4
2019-02-13,3,26.4,0.0,33.4,23.1,12.0
2019-02-13,4,27.6,0.0,31.7,23.4,12.1
2019-02-13,5,29.5,0.0,29.6,23.7,12.3
2019-02-13,6,29.7,0.0,29.0,23.8,12.4
2019-02-13,7,30.4,0.0,28.7,24.0,11.9
2019-02-13,8,30.9,0.0,27.5,24.4,12.1
2019-02-13,9,31.2,0.0,28.5,24.5,10.7
2019-02-13,10,31.3,0.0,28.9,24.2,10.6
2019-02-13,11,30.9,0.0,30.5,23.3,10.5
2019-02-13,12,30.6,0.0,30.4,22.6,10.2
2019-02-13,13,27.7,0.0,35.1,20.3,8.9
2019-02-13,14,25.1,0.0,37.3,18.4,8.2
2019-02-13,15,24.0,0.1,38.4,17.1,9.6
2019-02-13,16,23.8,0.5,38.3,16.8,9.2
2019-02-13,17,20.3,1.3,40.0,17.3,9.3
2019-02-13,18,15.2,2.4,41.1,18.2,9.8
2019-02-13,19,11.4,3.8,42.8,18.7,9.2
2019-02-13,20,13.7,5.2,40.7,17.9,8.7
2019-02-13,21,21.7,6.1,36.2,16.3,8.0
2019-02-13,22,22.2,7.4,34.6,16.2,7.9
2019-02-13,23,22.3,9.5,33.3,15.9,7.9
2019-02-13,24,22.3,10.4,32.4,16.0,7.9
2019-02-13,25,21.8,10.8,32.4,16.4,8.0
2019-02-13,26,21.3,10.8,33.4,16.7,8.1
2019-02-13,27,21.9,10.7,31.9,17.1,8.2
2019-02-13,28,22.7,9.9,32.0,17.1,8.1
2019-02-13,29,23.3,8.4,33.1,16.9,8.2
2019-02-13,30,24.1,6.6,33.9,17.1,8.3
2019-02-13,31,24.4,4.6,34.5,17.1,8.6
2019-02-13,32,23.8,2.6,37.1,16.7,8.6
2019-02-13,33,23.5,1.2,38.5,16.6,7.9
2019-02-13,34,22.8,0.8,40.0,16.2,7.7
2019-02-13,35,21.5,0.0,42.5,15.4,7.3
2019-02-13,36,21.7,0.0,43.0,15.1,7.1
2019-02-13,37,22.4,0.0,41.5,15.2,7.2
2019-02-13,38,23.1,0.0,41.2,15.4,7.3
2019-02-13,39,23.3,0.0,40.7,15.6,7.4
2019-02-13,40,23.6,0.0,41.4,16.0,7.6
2019-02-13,41,24.8,0.0,39.7,16.5,7.9
2019-02-13,42,25.9,0.0,37.7,17.4,8.4
2019-02-13,43,25.3,0.0,36.1,18.2,9.0
2019-02-13,44,26.8,0.0,34.4,19.2,9.2
2019-02-13,45,28.0,0.0,34.0,20.2,9.2
2019-02-13,46,27.9,0.0,34.0,21.6,9.8
2019-02-13,47,28.6,0.0,33.7,22.8,10.0
2019-02-13,48,29.5,0.0,31.8,23.3,10.5
2019-02-14,1,29.3,0.0,32.4,22.8,10.7
2019-02-14,2,28.6,0.0,33.4,22.5,10.8
2019-02-14,3,27.8,0.0,33.6,22.6,11.3
2019-02-14,4,28.6,0.0,31.8,23.2,11.5
2019-02-14,5,22.4,0.0,34.6,25.3,12.2
2019-02-14,6,19.8,0.0,35.0,26.5,13.0
2019-02-14,7,28.4,0.0,30.1,23.9,11.9
2019-02-14,8,28.1,0.0,30.3,24.1,12.1
2019-02-14,9,28.4,0.0,30.4,23.9,12.1
2019-02-14,10,27.3,0.0,32.1,23.6,11.8
2019-02-14,11,22.3,0.0,34.5,23.9,12.4
2019-02-14,12,16.1,0.0,38.6,24.2,12.5
2019-02-14,13,12.4,0.0,42.2,21.9,12.3
2019-02-14,14,13.6,0.0,43.5,19.1,10.4
2019-02-14,15,13.5,0.1,42.7,17.4,9.1
2019-02-14,16,13.0,0.9,43.3,17.0,8.4
2019-02-14,17,13.1,2.6,42.2,16.6,7.9
2019-02-14,18,13.4,4.5,42.1,16.3,7.7
2019-02-14,19,13.0,6.3,41.4,16.0,7.4
2019-02-14,20,11.9,8.2,41.7,16.2,7.3
2019-02-14,21,11.1,10.1,43.3,16.3,5.1
2019-02-14,22,11.8,11.6,41.5,16.1,5.2
2019-02-14,23,12.8,13.6,39.8,15.7,4.8
2019-02-14,24,13.3,14.4,39.0,15.9,4.6
2019-02-14,25,13.0,14.9,37.0,15.9,6.7
2019-02-14,26,12.7,14.9,37.3,16.0,6.7
2019-02-14,27,12.6,14.6,36.8,16.2,7.3
2019-02-14,28,12.6,13.8,37.4,16.4,7.3
2019-02-14,29,12.6,12.2,39.6,16.6,6.2
2019-02-14,30,12.2,10.3,40.9,17.0,6.4
2019-02-14,31,11.3,7.7,42.2,16.8,8.4
2019-02-14,32,11.1,5.0,45.9,16.6,8.3
2019-02-14,33,11.2,2.4,48.4,16.5,7.8
2019-02-14,34,11.1,0.6,50.1,16.3,7.7
2019-02-14,35,10.8,0.0,50.5,15.6,7.6
2019-02-14,36,10.7,0.0,51.8,15.1,7.2
2019-02-14,37,10.9,0.0,51.1,15.1,7.1
2019-02-14,38,11.2,0.0,52.0,15.3,7.3
2019-02-14,39,12.0,0.0,51.0,15.7,8.1
2019-02-14,40,12.7,0.0,50.1,16.2,8.4
2019-02-14,41,13.1,0.0,48.7,16.4,8.8
2019-02-14,42,13.9,0.0,49.6,17.1,8.8
2019-02-14,43,15.2,0.0,48.1,18.2,8.8
2019-02-14,44,15.9,0.0,47.0,19.3,9.3
2019-02-14,45,17.4,0.0,44.5,20.4,10.5
2019-02-14,46,18.7,0.0,41.7,21.4,11.0
2019-02-14,47,20.1,0.0,39.5,23.0,11.3
2019-02-14,48,20.6,0.0,38.0,23.5,12.0
2019-02-15,1,20.5,0.0,38.5,22.9,12.3
2019-02-15,2,20.1,0.0,39.9,22.5,12.1
2019-02-15,3,19.6,0.0,40.1,22.7,12.2
2019-02-15,4,15.9,0.0,41.2,24.0,12.9
2019-02-15,5,11.5,0.0,43.3,25.4,13.3
2019-02-15,6,12.2,0.0,43.3,25.1,13.1
2019-02-15,7,18.7,0.0,39.4,23.7,12.1
2019-02-15,8,18.9,0.0,39.4,23.6,12.1
2019-02-15,9,18.6,0.0,38.6,23.9,12.7
2019-02-15,10,19.1,0.0,38.0,23.6,12.5
2019-02-15,11,19.5,0.0,39.2,23.0,10.7
2019-02-15,12,19.1,0.0,39.6,22.1,10.4
2019-02-15,13,16.9,0.0,41.3,20.2,11.3
2019-02-15,14,14.4,0.0,42.5,18.8,10.5
2019-02-15,15,11.9,0.3,44.7,17.8,9.7
2019-02-15,16,10.4,1.5,45.0,17.4,9.0
2019-02-15,17,10.1,3.6,44.0,17.1,8.7
2019-02-15,18,10.8,5.8,42.1,16.8,8.5
2019-02-15,19,12.2,8.0,40.5,16.3,7.8
2019-02-15,20,13.2,10.2,38.0,16.1,7.7
2019-02-15,21,12.9,12.1,37.4,16.1,7.5
2019-02-15,22,12.5,13.9,35.0,16.4,7.6
2019-02-15,23,13.8,16.7,31.7,16.2,6.9
2019-02-15,24,16.8,16.9,29.4,15.9,6.7
2019-02-15,25,17.2,17.2,28.4,16.2,7.3
2019-02-15,26,17.7,17.0,27.6,16.5,7.3
2019-02-15,27,18.4,16.3,27.5,16.8,7.6
2019-02-15,28,19.3,15.2,27.3,17.2,7.9
2019-02-15,29,20.1,13.4,29.4,17.4,6.5
2019-02-15,30,20.4,11.1,29.9,17.6,6.5
2019-02-15,31,20.2,8.4,32.6,17.5,6.3
2019-02-15,32,20.5,5.4,35.8,17.3,6.0
2019-02-15,33,21.4,2.5,38.0,17.4,5.9
2019-02-15,34,21.5,0.5,39.6,17.1,6.0
2019-02-15,35,21.3,0.0,39.9,16.4,7.7
2019-02-15,36,21.7,0.0,39.5,15.8,7.5
2019-02-15,37,21.9,0.0,39.9,15.8,7.5
2019-02-15,38,22.8,0.0,39.1,16.0,7.6
2019-02-15,39,23.6,0.0,37.8,16.4,7.7
2019-02-15,40,24.6,0.0,35.7,17.1,8.2
2019-02-15,41,26.2,0.0,33.8,17.8,9.1
2019-02-15,42,28.2,0.0,31.2,18.7,9.8
2019-02-15,43,29.8,0.0,27.7,19.6,10.9
2019-02-15,44,30.7,0.0,26.5,20.7,11.5
2019-02-15,45,32.4,0.0,25.5,22.3,10.7
2019-02-15,46,33.4,0.0,24.1,23.3,11.3
2019-02-15,47,34.5,0.0,24.3,24.9,10.8
2019-02-15,48,35.5,0.0,22.3,25.6,11.0
2019-02-16,1,36.8,0.0,20.9,25.2,11.4
2019-02-16,2,35.1,0.0,23.0,24.9,11.5
2019-02-16,3,34.1,0.0,24.0,24.8,11.5
2019-02-16,4,35.2,0.0,22.2,25.6,11.4
2019-02-16,5,35.8,0.0,21.6,26.1,10.8
2019-02-16,6,35.9,0.0,21.4,26.3,10.6
2019-02-16,7,35.2,0.0,21.1,26.4,10.5
2019-02-16,8,34.2,0.0,21.3,27.1,10.8
2019-02-16,9,31.9,0.0,23.5,27.7,10.5
2019-02-16,10,31.4,0.0,23.6,27.6,10.9
2019-02-16,11,31.4,0.0,24.8,26.6,10.7
2019-02-16,12,22.1,0.0,28.9,29.3,12.1
2019-02-16,13,14.6,0.0,32.8,29.4,13.5
2019-02-16,14,23.1,0.0,33.7,24.0,10.5
2019-02-16,15,24.8,0.1,35.3,21.5,9.2
2019-02-16,16,20.8,0.6,38.7,21.2,8.6
2019-02-16,17,14.1,1.5,43.6,21.3,9.4
2019-02-16,18,9.2,2.7,45.4,21.3,9.4
2019-02-16,19,10.8,3.8,44.3,20.7,9.5
2019-02-16,20,18.2,4.7,39.4,19.0,8.8
2019-02-16,21,22.4,5.5,35.8,18.2,8.5
2019-02-16,22,23.4,5.9,34.2,18.3,8.6
2019-02-16,23,22.7,6.0,33.7,18.7,9.1
2019-02-16,24,21.9,5.9,34.6,18.9,9.2
2019-02-16,25,22.5,6.1,34.6,19.1,9.1
2019-02-16,26,22.6,6.1,34.1,19.3,9.2
2019-02-16,27,23.7,6.2,32.7,19.6,9.4
2019-02-16,28,23.9,6.1,32.5,19.7,9.4
2019-02-16,29,23.7,5.3,33.2,19.9,9.5
2019-02-16,30,23.3,3.9,35.0,19.8,9.6
2019-02-16,31,23.2,2.4,36.3,19.8,9.6
2019-02-16,32,22.3,1.2,37.8,19.5,9.5
2019-02-16,33,22.6,0.4,39.5,18.8,9.2
2019-02-16,34,21.8,0.1,40.8,18.1,8.9
2019-02-16,35,20.7,0.0,41.6,17.1,8.6
2019-02-16,36,19.9,0.0,42.9,16.7,8.3
2019-02-16,37,21.2,0.0,41.8,16.7,8.2
2019-02-16,38,22.8,0.0,40.3,16.8,8.3
2019-02-16,39,24.5,0.0,40.4,17.4,8.9
2019-02-16,40,25.5,0.0,38.6,18.1,9.2
2019-02-16,41,26.2,0.0,37.4,19.0,9.7
2019-02-16,42,26.9,0.0,34.6,19.7,10.1
2019-02-16,43,28.5,0.0,31.2,20.6,10.3
2019-02-16,44,30.8,0.0,28.1,21.6,10.8
2019-02-16,45,32.3,0.0,24.9,22.7,11.0
2019-02-16,46,33.6,0.0,22.6,23.5,11.4
2019-02-16,47,36.0,0.0,22.8,25.1,8.7
2019-02-16,48,36.7,0.0,21.5,25.4,9.0
2019-02-17,1,37.2,0.0,21.3,25.3,8.8
2019-02-17,2,36.4,0.0,22.3,25.1,8.7
2019-02-17,3,37.0,0.0,21.1,25.7,8.9
2019-02-17,4,34.5,0.0,21.1,27.8,9.6
2019-02-17,5,29.7,0.0,22.5,30.2,10.4
2019-02-17,6,28.1,0.0,22.5,31.1,10.8
2019-02-17,7,32.9,0.0,21.1,29.0,10.5
2019-02-17,8,38.3,0.0,19.1,26.9,9.7
2019-02-17,9,39.2,0.0,19.0,27.5,8.2
2019-02-17,10,30.6,0.0,20.7,32.0,9.5
2019-02-17,11,27.1,0.0,21.9,33.4,9.8
2019-02-17,12,39.3,0.0,18.9,27.3,8.0
2019-02-17,13,40.6,0.0,18.4,25.8,8.8
2019-02-17,14,37.2,0.0,19.1,27.3,9.3
2019-02-17,15,34.8,0.5,19.3,27.2,9.6
2019-02-17,16,34.8,2.2,19.9,25.8,9.1
2019-02-17,17,34.2,4.5,20.0,23.6,9.4
2019-02-17,18,34.7,6.3,20.0,22.3,8.9
2019-02-17,19,34.9,7.4,20.2,21.1,9.1
2019-02-17,20,34.6,8.3,20.7,20.4,8.8
2019-02-17,21,34.4,9.1,20.0,20.2,9.3
2019-02-17,22,34.3,9.5,20.0,20.0,9.2
2019-02-17,23,34.3,12.4,19.7,17.9,8.7
2019-02-17,24,34.1,12.6,20.2,17.8,8.8
2019-02-17,25,33.5,11.8,21.1,17.7,8.7
2019-02-17,26,34.0,11.2,20.8,18.1,8.8
2019-02-17,27,34.6,10.4,20.6,18.4,8.7
2019-02-17,28,34.9,9.7,20.1,18.9,8.9
2019-02-17,29,34.7,8.4,20.8,19.0,9.0
2019-02-17,30,34.3,7.0,22.7,19.1,9.1
2019-02-17,31,33.7,5.6,24.1,19.1,9.2
2019-02-17,32,33.2,3.7,27.5,18.6,8.9
2019-02-17,33,32.5,1.7,29.4,18.3,9.0
2019-02-17,34,31.0,0.5,33.2,17.6,8.7
2019-02-17,35,29.2,0.0,35.0,17.1,8.8
2019-02-17,36,28.7,0.0,34.8,16.4,8.5
2019-02-17,37,29.2,0.0,35.7,16.5,8.5
2019-02-17,38,30.7,0.0,34.4,16.9,8.7
2019-02-17,39,30.8,0.0,34.9,17.2,8.8
2019-02-17,40,31.5,0.0,34.0,17.6,9.0
2019-02-17,41,32.5,0.0,32.6,18.2,9.2
2019-02-17,42,33.2,0.0,30.3,19.0,9.6
2019-02-17,43,34.5,0.0,27.1,19.8,10.3
2019-02-17,44,35.2,0.0,24.3,21.0,10.7
2019-02-17,45,37.4,0.0,23.3,22.0,8.6
2019-02-17,46,38.3,0.0,20.2,23.4,9.1
2019-02-17,47,40.0,0.0,17.7,24.6,10.4
2019-02-17,48,41.0,0.0,16.3,24.9,11.1
2019-02-18,1,40.8,0.0,16.7,24.7,11.0
2019-02-18,2,40.1,0.0,18.2,24.2,10.9
2019-02-18,3,39.7,0.0,18.6,24.3,11.1
2019-02-18,4,39.5,0.0,18.8,24.5,10.9
2019-02-18,5,39.0,0.0,19.7,24.6,10.3
2019-02-18,6,38.7,0.0,19.7,24.7,10.5
2019-02-18,7,38.0,0.0,21.2,24.5,10.0
2019-02-18,8,38.2,0.0,20.5,24.7,10.3
2019-02-18,9,38.6,0.0,20.3,25.1,9.4
2019-02-18,10,37.6,0.0,20.8,25.1,9.5
2019-02-18,11,35.9,0.0,23.6,24.2,8.4
2019-02-18,12,34.3,0.0,26.5,22.8,8.2
2019-02-18,13,32.3,0.0,28.4,21.1,10.0
2019-02-18,14,29.6,0.0,32.5,19.2,8.7
2019-02-18,15,26.7,0.1,35.0,17.5,9.1
2019-02-18,16,25.8,0.6,35.0,16.7,8.8
2019-02-18,17,25.7,1.4,35.6,16.2,8.8
2019-02-18,18,26.0,2.2,35.5,15.7,8.4
2019-02-18,19,25.8,3.0,35.4,15.5,8.1
2019-02-18,20,25.8,3.8,34.8,15.5,8.0
2019-02-18,21,25.8,4.6,34.0,15.5,7.9
2019-02-18,22,26.0,5.2,33.0,15.6,8.0
2019-02-18,23,26.3,5.4,31.4,15.5,8.0
2019-02-18,24,26.7,5.1,32.7,15.4,7.9
2019-02-18,25,27.0,5.3,32.7,15.2,7.8
2019-02-18,26,27.3,5.6,32.5,15.2,7.7
2019-02-18,27,27.4,5.9,31.4,15.3,8.0
2019-02-18,28,27.3,5.8,32.6,15.5,8.2
2019-02-18,29,26.7,5.4,33.4,15.5,7.4
2019-02-18,30,26.6,4.5,34.1,15.5,7.2
2019-02-18,31,27.0,3.6,34.7,15.2,5.6
2019-02-18,32,26.2,2.6,35.7,15.3,5.4
2019-02-18,33,26.1,1.5,36.6,15.5,5.5
2019-02-18,34,24.6,0.5,39.3,15.1,5.6
2019-02-18,35,23.1,0.1,40.5,14.5,7.4
2019-02-18,36,22.4,0.0,41.5,13.9,7.1
2019-02-18,37,22.8,0.0,40.0,14.0,7.1
2019-02-18,38,23.1,0.0,40.6,14.1,7.2
2019-02-18,39,23.9,0.0,38.7,14.7,7.5
2019-02-18,40,24.4,0.0,38.9,15.1,7.7
2019-02-18,41,25.9,0.0,37.5,15.4,7.9
2019-02-18,42,27.2,0.0,35.0,16.3,8.3
2019-02-18,43,29.0,0.0,32.3,17.1,8.6
2019-02-18,44,30.2,0.0,29.4,18.1,9.1
2019-02-18,45,32.0,0.0,26.3,19.3,9.5
2019-02-18,46,33.1,0.0,24.9,20.7,10.1
2019-02-18,47,34.3,0.0,26.7,21.8,8.8
2019-02-18,48,35.4,0.0,25.1,22.5,9.1
2019-02-19,1,35.2,0.0,24.9,22.8,9.2
2019-02-19,2,33.8,0.0,27.2,22.2,9.0
2019-02-19,3,33.6,0.0,27.5,21.9,9.3
2019-02-19,4,34.2,0.0,26.6,22.2,9.2
2019-02-19,5,34.1,0.0,26.7,22.7,8.9
2019-02-19,6,33.8,0.0,26.0,23.0,9.0
2019-02-19,7,33.2,0.0,25.6,23.1,9.6
2019-02-19,8,31.9,0.0,26.5,23.4,9.6
2019-02-19,9,30.3,0.0,26.3,23.6,11.0
2019-02-19,10,29.6,0.0,27.2,23.2,11.2
2019-02-19,11,27.8,0.0,28.0,23.0,12.5
2019-02-19,12,25.6,0.0,32.0,21.7,11.5
2019-02-19,13,22.6,0.0,37.3,19.8,10.9
2019-02-19,14,20.0,0.0,40.6,18.2,9.3
2019-02-19,15,16.0,0.5,45.0,17.0,8.5
2019-02-19,16,12.4,2.0,46.7,16.7,8.3
2019-02-19,17,10.3,4.3,49.4,16.9,4.3
2019-02-19,18,10.7,5.9,45.2,15.8,8.1
2019-02-19,19,13.6,7.3,42.7,15.0,7.9
2019-02-19,20,12.9,8.9,41.5,15.1,7.9
2019-02-19,21,12.4,10.2,39.9,15.3,8.2
2019-02-19,22,12.7,10.8,39.1,15.3,8.4
2019-02-19,23,12.6,12.2,38.7,15.0,8.7
2019-02-19,24,12.2,11.5,38.5,15.1,8.8
2019-02-19,25,12.3,10.1,40.0,15.1,8.7
2019-02-19,26,11.6,9.3,40.4,15.6,9.0
2019-02-19,27,10.0,8.9,41.2,16.0,9.7
2019-02-19,28,8.4,8.3,42.8,16.4,10.0
2019-02-19,29,7.8,7.1,43.6,16.6,10.1
2019-02-19,30,9.0,5.2,44.4,16.7,10.1
2019-02-19,31,10.7,3.2,45.9,16.3,9.9
2019-02-19,32,12.1,1.8,46.4,15.8,9.6
2019-02-19,33,12.5,0.8,46.8,15.6,9.4
2019-02-19,34,13.0,0.2,46.9,15.1,9.1
2019-02-19,35,14.7,0.0,45.0,14.4,8.9
2019-02-19,36,16.2,0.0,44.6,14.0,8.6
2019-02-19,37,16.9,0.0,43.4,14.2,8.5
2019-02-19,38,17.6,0.0,43.3,14.2,8.6
2019-02-19,39,19.3,0.0,42.9,14.4,8.9
2019-02-19,40,21.2,0.0,40.4,15.0,9.3
2019-02-19,41,22.8,0.0,37.9,15.6,9.6
2019-02-19,42,24.8,0.0,36.3,16.4,10.0
2019-02-19,43,26.4,0.0,33.2,17.4,10.6
2019-02-19,44,28.0,0.0,31.1,18.6,10.9
2019-02-19,45,30.0,0.0,32.6,19.9,6.8
2019-02-19,46,32.1,0.0,28.1,21.2,8.6
2019-02-19,47,33.8,0.0,25.0,22.7,11.6
2019-02-19,48,34.3,0.0,24.6,23.3,11.8
2019-02-20,1,33.9,0.0,24.7,23.4,11.8
2019-02-20,2,33.1,0.0,25.6,23.1,11.6
2019-02-20,3,34.1,0.0,24.3,23.4,11.6
2019-02-20,4,34.9,0.0,23.3,23.4,11.6
2019-02-20,5,35.1,0.0,23.9,23.3,11.0
2019-02-20,6,35.8,0.0,22.9,23.7,11.2
2019-02-20,7,34.7,0.0,24.3,23.4,10.9
2019-02-20,8,35.7,0.0,22.6,23.9,11.1
2019-02-20,9,35.9,0.0,23.0,23.8,10.5
2019-02-20,10,36.5,0.0,22.5,23.9,10.6
2019-02-20,11,36.1,0.0,23.3,23.5,10.5
2019-02-20,12,34.5,0.0,25.4,22.3,10.0
2019-02-20,13,32.1,0.0,28.5,20.2,10.8
2019-02-20,14,29.9,0.0,32.3,18.7,10.1
2019-02-20,15,27.9,0.2,34.9,17.5,10.1
2019-02-20,16,27.4,0.9,36.0,16.9,9.5
2019-02-20,17,25.9,2.1,36.1,16.0,9.2
2019-02-20,18,25.0,3.1,36.5,15.7,8.8
2019-02-20,19,26.0,4.1,35.6,15.7,8.4
2019-02-20,20,25.3,5.4,35.0,15.9,8.3
2019-02-20,21,21.9,6.4,36.2,16.5,8.3
2019-02-20,22,16.2,7.5,38.5,17.7,8.9
2019-02-20,23,15.8,7.9,38.0,18.0,9.0
2019-02-20,24,23.3,7.1,35.1,16.4,8.2
2019-02-20,25,24.8,6.9,34.4,16.1,7.9
2019-02-20,26,22.8,7.0,35.6,16.5,8.1
2019-02-20,27,23.1,6.8,35.2,16.5,8.3
2019-02-20,28,25.4,5.8,34.6,16.3,8.2
2019-02-20,29,27.0,4.8,34.2,16.0,8.0
2019-02-20,30,27.2,4.0,34.9,16.1,8.1
2019-02-20,31,26.7,3.1,36.0,16.1,8.1
2019-02-20,32,26.1,2.1,37.4,16.0,8.0
2019-02-20,33,25.6,1.2,37.4,15.8,7.9
2019-02-20,34,25.4,0.4,39.6,15.3,7.7
2019-02-20,35,24.9,0.0,40.6,14.9,7.6
2019-02-20,36,23.3,0.0,40.9,14.4,7.4
2019-02-20,37,22.5,0.0,41.2,14.6,7.5
2019-02-20,38,22.0,0.0,42.3,14.9,7.6
2019-02-20,39,22.1,0.0,40.4,15.2,8.1
2019-02-20,40,22.4,0.0,39.2,15.4,8.5
2019-02-20,41,23.4,0.0,38.9,15.9,8.7
2019-02-20,42,24.8,0.0,36.2,16.9,9.1
2019-02-20,43,25.6,0.0,35.3,17.9,10.1
2019-02-20,44,25.8,0.0,33.8,18.9,11.0
2019-02-20,45,26.7,0.0,30.4,20.2,12.1
2019-02-20,46,16.6,0.0,33.0,24.3,14.1
2019-02-20,47,13.4,0.0,32.2,27.8,14.2
2019-02-20,48,30.8,0.0,24.6,23.4,12.1
2019-02-21,1,30.0,0.0,24.4,23.5,13.1
2019-02-21,2,29.0,0.0,25.6,23.1,13.0
2019-02-21,3,27.3,0.0,27.8,23.0,12.5
2019-02-21,4,28.2,0.0,26.0,23.4,12.7
2019-02-21,5,28.3,0.0,26.8,23.2,12.0
2019-02-21,6,28.2,0.0,26.4,23.5,12.1
2019-02-21,7,27.6,0.0,26.8,24.0,11.6
2019-02-21,8,27.2,0.0,26.5,24.3,11.7
2019-02-21,9,27.4,0.0,26.3,24.1,11.9
2019-02-21,10,26.7,0.0,26.5,24.1,11.9
2019-02-21,11,27.2,0.0,26.4,23.1,11.7
2019-02-21,12,25.9,0.0,27.8,22.5,11.4
2019-02-21,13,24.5,0.0,29.8,21.0,11.7
2019-02-21,14,22.3,0.0,32.8,19.5,10.9
2019-02-21,15,20.0,0.1,38.2,17.7,10.8
2019-02-21,16,19.0,0.5,40.2,16.9,10.3
2019-02-21,17,18.6,1.2,40.8,16.4,10.1
2019-02-21,18,18.1,2.1,41.2,15.9,9.8
2019-02-21,19,17.7,3.8,41.2,15.7,9.6
2019-02-21,20,17.0,4.9,41.5,15.7,9.3
2019-02-21,21,17.3,6.1,40.9,15.5,8.9
2019-02-21,22,17.1,7.5,40.6,15.4,8.6
2019-02-21,23,17.4,10.1,38.0,15.3,8.9
2019-02-21,24,17.4,12.4,35.6,15.3,9.2
2019-02-21,25,17.9,14.1,34.0,15.2,9.1
2019-02-21,26,17.8,15.0,32.5,15.5,9.0
2019-02-21,27,17.0,14.9,32.9,15.7,9.4
2019-02-21,28,16.5,14.0,33.3,16.1,9.7
2019-02-21,29,16.5,12.5,33.8,16.2,9.8
2019-02-21,30,16.4,10.7,34.8,16.4,9.8
2019-02-21,31,16.5,8.4,37.0,16.4,9.6
2019-02-21,32,15.8,5.7,40.0,16.4,9.8
2019-02-21,33,15.1,3.1,43.2,16.4,9.8
2019-02-21,34,14.5,1.1,45.8,16.0,9.6
2019-02-21,35,13.7,0.1,46.8,15.6,9.4
2019-02-21,36,13.0,0.0,47.0,14.8,8.9
2019-02-21,37,13.2,0.0,48.1,14.6,8.5
2019-02-21,38,13.9,0.0,47.7,14.7,8.7
2019-02-21,39,14.6,0.0,47.0,15.0,9.1
2019-02-21,40,15.1,0.0,47.5,15.5,9.4
2019-02-21,41,15.0,0.0,47.1,15.9,9.6
2019-02-21,42,16.7,0.0,44.7,16.6,10.1
2019-02-21,43,18.0,0.0,43.4,17.6,10.5
2019-02-21,44,19.7,0.0,41.3,18.7,11.0
2019-02-21,45,21.6,0.0,37.8,19.9,11.8
2019-02-21,46,22.5,0.0,34.9,20.9,12.4
2019-02-21,47,23.3,0.0,33.5,22.3,12.1
2019-02-21,48,23.7,0.0,32.7,22.6,12.2
2019-02-22,1,23.8,0.0,34.2,22.1,11.4
2019-02-22,2,23.0,0.0,35.3,22.0,11.3
2019-02-22,3,23.1,0.0,35.0,22.3,11.0
2019-02-22,4,23.3,0.0,34.1,22.7,11.2
2019-02-22,5,23.0,0.0,34.5,22.7,11.1
2019-02-22,6,23.5,0.0,33.2,23.2,11.2
2019-02-22,7,23.7,0.0,31.9,23.8,11.5
2019-02-22,8,23.7,0.0,32.2,23.8,11.4
2019-02-22,9,24.2,0.0,31.3,24.0,11.5
2019-02-22,10,23.8,0.0,31.6,23.9,11.5
2019-02-22,11,23.2,0.0,31.8,23.3,11.6
2019-02-22,12,22.5,0.0,35.1,22.1,11.1
2019-02-22,13,20.1,0.0,38.0,20.2,11.4
2019-02-22,14,18.9,0.1,40.6,19.0,10.7
2019-02-22,15,18.7,0.5,43.1,17.8,9.3
2019-02-22,16,18.4,1.4,43.6,17.3,9.1
2019-02-22,17,17.7,2.5,44.6,16.5,9.3
2019-02-22,18,16.7,3.5,44.5,16.4,9.3
2019-02-22,19,16.1,4.8,44.2,16.2,8.9
2019-02-22,20,14.1,6.5,43.9,16.5,9.0
2019-02-22,21,11.1,8.1,44.8,17.1,8.8
2019-02-22,22,9.0,10.0,44.3,17.4,9.0
2019-02-22,23,9.0,13.4,41.3,17.2,9.0
2019-02-22,24,9.6,14.6,39.0,17.2,9.4
2019-02-22,25,9.6,15.8,38.1,17.3,8.9
2019-02-22,26,11.4,16.2,35.9,17.6,8.8
2019-02-22,27,12.2,15.8,34.7,17.8,9.1
2019-02-22,28,12.5,15.0,34.8,18.1,9.5
2019-02-22,29,13.4,13.3,34.6,18.1,10.0
2019-02-22,30,14.2,10.8,35.5,18.5,10.1
2019-02-22,31,16.1,7.5,37.3,18.0,9.4
2019-02-22,32,18.0,4.6,40.1,17.5,9.1
2019-02-22,33,18.8,2.4,40.6,17.4,9.9
2019-02-22,34,18.5,0.7,41.7,17.2,9.7
2019-02-22,35,19.0,0.1,42.7,16.8,9.7
2019-02-22,36,18.8,0.0,42.9,16.4,9.3
2019-02-22,37,19.6,0.0,42.6,16.4,9.3
2019-02-22,38,20.9,0.0,41.6,16.6,9.4
2019-02-22,39,21.5,0.0,40.2,16.7,9.5
2019-02-22,40,22.8,0.0,39.5,17.2,9.8
2019-02-22,41,24.1,0.0,37.3,18.0,10.3
2019-02-22,42,25.0,0.0,36.2,18.6,10.6
2019-02-22,43,25.8,0.0,35.1,19.5,10.9
2019-02-22,44,26.3,0.0,32.4,20.7,11.6
2019-02-22,45,28.0,0.0,29.3,21.6,12.1
2019-02-22,46,29.7,0.0,25.7,22.7,12.7
2019-02-22,47,25.8,0.0,26.8,26.3,11.5
2019-02-22,48,23.6,0.0,26.4,27.9,12.4
2019-02-23,1,30.5,0.0,24.0,25.1,11.2
2019-02-23,2,30.0,0.0,24.2,24.7,11.0
2019-02-23,3,30.6,0.0,22.6,25.6,11.4
2019-02-23,4,31.0,0.0,21.9,26.1,11.7
2019-02-23,5,30.9,0.0,22.5,25.9,11.5
2019-02-23,6,32.3,0.0,20.8,26.1,11.6
2019-02-23,7,33.1,0.0,19.1,26.5,11.8
2019-02-23,8,34.7,0.0,17.4,26.7,11.9
2019-02-23,9,35.1,0.0,16.7,26.8,11.9
2019-02-23,10,35.0,0.0,16.8,26.9,12.0
2019-02-23,11,33.6,0.0,18.4,26.3,11.7
2019-02-23,12,31.9,0.0,20.6,25.8,11.5
2019-02-23,13,29.8,0.0,24.9,24.6,11.0
2019-02-23,14,29.0,0.0,26.7,23.8,10.7
2019-02-23,15,27.8,0.6,28.5,22.5,11.1
2019-02-23,16,26.5,1.9,29.6,21.7,10.7
2019-02-23,17,25.0,3.7,31.3,20.5,10.3
2019-02-23,18,24.0,5.6,31.8,19.6,9.9
2019-02-23,19,23.0,7.7,31.2,19.0,10.7
2019-02-23,20,22.0,10.0,30.4,18.7,10.5
2019-02-23,21,22.3,12.5,28.5,18.6,10.1
2019-02-23,22,22.0,15.1,26.0,18.9,9.9
2019-02-23,23,22.1,17.4,23.5,19.0,10.2
2019-02-23,24,22.5,18.8,21.6,19.0,10.2
2019-02-23,25,22.6,19.2,20.8,19.1,10.3
2019-02-23,26,22.9,18.7,20.7,19.5,10.5
2019-02-23,27,22.9,17.5,21.3,19.9,11.1
2019-02-23,28,22.8,15.6,22.4,20.3,11.3
2019-02-23,29,23.7,13.1,23.1,20.6,11.5
2019-02-23,30,23.3,10.5,25.5,20.9,11.0
2019-02-23,31,21.9,7.6,29.7,20.6,10.2
2019-02-23,32,21.8,4.8,35.5,20.4,8.2
2019-02-23,33,20.2,2.2,41.3,19.9,6.0
2019-02-23,34,18.7,0.6,45.2,19.1,5.8
2019-02-23,35,16.8,0.1,45.0,18.3,8.7
2019-02-23,36,15.3,0.0,47.6,17.2,8.2
2019-02-23,37,14.5,0.0,47.7,17.2,8.2
2019-02-23,38,13.6,0.0,48.6,17.3,8.2
2019-02-23,39,13.7,0.0,49.3,17.8,8.4
2019-02-23,40,13.5,0.0,48.7,18.3,8.7
2019-02-23,41,13.3,0.0,47.7,18.8,8.9
2019-02-23,42,12.7,0.0,47.7,19.5,9.3
2019-02-23,43,11.6,0.0,48.3,20.4,9.5
2019-02-23,44,11.0,0.0,47.4,21.2,9.9
2019-02-23,45,10.5,0.0,47.4,21.9,10.2
2019-02-23,46,9.3,0.0,47.2,22.8,10.6
2019-02-23,47,8.5,0.0,47.2,23.7,11.1
2019-02-23,48,7.9,0.0,46.9,24.4,11.4
2019-02-24,1,6.9,0.0,47.5,24.6,11.7
2019-02-24,2,6.3,0.0,48.0,24.5,12.0
2019-02-24,3,5.7,0.0,48.2,24.8,12.3
2019-02-24,4,5.3,0.0,47.9,25.0,12.5
2019-02-24,5,5.3,0.0,48.2,25.3,12.1
2019-02-24,6,5.1,0.0,47.9,25.6,12.2
2019-02-24,7,5.3,0.0,46.9,26.1,12.2
2019-02-24,8,5.1,0.0,46.5,26.5,12.3
2019-02-24,9,4.6,0.0,47.2,26.2,12.5
2019-02-24,10,4.4,0.0,47.7,25.8,12.6
2019-02-24,11,4.5,0.0,46.8,25.7,13.2
2019-02-24,12,4.7,0.0,47.4,25.1,13.1
2019-02-24,13,5.1,0.0,47.9,24.2,13.0
2019-02-24,14,5.4,0.1,49.2,23.8,12.8
2019-02-24,15,6.1,0.8,49.0,23.3,12.7
2019-02-24,16,6.4,2.9,47.9,22.7,12.3
2019-02-24,17,7.0,5.4,45.6,21.4,12.5
2019-02-24,18,6.8,7.9,44.4,20.6,11.9
2019-02-24,19,6.3,10.3,44.4,19.9,11.3
2019-02-24,20,6.5,12.5,42.7,19.5,11.2
2019-02-24,21,6.3,14.6,42.2,19.3,10.6
2019-02-24,22,6.8,16.4,40.8,19.1,10.2
2019-02-24,23,7.8,19.3,37.6,18.6,10.2
2019-02-24,24,9.3,20.2,35.7,18.5,9.9
2019-02-24,25,9.6,20.5,35.4,18.6,9.6
2019-02-24,26,10.5,20.2,34.3,19.0,9.8
2019-02-24,27,10.6,19.3,34.3,19.4,10.0
2019-02-24,28,11.1,17.7,34.6,19.8,10.3
2019-02-24,29,10.9,16.8,35.3,20.0,10.4
2019-02-24,30,10.9,14.5,36.9,20.3,10.6
2019-02-24,31,10.8,11.6,39.5,20.1,10.2
2019-02-24,32,11.2,8.3,42.9,19.9,10.1
2019-02-24,33,10.4,3.5,48.6,19.2,10.0
2019-02-24,34,10.2,1.1,51.5,18.4,10.1
2019-02-24,35,10.6,0.1,51.9,17.7,10.2
2019-02-24,36,10.7,0.0,50.5,16.9,10.0
2019-02-24,37,10.7,0.0,50.8,17.1,10.1
2019-02-24,38,11.2,0.0,50.4,17.2,9.9
2019-02-24,39,11.7,0.0,50.9,17.5,9.7
2019-02-24,40,11.6,0.0,51.1,17.9,9.7
2019-02-24,41,12.0,0.0,51.6,18.5,9.6
2019-02-24,42,12.5,0.0,50.7,19.3,9.7
2019-02-24,43,13.3,0.0,48.1,20.2,10.2
2019-02-24,44,13.8,0.0,46.5,21.3,10.3
2019-02-24,45,13.5,0.0,45.2,22.6,10.7
2019-02-24,46,13.5,0.0,43.0,23.8,11.1
2019-02-24,47,13.7,0.0,42.8,24.4,10.8
2019-02-24,48,13.1,0.0,42.8,24.7,10.9
2019-02-25,1,12.8,0.0,43.5,24.5,10.8
2019-02-25,2,12.8,0.0,44.0,24.1,10.7
2019-02-25,3,12.2,0.0,43.9,24.6,10.9
2019-02-25,4,11.7,0.0,43.9,24.9,11.0
2019-02-25,5,10.4,0.0,45.3,24.9,11.0
2019-02-25,6,9.9,0.0,45.3,25.2,11.2
2019-02-25,7,9.9,0.0,44.0,25.3,11.8
2019-02-25,8,9.0,0.0,44.9,25.4,11.7
2019-02-25,9,8.3,0.0,45.7,25.3,11.8
2019-02-25,10,8.0,0.0,45.8,25.1,11.9
2019-02-25,11,7.5,0.0,48.4,24.1,10.8
2019-02-25,12,6.8,0.0,50.6,22.6,10.6
2019-02-25,13,6.1,0.0,53.0,20.6,10.6
2019-02-25,14,5.5,0.2,56.9,18.6,9.4
2019-02-25,15,5.4,1.1,57.8,17.0,8.6
2019-02-25,16,5.8,3.2,56.4,16.7,8.2
2019-02-25,17,5.6,5.3,54.0,16.2,7.8
2019-02-25,18,5.5,7.7,52.5,16.0,7.7
2019-02-25,19,5.3,9.7,52.1,15.9,7.5
2019-02-25,20,5.1,11.6,50.1,16.0,7.6
2019-02-25,21,4.9,13.3,48.6,16.0,7.6
2019-02-25,22,4.6,14.8,47.2,16.0,7.6
2019-02-25,23,3.5,17.8,44.3,16.2,7.7
2019-02-25,24,2.5,18.5,43.9,16.4,7.8
2019-02-25,25,2.7,18.7,43.5,16.5,7.7
2019-02-25,26,3.6,18.4,42.8,16.6,7.7
2019-02-25,27,4.4,17.5,42.4,16.8,7.9
2019-02-25,28,4.5,16.2,43.2,17.0,8.0
2019-02-25,29,4.8,14.5,44.7,17.1,8.3
2019-02-25,30,5.3,12.4,46.6,17.0,8.0
2019-02-25,31,5.4,9.8,51.1,16.8,5.7
2019-02-25,32,5.0,7.0,54.2,16.7,6.0
2019-02-25,33,5.6,4.1,55.8,16.4,7.0
2019-02-25,34,7.6,1.6,54.3,15.9,7.0
2019-02-25,35,8.2,0.2,55.2,15.8,8.2
2019-02-25,36,8.5,0.0,55.5,15.2,7.8
2019-02-25,37,8.5,0.0,55.5,15.1,7.8
2019-02-25,38,8.6,0.0,55.4,15.2,7.9
2019-02-25,39,8.8,0.0,54.5,15.4,8.2
2019-02-25,40,9.2,0.0,56.1,15.8,8.3
2019-02-25,41,9.8,0.0,57.2,16.3,8.1
2019-02-25,42,10.2,0.0,56.1,16.8,8.2
2019-02-25,43,10.5,0.0,54.2,17.6,8.6
2019-02-25,44,11.1,0.0,53.1,18.6,9.0
2019-02-25,45,11.9,0.0,50.6,19.8,9.6
2019-02-25,46,13.2,0.0,47.7,20.6,10.0
2019-02-25,47,14.2,0.0,46.0,21.8,10.0
2019-02-25,48,14.4,0.0,44.8,22.3,10.3
2019-02-26,1,14.1,0.0,45.2,22.3,10.2
2019-02-26,2,13.3,0.0,46.3,21.9,10.1
2019-02-26,3,12.6,0.0,46.4,22.3,10.3
2019-02-26,4,11.9,0.0,46.6,22.5,10.4
2019-02-26,5,11.8,0.0,46.8,22.5,10.3
2019-02-26,6,12.1,0.0,46.4,22.5,10.4
2019-02-26,7,11.7,0.0,46.5,22.6,10.4
2019-02-26,8,11.7,0.0,45.5,22.9,10.6
2019-02-26,9,11.9,0.0,44.8,22.9,10.5
2019-02-26,10,10.7,0.0,44.9,23.1,10.6
2019-02-26,11,9.6,0.0,44.8,23.2,11.3
2019-02-26,12,9.1,0.0,47.3,21.9,10.6
2019-02-26,13,8.3,0.0,50.8,19.7,9.5
2019-02-26,14,7.3,0.1,52.5,18.0,8.7
2019-02-26,15,6.1,0.8,55.0,16.5,8.0
2019-02-26,16,5.5,2.2,55.1,15.9,7.7
2019-02-26,17,5.1,4.4,54.4,15.5,7.6
2019-02-26,18,3.8,6.8,53.5,15.6,7.7
2019-02-26,19,3.0,10.1,51.0,15.4,7.6
2019-02-26,20,4.0,12.1,48.4,15.3,7.6
2019-02-26,21,4.0,14.0,46.3,15.5,7.6
2019-02-26,22,3.9,15.4,45.6,15.4,7.6
2019-02-26,23,3.6,17.6,43.8,15.3,7.6
2019-02-26,24,3.3,18.2,44.1,15.0,7.6
2019-02-26,25,3.2,18.4,44.0,15.0,7.5
2019-02-26,26,3.2,18.1,44.1,15.2,7.6
2019-02-26,27,3.3,17.3,44.4,15.3,7.7
2019-02-26,28,3.4,16.2,44.9,15.6,7.8
2019-02-26,29,3.5,14.6,46.0,15.7,7.9
2019-02-26,30,3.7,12.6,48.2,16.0,6.8
2019-02-26,31,3.7,10.1,51.9,16.0,5.3
2019-02-26,32,3.7,7.2,54.4,15.8,5.3
2019-02-26,33,3.8,4.3,54.6,15.7,7.8
2019-02-26,34,3.9,1.7,56.8,15.8,7.6
2019-02-26,35,4.1,0.3,56.5,15.6,7.7
2019-02-26,36,4.2,0.0,55.7,15.1,7.4
2019-02-26,37,4.6,0.0,55.4,14.8,7.3
2019-02-26,38,5.4,0.0,55.1,15.0,7.4
2019-02-26,39,5.9,0.0,54.5,15.2,7.5
2019-02-26,40,6.3,0.0,55.1,15.6,7.7
2019-02-26,41,6.6,0.0,57.0,16.1,7.9
2019-02-26,42,7.1,0.0,55.7,16.7,8.2
2019-02-26,43,7.6,0.0,54.1,17.7,8.5
2019-02-26,44,8.1,0.0,53.0,18.8,9.0
2019-02-26,45,8.6,0.0,50.7,19.8,9.5
2019-02-26,46,9.5,0.0,48.0,21.2,10.2
2019-02-26,47,10.1,0.0,45.7,22.2,10.7
2019-02-26,48,10.1,0.0,45.1,22.6,11.0
2019-02-27,1,9.5,0.0,47.3,21.7,10.6
2019-02-27,2,9.0,0.0,48.7,21.1,10.4
2019-02-27,3,8.8,0.0,49.0,21.2,10.4
2019-02-27,4,8.5,0.0,48.1,21.7,10.6
2019-02-27,5,7.7,0.0,48.6,21.8,10.7
2019-02-27,6,6.9,0.0,49.3,21.9,10.8
2019-02-27,7,6.8,0.0,48.7,22.3,10.9
2019-02-27,8,6.4,0.0,48.5,22.7,11.0
2019-02-27,9,5.9,0.0,49.2,23.0,10.6
2019-02-27,10,5.9,0.0,50.1,22.8,10.1
2019-02-27,11,6.0,0.0,52.2,22.4,7.6
2019-02-27,12,5.7,0.0,52.6,21.2,7.5
2019-02-27,13,5.1,0.0,52.7,19.2,9.9
2019-02-27,14,4.7,0.2,54.3,18.0,8.8
2019-02-27,15,4.1,1.2,55.7,16.7,8.1
2019-02-27,16,4.0,3.2,54.5,16.3,7.8
2019-02-27,17,3.8,5.6,52.5,16.0,7.8
2019-02-27,18,3.5,8.2,52.2,15.6,7.7
2019-02-27,19,3.3,10.2,51.6,15.3,7.5
2019-02-27,20,3.3,11.9,49.5,15.4,7.6
2019-02-27,21,3.4,13.7,47.8,15.5,7.6
2019-02-27,22,3.4,15.2,46.1,15.6,7.7
2019-02-27,23,3.3,17.5,44.3,15.5,7.6
2019-02-27,24,3.3,18.1,43.2,15.6,7.7
2019-02-27,25,3.3,18.3,43.0,15.7,7.6
2019-02-27,26,3.2,18.0,43.0,15.9,7.7
2019-02-27,27,3.2,17.4,42.9,16.2,7.8
2019-02-27,28,3.5,16.1,43.5,16.4,7.9
2019-02-27,29,3.9,14.4,44.4,16.5,7.9
2019-02-27,30,4.0,12.4,45.7,16.7,8.0
2019-02-27,31,4.1,9.7,48.9,16.6,6.8
2019-02-27,32,4.0,6.8,52.3,16.4,6.7
2019-02-27,33,4.1,3.9,55.1,15.8,7.6
2019-02-27,34,4.0,1.6,57.1,15.5,7.5
2019-02-27,35,3.9,0.3,58.3,15.0,7.5
2019-02-27,36,3.3,0.0,59.3,14.5,7.4
2019-02-27,37,2.9,0.0,59.4,14.3,7.3
2019-02-27,38,3.2,0.0,58.9,14.3,7.3
2019-02-27,39,3.2,0.0,60.3,14.6,7.5
2019-02-27,40,3.4,0.0,59.9,14.9,7.6
2019-02-27,41,3.3,0.0,60.3,15.3,7.8
2019-02-27,42,3.3,0.0,60.6,15.8,8.0
2019-02-27,43,3.4,0.0,60.5,16.7,8.3
2019-02-27,44,3.3,0.0,59.8,17.5,8.8
2019-02-27,45,3.3,0.0,58.2,18.5,9.3
2019-02-27,46,3.5,0.0,57.9,19.7,9.8
2019-02-27,47,3.8,0.0,57.1,20.9,10.4
2019-02-27,48,4.0,0.0,56.1,21.5,10.6
2019-02-28,1,4.1,0.0,55.0,22.1,10.9
2019-02-28,2,4.3,0.0,54.3,22.4,11.0
2019-02-28,3,4.4,0.0,55.5,21.8,10.7
2019-02-28,4,5.0,0.0,54.1,22.2,10.9
2019-02-28,5,5.5,0.0,53.1,22.5,11.0
2019-02-28,6,5.6,0.0,52.5,22.7,11.2
2019-02-28,7,5.7,0.0,51.6,23.1,11.3
2019-02-28,8,6.3,0.0,50.5,23.4,11.5
2019-02-28,9,5.8,0.0,50.9,23.6,11.3
2019-02-28,10,5.8,0.0,51.9,23.0,11.1
2019-02-28,11,6.2,0.0,51.2,22.3,10.8
2019-02-28,12,6.4,0.0,50.5,21.7,10.5
2019-02-28,13,6.1,0.0,52.7,20.2,9.7
2019-02-28,14,5.9,0.0,55.2,18.1,8.7
2019-02-28,15,5.6,0.3,58.4,16.7,7.4
2019-02-28,16,3.5,0.9,59.7,16.6,7.4
2019-02-28,17,3.0,1.5,59.2,16.3,8.0
2019-02-28,18,6.4,2.0,57.5,15.7,7.7
2019-02-28,19,6.2,2.5,56.6,15.5,7.6
2019-02-28,20,5.9,3.0,56.4,15.4,7.6
2019-02-28,21,4.7,3.6,57.3,15.7,7.7
2019-02-28,22,4.5,3.9,57.1,15.8,7.7
2019-02-28,23,6.7,5.3,54.3,15.1,7.4
2019-02-28,24,6.3,5.4,54.8,15.1,7.4
2019-02-28,25,6.3,5.4,55.2,15.2,7.3
2019-02-28,26,6.5,5.5,54.9,15.3,7.4
2019-02-28,27,7.2,5.4,54.3,15.3,7.4
2019-02-28,28,7.3,4.9,54.1,15.6,7.5
2019-02-28,29,7.0,4.1,55.0,15.7,7.5
2019-02-28,30,7.3,3.6,54.7,15.8,7.6
2019-02-28,31,7.0,2.8,55.6,15.5,7.5
2019-02-28,32,6.8,1.8,56.9,15.3,7.4
2019-02-28,33,6.2,1.0,58.1,15.3,7.4
2019-02-28,34,5.7,0.4,59.3,15.2,7.3
2019-02-28,35,5.9,0.1,58.9,15.1,7.4
2019-02-28,36,5.9,0.0,56.5,14.7,7.2
2019-02-28,37,5.8,0.0,56.5,14.7,7.2
2019-02-28,38,5.6,0.0,57.5,14.9,7.3
2019-02-28,39,5.4,0.0,58.0,15.0,7.3
2019-02-28,40,5.5,0.0,59.9,15.3,7.5
2019-02-28,41,6.1,0.0,59.5,15.7,7.7
2019-02-28,42,6.3,0.0,58.2,16.4,8.0
2019-02-28,43,6.3,0.0,56.4,17.4,8.4
2019-02-28,44,5.8,0.0,55.9,18.3,8.8
2019-02-28,45,6.1,0.0,55.6,19.3,9.3
2019-02-28,46,7.1,0.0,53.3,20.5,9.9
2019-02-28,47,7.6,0.0,51.2,21.9,10.5
2019-02-28,48,7.8,0.0,49.2,22.9,11.0
2019-03-01,1,7.9,0.0,49.1,23.0,10.8
2019-03-01,2,7.6,0.0,50.0,22.7,10.7
2019-03-01,3,7.5,0.0,50.0,22.6,10.6
2019-03-01,4,8.0,0.0,48.5,23.3,10.9
2019-03-01,5,8.2,0.0,48.5,23.3,11.0
2019-03-01,6,8.4,0.0,47.8,23.6,11.1
2019-03-01,7,8.1,0.0,48.4,23.4,11.0
2019-03-01,8,8.1,0.0,47.1,24.0,11.3
2019-03-01,9,7.7,0.0,48.3,23.6,11.2
2019-03-01,10,7.3,0.0,48.6,23.5,11.3
2019-03-01,11,6.5,0.0,48.8,22.9,11.6
2019-03-01,12,5.7,0.0,50.5,21.9,11.3
2019-03-01,13,4.7,0.0,53.2,19.9,10.7
2019-03-01,14,4.1,0.0,57.1,18.4,9.3
2019-03-01,15,3.6,0.3,59.4,16.8,8.2
2019-03-01,16,3.2,0.7,60.7,16.2,7.8
2019-03-01,17,2.7,1.3,60.6,16.0,7.8
2019-03-01,18,2.8,2.0,59.5,15.8,7.8
2019-03-01,19,3.5,2.7,58.3,15.4,7.5
2019-03-01,20,3.5,3.2,57.6,15.3,7.5
2019-03-01,21,3.2,3.5,58.2,15.4,7.5
2019-03-01,22,3.1,3.8,58.0,15.5,7.6
2019-03-01,23,3.1,4.7,57.4,15.5,7.9
2019-03-01,24,3.0,4.7,58.1,15.5,7.7
2019-03-01,25,3.2,4.6,58.1,15.6,7.6
2019-03-01,26,2.0,4.8,58.5,16.0,7.7
2019-03-01,27,2.9,4.6,58.3,16.0,7.7
2019-03-01,28,3.5,4.4,58.3,16.1,7.7
2019-03-01,29,5.0,4.0,57.7,15.6,7.8
2019-03-01,30,5.0,3.5,58.3,15.5,7.7
2019-03-01,31,4.9,2.6,58.6,15.5,7.8
2019-03-01,32,6.5,1.7,58.0,15.3,7.6
2019-03-01,33,5.3,1.0,59.3,15.7,7.8
2019-03-01,34,5.4,0.4,59.9,15.5,7.7
2019-03-01,35,7.8,0.1,57.8,15.0,7.6
2019-03-01,36,5.6,0.0,58.7,15.0,7.7
2019-03-01,37,8.4,0.0,56.5,14.5,7.4
2019-03-01,38,8.7,0.0,56.3,14.8,7.5
2019-03-01,39,9.4,0.0,56.6,15.7,7.8
2019-03-01,40,9.8,0.0,55.7,16.2,8.0
2019-03-01,41,6.6,0.0,57.0,17.4,8.6
2019-03-01,42,10.9,0.0,54.7,17.0,8.5
2019-03-01,43,4.5,0.0,56.7,19.5,9.6
2019-03-01,44,12.1,0.0,50.6,18.7,9.5
2019-03-01,45,13.1,0.0,49.1,19.6,10.0
2019-03-01,46,14.5,0.0,49.0,20.5,10.5
2019-03-01,47,16.8,0.0,46.7,21.5,10.5
2019-03-01,48,18.2,0.0,44.4,22.1,10.7
2019-03-02,1,18.3,0.0,44.0,22.9,10.3
2019-03-02,2,17.4,0.0,44.1,23.4,10.5
2019-03-02,3,17.4,0.0,43.4,23.9,10.7
2019-03-02,4,18.0,0.0,41.7,24.4,11.1
2019-03-02,5,12.9,0.0,46.0,25.2,10.9
2019-03-02,6,8.2,0.0,48.4,26.7,11.6
2019-03-02,7,11.6,0.0,44.9,26.2,12.3
2019-03-02,8,17.4,0.0,39.9,25.3,12.5
2019-03-02,9,18.5,0.0,38.8,25.2,12.8
2019-03-02,10,17.3,0.0,39.4,25.4,13.1
2019-03-02,11,16.3,0.0,40.5,25.0,13.2
2019-03-02,12,15.6,0.0,41.8,24.5,13.1
2019-03-02,13,14.3,0.0,45.4,23.1,12.4
2019-03-02,14,13.6,0.0,46.8,22.6,12.1
2019-03-02,15,12.2,0.5,47.0,21.7,12.2
2019-03-02,16,10.1,1.5,47.1,21.6,12.1
2019-03-02,17,7.2,2.8,47.7,20.8,12.2
2019-03-02,18,6.7,4.3,46.1,20.0,11.7
2019-03-02,19,10.7,5.6,43.6,19.2,11.2
2019-03-02,20,15.4,7.4,38.9,18.7,11.0
2019-03-02,21,16.8,9.0,38.7,18.3,11.1
2019-03-02,22,17.6,10.5,37.4,18.7,11.4
2019-03-02,23,19.2,12.8,34.8,18.8,10.9
2019-03-02,24,22.8,13.8,31.1,18.3,10.7
2019-03-02,25,28.2,13.4,27.7,17.9,10.0
2019-03-02,26,30.5,12.7,25.6,18.3,10.2
2019-03-02,27,25.8,11.5,28.3,20.4,11.3
2019-03-02,28,26.5,8.8,29.6,20.9,11.5
2019-03-02,29,27.0,6.6,30.6,21.3,11.7
2019-03-02,30,31.2,4.4,29.8,20.6,11.3
2019-03-02,31,28.7,3.1,31.8,22.3,11.0
2019-03-02,32,37.0,1.7,29.6,19.2,9.8
2019-03-02,33,36.9,0.9,29.4,18.4,10.9
2019-03-02,34,35.6,0.4,31.1,17.7,10.5
2019-03-02,35,33.8,0.1,32.8,17.0,11.0
2019-03-02,36,32.6,0.0,34.4,16.7,10.6
2019-03-02,37,33.5,0.0,33.5,17.2,10.7
2019-03-02,38,34.3,0.0,32.8,17.4,10.8
2019-03-02,39,35.6,0.0,30.7,17.7,11.0
2019-03-02,40,36.1,0.0,28.9,18.7,11.4
2019-03-02,41,37.0,0.0,27.1,19.8,11.2
2019-03-02,42,38.1,0.0,25.7,20.6,11.7
2019-03-02,43,39.1,0.0,24.0,21.6,11.7
2019-03-02,44,40.4,0.0,21.5,22.6,12.1
2019-03-02,45,41.8,0.0,20.8,23.8,9.9
2019-03-02,46,42.2,0.0,18.2,24.8,10.3
2019-03-02,47,44.4,0.0,16.9,25.6,8.4
2019-03-02,48,45.0,0.0,16.2,25.6,8.5
2019-03-03,1,44.6,0.0,17.2,25.5,8.0
2019-03-03,2,43.6,0.0,17.6,26.0,8.1
2019-03-03,3,42.7,0.0,18.6,26.4,7.7
2019-03-03,4,43.6,0.0,17.4,26.7,7.7
2019-03-03,5,44.6,0.0,16.9,26.7,7.1
2019-03-03,6,45.1,0.0,16.9,26.5,6.7
2019-03-03,7,45.0,0.0,17.7,26.2,6.2
2019-03-03,8,45.1,0.0,17.8,26.3,5.9
2019-03-03,9,44.7,0.0,19.1,25.8,5.5
2019-03-03,10,44.3,0.0,19.2,25.8,5.7
2019-03-03,11,37.3,0.0,22.6,30.7,3.6
2019-03-03,12,28.1,0.0,26.2,34.3,4.9
2019-03-03,13,32.0,0.0,25.1,30.5,6.5
2019-03-03,14,38.8,0.0,24.0,26.9,5.2
2019-03-03,15,38.7,0.3,23.9,25.2,8.0
2019-03-03,16,35.4,0.8,27.5,24.3,7.6
2019-03-03,17,32.2,1.4,29.5,23.0,9.7
2019-03-03,18,33.0,1.9,30.6,21.2,8.9
2019-03-03,19,32.9,2.2,32.5,19.5,8.6
2019-03-03,20,31.5,2.7,34.2,18.6,8.2
2019-03-03,21,29.0,3.3,36.6,18.8,8.2
2019-03-03,22,23.6,3.8,40.2,19.4,8.5
2019-03-03,23,17.7,4.1,45.6,19.4,9.0
2019-03-03,24,22.2,4.2,43.7,17.6,8.2
2019-03-03,25,24.9,3.8,42.6,16.8,8.2
2019-03-03,26,23.9,3.3,43.4,16.7,8.2
2019-03-03,27,23.3,3.1,43.7,16.4,8.3
2019-03-03,28,22.5,2.8,44.5,16.8,8.5
2019-03-03,29,22.4,2.4,44.9,17.4,8.9
2019-03-03,30,23.0,2.0,45.2,17.5,9.1
2019-03-03,31,22.8,1.7,44.5,17.5,9.6
2019-03-03,32,23.0,1.4,44.9,17.4,9.4
2019-03-03,33,22.2,1.0,44.6,17.4,10.0
2019-03-03,34,21.5,0.5,45.1,17.5,10.0
2019-03-03,35,21.0,0.1,44.7,17.4,10.0
2019-03-03,36,20.3,0.0,44.7,17.0,9.7
2019-03-03,37,20.4,0.0,45.1,16.6,9.1
2019-03-03,38,21.3,0.0,44.7,16.9,9.2
2019-03-03,39,21.7,0.0,45.3,17.3,9.2
2019-03-03,40,22.8,0.0,44.3,17.7,9.6
2019-03-03,41,23.8,0.0,42.6,17.9,10.0
2019-03-03,42,25.2,0.0,40.5,18.3,10.5
2019-03-03,43,26.6,0.0,39.2,19.0,9.3
2019-03-03,44,29.0,0.0,37.4,20.1,9.3
2019-03-03,45,30.9,0.0,35.2,21.0,8.6
2019-03-03,46,32.7,0.0,32.4,22.6,8.0
2019-03-03,47,35.5,0.0,30.0,24.5,5.7
2019-03-03,48,37.9,0.0,27.5,24.4,5.8
2019-03-04,1,38.4,0.0,26.8,24.7,5.9
2019-03-04,2,38.3,0.0,27.6,24.2,5.8
2019-03-04,3,39.2,0.0,26.7,24.3,5.8
2019-03-04,4,38.8,0.0,26.4,24.8,6.0
2019-03-04,5,39.7,0.0,25.2,25.1,6.0
2019-03-04,6,39.6,0.0,25.8,24.7,5.9
2019-03-04,7,39.2,0.0,26.4,24.4,5.9
2019-03-04,8,39.5,0.0,26.0,24.5,5.9
2019-03-04,9,40.5,0.0,24.9,24.6,5.9
2019-03-04,10,41.1,0.0,25.2,24.1,5.5
2019-03-04,11,40.0,0.0,25.9,24.3,4.6
2019-03-04,12,33.3,0.0,31.0,24.9,5.1
2019-03-04,13,23.4,0.0,37.2,24.4,7.7
2019-03-04,14,17.4,0.3,41.3,23.6,8.2
2019-03-04,15,17.0,1.2,42.2,20.6,10.2
2019-03-04,16,23.1,2.6,37.9,18.4,9.1
2019-03-04,17,27.8,4.1,35.2,16.6,7.8
2019-03-04,18,28.4,5.8,33.7,16.3,7.7
2019-03-04,19,26.9,7.7,33.9,15.9,8.0
2019-03-04,20,21.8,10.0,34.8,17.0,8.6
2019-03-04,21,26.1,10.4,32.5,15.8,7.9
2019-03-04,22,21.8,11.5,33.5,16.9,8.5
2019-03-04,23,21.4,13.7,32.2,16.5,8.3
2019-03-04,24,21.2,13.3,33.4,16.2,8.3
2019-03-04,25,25.6,12.2,32.1,15.3,7.8
2019-03-04,26,27.4,11.4,31.0,15.3,7.8
2019-03-04,27,21.6,11.1,34.6,16.6,8.5
2019-03-04,28,16.6,10.9,37.2,18.1,9.2
2019-03-04,29,27.2,8.8,32.6,15.8,8.1
2019-03-04,30,21.6,8.3,36.0,17.4,8.8
2019-03-04,31,21.4,6.5,38.5,17.6,7.9
2019-03-04,32,19.8,4.8,41.4,17.9,7.9
2019-03-04,33,11.7,3.2,47.3,19.0,9.2
2019-03-04,34,10.4,1.4,52.0,18.5,9.0
2019-03-04,35,17.4,0.3,47.6,16.8,8.7
2019-03-04,36,22.5,0.0,44.0,15.2,7.9
2019-03-04,37,22.0,0.0,44.3,14.9,7.5
2019-03-04,38,21.0,0.0,45.0,15.0,7.6
2019-03-04,39,21.5,0.0,45.3,15.3,8.0
2019-03-04,40,21.1,0.0,45.4,15.7,8.2
2019-03-04,41,22.1,0.0,44.5,16.1,8.8
2019-03-04,42,23.0,0.0,43.5,17.2,9.2
2019-03-04,43,24.7,0.0,42.3,18.1,9.9
2019-03-04,44,25.7,0.0,39.2,19.2,10.4
2019-03-04,45,26.7,0.0,33.8,20.9,11.9
2019-03-04,46,28.4,0.0,31.8,21.7,12.7
2019-03-04,47,29.7,0.0,30.8,22.7,11.0
2019-03-04,48,29.2,0.0,29.7,23.4,11.8
2019-03-05,1,27.5,0.0,31.6,23.3,11.8
2019-03-05,2,27.4,0.0,32.6,22.8,11.5
2019-03-05,3,27.5,0.0,33.1,22.7,11.4
2019-03-05,4,27.4,0.0,32.2,23.3,11.6
2019-03-05,5,27.0,0.0,32.4,23.7,11.5
2019-03-05,6,27.3,0.0,31.5,24.0,11.7
2019-03-05,7,27.2,0.0,31.1,24.3,11.8
2019-03-05,8,26.8,0.0,30.7,24.8,12.0
2019-03-05,9,26.0,0.0,31.8,24.5,11.9
2019-03-05,10,25.5,0.0,32.8,24.2,11.7
2019-03-05,11,24.5,0.0,34.6,23.4,11.4
2019-03-05,12,23.1,0.0,36.4,22.5,11.0
2019-03-05,13,20.6,0.0,40.7,20.3,11.4
2019-03-05,14,19.6,0.5,41.7,18.7,10.5
2019-03-05,15,18.5,1.9,44.0,17.0,9.9
2019-03-05,16,17.9,3.8,43.2,16.5,9.6
2019-03-05,17,23.5,5.5,39.3,14.8,8.5
2019-03-05,18,24.5,7.3,37.5,14.3,8.1
2019-03-05,19,23.3,9.1,37.3,14.2,7.9
2019-03-05,20,23.1,10.5,36.4,14.3,7.6
2019-03-05,21,14.6,12.6,39.9,15.8,8.1
2019-03-05,22,22.6,11.5,36.1,14.4,7.3
2019-03-05,23,21.4,13.3,36.0,14.2,7.3
2019-03-05,24,11.9,13.8,41.5,15.9,8.2
2019-03-05,25,21.3,11.4,37.6,14.7,7.2
2019-03-05,26,20.6,11.3,37.8,15.1,7.3
2019-03-05,27,5.5,12.4,46.4,17.8,8.6
2019-03-05,28,9.9,10.3,45.1,17.3,8.4
2019-03-05,29,20.4,7.6,41.0,15.2,7.4
2019-03-05,30,6.4,7.1,50.0,18.1,8.8
2019-03-05,31,14.7,4.7,47.6,16.4,8.0
2019-03-05,32,13.9,3.4,50.0,16.1,7.8
2019-03-05,33,13.7,1.9,52.1,15.8,7.6
2019-03-05,34,13.0,0.6,54.2,15.8,7.5
2019-03-05,35,12.0,0.1,54.4,15.5,7.5
2019-03-05,36,10.9,0.0,55.3,15.2,7.3
2019-03-05,37,10.5,0.0,55.3,14.9,7.2
2019-03-05,38,10.3,0.0,55.0,15.1,7.3
2019-03-05,39,9.7,0.0,55.7,15.5,7.5
2019-03-05,40,9.9,0.0,57.1,15.8,7.6
2019-03-05,41,10.7,0.0,56.5,16.2,7.8
2019-03-05,42,12.0,0.0,54.4,17.0,8.2
2019-03-05,43,14.0,0.0,51.3,18.1,8.6
2019-03-05,44,15.5,0.0,48.6,19.2,9.0
2019-03-05,45,17.8,0.0,45.9,20.3,9.6
2019-03-05,46,26.2,0.0,39.0,20.2,9.5
2019-03-05,47,28.3,0.0,34.5,22.4,9.5
2019-03-05,48,26.6,0.0,31.8,24.7,10.5
2019-03-06,1,29.0,0.0,29.7,24.8,10.2
2019-03-06,2,30.8,0.0,27.7,24.7,10.7
2019-03-06,3,33.3,0.0,24.5,25.4,10.7
2019-03-06,4,23.9,0.0,26.9,30.0,12.0
2019-03-06,5,20.3,0.0,29.2,31.2,12.4
2019-03-06,6,36.8,0.0,21.9,25.6,10.0
2019-03-06,7,37.8,0.0,21.3,25.4,9.6
2019-03-06,8,38.5,0.0,21.0,25.3,9.6
2019-03-06,9,39.3,0.0,19.9,25.2,9.4
2019-03-06,10,39.6,0.0,19.8,24.9,9.3
2019-03-06,11,39.0,0.0,21.4,24.1,8.8
2019-03-06,12,38.6,0.0,21.9,23.1,9.0
2019-03-06,13,36.3,0.0,22.7,21.4,10.5
2019-03-06,14,32.6,0.0,26.6,19.7,9.4
2019-03-06,15,29.8,0.2,31.1,18.1,8.5
2019-03-06,16,28.8,0.5,32.8,17.5,8.1
2019-03-06,17,27.4,1.0,34.8,17.1,7.7
2019-03-06,18,25.9,1.7,36.5,17.0,7.7
2019-03-06,19,25.7,2.4,36.0,16.4,7.8
2019-03-06,20,24.6,3.2,36.8,16.6,7.9
2019-03-06,21,27.0,3.7,34.4,16.4,7.7
2019-03-06,22,23.0,4.2,36.8,16.6,7.7
2019-03-06,23,22.9,4.7,36.8,16.4,8.2
2019-03-06,24,23.2,4.9,36.9,16.5,8.2
2019-03-06,25,22.7,4.7,37.3,16.4,8.4
2019-03-06,26,22.9,4.7,37.5,16.4,8.5
2019-03-06,27,23.0,4.9,36.4,16.7,9.0
2019-03-06,28,21.7,5.1,36.9,16.9,9.2
2019-03-06,29,21.8,4.4,37.4,17.0,9.3
2019-03-06,30,21.1,3.5,38.3,17.1,9.4
2019-03-06,31,20.6,3.3,38.6,17.1,9.4
2019-03-06,32,20.2,3.0,40.1,16.7,9.2
2019-03-06,33,20.4,2.0,41.5,16.5,9.0
2019-03-06,34,20.3,0.9,43.1,16.2,8.8
2019-03-06,35,19.3,0.2,44.9,16.0,8.6
2019-03-06,36,18.4,0.0,45.9,15.8,8.5
2019-03-06,37,17.6,0.0,44.9,15.4,7.9
2019-03-06,38,17.3,0.0,45.4,15.5,8.2
2019-03-06,39,17.5,0.0,46.0,16.0,8.5
2019-03-06,40,18.2,0.0,45.6,16.3,8.9
2019-03-06,41,18.8,0.0,43.6,16.8,9.6
2019-03-06,42,20.9,0.0,40.6,17.6,9.9
2019-03-06,43,22.7,0.0,37.2,18.7,10.5
2019-03-06,44,24.9,0.0,34.6,19.9,11.2
2019-03-06,45,27.2,0.0,31.2,21.4,11.6
2019-03-06,46,29.6,0.0,26.6,22.8,12.0
2019-03-06,47,32.3,0.0,23.1,24.7,11.0
2019-03-06,48,33.0,0.0,21.4,25.4,12.0
2019-03-07,1,32.3,0.0,22.0,25.0,11.8
2019-03-07,2,31.0,0.0,24.3,24.4,11.5
2019-03-07,3,30.9,0.0,23.3,25.0,11.2
2019-03-07,4,29.9,0.0,23.4,25.2,11.3
2019-03-07,5,30.2,0.0,23.2,25.0,11.2
2019-03-07,6,30.5,0.0,23.0,25.0,11.2
2019-03-07,7,31.6,0.0,21.6,25.4,11.4
2019-03-07,8,32.8,0.0,21.0,25.6,11.5
2019-03-07,9,33.4,0.0,20.7,25.6,11.4
2019-03-07,10,33.7,0.0,20.6,25.3,11.2
2019-03-07,11,33.1,0.0,21.3,24.5,11.0
2019-03-07,12,31.9,0.0,23.2,23.2,10.5
2019-03-07,13,30.2,0.0,25.6,21.5,10.2
2019-03-07,14,28.9,0.5,28.3,19.6,9.5
2019-03-07,15,27.7,1.4,30.1,18.1,10.3
2019-03-07,16,27.5,3.0,29.2,17.7,9.7
2019-03-07,17,28.1,4.8,29.1,17.3,9.2
2019-03-07,18,29.4,6.3,25.5,17.4,9.2
2019-03-07,19,29.8,7.1,24.8,17.2,8.9
2019-03-07,20,30.3,8.0,23.5,17.1,8.8
2019-03-07,21,31.0,8.9,23.0,17.0,8.9
2019-03-07,22,31.5,9.6,22.0,16.8,8.9
2019-03-07,23,31.1,10.4,21.2,16.6,9.2
2019-03-07,24,31.3,9.8,21.4,16.6,9.3
2019-03-07,25,31.1,9.1,22.5,16.6,9.1
2019-03-07,26,31.2,8.7,22.9,16.8,9.0
2019-03-07,27,31.6,7.8,23.1,16.9,9.0
2019-03-07,28,32.0,6.3,23.4,17.2,9.2
2019-03-07,29,16.3,6.0,31.0,21.3,11.0
2019-03-07,30,16.3,4.8,31.8,21.5,11.3
2019-03-07,31,15.7,3.7,32.4,21.2,11.7
2019-03-07,32,31.1,2.1,29.0,16.8,9.1
2019-03-07,33,30.5,1.4,31.2,16.6,8.6
2019-03-07,34,30.0,0.7,33.4,16.3,8.0
2019-03-07,35,28.9,0.3,35.5,16.0,7.8
2019-03-07,36,27.9,0.0,35.9,15.6,7.6
2019-03-07,37,26.7,0.0,35.8,15.3,7.5
2019-03-07,38,26.4,0.0,36.2,15.3,7.5
2019-03-07,39,25.8,0.0,36.2,15.8,7.7
2019-03-07,40,26.1,0.0,36.3,16.2,7.9
2019-03-07,41,25.6,0.0,36.8,16.5,8.0
2019-03-07,42,25.8,0.0,37.1,17.2,8.4
2019-03-07,43,26.3,0.0,35.0,18.1,8.6
2019-03-07,44,25.4,0.0,35.1,19.2,9.2
2019-03-07,45,26.0,0.0,34.1,20.4,9.8
2019-03-07,46,25.1,0.0,33.2,21.8,10.1
2019-03-07,47,23.6,0.0,36.5,23.1,7.0
2019-03-07,48,19.7,0.0,40.0,23.2,7.1
2019-03-08,1,17.9,0.0,39.7,22.9,9.6
2019-03-08,2,17.4,0.0,40.3,22.5,9.6
2019-03-08,3,16.4,0.0,40.8,22.9,9.7
2019-03-08,4,15.9,0.0,41.0,23.0,9.8
2019-03-08,5,15.7,0.0,41.0,23.2,9.9
2019-03-08,6,14.6,0.0,41.5,23.4,10.0
2019-03-08,7,13.4,0.0,41.4,24.0,10.2
2019-03-08,8,13.1,0.0,42.5,23.8,10.1
2019-03-08,9,13.3,0.0,41.5,24.1,10.7
2019-03-08,10,12.6,0.0,43.1,23.8,10.6
2019-03-08,11,11.2,0.0,44.0,22.8,11.5
2019-03-08,12,9.7,0.0,45.9,21.5,11.2
2019-03-08,13,8.5,0.1,46.3,19.9,11.1
2019-03-08,14,7.6,0.9,49.0,18.1,9.8
2019-03-08,15,7.1,2.3,49.5,16.8,8.6
2019-03-08,16,8.0,3.8,47.6,16.3,7.9
2019-03-08,17,18.9,4.5,42.3,14.0,6.9
2019-03-08,18,9.3,6.2,45.8,15.7,7.7
2019-03-08,19,10.7,6.9,46.9,15.5,6.9
2019-03-08,20,11.6,7.1,46.4,15.6,7.0
2019-03-08,21,13.1,6.6,45.7,15.4,7.4
2019-03-08,22,15.5,5.9,43.8,15.5,7.7
2019-03-08,23,17.5,5.5,41.3,15.8,8.5
2019-03-08,24,18.0,4.9,41.4,15.7,8.8
2019-03-08,25,19.7,4.6,40.0,15.5,8.9
2019-03-08,26,21.0,4.7,38.1,15.8,9.1
2019-03-08,27,22.8,4.9,35.5,16.2,9.4
2019-03-08,28,25.3,4.7,33.3,16.2,9.3
2019-03-08,29,25.0,4.3,33.4,16.6,9.6
2019-03-08,30,25.5,3.4,33.4,16.7,9.8
2019-03-08,31,26.3,2.5,33.2,16.8,9.6
2019-03-08,32,26.1,1.8,34.5,16.5,9.6
2019-03-08,33,26.3,1.1,35.6,16.2,9.4
2019-03-08,34,26.7,0.5,35.6,16.0,9.4
2019-03-08,35,27.2,0.1,36.2,15.6,9.3
2019-03-08,36,27.5,0.0,35.7,15.5,9.2
2019-03-08,37,27.7,0.0,35.6,15.1,9.0
2019-03-08,38,28.6,0.0,34.6,15.5,8.9
2019-03-08,39,29.5,0.0,33.8,15.8,9.2
2019-03-08,40,29.9,0.0,32.1,16.5,9.7
2019-03-08,41,30.8,0.0,29.4,17.3,10.3
2019-03-08,42,32.1,0.0,28.7,18.0,10.8
2019-03-08,43,33.7,0.0,27.1,19.0,11.2
2019-03-08,44,34.3,0.0,25.7,20.3,12.0
2019-03-08,45,37.1,0.0,24.0,20.4,11.2
2019-03-08,46,37.5,0.0,21.7,21.8,11.9
2019-03-08,47,37.3,0.0,22.7,22.2,10.1
2019-03-08,48,38.9,0.0,21.3,22.7,9.8
2019-03-09,1,39.9,0.0,20.8,22.9,9.8
2019-03-09,2,39.6,0.0,22.2,22.6,9.4
2019-03-09,3,39.9,0.0,21.9,22.6,9.2
2019-03-09,4,40.6,0.0,20.1,23.1,9.8
2019-03-09,5,40.0,0.0,21.5,23.0,9.0
2019-03-09,6,39.7,0.0,21.4,23.3,9.0
2019-03-09,7,39.8,0.0,21.9,23.7,8.1
2019-03-09,8,40.1,0.0,21.2,23.9,8.3
2019-03-09,9,40.7,0.0,21.7,23.6,7.6
2019-03-09,10,41.1,0.0,20.5,24.0,7.7
2019-03-09,11,41.3,0.0,19.9,23.9,8.2
2019-03-09,12,39.5,0.0,22.4,23.3,7.7
2019-03-09,13,39.6,0.0,19.9,23.1,8.9
2019-03-09,14,39.3,0.3,18.5,22.6,8.9
2019-03-09,15,37.2,1.2,20.3,21.1,10.2
2019-03-09,16,36.1,2.8,21.0,20.3,9.7
2019-03-09,17,35.2,4.8,23.8,18.8,8.4
2019-03-09,18,35.4,6.9,22.6,17.9,8.1
2019-03-09,19,34.9,8.7,21.8,16.4,9.2
2019-03-09,20,35.2,10.2,20.7,16.4,8.8
2019-03-09,21,35.1,11.6,19.7,16.1,8.7
2019-03-09,22,35.7,13.7,17.0,16.2,8.8
2019-03-09,23,34.3,17.8,15.4,15.8,8.9
2019-03-09,24,32.9,18.6,16.7,15.6,8.6
2019-03-09,25,33.4,18.6,16.6,15.7,7.6
2019-03-09,26,34.3,18.2,16.5,15.9,7.6
2019-03-09,27,35.4,16.4,16.9,16.4,7.7
2019-03-09,28,36.5,13.8,17.6,16.9,7.9
2019-03-09,29,36.9,12.3,18.4,17.1,8.2
2019-03-09,30,36.8,10.0,20.1,17.2,8.3
2019-03-09,31,35.9,7.1,22.7,17.3,8.3
2019-03-09,32,35.0,4.8,25.3,17.1,8.3
2019-03-09,33,32.7,2.6,28.2,16.9,9.4
2019-03-09,34,31.4,1.1,32.5,16.2,9.0
2019-03-09,35,29.5,0.3,36.0,15.4,8.8
2019-03-09,36,27.7,0.0,38.8,14.8,8.4
2019-03-09,37,23.8,0.0,41.9,14.4,8.2
2019-03-09,38,22.3,0.0,43.1,14.5,8.2
2019-03-09,39,21.5,0.0,43.5,15.0,8.5
2019-03-09,40,21.4,0.0,42.9,15.3,8.7
2019-03-09,41,19.8,0.0,44.1,15.4,8.7
2019-03-09,42,17.4,0.0,45.9,15.8,8.9
2019-03-09,43,14.7,0.0,47.4,16.2,8.8
2019-03-09,44,14.2,0.0,47.7,16.7,9.1
2019-03-09,45,13.8,0.0,47.2,17.5,9.6
2019-03-09,46,13.4,0.0,47.1,17.9,9.8
2019-03-09,47,13.1,0.0,47.0,18.7,10.2
2019-03-09,48,13.2,0.0,46.3,19.2,10.5
2019-03-10,1,12.1,0.0,46.2,19.7,10.5
2019-03-10,2,11.0,0.0,48.0,19.6,10.4
2019-03-10,3,9.8,0.0,50.0,20.2,10.2
2019-03-10,4,9.1,0.0,49.8,20.7,10.4
2019-03-10,5,9.2,0.0,49.3,21.2,10.5
2019-03-10,6,9.6,0.0,47.3,21.7,11.5
2019-03-10,7,9.7,0.0,49.0,21.6,11.4
2019-03-10,8,10.3,0.0,47.3,22.1,12.3
2019-03-10,9,11.0,0.0,47.3,22.0,12.0
2019-03-10,10,11.7,0.0,46.3,22.1,12.1
2019-03-10,11,11.9,0.0,46.6,21.7,11.9
2019-03-10,12,12.3,0.0,46.6,21.4,11.7
2019-03-10,13,13.3,0.0,46.4,20.5,11.4
2019-03-10,14,15.5,0.3,43.9,19.9,11.1
2019-03-10,15,17.3,1.3,40.9,19.7,11.0
2019-03-10,16,18.9,2.9,38.4,19.3,10.8
2019-03-10,17,22.1,4.7,35.3,18.2,10.1
2019-03-10,18,23.1,6.3,33.9,17.5,9.8
2019-03-10,19,24.2,7.5,32.9,16.7,9.8
2019-03-10,20,23.8,8.7,32.7,16.1,9.4
2019-03-10,21,24.6,10.0,31.7,15.8,9.6
2019-03-10,22,26.2,11.3,29.7,15.6,9.5
2019-03-10,23,28.3,12.2,27.5,15.7,9.4
2019-03-10,24,30.2,13.6,24.5,15.7,9.4
2019-03-10,25,32.4,14.9,21.3,15.6,9.2
2019-03-10,26,33.7,16.1,20.1,15.7,9.2
2019-03-10,27,34.8,16.7,20.1,15.8,8.1
2019-03-10,28,34.1,17.0,19.2,16.4,8.5
2019-03-10,29,36.7,14.6,19.2,16.4,8.0
2019-03-10,30,37.1,12.5,20.5,16.5,8.3
2019-03-10,31,36.8,10.1,22.7,16.5,9.1
2019-03-10,32,35.9,7.2,25.6,16.4,9.1
2019-03-10,33,35.3,4.8,26.1,16.2,10.0
2019-03-10,34,34.1,2.1,29.5,15.9,10.0
2019-03-10,35,33.3,0.6,31.2,15.5,10.5
2019-03-10,36,32.5,0.1,32.7,15.2,10.3
2019-03-10,37,31.6,0.0,33.9,14.7,10.0
2019-03-10,38,31.5,0.0,34.0,14.7,10.0
2019-03-10,39,32.4,0.0,32.2,15.1,10.2
2019-03-10,40,32.7,0.0,31.7,15.5,10.5
2019-03-10,41,31.9,0.0,32.6,15.6,10.5
2019-03-10,42,34.6,0.0,30.4,16.4,10.9
2019-03-10,43,35.0,0.0,28.4,17.3,10.6
2019-03-10,44,37.8,0.0,25.9,18.2,10.7
2019-03-10,45,39.7,0.0,24.4,19.4,8.2
2019-03-10,46,41.9,0.0,21.3,20.5,8.6
2019-03-10,47,44.1,0.0,18.7,21.6,8.5
2019-03-10,48,44.7,0.0,17.8,21.7,9.0
2019-03-11,1,44.6,0.0,18.0,21.5,9.7
2019-03-11,2,43.1,0.0,19.7,21.2,9.7
2019-03-11,3,42.8,0.0,20.1,20.8,9.5
2019-03-11,4,44.0,0.0,18.3,21.2,9.6
2019-03-11,5,45.0,0.0,18.2,21.6,8.6
2019-03-11,6,45.1,0.0,18.1,21.8,8.4
2019-03-11,7,44.8,0.0,18.3,22.2,7.9
2019-03-11,8,44.1,0.0,18.7,22.2,7.8
2019-03-11,9,45.2,0.0,18.2,22.3,7.4
2019-03-11,10,43.4,0.0,19.7,21.8,7.1
2019-03-11,11,41.9,0.0,21.6,21.1,7.3
2019-03-11,12,40.5,0.0,22.9,20.1,7.1
2019-03-11,13,36.3,0.1,26.1,18.0,9.9
2019-03-11,14,32.8,1.1,30.0,16.2,8.8
2019-03-11,15,29.1,2.9,33.6,14.5,8.1
2019-03-11,16,27.9,5.2,32.8,14.2,7.9
2019-03-11,17,26.9,7.4,32.2,13.8,7.9
2019-03-11,18,26.6,9.7,30.5,13.7,7.8
2019-03-11,19,26.4,11.7,29.2,13.5,7.7
2019-03-11,20,26.5,13.6,27.4,13.5,7.7
2019-03-11,21,24.0,15.5,27.1,13.8,7.9
2019-03-11,22,20.5,17.2,27.8,14.3,8.1
2019-03-11,23,21.0,18.7,26.7,14.0,8.0
2019-03-11,24,25.0,18.1,25.2,13.1,7.6
2019-03-11,25,24.5,17.9,25.4,13.3,7.6
2019-03-11,26,24.4,17.7,25.4,13.4,7.7
2019-03-11,27,24.6,17.1,25.1,13.6,8.1
2019-03-11,28,23.1,15.7,26.7,13.8,8.6
2019-03-11,29,21.3,14.2,29.3,14.2,9.2
2019-03-11,30,21.0,11.6,31.2,14.1,9.6
2019-03-11,31,23.0,8.5,33.9,13.7,9.4
2019-03-11,32,21.5,5.7,36.5,13.7,9.4
2019-03-11,33,13.3,3.4,44.5,14.8,10.2
2019-03-11,34,10.5,1.5,48.2,14.9,10.2
2019-03-11,35,20.1,0.4,45.5,13.0,9.1
2019-03-11,36,20.3,0.0,45.6,12.6,8.8
2019-03-11,37,20.6,0.0,45.8,12.4,8.6
2019-03-11,38,21.5,0.0,45.1,12.4,8.7
2019-03-11,39,21.2,0.0,45.2,12.7,8.8
2019-03-11,40,21.9,0.0,45.0,12.9,9.1
2019-03-11,41,23.5,0.0,42.3,13.4,9.5
2019-03-11,42,25.7,0.0,40.1,14.1,10.0
2019-03-11,43,28.9,0.0,35.6,15.5,9.9
2019-03-11,44,31.2,0.0,32.0,16.4,10.6
2019-03-11,45,34.0,0.0,29.0,17.8,9.8
2019-03-11,46,37.0,0.0,25.6,19.1,10.5
2019-03-11,47,40.0,0.0,24.2,20.4,9.6
2019-03-11,48,41.0,0.0,22.3,20.8,9.9
2019-03-12,1,41.1,0.0,21.5,20.4,11.0
2019-03-12,2,40.8,0.0,22.1,20.2,10.9
2019-03-12,3,40.3,0.0,23.1,20.1,10.5
2019-03-12,4,41.3,0.0,21.2,20.5,10.7
2019-03-12,5,41.8,0.0,20.4,20.8,10.6
2019-03-12,6,41.7,0.0,20.4,20.8,10.6
2019-03-12,7,42.5,0.0,20.4,21.4,9.1
2019-03-12,8,42.7,0.0,19.8,21.6,9.3
2019-03-12,9,42.2,0.0,21.1,21.8,8.3
2019-03-12,10,41.9,0.0,21.4,21.6,8.2
2019-03-12,11,42.8,0.0,21.4,21.3,6.8
2019-03-12,12,40.5,0.0,23.6,19.8,6.3
2019-03-12,13,36.5,0.0,26.8,17.4,9.7
2019-03-12,14,33.9,0.1,30.0,15.8,8.6
2019-03-12,15,30.7,0.2,34.1,14.5,9.2
2019-03-12,16,26.6,0.5,36.9,14.8,9.1
2019-03-12,17,25.4,0.8,38.8,14.5,8.7
2019-03-12,18,28.5,1.1,38.1,13.5,8.0
2019-03-12,19,21.0,1.6,42.1,14.5,9.2
2019-03-12,20,16.5,2.1,44.9,14.7,9.8
2019-03-12,21,28.0,2.1,38.9,12.5,8.7
2019-03-12,22,30.0,2.2,37.1,11.9,8.6
2019-03-12,23,26.7,2.6,38.8,12.3,8.9
2019-03-12,24,26.0,2.9,39.3,12.3,9.1
2019-03-12,25,27.0,3.1,39.1,12.2,8.8
2019-03-12,26,26.6,3.4,39.3,12.2,8.8
2019-03-12,27,26.0,4.0,39.3,12.2,8.8
2019-03-12,28,26.2,5.0,38.1,12.6,8.6
2019-03-12,29,27.0,6.3,35.7,12.7,8.8
2019-03-12,30,28.1,7.2,33.3,13.0,9.0
2019-03-12,31,28.2,7.0,32.9,13.1,9.1
2019-03-12,32,28.1,6.1,34.3,13.0,9.0
2019-03-12,33,28.9,4.8,35.0,12.9,8.9
2019-03-12,34,30.1,2.8,35.9,12.8,8.9
2019-03-12,35,29.3,1.0,38.1,12.8,9.1
2019-03-12,36,28.8,0.1,39.7,12.8,9.0
2019-03-12,37,28.2,0.0,40.2,12.4,8.7
2019-03-12,38,28.0,0.0,40.0,12.4,8.7
2019-03-12,39,28.3,0.0,39.8,12.7,9.0
2019-03-12,40,28.3,0.0,39.5,13.0,9.2
2019-03-12,41,28.3,0.0,38.9,13.4,9.5
2019-03-12,42,29.1,0.0,37.4,13.7,10.0
2019-03-12,43,29.9,0.0,34.8,14.4,10.4
2019-03-12,44,30.7,0.0,32.6,15.3,11.1
2019-03-12,45,30.9,0.0,32.0,16.2,11.2
2019-03-12,46,32.0,0.0,30.8,16.9,11.8
2019-03-12,47,36.3,0.0,27.1,18.3,10.6
2019-03-12,48,39.2,0.0,22.5,19.4,11.2
2019-03-13,1,38.6,0.0,22.2,20.1,11.0
2019-03-13,2,38.5,0.0,22.8,19.9,10.9
2019-03-13,3,39.6,0.0,21.9,20.1,11.0
2019-03-13,4,40.3,0.0,20.8,20.3,11.1
2019-03-13,5,40.3,0.0,22.2,20.3,10.6
2019-03-13,6,39.9,0.0,22.6,20.2,10.5
2019-03-13,7,40.7,0.0,22.3,20.4,10.5
2019-03-13,8,41.5,0.0,21.1,20.6,10.6
2019-03-13,9,41.5,0.0,21.2,20.6,10.4
2019-03-13,10,41.9,0.0,21.2,20.5,10.3
2019-03-13,11,41.1,0.0,21.6,19.9,10.4
2019-03-13,12,39.2,0.0,22.3,19.1,10.0
2019-03-13,13,36.0,0.1,25.8,17.2,10.6
2019-03-13,14,33.3,0.7,29.7,15.6,9.8
2019-03-13,15,31.0,1.9,32.5,13.8,10.0
2019-03-13,16,31.6,3.4,31.0,13.5,9.8
2019-03-13,17,24.5,5.2,32.9,14.7,10.5
2019-03-13,18,20.7,7.6,33.0,15.2,10.9
2019-03-13,19,31.4,8.3,26.9,13.2,9.5
2019-03-13,20,33.5,8.8,25.6,12.7,9.1
2019-03-13,21,32.2,10.2,25.0,13.4,9.3
2019-03-13,22,31.9,11.0,24.2,13.6,9.4
2019-03-13,23,32.3,10.5,24.3,13.6,9.3
2019-03-13,24,32.2,10.7,24.1,13.5,9.3
2019-03-13,25,32.0,11.0,24.2,13.6,9.3
2019-03-13,26,32.1,10.7,24.4,13.5,9.3
2019-03-13,27,31.7,10.6,24.6,13.6,9.3
2019-03-13,28,31.7,10.2,25.1,13.7,9.2
2019-03-13,29,31.9,9.1,25.7,13.8,9.2
2019-03-13,30,32.4,7.5,26.2,14.0,9.7
2019-03-13,31,32.3,6.0,27.6,13.9,9.6
2019-03-13,32,31.2,4.6,31.1,13.2,9.5
2019-03-13,33,30.3,3.0,34.4,13.0,9.3
2019-03-13,34,29.0,1.3,37.8,12.7,9.2
2019-03-13,35,28.5,0.4,39.6,12.6,9.1
2019-03-13,36,27.4,0.1,40.4,12.5,9.0
2019-03-13,37,26.6,0.0,40.6,12.1,8.9
2019-03-13,38,26.9,0.0,40.2,12.3,9.0
2019-03-13,39,28.3,0.0,38.4,12.9,9.1
2019-03-13,40,30.0,0.0,37.2,13.4,9.5
2019-03-13,41,30.6,0.0,37.1,13.9,9.8
2019-03-13,42,31.5,0.0,35.2,14.4,10.2
2019-03-13,43,32.7,0.0,33.1,15.4,10.6
2019-03-13,44,34.1,0.0,30.0,16.3,11.3
2019-03-13,45,36.1,0.0,27.6,17.6,11.2
2019-03-13,46,38.2,0.0,24.9,18.7,11.8
2019-03-13,47,40.6,0.0,21.9,20.0,11.4
2019-03-13,48,41.9,0.0,19.2,20.7,11.8
2019-03-14,1,41.3,0.0,20.7,20.7,10.9
2019-03-14,2,40.5,0.0,22.2,20.3,10.7
2019-03-14,3,40.0,0.0,23.6,20.1,10.0
2019-03-14,4,41.5,0.0,21.1,20.8,10.2
2019-03-14,5,41.1,0.0,23.9,20.0,8.6
2019-03-14,6,41.7,0.0,23.3,19.8,8.8
2019-03-14,7,41.9,0.0,23.0,20.1,8.5
2019-03-14,8,42.4,0.0,22.6,20.0,8.5
2019-03-14,9,42.6,0.0,22.7,20.1,8.2
2019-03-14,10,42.3,0.0,23.6,19.8,8.0
2019-03-14,11,42.7,0.0,22.6,19.6,8.6
2019-03-14,12,41.0,0.0,25.2,18.6,8.2
2019-03-14,13,38.4,0.0,25.7,16.8,11.2
2019-03-14,14,36.3,0.1,28.5,15.5,10.1
2019-03-14,15,33.9,0.7,31.0,14.6,9.1
2019-03-14,16,32.9,1.7,31.6,14.3,8.9
2019-03-14,17,32.2,2.9,31.2,14.1,9.1
2019-03-14,18,31.8,4.1,30.2,14.0,9.0
2019-03-14,19,31.6,5.4,28.8,13.6,9.6
2019-03-14,20,32.3,7.2,28.2,13.5,8.7
2019-03-14,21,32.1,8.9,27.7,13.7,7.0
2019-03-14,22,29.9,10.8,27.6,13.8,7.0
2019-03-14,23,27.5,14.5,25.4,13.2,9.1
2019-03-14,24,25.1,16.2,25.2,13.6,9.4
2019-03-14,25,23.7,17.0,25.0,13.9,9.6
2019-03-14,26,26.1,16.2,23.6,13.9,9.5
2019-03-14,27,27.1,15.5,22.7,13.9,9.7
2019-03-14,28,20.7,16.0,25.5,15.0,10.5
2019-03-14,29,15.8,15.0,28.4,16.0,11.4
2019-03-14,30,23.6,11.7,27.4,14.8,10.2
2019-03-14,31,28.5,8.7,28.6,14.0,9.3
2019-03-14,32,29.4,6.0,32.8,13.6,8.9
2019-03-14,33,28.7,4.0,35.8,13.5,8.2
2019-03-14,34,28.5,2.0,38.1,13.5,8.1
2019-03-14,35,29.9,0.6,38.0,13.4,7.9
2019-03-14,36,28.1,0.1,39.7,13.5,8.0
2019-03-14,37,17.2,0.0,46.1,14.9,8.8
2019-03-14,38,12.5,0.0,49.2,15.6,9.2
2019-03-14,39,25.8,0.0,41.8,13.5,8.0
2019-03-14,40,26.2,0.0,40.5,13.6,8.1
2019-03-14,41,26.0,0.0,39.3,14.1,8.4
2019-03-14,42,27.2,0.0,37.7,14.6,8.6
2019-03-14,43,28.9,0.0,34.4,15.6,9.2
2019-03-14,44,29.7,0.0,33.0,16.3,9.9
2019-03-14,45,31.1,0.0,30.6,17.5,10.3
2019-03-14,46,32.9,0.0,26.6,18.9,10.8
2019-03-14,47,34.0,0.0,23.9,19.9,11.1
2019-03-14,48,34.5,0.0,22.4,20.4,12.0
2019-03-15,1,34.7,0.0,22.3,20.5,11.9
2019-03-15,2,34.6,0.0,23.2,20.2,11.7
2019-03-15,3,35.9,0.0,21.6,20.6,11.3
2019-03-15,4,37.2,0.0,19.7,21.0,11.5
2019-03-15,5,38.5,0.0,18.7,21.3,11.1
2019-03-15,6,39.2,0.0,18.1,21.4,11.1
2019-03-15,7,39.3,0.0,19.4,20.8,10.4
2019-03-15,8,40.7,0.0,19.0,20.5,10.0
2019-03-15,9,42.3,0.0,19.1,20.6,8.3
2019-03-15,10,42.9,0.0,18.9,20.2,8.1
2019-03-15,11,42.8,0.0,19.1,19.7,7.5
2019-03-15,12,41.1,0.0,21.8,18.7,7.2
2019-03-15,13,38.9,0.0,22.3,17.5,10.2
2019-03-15,14,36.5,0.3,24.8,16.4,9.3
2019-03-15,15,34.4,1.0,27.2,15.3,9.7
2019-03-15,16,33.3,2.0,27.8,14.9,9.3
2019-03-15,17,31.5,3.2,28.3,14.9,9.4
2019-03-15,18,28.2,4.4,28.3,15.3,10.1
2019-03-15,19,24.9,5.5,29.6,15.8,10.7
2019-03-15,20,21.9,6.8,29.1,16.3,11.0
2019-03-15,21,23.4,7.7,28.3,16.0,10.9
2019-03-15,22,30.5,7.7,25.0,14.5,9.8
2019-03-15,23,31.9,9.4,23.9,13.8,8.9
2019-03-15,24,31.5,9.5,24.4,13.8,8.9
2019-03-15,25,31.3,9.9,23.5,13.8,8.6
2019-03-15,26,31.7,9.4,23.4,13.9,8.5
2019-03-15,27,32.0,9.1,23.9,14.1,8.5
2019-03-15,28,32.2,9.0,23.6,14.0,8.5
2019-03-15,29,32.5,8.2,23.9,13.9,8.2
2019-03-15,30,31.5,7.4,24.7,14.3,8.4
2019-03-15,31,30.8,6.2,26.5,14.7,9.0
2019-03-15,32,31.2,4.4,28.9,14.2,8.7
2019-03-15,33,30.6,2.9,32.0,13.9,8.4
2019-03-15,34,29.2,1.5,36.5,13.8,8.3
2019-03-15,35,28.2,0.5,39.9,13.8,8.2
2019-03-15,36,27.8,0.1,40.8,13.8,8.2
2019-03-15,37,25.0,0.0,40.9,13.7,8.1
2019-03-15,38,21.3,0.0,43.5,14.1,8.3
2019-03-15,39,21.1,0.0,43.8,14.3,8.4
2019-03-15,40,24.1,0.0,41.7,14.0,8.3
2019-03-15,41,25.0,0.0,41.6,14.4,8.5
2019-03-15,42,24.9,0.0,39.9,15.2,9.0
2019-03-15,43,25.5,0.0,38.4,15.7,9.1
2019-03-15,44,25.8,0.0,37.2,16.6,9.6
2019-03-15,45,26.0,0.0,35.1,17.6,10.0
2019-03-15,46,26.6,0.0,33.4,18.4,10.5
2019-03-15,47,26.8,0.0,32.8,19.3,10.0
2019-03-15,48,25.0,0.0,35.1,19.5,10.7
2019-03-16,1,22.5,0.0,36.5,19.7,11.6
2019-03-16,2,19.9,0.0,36.2,19.9,12.1
2019-03-16,3,18.8,0.0,38.2,20.4,11.8
2019-03-16,4,17.9,0.0,38.9,20.7,11.9
2019-03-16,5,17.8,0.0,38.7,20.9,12.1
2019-03-16,6,19.2,0.0,37.2,21.0,12.1
2019-03-16,7,22.3,0.0,34.3,20.8,12.3
2019-03-16,8,22.9,0.0,34.7,20.5,12.4
2019-03-16,9,23.6,0.0,34.8,20.1,12.2
2019-03-16,10,26.1,0.0,31.9,20.3,12.3
2019-03-16,11,29.1,0.0,28.6,20.4,12.3
2019-03-16,12,31.8,0.0,25.3,20.6,12.5
2019-03-16,13,31.7,0.0,26.5,20.1,12.1
2019-03-16,14,31.9,0.2,25.7,20.6,12.0
2019-03-16,15,30.6,0.6,27.6,19.6,11.8
2019-03-16,16,30.2,1.1,29.7,18.6,11.2
2019-03-16,17,28.7,1.6,31.5,17.2,11.4
2019-03-16,18,28.6,2.1,32.6,16.4,10.9
2019-03-16,19,27.7,2.6,33.8,15.8,10.9
2019-03-16,20,27.5,3.2,33.8,15.7,10.9
2019-03-16,21,27.3,3.7,33.6,15.5,10.7
2019-03-16,22,27.5,4.2,33.4,15.5,10.7
2019-03-16,23,27.3,5.6,32.9,15.2,10.5
2019-03-16,24,27.2,6.0,32.7,15.2,10.5
2019-03-16,25,27.6,5.5,32.9,15.3,10.3
2019-03-16,26,28.7,4.8,32.1,15.5,10.4
2019-03-16,27,29.3,4.6,32.0,15.7,10.1
2019-03-16,28,29.8,4.2,31.8,15.8,10.4
2019-03-16,29,30.4,3.4,32.0,15.9,10.2
2019-03-16,30,31.1,2.7,31.8,15.8,10.3
2019-03-16,31,31.7,2.1,31.5,15.4,10.7
2019-03-16,32,32.2,1.4,31.7,15.2,10.8
2019-03-16,33,32.2,0.9,32.5,15.0,10.4
2019-03-16,34,32.0,0.5,33.2,14.6,9.8
2019-03-16,35,31.2,0.1,33.8,14.3,9.1
2019-03-16,36,30.8,0.0,34.3,14.3,9.1
2019-03-16,37,30.6,0.0,33.4,14.5,8.8
2019-03-16,38,30.2,0.0,33.7,14.8,8.8
2019-03-16,39,29.9,0.0,33.7,15.0,8.9
2019-03-16,40,30.0,0.0,33.4,15.4,9.1
2019-03-16,41,30.2,0.0,33.7,15.8,8.9
2019-03-16,42,31.9,0.0,32.1,16.5,9.3
2019-03-16,43,32.6,0.0,31.6,17.3,8.8
2019-03-16,44,34.9,0.0,27.8,17.8,9.2
2019-03-16,45,37.2,0.0,25.1,18.7,9.4
2019-03-16,46,39.3,0.0,22.5,19.5,9.4
2019-03-16,47,40.8,0.0,20.3,20.1,9.1
2019-03-16,48,41.9,0.0,17.7,20.6,9.9
2019-03-17,1,41.6,0.0,17.3,20.6,10.6
2019-03-17,2,41.8,0.0,17.6,20.4,10.6
2019-03-17,3,40.4,0.0,18.7,20.5,10.7
2019-03-17,4,41.2,0.0,17.0,21.0,10.9
2019-03-17,5,41.1,0.0,17.7,21.0,10.4
2019-03-17,6,42.2,0.0,15.8,21.4,10.3
2019-03-17,7,42.8,0.0,15.5,21.7,9.8
2019-03-17,8,43.6,0.0,14.9,22.1,9.5
2019-03-17,9,43.8,0.0,15.4,22.1,9.3
2019-03-17,10,43.7,0.0,15.6,22.2,9.2
2019-03-17,11,42.7,0.0,16.1,21.6,9.1
2019-03-17,12,42.8,0.0,17.0,20.8,9.0
2019-03-17,13,42.1,0.5,17.6,20.4,9.1
2019-03-17,14,39.9,2.4,19.6,19.5,8.7
2019-03-17,15,38.2,5.4,18.8,19.3,8.8
2019-03-17,16,34.2,8.4,21.2,19.0,9.2
2019-03-17,17,31.9,10.8,20.7,17.9,10.7
2019-03-17,18,30.7,13.1,20.1,17.6,10.7
2019-03-17,19,29.7,14.6,19.6,17.2,11.3
2019-03-17,20,29.6,15.8,18.8,16.9,11.2
2019-03-17,21,29.8,16.6,19.0,16.2,10.7
2019-03-17,22,29.9,17.7,18.2,16.2,10.7
2019-03-17,23,29.4,18.8,17.8,15.6,10.1
2019-03-17,24,31.2,19.2,17.3,15.6,10.1
2019-03-17,25,31.5,18.6,17.3,15.4,9.5
2019-03-17,26,30.7,17.8,17.9,15.6,9.6
2019-03-17,27,30.7,16.6,18.6,15.8,9.7
2019-03-17,28,30.4,14.9,20.0,16.1,9.9
2019-03-17,29,29.5,12.7,22.3,16.3,10.0
2019-03-17,30,29.3,11.3,24.0,16.3,10.0
2019-03-17,31,29.0,9.4,26.2,16.0,10.4
2019-03-17,32,30.2,7.2,29.0,15.8,10.3
2019-03-17,33,29.0,5.2,30.1,15.4,10.7
2019-03-17,34,28.2,3.2,33.7,15.0,10.4
2019-03-17,35,27.7,1.4,36.0,15.0,10.4
2019-03-17,36,26.7,0.3,38.0,14.9,10.3
2019-03-17,37,26.2,0.0,38.0,14.6,10.1
2019-03-17,38,25.2,0.0,38.6,14.4,9.6
2019-03-17,39,24.7,0.0,39.0,14.6,9.2
2019-03-17,40,25.4,0.0,38.4,15.1,9.2
2019-03-17,41,24.2,0.0,40.4,15.3,8.9
2019-03-17,42,25.1,0.0,39.6,15.8,9.1
2019-03-17,43,26.0,0.0,37.6,16.8,9.4
2019-03-17,44,26.3,0.0,35.9,17.8,10.0
2019-03-17,45,26.9,0.0,34.0,18.8,9.8
2019-03-17,46,26.5,0.0,32.2,20.0,10.3
2019-03-17,47,25.8,0.0,32.9,21.2,10.3
2019-03-17,48,25.1,0.0,33.6,21.4,10.0
2019-03-18,1,23.2,0.0,36.4,20.9,10.0
2019-03-18,2,23.0,0.0,36.6,20.8,10.2
2019-03-18,3,21.9,0.0,35.8,21.4,11.1
2019-03-18,4,22.0,0.0,35.7,21.5,11.0
2019-03-18,5,20.9,0.0,36.7,21.6,11.0
2019-03-18,6,19.5,0.0,38.0,21.5,11.2
2019-03-18,7,19.6,0.0,37.9,21.3,11.6
2019-03-18,8,19.9,0.0,36.8,21.8,11.7
2019-03-18,9,17.7,0.0,37.8,21.6,13.0
2019-03-18,10,16.4,0.0,38.7,21.6,13.2
2019-03-18,11,15.0,0.0,37.6,21.2,14.2
2019-03-18,12,13.3,0.0,41.4,19.8,13.3
2019-03-18,13,11.9,0.3,45.6,18.0,12.0
2019-03-18,14,9.9,1.1,49.8,16.5,10.9
2019-03-18,15,8.4,2.5,51.4,15.2,10.0
2019-03-18,16,7.3,4.1,51.9,14.6,9.6
2019-03-18,17,6.9,5.7,51.3,14.2,9.5
2019-03-18,18,5.8,7.1,51.2,13.9,9.3
2019-03-18,19,5.4,8.0,51.4,13.8,9.1
2019-03-18,20,5.3,8.5,50.8,13.8,8.8
2019-03-18,21,5.3,9.0,50.7,14.0,8.6
2019-03-18,22,5.2,9.4,50.9,14.1,8.5
2019-03-18,23,5.2,10.5,50.0,13.9,8.8
2019-03-18,24,5.1,10.4,50.2,13.7,8.9
2019-03-18,25,4.9,9.5,51.9,13.7,8.9
2019-03-18,26,4.7,8.7,52.7,13.7,8.9
2019-03-18,27,4.9,8.2,53.3,13.9,9.0
2019-03-18,28,5.1,7.5,53.0,14.1,9.1
2019-03-18,29,5.1,6.6,53.2,14.1,9.2
2019-03-18,30,4.9,6.0,53.7,14.3,9.2
2019-03-18,31,4.7,5.0,54.5,14.4,9.3
2019-03-18,32,4.7,3.9,55.9,14.2,9.2
2019-03-18,33,4.8,2.9,56.4,13.8,8.8
2019-03-18,34,4.5,1.7,56.6,13.5,8.4
2019-03-18,35,4.2,0.7,57.8,13.5,8.1
2019-03-18,36,4.1,0.1,56.8,13.4,8.0
2019-03-18,37,4.0,0.0,57.4,13.2,7.7
2019-03-18,38,4.0,0.0,56.9,13.1,7.7
2019-03-18,39,4.0,0.0,57.6,13.3,7.3
2019-03-18,40,4.0,0.0,58.0,13.7,7.4
2019-03-18,41,4.0,0.0,60.2,14.2,7.7
2019-03-18,42,3.9,0.0,61.0,14.7,8.0
2019-03-18,43,4.1,0.0,61.1,15.3,8.6
2019-03-18,44,4.4,0.0,60.0,16.2,9.0
2019-03-18,45,4.6,0.0,57.9,17.5,9.7
2019-03-18,46,4.7,0.0,56.2,18.6,10.2
2019-03-18,47,4.9,0.0,54.5,19.7,10.4
2019-03-18,48,5.3,0.0,53.2,20.3,10.6
2019-03-19,1,5.2,0.0,54.0,20.0,10.5
2019-03-19,2,5.5,0.0,53.6,20.1,10.5
2019-03-19,3,5.5,0.0,53.8,20.0,10.5
2019-03-19,4,5.5,0.0,53.4,20.2,10.6
2019-03-19,5,4.4,0.0,53.7,20.6,11.0
2019-03-19,6,3.7,0.0,53.5,21.0,11.3
2019-03-19,7,5.2,0.0,51.2,21.1,11.8
2019-03-19,8,7.2,0.0,49.7,21.0,11.6
2019-03-19,9,7.3,0.0,49.9,21.2,10.9
2019-03-19,10,7.7,0.0,49.6,21.0,11.1
2019-03-19,11,8.0,0.0,52.7,19.7,8.9
2019-03-19,12,8.1,0.0,52.1,19.0,8.9
2019-03-19,13,7.7,0.2,53.8,17.7,8.7
2019-03-19,14,7.7,0.7,55.0,16.4,7.9
2019-03-19,15,7.6,1.5,53.2,15.3,9.3
2019-03-19,16,7.8,2.4,53.5,14.9,8.8
2019-03-19,17,8.4,3.6,52.5,14.8,8.2
2019-03-19,18,9.4,4.9,50.4,14.7,7.9
2019-03-19,19,10.1,6.0,49.0,14.6,7.7
2019-03-19,20,10.7,6.9,47.6,14.6,7.7
2019-03-19,21,11.3,7.7,45.9,14.6,7.7
2019-03-19,22,11.5,8.2,45.5,14.7,7.7
2019-03-19,23,11.4,9.9,45.0,14.4,7.5
2019-03-19,24,12.4,9.8,44.3,14.4,7.5
2019-03-19,25,13.2,8.9,44.2,14.5,7.5
2019-03-19,26,14.3,8.0,43.8,14.6,7.5
2019-03-19,27,14.6,7.2,44.1,14.9,7.5
2019-03-19,28,14.8,6.5,44.3,15.0,7.5
2019-03-19,29,15.1,5.9,45.8,15.1,6.0
2019-03-19,30,15.6,5.4,45.5,15.5,6.0
2019-03-19,31,16.0,4.5,46.4,15.5,5.3
2019-03-19,32,16.5,3.6,47.8,15.1,5.2
2019-03-19,33,17.0,2.4,45.9,15.0,7.3
2019-03-19,34,16.7,1.2,48.5,14.7,7.2
2019-03-19,35,16.7,0.5,48.8,14.5,7.6
2019-03-19,36,16.4,0.1,49.5,14.4,7.5
2019-03-19,37,15.6,0.0,49.3,14.1,7.4
2019-03-19,38,15.2,0.0,50.0,13.9,7.3
2019-03-19,39,15.4,0.0,50.7,14.2,7.4
2019-03-19,40,15.9,0.0,51.2,14.6,7.6
2019-03-19,41,16.6,0.0,50.4,15.2,7.9
2019-03-19,42,17.3,0.0,48.6,15.9,8.3
2019-03-19,43,18.1,0.0,46.6,16.8,8.6
2019-03-19,44,18.8,0.0,44.7,17.9,9.2
2019-03-19,45,19.8,0.0,42.7,19.2,9.1
2019-03-19,46,20.3,0.0,41.2,20.4,9.7
2019-03-19,47,20.4,0.0,41.0,21.5,10.2
2019-03-19,48,19.7,0.0,40.9,22.4,10.6
2019-03-20,1,18.2,0.0,43.7,21.5,10.2
2019-03-20,2,18.5,0.0,43.9,21.2,10.1
2019-03-20,3,19.1,0.0,43.0,21.6,10.3
2019-03-20,4,19.5,0.0,41.7,22.2,10.5
2019-03-20,5,19.1,0.0,41.7,22.5,10.4
2019-03-20,6,18.6,0.0,41.6,22.9,10.6
2019-03-20,7,18.0,0.0,41.6,23.0,11.0
2019-03-20,8,17.3,0.0,42.0,23.3,11.0
2019-03-20,9,16.9,0.0,42.4,23.4,10.9
2019-03-20,10,15.9,0.0,43.8,23.0,10.8
2019-03-20,11,15.0,0.0,44.8,22.1,11.3
2019-03-20,12,13.4,0.0,48.0,20.4,10.5
2019-03-20,13,12.0,0.1,48.9,19.2,10.4
2019-03-20,14,10.8,0.6,51.3,17.4,9.4
2019-03-20,15,10.3,1.3,52.5,16.1,8.8
2019-03-20,16,10.3,2.2,51.5,15.7,8.2
2019-03-20,17,10.2,3.3,51.2,15.5,8.1
2019-03-20,18,9.9,4.5,50.4,15.4,8.1
2019-03-20,19,10.0,5.7,50.0,15.2,7.9
2019-03-20,20,10.3,6.9,49.6,15.2,7.9
2019-03-20,21,10.7,7.8,48.1,15.1,7.9
2019-03-20,22,11.2,8.7,46.7,15.2,7.9
2019-03-20,23,11.8,9.8,45.7,14.9,7.8
2019-03-20,24,12.3,10.3,44.5,15.0,7.8
2019-03-20,25,13.2,10.9,43.6,15.0,7.8
2019-03-20,26,13.9,10.8,42.5,15.2,8.0
2019-03-20,27,15.2,10.0,41.7,15.4,8.4
2019-03-20,28,15.9,9.4,41.5,15.7,8.5
2019-03-20,29,15.9,8.9,41.9,15.7,8.6
2019-03-20,30,16.4,7.9,42.0,15.9,8.6
2019-03-20,31,16.6,6.7,42.4,16.0,8.5
2019-03-20,32,16.8,5.0,44.3,15.7,8.5
2019-03-20,33,17.2,3.4,45.9,15.6,8.3
2019-03-20,34,17.3,2.1,47.8,15.2,8.0
2019-03-20,35,17.2,1.0,48.9,15.1,8.3
2019-03-20,36,17.5,0.3,48.8,15.0,8.3
2019-03-20,37,17.2,0.0,48.9,14.6,8.0
2019-03-20,38,17.1,0.0,49.4,14.3,7.8
2019-03-20,39,17.7,0.0,49.8,14.6,7.7
2019-03-20,40,18.1,0.0,48.3,15.1,8.1
2019-03-20,41,19.1,0.0,47.1,15.6,8.6
2019-03-20,42,20.7,0.0,43.9,16.5,9.3
2019-03-20,43,22.1,0.0,41.6,17.4,10.0
2019-03-20,44,22.0,0.0,39.7,18.5,11.1
2019-03-20,45,23.4,0.0,37.4,19.7,11.6
2019-03-20,46,24.1,0.0,34.3,20.9,12.4
2019-03-20,47,24.5,0.0,35.1,21.6,10.3
2019-03-20,48,25.2,0.0,34.5,21.8,9.9
2019-03-21,1,24.9,0.0,34.8,22.0,9.6
2019-03-21,2,23.6,0.0,36.4,21.7,9.7
2019-03-21,3,23.4,0.0,35.9,22.2,9.7
2019-03-21,4,23.2,0.0,35.4,22.6,9.8
2019-03-21,5,22.5,0.0,35.1,23.0,10.3
2019-03-21,6,21.9,0.0,35.6,23.1,10.3
2019-03-21,7,22.2,0.0,34.7,23.3,10.6
2019-03-21,8,22.5,0.0,33.5,23.8,10.7
2019-03-21,9,21.6,0.0,34.2,23.7,10.7
2019-03-21,10,21.2,0.0,34.0,24.1,10.5
2019-03-21,11,21.8,0.0,33.7,23.0,10.7
2019-03-21,12,21.1,0.0,35.1,22.0,10.5
2019-03-21,13,18.4,0.2,40.3,19.8,9.9
2019-03-21,14,17.0,0.7,44.2,17.9,8.4
2019-03-21,15,15.0,1.5,47.0,16.4,7.7
2019-03-21,16,13.5,2.4,49.1,15.8,7.5
2019-03-21,17,11.7,3.3,48.8,15.6,8.1
2019-03-21,18,10.1,4.1,50.3,15.4,8.0
2019-03-21,19,9.2,4.9,50.8,15.3,7.9
2019-03-21,20,8.6,5.6,50.6,15.3,7.9
2019-03-21,21,8.2,6.2,51.3,14.2,8.0
2019-03-21,22,7.7,6.5,50.4,15.2,7.9
2019-03-21,23,7.2,7.8,49.8,14.9,7.7
2019-03-21,24,7.0,7.8,50.6,14.7,7.7
2019-03-21,25,6.6,7.8,51.1,14.7,7.5
2019-03-21,26,6.1,7.5,51.6,14.8,7.6
2019-03-21,27,5.7,6.7,52.4,15.0,7.7
2019-03-21,28,5.3,6.0,53.0,15.2,7.8
2019-03-21,29,5.0,5.4,54.0,15.2,7.8
2019-03-21,30,4.7,4.9,55.2,15.2,7.8
2019-03-21,31,4.4,4.4,56.2,15.3,7.8
2019-03-21,32,4.6,3.3,57.2,15.2,7.7
2019-03-21,33,4.9,2.1,58.1,15.2,7.7
2019-03-21,34,5.8,1.1,57.5,14.9,7.6
2019-03-21,35,6.4,0.4,56.8,14.8,7.6
2019-03-21,36,7.3,0.1,55.7,14.8,7.7
2019-03-21,37,8.0,0.0,55.0,14.5,7.7
2019-03-21,38,8.9,0.0,54.4,14.3,7.8
2019-03-21,39,9.9,0.0,53.1,14.5,7.6
2019-03-21,40,10.7,0.0,53.1,14.7,7.7
2019-03-21,41,11.6,0.0,53.4,15.2,8.2
2019-03-21,42,13.0,0.0,51.9,16.0,9.0
2019-03-21,43,14.1,0.0,49.1,17.0,9.8
2019-03-21,44,14.7,0.0,47.1,18.2,10.8
2019-03-21,45,15.1,0.0,44.6,19.3,11.6
2019-03-21,46,16.1,0.0,41.8,20.4,12.1
2019-03-21,47,17.1,0.0,40.4,21.8,11.4
2019-03-21,48,17.9,0.0,37.8,22.4,12.2
2019-03-22,1,18.4,0.0,39.6,21.7,11.0
2019-03-22,2,18.4,0.0,39.9,21.6,11.0
2019-03-22,3,19.2,0.0,38.2,21.9,11.2
2019-03-22,4,20.4,0.0,35.9,22.5,11.4
2019-03-22,5,20.8,0.0,36.5,23.2,9.4
2019-03-22,6,21.2,0.0,35.9,23.3,9.5
2019-03-22,7,21.2,0.0,36.2,23.2,9.0
2019-03-22,8,21.0,0.0,35.6,23.5,9.1
2019-03-22,9,21.8,0.0,37.2,23.3,7.6
2019-03-22,10,23.5,0.0,35.3,23.2,7.7
2019-03-22,11,23.2,0.0,34.2,22.3,8.7
2019-03-22,12,22.5,0.0,36.2,21.1,8.3
2019-03-22,13,22.0,0.1,34.4,19.8,9.8
2019-03-22,14,22.0,0.3,36.6,18.3,9.1
2019-03-22,15,21.8,0.7,36.2,17.2,10.4
2019-03-22,16,21.4,1.3,37.1,16.7,10.0
2019-03-22,17,21.4,1.9,37.7,16.1,9.6
2019-03-22,18,21.3,2.6,37.1,16.2,9.4
2019-03-22,19,21.1,3.2,37.6,16.0,8.9
2019-03-22,20,20.9,3.8,37.8,15.9,8.5
2019-03-22,21,18.6,4.6,37.9,16.5,8.6
2019-03-22,22,16.7,5.3,38.3,16.9,8.8
2019-03-22,23,19.2,6.1,36.6,16.2,8.4
2019-03-22,24,23.0,6.0,34.6,15.6,8.1
2019-03-22,25,25.0,5.9,32.4,15.6,8.0
2019-03-22,26,25.9,5.9,30.4,16.0,8.2
2019-03-22,27,25.8,5.8,30.0,16.3,8.3
2019-03-22,28,25.9,5.6,29.5,16.6,8.4
2019-03-22,29,25.8,5.2,30.1,16.5,8.5
2019-03-22,30,26.2,4.4,29.0,16.9,8.8
2019-03-22,31,26.1,3.3,29.6,17.0,9.0
2019-03-22,32,25.4,2.4,31.7,16.8,9.0
2019-03-22,33,24.3,1.6,34.3,16.5,9.0
2019-03-22,34,23.3,0.9,37.4,16.0,8.4
2019-03-22,35,21.9,0.3,40.3,15.6,8.2
2019-03-22,36,22.0,0.1,40.9,15.7,8.1
2019-03-22,37,20.8,0.0,42.3,15.4,8.0
2019-03-22,38,20.3,0.0,43.0,15.3,7.9
2019-03-22,39,21.1,0.0,41.2,15.4,8.0
2019-03-22,40,21.4,0.0,40.3,15.7,8.2
2019-03-22,41,21.5,0.0,40.8,16.2,8.4
2019-03-22,42,22.1,0.0,41.5,16.7,8.7
2019-03-22,43,21.7,0.0,40.9,17.5,9.0
2019-03-22,44,22.7,0.0,39.1,18.4,9.4
2019-03-22,45,23.4,0.0,36.8,19.6,8.5
2019-03-22,46,23.0,0.0,37.0,20.5,8.9
2019-03-22,47,23.6,0.0,38.8,21.6,8.3
2019-03-22,48,23.9,0.0,37.0,22.4,8.6
2019-03-23,1,24.2,0.0,36.7,22.7,8.7
2019-03-23,2,23.7,0.0,37.2,22.6,8.8
2019-03-23,3,24.3,0.0,36.6,23.2,8.1
2019-03-23,4,24.3,0.0,37.0,22.8,8.1
2019-03-23,5,24.5,0.0,35.8,23.4,8.3
2019-03-23,6,24.7,0.0,35.8,23.4,8.3
2019-03-23,7,24.8,0.0,35.0,23.7,8.4
2019-03-23,8,25.4,0.0,33.7,24.1,8.5
2019-03-23,9,25.6,0.0,33.1,24.4,8.6
2019-03-23,10,25.2,0.0,33.5,24.3,8.6
2019-03-23,11,23.5,0.0,35.4,23.9,8.5
2019-03-23,12,22.7,0.0,36.8,23.3,8.3
2019-03-23,13,21.6,0.3,36.0,23.0,9.0
2019-03-23,14,19.7,1.1,39.0,21.5,8.4
2019-03-23,15,17.8,2.2,42.0,19.7,7.1
2019-03-23,16,17.4,3.6,41.8,18.8,6.9
2019-03-23,17,17.5,5.0,40.6,17.9,8.7
2019-03-23,18,18.0,6.5,39.7,17.3,8.4
2019-03-23,19,17.4,8.5,38.5,17.1,8.3
2019-03-23,20,17.2,10.2,37.9,16.8,8.2
2019-03-23,21,17.0,11.3,37.5,16.7,8.1
2019-03-23,22,16.8,12.3,36.9,16.7,8.1
2019-03-23,23,16.1,13.3,36.7,16.6,8.1
2019-03-23,24,15.3,13.4,37.2,16.5,8.1
2019-03-23,25,15.5,13.5,37.2,16.6,8.2
2019-03-23,26,15.1,13.4,37.7,16.7,8.3
2019-03-23,27,14.5,13.4,38.2,16.9,8.4
2019-03-23,28,14.1,13.3,38.4,17.1,8.5
2019-03-23,29,13.1,12.5,39.3,17.3,8.6
2019-03-23,30,13.1,10.4,40.8,17.4,8.6
2019-03-23,31,13.0,8.3,41.8,17.6,9.1
2019-03-23,32,12.0,6.5,44.7,17.5,9.0
2019-03-23,33,11.0,4.6,47.0,17.3,8.9
2019-03-23,34,9.9,2.7,50.0,16.9,8.7
2019-03-23,35,9.6,1.2,52.5,16.4,8.6
2019-03-23,36,9.3,0.3,53.1,16.2,8.5
2019-03-23,37,8.6,0.0,53.0,15.9,8.3
2019-03-23,38,8.9,0.0,53.7,15.5,8.2
2019-03-23,39,9.3,0.0,52.9,15.8,8.3
2019-03-23,40,9.8,0.0,52.8,16.3,8.6
2019-03-23,41,10.1,0.0,53.7,16.5,8.7
2019-03-23,42,10.2,0.0,54.3,17.0,8.9
2019-03-23,43,10.4,0.0,54.2,17.7,9.1
2019-03-23,44,11.4,0.0,52.0,18.4,9.5
2019-03-23,45,11.7,0.0,50.5,19.2,9.9
2019-03-23,46,12.3,0.0,48.7,20.0,10.3
2019-03-23,47,13.1,0.0,47.1,21.0,10.8
2019-03-23,48,14.4,0.0,44.8,21.7,11.2
2019-03-24,1,15.3,0.0,45.4,21.2,10.4
2019-03-24,2,16.1,0.0,44.6,21.2,10.4
2019-03-24,3,16.9,0.0,43.7,21.8,10.1
2019-03-24,4,17.9,0.0,42.1,22.1,10.3
2019-03-24,5,18.7,0.0,42.1,22.3,9.2
2019-03-24,6,19.6,0.0,39.8,23.0,9.5
2019-03-24,7,21.4,0.0,37.3,23.5,9.7
2019-03-24,8,22.8,0.0,35.8,23.8,9.8
2019-03-24,9,23.8,0.0,34.7,23.8,9.9
2019-03-24,10,24.9,0.0,33.3,23.9,9.9
2019-03-24,11,26.0,0.0,32.7,23.7,9.8
2019-03-24,12,26.6,0.1,32.2,23.6,9.8
2019-03-24,13,26.9,1.0,32.0,23.0,9.5
2019-03-24,14,27.5,2.9,31.1,21.9,9.1
2019-03-24,15,27.8,5.7,27.8,21.4,8.9
2019-03-24,16,27.5,8.6,26.4,20.7,8.6
2019-03-24,17,26.7,11.6,24.9,20.1,8.5
2019-03-24,18,26.2,14.2,24.4,19.2,8.1
2019-03-24,19,25.7,16.6,23.5,18.6,7.7
2019-03-24,20,26.6,18.8,21.0,18.4,7.6
2019-03-24,21,27.0,20.7,19.2,18.5,8.1
2019-03-24,22,26.7,22.2,19.0,18.5,8.1
2019-03-24,23,24.5,25.4,18.4,18.1,8.3
2019-03-24,24,24.5,25.4,18.5,18.0,8.3
2019-03-24,25,24.7,25.0,18.8,18.0,8.4
2019-03-24,26,24.1,25.0,19.0,18.3,8.5
2019-03-24,27,23.3,24.6,19.6,18.7,8.6
2019-03-24,28,23.8,23.0,20.0,19.2,8.8
2019-03-24,29,25.3,20.2,20.7,19.3,8.9
2019-03-24,30,28.0,17.6,20.6,19.5,8.9
2019-03-24,31,29.7,15.0,21.7,19.4,8.6
2019-03-24,32,30.8,12.2,23.0,19.5,8.7
2019-03-24,33,30.8,8.7,24.5,18.6,8.8
2019-03-24,34,29.7,5.3,29.0,17.8,8.6
2019-03-24,35,30.2,2.5,31.6,17.6,9.4
2019-03-24,36,30.9,0.7,33.2,17.2,9.2
2019-03-24,37,29.3,0.1,33.9,16.7,9.0
2019-03-24,38,30.2,0.0,34.4,16.2,8.7
2019-03-24,39,29.3,0.0,34.3,16.4,8.8
2019-03-24,40,29.8,0.0,34.7,16.7,8.9
2019-03-24,41,31.6,0.0,33.2,17.0,9.1
2019-03-24,42,34.3,0.0,29.6,17.8,9.6
2019-03-24,43,35.8,0.0,26.8,19.0,10.0
2019-03-24,44,37.3,0.0,23.9,19.8,10.5
2019-03-24,45,39.7,0.0,20.1,21.4,10.4
2019-03-24,46,40.7,0.0,18.5,22.6,10.9
2019-03-24,47,43.2,0.0,16.7,23.6,8.7
2019-03-24,48,43.7,0.0,14.5,24.1,9.0
2019-03-25,1,42.7,0.0,14.7,24.3,9.0
2019-03-25,2,41.3,0.0,17.3,23.6,8.8
2019-03-25,3,42.4,0.0,15.1,24.4,9.1
2019-03-25,4,43.5,0.0,14.4,24.6,9.1
2019-03-25,5,43.7,0.0,14.3,24.9,9.0
2019-03-25,6,42.7,0.0,15.0,24.7,8.9
2019-03-25,7,42.4,0.0,14.9,24.7,8.6
2019-03-25,8,42.2,0.0,14.6,25.0,8.7
2019-03-25,9,40.8,0.0,16.2,24.8,8.6
2019-03-25,10,38.6,0.0,18.0,24.7,8.6
2019-03-25,11,36.6,0.0,20.0,23.8,8.6
2019-03-25,12,34.2,0.2,23.5,22.4,8.1
2019-03-25,13,30.5,1.4,26.3,20.2,8.6
2019-03-25,14,25.3,3.4,31.9,17.9,7.7
2019-03-25,15,21.9,5.6,34.2,16.2,8.6
2019-03-25,16,19.9,8.0,35.4,15.6,8.2
2019-03-25,17,18.5,10.5,34.6,15.4,8.3
2019-03-25,18,17.4,12.9,33.2,15.4,8.3
2019-03-25,19,16.3,15.0,32.5,15.3,8.2
2019-03-25,20,15.7,16.7,31.9,15.2,8.2
2019-03-25,21,15.4,18.0,31.4,15.1,8.1
2019-03-25,22,14.6,18.9,31.7,14.9,8.0
2019-03-25,23,14.0,20.9,31.8,14.5,7.8
2019-03-25,24,14.0,21.0,31.2,14.6,7.8
2019-03-25,25,14.3,21.0,30.9,14.5,7.7
2019-03-25,26,14.4,20.8,30.4,14.8,7.8
2019-03-25,27,14.4,20.0,30.7,15.0,7.9
2019-03-25,28,14.7,19.0,31.0,15.2,8.0
2019-03-25,29,14.7,17.5,32.2,15.4,8.1
2019-03-25,30,14.2,15.7,34.2,15.5,8.2
2019-03-25,31,14.1,13.3,36.5,15.5,8.2
2019-03-25,32,13.5,10.6,39.7,15.3,8.1
2019-03-25,33,12.9,7.7,42.3,15.1,8.0
2019-03-25,34,11.8,5.1,46.2,14.7,7.8
2019-03-25,35,11.0,2.7,49.3,14.5,7.8
2019-03-25,36,10.5,0.8,52.6,14.3,7.7
2019-03-25,37,10.4,0.1,52.9,14.2,7.7
2019-03-25,38,9.4,0.0,52.4,13.6,7.3
2019-03-25,39,9.1,0.0,53.2,13.7,7.4
2019-03-25,40,8.6,0.0,55.2,14.0,7.5
2019-03-25,41,8.0,0.0,56.2,14.4,7.8
2019-03-25,42,8.0,0.0,55.7,14.9,8.0
2019-03-25,43,7.7,0.0,54.5,15.4,8.2
2019-03-25,44,8.0,0.0,54.8,16.4,8.7
2019-03-25,45,8.3,0.0,52.5,17.6,9.3
2019-03-25,46,8.5,0.0,50.8,18.5,9.8
2019-03-25,47,8.6,0.0,49.6,19.7,9.9
2019-03-25,48,8.9,0.0,48.4,20.4,10.2
2019-03-26,1,9.3,0.0,48.4,20.6,9.6
2019-03-26,2,10.1,0.0,47.8,20.5,9.5
2019-03-26,3,11.4,0.0,45.6,20.9,9.7
2019-03-26,4,12.0,0.0,44.1,21.4,9.9
2019-03-26,5,13.0,0.0,44.6,20.7,9.6
2019-03-26,6,14.4,0.0,43.3,20.4,9.7
2019-03-26,7,15.6,0.0,42.0,20.4,9.8
2019-03-26,8,15.8,0.0,41.2,20.6,9.9
2019-03-26,9,16.2,0.0,40.9,20.6,9.9
2019-03-26,10,16.3,0.0,42.4,20.3,9.8
2019-03-26,11,17.1,0.0,43.2,19.7,9.5
2019-03-26,12,16.4,0.2,43.7,19.5,9.2
2019-03-26,13,15.6,1.0,44.2,18.2,9.9
2019-03-26,14,14.4,2.4,45.5,16.7,8.9
2019-03-26,15,13.2,3.9,47.1,15.4,8.1
2019-03-26,16,13.0,5.7,46.9,14.9,7.9
2019-03-26,17,13.4,7.8,45.2,14.6,7.8
2019-03-26,18,13.6,10.0,42.9,14.4,7.8
2019-03-26,19,13.8,11.9,41.3,14.3,7.7
2019-03-26,20,13.8,13.4,39.7,14.4,7.7
2019-03-26,21,13.8,14.2,38.6,14.5,7.8
2019-03-26,22,14.1,14.7,38.6,14.6,7.8
2019-03-26,23,13.9,14.4,38.5,14.3,7.7
2019-03-26,24,13.9,15.1,38.8,14.0,7.5
2019-03-26,25,14.2,15.7,38.1,14.0,7.4
2019-03-26,26,14.2,15.9,37.0,14.3,7.5
2019-03-26,27,14.3,15.2,37.7,14.5,7.6
2019-03-26,28,14.5,14.4,37.8,14.7,7.7
2019-03-26,29,14.5,13.8,38.1,14.8,7.8
2019-03-26,30,14.4,12.6,39.0,14.8,8.0
2019-03-26,31,14.2,10.6,41.3,14.6,8.0
2019-03-26,32,13.7,8.4,44.4,14.4,7.9
2019-03-26,33,13.3,6.1,47.1,14.3,7.8
2019-03-26,34,12.5,3.8,50.8,13.8,7.6
2019-03-26,35,11.7,2.0,53.9,13.6,7.6
2019-03-26,36,11.5,0.6,55.2,13.8,7.6
2019-03-26,37,11.2,0.1,54.3,13.8,7.5
2019-03-26,38,10.6,0.0,54.8,13.4,7.2
2019-03-26,39,10.5,0.0,54.8,13.6,7.3
2019-03-26,40,10.2,0.0,55.2,13.9,7.5
2019-03-26,41,10.6,0.0,55.8,14.3,7.7
2019-03-26,42,11.1,0.0,55.2,14.9,8.0
2019-03-26,43,11.7,0.0,54.5,15.6,8.2
2019-03-26,44,12.7,0.0,52.8,16.6,8.8
2019-03-26,45,13.1,0.0,50.7,17.9,9.4
2019-03-26,46,13.7,0.0,48.5,18.8,10.0
2019-03-26,47,14.6,0.0,45.5,20.2,10.1
2019-03-26,48,15.0,0.0,44.0,20.9,10.5
2019-03-27,1,15.3,0.0,43.6,21.2,10.3
2019-03-27,2,15.4,0.0,44.2,20.9,10.2
2019-03-27,3,15.6,0.0,44.2,20.7,10.1
2019-03-27,4,16.0,0.0,42.9,21.1,10.4
2019-03-27,5,15.4,0.0,43.7,20.9,10.6
2019-03-27,6,15.3,0.0,43.4,21.1,10.7
2019-03-27,7,15.8,0.0,42.4,21.4,10.8
2019-03-27,8,15.6,0.0,42.3,21.5,10.9
2019-03-27,9,15.9,0.0,42.3,21.4,10.8
2019-03-27,10,15.5,0.0,42.9,21.6,10.6
2019-03-27,11,15.1,0.0,43.9,20.9,10.0
2019-03-27,12,14.2,0.1,45.7,20.0,9.6
2019-03-27,13,13.4,0.5,47.0,18.5,9.9
2019-03-27,14,12.0,1.4,48.8,16.9,9.0
2019-03-27,15,10.9,2.5,50.4,15.5,8.2
2019-03-27,16,10.8,3.7,50.0,15.0,7.9
2019-03-27,17,10.5,5.0,49.2,14.9,8.0
2019-03-27,18,11.0,6.3,48.3,14.6,7.8
2019-03-27,19,11.7,7.5,47.0,14.4,7.8
2019-03-27,20,12.0,8.6,45.8,14.3,7.7
2019-03-27,21,12.0,9.5,45.1,14.3,7.7
2019-03-27,22,11.7,10.1,44.4,14.3,7.7
2019-03-27,23,12.1,10.5,43.7,14.2,7.7
2019-03-27,24,13.0,10.4,43.5,14.3,7.7
2019-03-27,25,13.7,10.6,42.9,14.2,7.5
2019-03-27,26,13.6,11.3,42.2,14.4,7.6
2019-03-27,27,13.9,11.7,41.7,14.0,7.6
2019-03-27,28,14.0,11.6,41.8,14.2,7.8
2019-03-27,29,14.0,11.0,41.5,14.3,7.9
2019-03-27,30,14.2,10.2,42.0,14.4,7.9
2019-03-27,31,14.3,9.0,43.1,14.5,8.0
2019-03-27,32,13.7,7.3,45.5,14.4,7.9
2019-03-27,33,12.8,5.5,48.7,14.2,7.8
2019-03-27,34,11.7,3.8,51.7,14.3,7.6
2019-03-27,35,10.2,2.1,54.6,14.2,7.7
2019-03-27,36,9.6,0.8,56.5,14.2,7.6
2019-03-27,37,8.7,0.1,57.1,14.0,7.5
2019-03-27,38,8.8,0.0,56.4,13.6,7.3
2019-03-27,39,8.6,0.0,56.5,13.7,7.3
2019-03-27,40,8.5,0.0,56.4,14.0,7.5
2019-03-27,41,8.8,0.0,57.5,14.4,7.8
2019-03-27,42,8.6,0.0,57.9,14.8,8.0
2019-03-27,43,9.2,0.0,57.4,15.5,8.2
2019-03-27,44,9.9,0.0,55.9,16.4,8.7
2019-03-27,45,10.8,0.0,54.0,17.5,9.2
2019-03-27,46,11.8,0.0,51.3,18.5,9.8
2019-03-27,47,12.7,0.0,48.1,19.7,10.4
2019-03-27,48,13.0,0.0,46.5,20.4,10.8
2019-03-28,1,12.8,0.0,47.2,20.4,10.4
2019-03-28,2,12.6,0.0,47.8,20.2,10.3
2019-03-28,3,12.9,0.0,47.5,20.2,10.3
2019-03-28,4,13.3,0.0,46.2,20.6,10.6
2019-03-28,5,13.4,0.0,46.1,20.8,10.6
2019-03-28,6,13.1,0.0,45.8,21.1,10.8
2019-03-28,7,12.6,0.0,45.9,21.3,10.9
2019-03-28,8,12.8,0.0,45.7,21.3,10.9
2019-03-28,9,12.7,0.0,45.7,21.3,10.9
2019-03-28,10,12.3,0.0,46.7,21.1,10.7
2019-03-28,11,12.0,0.0,48.6,20.2,9.4
2019-03-28,12,11.4,0.1,48.9,19.4,9.1
2019-03-28,13,10.1,0.7,50.2,18.1,9.5
2019-03-28,14,9.1,1.8,52.7,16.3,8.6
2019-03-28,15,8.7,3.3,53.0,15.1,8.0
2019-03-28,16,8.9,5.1,51.1,14.9,7.9
2019-03-28,17,9.1,7.0,50.9,14.6,7.9
2019-03-28,18,9.9,8.7,49.2,14.4,7.8
2019-03-28,19,10.4,10.7,46.9,14.3,7.7
2019-03-28,20,10.6,12.7,44.7,14.3,7.7
2019-03-28,21,11.1,14.2,43.7,14.3,6.8
2019-03-28,22,11.1,15.5,42.5,14.3,6.8
2019-03-28,23,10.7,18.2,41.1,14.1,6.3
2019-03-28,24,10.9,18.6,40.7,14.1,6.3
2019-03-28,25,11.3,18.9,40.7,14.1,5.9
2019-03-28,26,12.0,18.9,40.2,14.3,6.0
2019-03-28,27,12.6,18.8,39.2,14.6,6.1
2019-03-28,28,12.8,18.4,39.1,14.7,6.2
2019-03-28,29,13.5,17.3,39.3,14.8,6.3
2019-03-28,30,14.1,15.9,39.5,15.2,6.4
2019-03-28,31,14.7,13.0,41.8,15.5,5.9
2019-03-28,32,14.5,10.5,44.8,15.3,5.9
2019-03-28,33,13.7,7.8,47.7,15.2,6.7
2019-03-28,34,12.9,5.1,50.5,14.9,6.6
2019-03-28,35,12.2,2.8,52.9,14.9,8.0
2019-03-28,36,11.8,1.0,54.1,15.1,8.1
2019-03-28,37,11.6,0.2,52.9,14.7,7.9
2019-03-28,38,11.5,0.0,54.2,14.1,7.6
2019-03-28,39,11.4,0.0,54.7,13.6,7.6
2019-03-28,40,12.3,0.0,53.5,13.9,7.8
2019-03-28,41,13.3,0.0,52.9,14.3,8.0
2019-03-28,42,14.4,0.0,52.8,14.9,8.3
2019-03-28,43,15.6,0.0,50.4,15.7,8.6
2019-03-28,44,17.0,0.0,48.7,16.8,9.2
2019-03-28,45,18.7,0.0,45.6,18.0,9.6
2019-03-28,46,19.8,0.0,42.9,19.0,10.1
2019-03-28,47,21.1,0.0,41.7,20.1,9.9
2019-03-28,48,21.8,0.0,39.3,21.3,10.4
2019-03-29,1,21.4,0.0,39.7,21.7,10.1
2019-03-29,2,21.7,0.0,39.3,21.7,10.0
2019-03-29,3,22.3,0.0,37.8,22.1,10.3
2019-03-29,4,22.5,0.0,36.6,22.7,10.6
2019-03-29,5,21.5,0.0,38.9,22.0,10.3
2019-03-29,6,21.8,0.0,37.4,22.6,10.6
2019-03-29,7,22.3,0.0,36.6,22.7,10.6
2019-03-29,8,22.9,0.0,35.2,23.0,10.9
2019-03-29,9,22.5,0.0,35.1,23.0,11.2
2019-03-29,10,22.0,0.0,35.4,22.5,11.3
2019-03-29,11,21.0,0.0,37.9,21.5,9.3
2019-03-29,12,19.9,0.3,39.2,20.5,8.9
2019-03-29,13,16.9,1.5,39.4,18.8,11.0
2019-03-29,14,15.0,3.2,42.5,17.0,9.5
2019-03-29,15,13.9,5.0,45.0,15.2,8.3
2019-03-29,16,13.7,6.9,44.9,14.7,8.1
2019-03-29,17,13.4,8.8,43.2,14.4,8.1
2019-03-29,18,13.4,11.1,41.4,14.4,8.1
2019-03-29,19,12.8,13.1,40.5,14.2,8.0
2019-03-29,20,12.7,15.2,38.7,14.3,8.0
2019-03-29,21,12.7,17.2,36.6,14.3,8.0
2019-03-29,22,12.9,18.8,34.5,14.3,8.0
2019-03-29,23,13.1,21.4,32.8,14.0,7.9
2019-03-29,24,13.3,21.9,32.3,14.1,7.9
2019-03-29,25,13.4,22.0,32.0,14.2,7.8
2019-03-29,26,13.5,21.9,30.3,14.6,8.0
2019-03-29,27,13.6,21.1,31.4,14.8,8.1
2019-03-29,28,13.4,20.0,31.7,15.3,8.3
2019-03-29,29,13.2,18.3,32.8,15.9,8.4
2019-03-29,30,12.9,16.3,34.5,16.1,8.5
2019-03-29,31,12.1,13.8,37.5,16.3,8.6
2019-03-29,32,10.9,10.9,41.9,16.2,8.6
2019-03-29,33,10.2,8.0,45.9,16.0,8.5
2019-03-29,34,9.1,5.2,50.1,15.7,8.3
2019-03-29,35,8.4,2.8,51.3,15.6,8.5
2019-03-29,36,7.7,1.9,53.1,15.4,8.3
2019-03-29,37,7.0,0.6,54.2,15.2,8.3
2019-03-29,38,6.6,0.1,54.7,14.6,8.1
2019-03-29,39,6.4,0.0,55.3,14.3,8.0
2019-03-29,40,6.4,0.0,55.3,14.5,8.2
2019-03-29,41,6.8,0.0,56.6,14.7,8.3
2019-03-29,42,7.1,0.0,56.5,15.1,8.5
2019-03-29,43,7.3,0.0,56.7,15.8,8.7
2019-03-29,44,7.8,0.0,54.4,16.9,9.2
2019-03-29,45,8.1,0.0,52.5,18.3,9.8
2019-03-29,46,8.2,0.0,50.2,19.4,10.3
2019-03-29,47,8.4,0.0,49.0,20.5,10.3
2019-03-29,48,8.6,0.0,47.7,21.0,10.6
2019-03-30,1,8.7,0.0,47.2,21.3,10.5
2019-03-30,2,8.5,0.0,47.8,21.1,10.4
2019-03-30,3,8.3,0.0,48.3,21.0,10.4
2019-03-30,4,8.4,0.0,47.7,21.3,10.5
2019-03-30,5,8.3,0.0,47.7,21.5,10.3
2019-03-30,6,8.5,0.0,47.1,21.7,10.4
2019-03-30,7,8.5,0.0,46.2,22.1,10.6
2019-03-30,8,8.8,0.0,45.5,22.3,10.7
2019-03-30,9,8.7,0.0,45.4,22.4,10.7
2019-03-30,10,9.0,0.0,44.9,22.5,10.7
2019-03-30,11,9.1,0.0,45.4,21.9,10.9
2019-03-30,12,8.9,0.2,46.4,21.2,10.8
2019-03-30,13,8.6,0.9,46.2,20.6,10.7
2019-03-30,14,8.4,2.3,46.8,19.8,10.2
2019-03-30,15,8.2,4.3,45.9,19.0,9.9
2019-03-30,16,8.0,6.4,45.8,18.1,9.4
2019-03-30,17,7.8,8.4,45.2,17.5,9.3
2019-03-30,18,7.8,10.4,44.4,16.8,9.0
2019-03-30,19,8.0,12.2,43.1,16.5,8.7
2019-03-30,20,8.3,14.0,41.3,16.6,8.6
2019-03-30,21,8.8,15.6,39.9,16.4,8.5
2019-03-30,22,9.5,17.0,38.4,16.3,8.4
2019-03-30,23,9.8,18.3,37.1,16.3,8.2
2019-03-30,24,10.5,19.1,35.3,16.4,8.3
2019-03-30,25,10.7,19.6,34.3,16.6,8.4
2019-03-30,26,11.4,19.5,33.1,16.9,8.5
2019-03-30,27,11.6,19.4,32.4,17.2,8.8
2019-03-30,28,12.0,18.7,31.9,17.7,9.0
2019-03-30,29,12.0,17.7,32.4,18.1,9.2
2019-03-30,30,12.1,16.1,33.2,18.3,9.3
2019-03-30,31,12.3,14.0,34.7,18.4,9.5
2019-03-30,32,12.3,11.5,36.6,18.5,9.4
2019-03-30,33,12.0,8.4,39.8,18.2,9.2
2019-03-30,34,11.6,6.8,42.4,17.7,9.0
2019-03-30,35,11.3,5.7,42.9,17.8,9.0
2019-03-30,36,10.8,4.8,43.8,18.0,8.9
2019-03-30,37,10.2,3.3,44.7,18.2,8.9
2019-03-30,38,9.6,1.9,46.3,18.0,8.7
2019-03-30,39,9.1,0.9,47.9,17.6,8.8
2019-03-30,40,8.7,0.3,49.8,17.1,8.6
2019-03-30,41,8.3,0.1,51.9,16.6,8.4
2019-03-30,42,8.1,0.0,54.3,16.3,8.0
2019-03-30,43,8.1,0.0,54.7,16.1,7.8
2019-03-30,44,8.3,0.0,54.6,16.3,7.7
2019-03-30,45,8.8,0.0,54.3,16.8,7.7
2019-03-30,46,9.5,0.0,53.5,17.4,7.9
2019-03-30,47,10.2,0.0,52.4,18.1,8.1
2019-03-30,48,10.9,0.0,51.1,19.0,8.3
2019-03-31,1,11.6,0.0,49.5,20.0,8.6
2019-03-31,2,12.4,0.0,48.0,20.9,8.7
2019-03-31,3,13.3,0.0,46.3,21.8,8.9
2019-03-31,4,14.3,0.0,44.9,22.5,9.0
2019-03-31,5,15.2,0.0,44.1,22.8,9.1
2019-03-31,6,15.9,0.0,44.0,22.8,9.1
2019-03-31,7,16.6,0.0,43.1,23.0,9.1
2019-03-31,8,17.4,0.0,41.7,23.7,9.1
2019-03-31,9,18.4,0.0,39.6,24.6,9.2
2019-03-31,10,19.2,0.0,38.2,25.2,9.2
2019-03-31,11,19.9,0.0,37.1,25.5,9.1
2019-03-31,12,20.4,0.0,36.3,25.8,9.0
2019-03-31,13,20.7,0.2,36.0,25.8,8.9
2019-03-31,14,20.6,0.8,35.8,25.6,8.8
2019-03-31,15,20.2,1.7,35.7,25.1,8.8
2019-03-31,16,19.7,2.9,35.9,24.5,8.6
2019-03-31,17,13.9,6.9,37.0,20.2,9.5
2019-03-31,18,13.6,8.9,36.0,19.8,9.3
2019-03-31,19,13.4,10.6,35.4,19.5,9.1
2019-03-31,20,13.1,12.1,34.6,19.3,9.0
2019-03-31,21,12.5,13.4,35.0,19.0,8.6
2019-03-31,22,11.9,14.6,34.5,18.9,8.6
2019-03-31,23,11.9,15.1,33.9,18.8,8.5
2019-03-31,24,12.0,15.4,33.8,18.8,8.5
2019-03-31,25,11.9,15.5,33.9,19.0,8.6
2019-03-31,26,12.2,15.4,33.2,19.3,8.7
2019-03-31,27,12.5,14.9,33.2,19.4,9.0
2019-03-31,28,12.9,14.4,32.7,19.8,9.2
2019-03-31,29,12.9,13.5,32.8,19.8,9.7
2019-03-31,30,13.2,12.2,33.9,19.9,9.7
2019-03-31,31,13.4,10.7,35.0,19.9,9.7
2019-03-31,32,13.7,8.6,37.9,19.5,9.5
2019-03-31,33,13.7,6.6,38.9,19.3,9.6
2019-03-31,34,14.1,4.5,40.0,19.5,9.6
2019-03-31,35,14.4,2.5,41.6,19.3,9.5
2019-03-31,36,14.8,1.0,42.4,19.1,9.4
2019-03-31,37,15.3,0.2,42.1,19.0,9.4
2019-03-31,38,15.1,0.0,43.9,18.3,9.0
2019-03-31,39,15.8,0.0,44.0,18.1,8.9
2019-03-31,40,16.4,0.0,42.4,18.5,9.1
2019-03-31,41,17.3,0.0,41.3,19.1,9.2
2019-03-31,42,18.1,0.0,38.3,20.2,9.8
2019-03-31,43,19.5,0.0,35.4,21.3,9.8
2019-03-31,44,21.1,0.0,33.0,22.9,10.5
2019-03-31,45,22.1,0.0,31.9,24.5,10.1
2019-03-31,46,22.7,0.0,30.4,25.3,10.4
2019-03-31,47,22.8,0.0,30.5,25.6,9.8
2019-03-31,48,23.5,0.0,28.9,26.1,10.0
2019-04-01,1,23.5,0.0,29.6,25.7,9.9
2019-04-01,2,22.6,0.0,31.1,25.3,9.8
2019-04-01,3,22.1,0.0,32.2,24.8,9.9
2019-04-01,4,22.4,0.0,31.5,25.1,10.0
2019-04-01,5,22.0,0.0,31.4,25.4,10.1
2019-04-01,6,22.4,0.0,30.3,25.8,10.3
2019-04-01,7,22.9,0.0,30.0,25.7,10.3
2019-04-01,8,22.9,0.0,30.6,25.4,9.9
2019-04-01,9,22.6,0.0,33.7,24.9,7.1
2019-04-01,10,21.8,0.0,36.6,23.5,6.9
2019-04-01,11,20.3,0.1,39.7,21.5,6.9
2019-04-01,12,19.0,0.8,43.0,19.6,6.2
2019-04-01,13,17.4,2.0,46.1,17.6,5.6
2019-04-01,14,16.7,3.6,46.3,16.6,5.3
2019-04-01,15,16.4,5.6,45.0,16.3,5.3
2019-04-01,16,16.2,7.7,44.2,16.0,5.2
2019-04-01,17,15.7,9.9,43.6,15.7,5.2
2019-04-01,18,15.7,12.2,41.0,15.9,5.2
2019-04-01,19,15.7,14.3,39.2,15.9,5.2
2019-04-01,20,15.7,16.3,37.1,16.0,5.2
2019-04-01,21,15.7,17.8,35.8,16.0,5.2
2019-04-01,22,16.0,19.0,34.6,15.9,5.2
2019-04-01,23,15.7,19.8,34.3,15.8,5.2
2019-04-01,24,15.7,20.5,33.5,15.9,5.2
2019-04-01,25,15.8,20.0,33.6,16.3,5.2
2019-04-01,26,16.1,18.6,33.8,16.7,5.3
2019-04-01,27,15.7,17.9,35.0,16.7,5.3
2019-04-01,28,15.2,16.8,36.4,16.8,5.3
2019-04-01,29,15.5,15.5,36.7,17.1,5.4
2019-04-01,30,15.0,13.3,40.1,16.8,5.3
2019-04-01,31,15.2,11.2,41.5,16.9,5.5
2019-04-01,32,14.7,8.8,44.7,16.6,5.4
2019-04-01,33,14.1,6.5,47.4,16.5,5.4
2019-04-01,34,13.8,4.3,48.4,16.5,5.4
2019-04-01,35,13.3,2.3,50.2,16.6,5.4
2019-04-01,36,12.9,0.9,52.3,16.7,5.4
2019-04-01,37,12.3,0.2,52.5,16.6,5.4
2019-04-01,38,11.6,0.0,53.7,16.5,5.4
2019-04-01,39,11.4,0.0,53.5,16.6,5.4
2019-04-01,40,11.9,0.0,54.5,17.0,5.5
2019-04-01,41,12.1,0.0,55.5,17.6,4.3
2019-04-01,42,13.1,0.0,53.7,18.8,5.0
2019-04-01,43,14.2,0.0,50.2,20.3,6.4
2019-04-01,44,14.7,0.0,49.0,21.5,6.8
2019-04-01,45,15.2,0.0,47.6,23.1,6.7
2019-04-01,46,14.8,0.0,46.0,24.3,7.1
2019-04-01,47,14.2,0.0,45.4,25.1,7.3
2019-04-01,48,12.4,0.0,46.7,25.4,7.4
2019-04-02,1,10.4,0.0,49.2,25.1,7.3
2019-04-02,2,10.5,0.0,50.1,24.5,7.1
2019-04-02,3,11.4,0.0,49.3,24.4,7.2
2019-04-02,4,10.3,0.0,50.2,24.3,7.5
2019-04-02,5,10.1,0.0,49.0,24.2,8.1
2019-04-02,6,10.6,0.0,48.1,24.2,8.1
2019-04-02,7,10.9,0.0,47.4,24.4,8.2
2019-04-02,8,10.3,0.0,47.6,24.6,8.3
2019-04-02,9,11.5,0.0,45.9,23.8,9.0
2019-04-02,10,11.4,0.0,47.0,22.5,9.0
2019-04-02,11,10.2,0.1,49.5,20.9,8.5
2019-04-02,12,9.3,0.7,52.7,19.2,6.9
2019-04-02,13,8.0,1.8,55.9,17.5,5.4
2019-04-02,14,7.6,3.1,57.0,16.6,5.0
2019-04-02,15,7.1,4.5,55.6,16.2,5.2
2019-04-02,16,6.8,6.0,55.2,16.0,5.1
2019-04-02,17,7.4,7.2,54.0,15.5,5.0
2019-04-02,18,7.7,8.7,54.3,15.5,5.0
2019-04-02,19,7.3,9.9,53.3,15.3,4.9
2019-04-02,20,6.9,10.8,52.7,15.2,5.2
2019-04-02,21,7.1,11.4,51.5,15.1,5.6
2019-04-02,22,7.1,11.8,51.6,15.0,5.6
2019-04-02,23,6.9,12.2,51.2,15.1,5.4
2019-04-02,24,7.3,12.4,51.3,15.2,5.5
2019-04-02,25,7.6,12.6,49.9,15.6,6.1
2019-04-02,26,8.1,12.4,48.6,15.9,6.4
2019-04-02,27,9.3,11.9,47.2,15.9,6.4
2019-04-02,28,10.0,11.6,46.2,16.3,6.4
2019-04-02,29,10.4,11.3,46.4,16.5,6.2
2019-04-02,30,10.2,10.1,47.9,16.3,6.2
2019-04-02,31,9.5,8.3,50.5,16.1,6.7
2019-04-02,32,9.0,6.5,52.5,15.9,6.7
2019-04-02,33,9.1,4.5,53.5,16.0,6.9
2019-04-02,34,8.9,3.0,54.4,16.2,7.2
2019-04-02,35,8.9,2.0,53.6,16.4,7.2
2019-04-02,36,9.0,0.9,53.8,16.3,7.2
2019-04-02,37,9.2,0.2,54.4,16.2,7.2
2019-04-02,38,10.3,0.0,54.0,16.1,7.1
2019-04-02,39,9.3,0.0,55.8,16.2,6.9
2019-04-02,40,9.9,0.0,55.2,16.6,7.0
2019-04-02,41,10.9,0.0,54.7,17.2,6.9
2019-04-02,42,12.7,0.0,52.7,18.1,7.2
2019-04-02,43,13.8,0.0,50.1,19.4,8.3
2019-04-02,44,14.9,0.0,47.2,20.7,8.4
2019-04-02,45,16.5,0.0,42.9,22.3,9.0
2019-04-02,46,17.2,0.0,40.1,23.5,9.4
2019-04-02,47,18.7,0.0,37.3,24.7,9.1
2019-04-02,48,19.7,0.0,36.0,24.8,9.2
2019-04-03,1,20.5,0.0,36.5,24.4,9.0
2019-04-03,2,20.2,0.0,38.1,23.6,8.8
2019-04-03,3,22.1,0.0,36.2,23.6,8.8
2019-04-03,4,22.1,0.0,36.5,23.5,8.7
2019-04-03,5,22.1,0.0,36.7,23.4,8.7
2019-04-03,6,21.3,0.0,37.3,23.8,8.3
2019-04-03,7,21.0,0.0,40.3,23.5,5.8
2019-04-03,8,21.5,0.0,39.8,23.3,5.8
2019-04-03,9,21.9,0.0,41.7,22.6,4.7
2019-04-03,10,20.3,0.0,44.0,21.6,4.5
2019-04-03,11,19.6,0.0,46.3,20.0,4.4
2019-04-03,12,18.2,0.4,49.4,18.6,3.8
2019-04-03,13,17.3,1.1,51.6,16.7,2.8
2019-04-03,14,16.8,2.4,52.0,16.3,2.4
2019-04-03,15,17.1,3.8,50.0,16.2,2.8
2019-04-03,16,17.6,5.3,47.7,16.3,2.9
2019-04-03,17,17.5,6.6,46.6,15.8,3.0
2019-04-03,18,16.7,7.6,47.3,15.7,3.0
2019-04-03,19,16.1,8.3,47.1,15.8,2.4
2019-04-03,20,15.5,8.8,47.3,15.8,2.6
2019-04-03,21,15.0,9.1,44.6,15.7,5.3
2019-04-03,22,14.1,9.6,45.7,15.5,5.4
2019-04-03,23,13.1,9.4,46.6,15.7,4.4
2019-04-03,24,12.2,9.5,48.3,15.8,4.4
2019-04-03,25,11.3,10.3,47.5,16.0,4.4
2019-04-03,26,10.3,11.3,48.4,15.9,4.4
2019-04-03,27,9.4,11.6,48.6,16.0,4.5
2019-04-03,28,9.9,11.0,48.2,16.2,4.7
2019-04-03,29,10.1,10.3,47.5,16.4,6.4
2019-04-03,30,9.4,8.9,49.2,16.2,6.4
2019-04-03,31,9.4,7.5,49.9,16.1,6.6
2019-04-03,32,9.1,6.3,49.8,16.1,6.6
2019-04-03,33,9.9,4.8,50.6,16.1,6.6
2019-04-03,34,10.6,3.0,49.5,16.0,6.6
2019-04-03,35,11.0,1.5,50.6,16.0,6.6
2019-04-03,36,10.9,0.6,52.1,16.3,6.7
2019-04-03,37,10.9,0.1,52.0,16.3,6.7
2019-04-03,38,10.8,0.0,52.0,16.3,6.7
2019-04-03,39,11.1,0.0,52.0,16.2,6.7
2019-04-03,40,11.8,0.0,51.8,16.8,6.9
2019-04-03,41,13.4,0.0,51.8,17.3,6.9
2019-04-03,42,14.2,0.0,50.3,18.2,7.3
2019-04-03,43,15.3,0.0,51.0,19.3,4.8
2019-04-03,44,17.0,0.0,46.6,20.8,6.0
2019-04-03,45,18.1,0.0,42.4,22.4,7.6
2019-04-03,46,18.6,0.0,40.1,23.5,7.9
2019-04-03,47,18.8,0.0,37.5,24.6,8.6
2019-04-03,48,18.7,0.0,37.0,25.0,8.7
2019-04-04,1,19.0,0.0,36.7,24.5,9.4
2019-04-04,2,19.0,0.0,38.3,23.6,9.1
2019-04-04,3,19.3,0.0,39.6,22.9,8.6
2019-04-04,4,19.7,0.0,38.8,23.1,8.7
2019-04-04,5,20.0,0.0,38.1,23.4,8.7
2019-04-04,6,20.5,0.0,38.1,23.1,8.6
2019-04-04,7,20.2,0.0,37.5,23.6,8.9
2019-04-04,8,18.9,0.0,38.8,23.6,8.8
2019-04-04,9,17.5,0.0,42.5,22.2,7.7
2019-04-04,10,16.6,0.0,44.5,21.2,7.4
2019-04-04,11,16.4,0.0,46.3,19.7,7.0
2019-04-04,12,15.7,0.4,48.1,18.3,6.5
2019-04-04,13,13.8,1.2,50.8,17.2,5.6
2019-04-04,14,14.2,2.1,49.9,16.4,5.3
2019-04-04,15,15.0,3.3,47.0,16.2,6.2
2019-04-04,16,14.6,4.7,46.1,16.2,6.2
2019-04-04,17,14.5,5.8,47.2,15.9,5.6
2019-04-04,18,15.4,6.5,45.8,16.0,5.6
2019-04-04,19,16.2,7.1,45.5,15.9,5.6
2019-04-04,20,17.3,7.8,44.2,15.7,5.3
2019-04-04,21,18.7,9.0,42.6,15.6,5.0
2019-04-04,22,19.6,8.8,41.8,15.7,5.1
2019-04-04,23,19.8,8.7,42.5,15.4,4.7
2019-04-04,24,20.2,9.4,41.4,15.5,4.7
2019-04-04,25,21.4,9.1,42.4,15.9,2.2
2019-04-04,26,22.3,8.4,41.7,16.2,2.2
2019-04-04,27,23.5,8.0,41.1,16.3,2.7
2019-04-04,28,24.1,7.4,41.1,16.4,2.7
2019-04-04,29,24.6,6.6,40.9,16.4,2.5
2019-04-04,30,24.8,5.7,41.3,16.4,2.5
2019-04-04,31,24.9,4.7,42.7,16.4,1.9
2019-04-04,32,24.4,4.0,43.7,16.3,1.9
2019-04-04,33,25.0,3.1,42.9,16.2,3.4
2019-04-04,34,24.9,2.1,43.4,16.5,3.5
2019-04-04,35,24.7,1.0,43.8,16.2,4.4
2019-04-04,36,25.1,0.4,43.9,16.3,4.4
2019-04-04,37,25.0,0.1,43.3,16.4,5.2
2019-04-04,38,25.4,0.0,42.9,16.4,5.2
2019-04-04,39,26.1,0.0,42.5,16.6,5.3
2019-04-04,40,27.1,0.0,40.6,17.0,5.4
2019-04-04,41,27.4,0.0,39.2,17.9,5.4
2019-04-04,42,28.9,0.0,38.0,18.8,5.7
2019-04-04,43,31.8,0.0,32.3,20.7,6.5
2019-04-04,44,34.3,0.0,27.2,22.2,6.9
2019-04-04,45,36.3,0.0,23.6,24.2,5.6
2019-04-04,46,37.5,0.0,21.0,25.0,6.0
2019-04-04,47,37.5,0.0,21.0,25.5,5.4
2019-04-04,48,37.6,0.0,20.6,25.7,5.4
2019-04-05,1,36.2,0.0,20.9,25.6,6.6
2019-04-05,2,33.8,0.0,24.9,24.5,6.6
2019-04-05,3,33.4,0.0,25.9,23.7,7.3
2019-04-05,4,34.4,0.0,24.2,24.2,7.6
2019-04-05,5,34.9,0.0,23.9,24.6,6.9
2019-04-05,6,34.4,0.0,23.3,24.8,7.3
2019-04-05,7,34.0,0.0,25.5,24.5,6.0
2019-04-05,8,33.6,0.0,25.4,24.5,6.3
2019-04-05,9,32.0,0.0,25.3,23.5,8.6
2019-04-05,10,31.1,0.0,27.6,22.3,8.0
2019-04-05,11,29.8,0.0,32.6,21.3,4.7
2019-04-05,12,27.0,0.0,38.4,19.6,3.7
2019-04-05,13,24.7,0.0,41.9,18.1,4.5
2019-04-05,14,23.0,2.1,42.2,17.3,3.9
2019-04-05,15,21.9,4.6,41.6,17.0,3.9
2019-04-05,16,22.0,5.7,39.5,17.0,4.0
2019-04-05,17,22.2,6.6,38.6,16.6,4.8
2019-04-05,18,22.9,7.8,36.8,16.7,4.8
2019-04-05,19,23.2,9.1,37.5,16.7,3.5
2019-04-05,20,23.5,9.8,37.4,16.5,3.5
2019-04-05,21,24.0,10.1,36.9,16.6,3.2
2019-04-05,22,23.9,11.0,36.0,16.5,3.2
2019-04-05,23,23.9,11.9,35.0,16.4,3.5
2019-04-05,24,24.2,12.5,34.3,16.5,3.5
2019-04-05,25,25.4,13.0,34.8,17.3,0.0
2019-04-05,26,24.6,12.7,33.4,17.3,2.0
2019-04-05,27,23.7,11.6,35.0,17.2,3.2
2019-04-05,28,22.4,10.0,36.6,17.6,3.3
2019-04-05,29,21.7,8.6,37.8,17.6,4.5
2019-04-05,30,22.2,7.8,41.4,18.4,0.0
2019-04-05,31,20.7,6.4,40.6,17.5,4.9
2019-04-05,32,20.5,5.2,41.4,17.3,4.9
2019-04-05,33,19.0,3.8,42.4,17.3,5.5
2019-04-05,34,17.1,2.5,44.8,17.4,5.6
2019-04-05,35,16.2,1.4,45.8,17.6,5.6
2019-04-05,36,16.0,0.5,46.8,17.6,5.6
2019-04-05,37,17.0,0.1,46.3,17.7,5.7
2019-04-05,38,18.3,0.0,45.8,17.5,5.6
2019-04-05,39,18.8,0.0,44.2,17.8,5.7
2019-04-05,40,19.2,0.0,43.2,18.1,5.8
2019-04-05,41,20.4,0.0,43.7,18.7,5.8
2019-04-05,42,21.2,0.0,43.3,20.0,6.2
2019-04-05,43,22.0,0.0,41.0,21.2,7.4
2019-04-05,44,22.1,0.0,39.9,22.5,7.5
2019-04-05,45,22.2,0.0,38.8,24.0,7.0
2019-04-05,46,21.7,0.0,38.9,24.9,7.7
2019-04-05,47,20.8,0.0,39.1,25.9,7.3
2019-04-05,48,20.2,0.0,38.9,26.0,8.0
2019-04-06,1,19.4,0.0,39.4,25.7,8.6
2019-04-06,2,17.6,0.0,41.9,25.1,8.7
2019-04-06,3,17.5,0.0,41.2,25.3,9.3
2019-04-06,4,16.8,0.0,41.9,25.3,9.3
2019-04-06,5,15.3,0.0,43.2,25.4,9.3
2019-04-06,6,14.4,0.0,43.8,25.6,9.4
2019-04-06,7,14.1,0.0,44.0,25.7,9.4
2019-04-06,8,12.9,0.0,44.5,25.7,9.4
2019-04-06,9,12.2,0.0,44.8,25.4,9.8
2019-04-06,10,12.1,0.0,45.6,24.8,9.6
2019-04-06,11,12.0,0.0,46.0,24.7,9.6
2019-04-06,12,11.2,0.4,48.6,23.6,9.1
2019-04-06,13,10.7,1.3,52.8,22.0,6.7
2019-04-06,14,10.2,2.5,53.1,21.1,6.6
2019-04-06,15,9.5,3.9,50.9,20.0,8.5
2019-04-06,16,9.3,5.5,49.8,19.4,8.1
2019-04-06,17,8.8,7.0,49.1,18.8,7.5
2019-04-06,18,8.3,8.4,49.4,18.6,7.1
2019-04-06,19,8.1,9.5,49.6,18.5,6.6
2019-04-06,20,8.0,10.8,49.3,18.4,6.4
2019-04-06,21,8.0,13.0,48.1,18.1,5.7
2019-04-06,22,7.9,13.9,48.5,18.2,5.5
2019-04-06,23,8.0,14.6,48.8,18.2,5.2
2019-04-06,24,8.3,14.9,47.5,18.3,5.2
2019-04-06,25,8.3,15.1,47.4,18.5,5.2
2019-04-06,26,8.7,14.7,47.4,18.9,5.3
2019-04-06,27,8.9,13.4,48.1,19.0,5.4
2019-04-06,28,9.5,11.8,48.8,19.3,5.4
2019-04-06,29,9.8,10.4,49.6,19.5,5.5
2019-04-06,30,10.2,8.9,50.3,19.4,5.5
2019-04-06,31,10.1,7.3,51.0,19.3,6.2
2019-04-06,32,10.1,5.9,52.8,19.0,6.1
2019-04-06,33,10.3,4.5,52.2,19.3,6.2
2019-04-06,34,10.3,3.0,51.4,18.7,6.0
2019-04-06,35,10.5,1.7,53.2,19.0,6.1
2019-04-06,36,11.0,0.7,52.8,19.1,6.1
2019-04-06,37,11.8,0.2,52.6,19.3,6.2
2019-04-06,38,12.3,0.0,52.9,19.2,6.2
2019-04-06,39,12.8,0.0,52.6,19.4,6.2
2019-04-06,40,13.0,0.0,51.3,19.7,6.3
2019-04-06,41,13.2,0.0,52.3,20.3,6.3
2019-04-06,42,14.1,0.0,52.0,20.7,6.4
2019-04-06,43,15.0,0.0,51.1,21.5,6.4
2019-04-06,44,15.4,0.0,49.2,22.5,6.7
2019-04-06,45,17.1,0.0,45.3,23.9,7.1
2019-04-06,46,17.6,0.0,43.6,24.8,7.4
2019-04-06,47,18.1,0.0,42.8,25.5,6.8
2019-04-06,48,18.5,0.0,41.7,26.1,7.0
2019-04-07,1,18.3,0.0,42.8,26.1,6.9
2019-04-07,2,17.7,0.0,44.7,25.7,6.8
2019-04-07,3,17.7,0.0,45.4,25.7,6.9
2019-04-07,4,17.7,0.0,45.6,25.7,6.9
2019-04-07,5,17.6,0.0,44.3,25.6,7.1
2019-04-07,6,18.0,0.0,42.5,25.8,7.0
2019-04-07,7,19.0,0.0,40.8,26.2,7.0
2019-04-07,8,18.8,0.0,40.9,26.4,7.1
2019-04-07,9,19.3,0.0,40.5,26.3,7.1
2019-04-07,10,19.3,0.0,40.7,26.2,7.0
2019-04-07,11,18.9,0.0,39.9,26.9,7.1
2019-04-07,12,18.7,0.3,41.0,26.0,6.9
2019-04-07,13,17.6,0.8,42.1,24.7,7.9
2019-04-07,14,17.0,1.6,43.6,23.4,7.5
2019-04-07,15,16.7,2.3,45.5,22.0,6.9
2019-04-07,16,15.8,3.3,46.6,21.2,6.7
2019-04-07,17,15.8,4.2,47.2,20.3,6.4
2019-04-07,18,15.3,5.3,46.8,20.0,6.3
2019-04-07,19,15.6,6.4,46.3,19.4,6.0
2019-04-07,20,16.1,7.6,44.5,18.9,5.9
2019-04-07,21,15.7,9.9,43.8,18.4,5.5
2019-04-07,22,15.9,10.5,42.8,18.5,5.5
2019-04-07,23,15.6,11.1,43.4,18.5,5.5
2019-04-07,24,14.7,11.9,43.8,18.4,5.5
2019-04-07,25,15.0,12.6,43.3,18.5,5.5
2019-04-07,26,15.3,12.3,42.8,18.8,5.6
2019-04-07,27,15.2,11.2,43.9,18.9,5.6
2019-04-07,28,15.2,10.5,43.6,19.3,5.7
2019-04-07,29,14.6,9.6,44.3,19.4,6.0
2019-04-07,30,14.6,8.2,45.5,19.4,6.0
2019-04-07,31,14.5,6.6,45.9,19.4,7.0
2019-04-07,32,13.9,5.0,47.5,19.0,7.3
2019-04-07,33,13.6,3.6,47.2,18.8,7.2
2019-04-07,34,13.2,2.4,49.7,18.9,7.2
2019-04-07,35,13.2,1.5,47.5,19.1,6.9
2019-04-07,36,13.2,0.7,48.7,19.1,7.2
2019-04-07,37,13.2,0.2,49.7,19.0,7.7
2019-04-07,38,13.4,0.0,49.8,19.0,7.7
2019-04-07,39,13.6,0.0,50.4,18.8,7.5
2019-04-07,40,14.2,0.0,49.7,19.3,7.7
2019-04-07,41,15.1,0.0,49.4,20.2,7.8
2019-04-07,42,15.4,0.0,48.4,20.8,7.9
2019-04-07,43,16.3,0.0,46.8,21.9,8.2
2019-04-07,44,17.7,0.0,43.6,23.4,8.5
2019-04-07,45,18.7,0.0,41.1,24.9,7.7
2019-04-07,46,20.1,0.0,38.8,26.1,7.5
2019-04-07,47,20.2,0.0,38.7,26.6,7.5
2019-04-07,48,20.7,0.0,37.8,26.8,7.6
2019-04-08,1,19.7,0.0,38.8,26.3,8.2
2019-04-08,2,19.4,0.0,40.0,25.7,8.1
2019-04-08,3,19.1,0.0,40.5,25.3,8.4
2019-04-08,4,19.0,0.0,39.5,25.7,9.0
2019-04-08,5,18.7,0.0,39.8,25.9,8.8
2019-04-08,6,18.1,0.0,40.2,26.0,8.8
2019-04-08,7,17.9,0.0,40.4,25.9,8.6
2019-04-08,8,17.5,0.0,39.9,25.8,9.0
2019-04-08,9,16.5,0.0,41.9,24.2,9.3
2019-04-08,10,15.6,0.0,43.5,22.9,8.4
2019-04-08,11,15.0,0.0,45.6,21.4,6.3
2019-04-08,12,14.2,0.2,48.1,19.8,5.3
2019-04-08,13,12.2,0.7,51.7,18.1,3.7
2019-04-08,14,11.6,1.4,52.6,17.4,3.6
2019-04-08,15,11.2,2.3,50.6,16.7,5.4
2019-04-08,16,10.6,3.3,50.2,16.5,5.3
2019-04-08,17,10.5,4.5,49.8,16.3,5.2
2019-04-08,18,10.4,5.7,49.1,16.1,5.2
2019-04-08,19,10.6,6.9,49.3,16.1,5.2
2019-04-08,20,10.6,7.9,48.5,15.9,5.1
2019-04-08,21,10.5,9.8,47.5,15.6,5.0
2019-04-08,22,10.9,10.9,46.5,15.7,5.1
2019-04-08,23,11.2,11.7,45.7,15.7,5.0
2019-04-08,24,11.4,12.4,44.4,15.9,5.1
2019-04-08,25,11.2,12.8,44.2,16.1,5.0
2019-04-08,26,11.1,12.9,43.9,16.2,5.1
2019-04-08,27,11.1,12.9,43.7,16.3,5.1
2019-04-08,28,11.5,12.5,43.0,16.6,5.2
2019-04-08,29,12.4,11.6,42.5,16.9,5.3
2019-04-08,30,12.8,10.2,43.3,16.9,5.3
2019-04-08,31,13.0,8.4,44.5,16.9,5.4
2019-04-08,32,13.2,6.8,46.5,16.7,5.4
2019-04-08,33,13.2,5.2,48.4,16.5,5.3
2019-04-08,34,13.2,3.6,49.5,16.6,5.3
2019-04-08,35,13.2,2.2,50.2,16.7,5.4
2019-04-08,36,13.3,1.0,50.9,16.9,5.4
2019-04-08,37,12.9,0.3,51.8,17.1,5.5
2019-04-08,38,13.0,0.0,52.3,16.9,5.4
2019-04-08,39,13.6,0.0,52.1,17.0,5.4
2019-04-08,40,13.7,0.0,51.4,17.3,5.5
2019-04-08,41,14.3,0.0,50.1,17.9,5.6
2019-04-08,42,14.9,0.0,48.9,19.0,5.9
2019-04-08,43,16.0,0.0,48.8,20.3,4.9
2019-04-08,44,17.9,0.0,46.2,21.4,5.5
2019-04-08,45,19.5,0.0,42.1,23.1,6.7
2019-04-08,46,21.4,0.0,39.7,24.1,7.0
2019-04-08,47,22.2,0.0,38.7,24.7,6.6
2019-04-08,48,22.7,0.0,37.6,25.1,6.7
2019-04-09,1,23.0,0.0,37.5,24.9,6.7
2019-04-09,2,22.6,0.0,39.2,24.1,6.5
2019-04-09,3,23.0,0.0,38.7,24.2,6.5
2019-04-09,4,23.6,0.0,37.4,24.7,6.6
2019-04-09,5,24.1,0.0,36.4,25.0,6.7
2019-04-09,6,23.9,0.0,36.0,25.4,6.8
2019-04-09,7,23.9,0.0,36.0,25.2,7.0
2019-04-09,8,23.9,0.0,35.8,25.3,7.0
2019-04-09,9,22.9,0.0,37.4,24.4,6.7
2019-04-09,10,21.1,0.0,39.4,23.2,6.1
2019-04-09,11,20.2,0.0,42.8,21.6,4.2
2019-04-09,12,18.9,0.3,46.5,19.9,3.1
2019-04-09,13,17.4,0.8,50.3,18.1,1.6
2019-04-09,14,17.0,1.4,49.5,17.2,1.9
2019-04-09,15,16.4,2.2,48.0,16.5,4.5
2019-04-09,16,16.7,3.2,47.9,16.3,4.4
2019-04-09,17,16.9,4.4,46.3,16.1,4.5
2019-04-09,18,17.3,5.4,45.7,16.1,4.5
2019-04-09,19,17.7,6.2,44.3,15.9,5.1
2019-04-09,20,17.9,7.1,43.3,15.9,5.1
2019-04-09,21,17.7,8.0,42.7,15.9,5.1
2019-04-09,22,17.3,8.6,42.3,15.9,5.1
2019-04-09,23,16.7,9.2,42.6,15.8,5.1
2019-04-09,24,16.4,9.6,42.4,15.9,5.1
2019-04-09,25,16.1,9.7,42.4,16.0,5.0
2019-04-09,26,16.2,9.7,41.9,16.2,5.1
2019-04-09,27,16.3,9.6,41.9,16.2,5.1
2019-04-09,28,16.4,9.6,42.1,16.3,5.1
2019-04-09,29,16.3,9.1,43.2,16.2,5.1
2019-04-09,30,16.1,8.2,43.8,16.1,5.1
2019-04-09,31,15.9,7.1,44.9,15.9,5.2
2019-04-09,32,15.8,5.9,46.5,15.7,5.2
2019-04-09,33,15.9,4.7,46.1,15.6,5.1
2019-04-09,34,16.3,3.4,46.8,15.7,5.2
2019-04-09,35,16.4,2.1,47.2,16.1,5.3
2019-04-09,36,16.8,1.0,47.7,16.4,5.4
2019-04-09,37,17.1,0.3,46.1,16.4,5.4
2019-04-09,38,17.2,0.0,47.2,16.4,5.4
2019-04-09,39,17.0,0.0,46.6,16.4,5.4
2019-04-09,40,17.3,0.0,47.2,16.7,5.5
2019-04-09,41,17.9,0.0,46.9,17.6,5.6
2019-04-09,42,18.9,0.0,45.5,18.7,6.0
2019-04-09,43,19.9,0.0,44.9,19.9,6.3
2019-04-09,44,20.3,0.0,43.6,21.2,6.8
2019-04-09,45,21.3,0.0,41.4,23.2,6.7
2019-04-09,46,21.9,0.0,39.8,24.4,7.0
2019-04-09,47,21.9,0.0,38.7,25.2,7.3
2019-04-09,48,21.0,0.0,39.4,25.4,7.3
2019-04-10,1,20.2,0.0,40.6,24.9,7.2
2019-04-10,2,19.2,0.0,42.0,24.6,7.1
2019-04-10,3,19.1,0.0,41.8,24.9,7.2
2019-04-10,4,18.4,0.0,42.9,24.6,7.1
2019-04-10,5,17.7,0.0,43.7,24.6,7.1
2019-04-10,6,17.3,0.0,44.3,24.5,7.1
2019-04-10,7,16.9,0.0,44.5,24.4,7.2
2019-04-10,8,17.1,0.0,44.5,24.3,7.2
2019-04-10,9,16.6,0.0,45.6,23.7,7.1
2019-04-10,10,15.0,0.0,47.8,22.6,6.7
2019-04-10,11,13.6,0.2,50.2,21.2,6.6
2019-04-10,12,12.2,0.8,53.9,19.1,5.7
2019-04-10,13,11.0,1.8,55.5,17.3,5.5
2019-04-10,14,10.3,3.2,54.4,16.8,5.3
2019-04-10,15,9.6,4.6,52.7,16.2,5.3
2019-04-10,16,9.5,6.2,52.0,16.0,5.3
2019-04-10,17,9.5,7.8,51.2,15.8,5.2
2019-04-10,18,9.2,9.2,51.1,15.1,5.1
2019-04-10,19,9.2,11.1,51.0,15.1,5.1
2019-04-10,20,8.8,13.1,50.0,15.0,5.1
2019-04-10,21,8.6,16.2,48.5,14.8,5.0
2019-04-10,22,8.5,17.6,46.8,14.6,5.0
2019-04-10,23,8.5,19.2,45.6,14.7,5.0
2019-04-10,24,8.9,20.7,43.4,15.2,5.1
2019-04-10,25,9.1,21.4,42.1,15.7,5.0
2019-04-10,26,9.4,21.7,41.0,16.1,5.2
2019-04-10,27,9.8,21.5,40.4,16.3,5.2
2019-04-10,28,9.7,20.9,40.7,16.5,5.3
2019-04-10,29,9.5,19.4,42.1,16.8,5.4
2019-04-10,30,9.5,17.1,44.1,16.8,5.4
2019-04-10,31,9.4,14.8,46.0,16.9,5.6
2019-04-10,32,9.0,12.2,49.1,16.7,5.5
2019-04-10,33,8.8,9.5,51.2,16.4,5.4
2019-04-10,34,8.7,6.9,53.2,16.5,5.4
2019-04-10,35,8.5,4.4,53.7,16.6,5.4
2019-04-10,36,8.6,2.2,55.5,16.8,5.5
2019-04-10,37,8.7,0.6,56.1,17.0,5.6
2019-04-10,38,8.9,0.1,57.0,17.0,5.6
2019-04-10,39,8.9,0.0,57.0,16.7,5.5
2019-04-10,40,9.2,0.0,56.0,17.1,5.6
2019-04-10,41,9.4,0.0,56.5,17.3,5.5
2019-04-10,42,10.5,0.0,59.2,17.7,5.8
2019-04-10,43,11.7,0.0,55.9,18.6,6.1
2019-04-10,44,12.9,0.0,54.6,19.5,6.4
2019-04-10,45,14.0,0.0,52.0,20.9,6.9
2019-04-10,46,14.2,0.0,50.4,22.0,7.3
2019-04-10,47,14.0,0.0,50.0,22.7,7.1
2019-04-10,48,13.9,0.0,50.1,22.8,7.1
2019-04-11,1,13.3,0.0,50.4,23.0,7.2
2019-04-11,2,12.5,0.0,51.7,23.0,7.0
2019-04-11,3,12.5,0.0,51.0,23.5,7.1
2019-04-11,4,11.8,0.0,52.4,23.0,7.0
2019-04-11,5,11.4,0.0,52.6,23.3,7.0
2019-04-11,6,11.0,0.0,52.9,23.2,7.1
2019-04-11,7,10.7,0.0,53.1,23.3,7.1
2019-04-11,8,10.6,0.0,53.7,23.0,7.0
2019-04-11,9,10.0,0.0,55.0,22.3,6.8
2019-04-11,10,9.0,0.0,56.5,21.2,6.5
2019-04-11,11,8.7,0.1,55.4,20.1,6.6
2019-04-11,12,7.7,1.1,56.5,18.3,5.9
2019-04-11,13,6.9,2.7,56.6,16.6,5.4
2019-04-11,14,6.4,4.5,55.5,15.8,5.1
2019-04-11,15,6.0,6.4,54.7,15.2,5.1
2019-04-11,16,6.0,8.5,53.0,15.3,5.1
2019-04-11,17,6.0,10.3,52.2,15.0,5.0
2019-04-11,18,6.2,12.1,50.9,14.7,5.0
2019-04-11,19,6.1,13.8,49.5,14.6,5.1
2019-04-11,20,5.6,15.5,49.5,14.5,5.0
2019-04-11,21,5.1,18.0,48.8,14.3,5.0
2019-04-11,22,4.8,19.7,47.7,14.3,4.9
2019-04-11,23,4.4,20.9,47.0,14.3,4.9
2019-04-11,24,4.2,21.5,46.1,14.5,5.0
2019-04-11,25,4.2,21.9,44.9,15.2,5.0
2019-04-11,26,4.1,21.7,44.9,15.6,5.0
2019-04-11,27,4.1,21.0,45.2,15.8,5.1
2019-04-11,28,4.2,20.1,45.4,16.1,5.2
2019-04-11,29,4.1,18.7,44.7,16.3,5.2
2019-04-11,30,4.5,16.5,46.1,16.4,5.2
2019-04-11,31,4.5,14.1,48.5,16.4,5.4
2019-04-11,32,4.5,11.4,51.6,16.3,5.4
2019-04-11,33,4.5,8.8,53.8,16.2,5.3
2019-04-11,34,4.5,6.3,55.8,16.2,5.3
2019-04-11,35,4.7,4.0,55.4,16.2,5.3
2019-04-11,36,4.5,2.0,57.9,16.3,5.4
2019-04-11,37,4.6,0.6,58.9,16.6,5.5
2019-04-11,38,5.0,0.0,58.6,16.4,5.4
2019-04-11,39,5.1,0.0,58.3,16.4,5.4
2019-04-11,40,5.1,0.0,58.5,16.5,5.4
2019-04-11,41,5.3,0.0,60.4,16.8,5.5
2019-04-11,42,5.5,0.0,60.7,17.4,5.8
2019-04-11,43,5.8,0.0,60.7,18.5,6.1
2019-04-11,44,5.9,0.0,60.7,19.7,6.5
2019-04-11,45,6.3,0.0,59.2,21.0,7.0
2019-04-11,46,7.2,0.0,57.0,22.2,7.3
2019-04-11,47,8.7,0.0,54.8,23.3,6.8
2019-04-11,48,9.3,0.0,53.0,24.2,7.0
2019-04-12,1,9.3,0.0,53.1,24.2,7.0
2019-04-12,2,9.3,0.0,53.8,23.8,6.8
2019-04-12,3,9.6,0.0,53.1,24.0,6.9
2019-04-12,4,9.6,0.0,53.7,23.6,6.8
2019-04-12,5,9.8,0.0,53.4,23.7,6.8
2019-04-12,6,10.0,0.0,52.9,23.8,6.9
2019-04-12,7,10.4,0.0,52.6,23.8,6.9
2019-04-12,8,10.2,0.0,53.2,23.5,6.8
2019-04-12,9,9.6,0.0,55.0,22.4,6.2
2019-04-12,10,9.7,0.0,55.2,21.3,6.6
2019-04-12,11,9.7,0.3,57.1,20.5,4.5
2019-04-12,12,9.5,1.2,58.5,19.0,3.5
2019-04-12,13,9.7,2.6,57.0,17.5,5.5
2019-04-12,14,10.2,4.3,54.2,16.9,5.3
2019-04-12,15,10.0,6.0,53.7,16.3,5.3
2019-04-12,16,10.1,7.8,52.7,15.9,5.2
2019-04-12,17,10.0,9.9,52.3,15.4,5.2
2019-04-12,18,10.9,11.8,50.3,15.2,5.2
2019-04-12,19,11.5,13.3,48.1,15.4,5.2
2019-04-12,20,11.6,14.1,47.6,15.3,5.2
2019-04-12,21,11.8,14.9,46.3,15.2,5.4
2019-04-12,22,12.0,14.8,46.3,15.2,5.7
2019-04-12,23,11.6,14.5,46.9,15.3,5.6
2019-04-12,24,11.3,14.1,47.3,15.6,5.3
2019-04-12,25,11.8,13.4,47.6,16.4,4.7
2019-04-12,26,12.2,12.4,47.6,16.6,4.8
2019-04-12,27,12.5,11.3,48.3,16.8,4.8
2019-04-12,28,13.2,10.4,48.0,17.0,4.9
2019-04-12,29,13.6,9.6,47.7,17.0,5.8
2019-04-12,30,13.6,8.4,48.7,17.1,5.6
2019-04-12,31,15.0,6.7,49.2,17.0,5.7
2019-04-12,32,15.6,5.3,50.1,16.8,5.9
2019-04-12,33,15.4,4.1,50.8,16.8,6.4
2019-04-12,34,15.2,2.9,51.6,16.8,6.2
2019-04-12,35,14.8,1.7,53.0,17.0,6.2
2019-04-12,36,14.7,0.8,53.6,17.3,6.4
2019-04-12,37,14.5,0.2,52.4,17.4,6.7
2019-04-12,38,15.4,0.0,52.9,17.1,6.6
2019-04-12,39,16.3,0.0,52.0,17.1,6.6
2019-04-12,40,16.5,0.0,53.7,17.6,7.0
2019-04-12,41,18.0,0.0,52.2,18.4,7.6
2019-04-12,42,20.2,0.0,48.5,19.3,8.1
2019-04-12,43,21.2,0.0,46.3,20.4,8.7
2019-04-12,44,22.0,0.0,44.1,21.5,9.0
2019-04-12,45,23.6,0.0,40.9,23.0,8.6
2019-04-12,46,23.4,0.0,40.5,24.0,8.0
2019-04-12,47,23.9,0.0,41.8,24.8,5.3
2019-04-12,48,24.2,0.0,40.8,25.1,5.7
2019-04-13,1,25.0,0.0,37.1,25.0,8.8
2019-04-13,2,25.0,0.0,38.0,24.4,8.6
2019-04-13,3,24.3,0.0,38.8,24.6,8.2
2019-04-13,4,23.5,0.0,39.4,24.4,8.7
2019-04-13,5,23.3,0.0,39.8,24.1,8.8
2019-04-13,6,22.8,0.0,40.0,24.3,8.9
2019-04-13,7,22.6,0.0,40.1,24.5,8.9
2019-04-13,8,23.5,0.0,39.2,24.5,9.0
2019-04-13,9,23.9,0.0,38.8,24.5,9.0
2019-04-13,10,24.1,0.0,39.4,24.0,8.8
2019-04-13,11,23.6,0.4,39.1,24.0,9.2
2019-04-13,12,22.1,1.7,41.6,22.6,8.7
2019-04-13,13,20.6,3.7,43.4,21.2,8.5
2019-04-13,14,21.2,6.0,41.2,20.6,8.2
2019-04-13,15,21.9,8.1,38.6,19.4,7.7
2019-04-13,16,22.3,10.3,37.0,19.0,7.5
2019-04-13,17,24.2,12.2,34.4,18.7,7.4
2019-04-13,18,24.4,13.9,31.5,18.7,7.5
2019-04-13,19,23.1,15.4,32.4,18.7,7.4
2019-04-13,20,23.1,16.8,31.5,18.6,7.4
2019-04-13,21,23.5,18.1,31.1,18.4,6.8
2019-04-13,22,23.2,18.8,30.2,18.4,6.8
2019-04-13,23,24.1,19.9,29.8,18.3,5.6
2019-04-13,24,23.8,20.4,29.3,18.6,6.0
2019-04-13,25,23.9,20.5,29.5,18.8,5.8
2019-04-13,26,23.7,20.8,29.0,19.2,6.1
2019-04-13,27,23.5,20.1,29.3,19.5,6.3
2019-04-13,28,23.5,19.2,29.6,19.9,6.4
2019-04-13,29,23.4,17.7,31.0,19.9,6.4
2019-04-13,30,24.2,15.6,31.8,20.1,6.5
2019-04-13,31,25.1,12.9,33.2,20.0,7.0
2019-04-13,32,25.0,10.2,36.3,19.7,6.9
2019-04-13,33,25.1,7.5,38.3,19.2,7.6
2019-04-13,34,25.0,5.6,40.5,19.3,7.2
2019-04-13,35,24.2,3.7,42.2,19.2,7.5
2019-04-13,36,24.2,2.0,43.2,19.3,7.9
2019-04-13,37,24.0,0.6,43.3,19.5,8.1
2019-04-13,38,24.6,0.1,43.7,19.3,8.0
2019-04-13,39,24.6,0.0,43.8,19.2,7.9
2019-04-13,40,26.2,0.0,42.2,19.4,8.0
2019-04-13,41,27.3,0.0,42.8,19.4,8.2
2019-04-13,42,28.5,0.0,40.8,20.0,8.5
2019-04-13,43,29.4,0.0,41.5,21.2,5.5
2019-04-13,44,31.2,0.0,37.2,22.1,6.5
2019-04-13,45,32.9,0.0,32.7,23.7,7.2
2019-04-13,46,33.6,0.0,31.6,24.5,6.9
2019-04-13,47,33.0,0.0,32.8,25.1,5.7
2019-04-13,48,33.9,0.0,31.6,25.4,5.7
2019-04-14,1,34.9,0.0,30.6,25.4,5.7
2019-04-14,2,33.8,0.0,32.1,25.1,5.6
2019-04-14,3,32.8,0.0,31.0,25.3,7.4
2019-04-14,4,32.1,0.0,31.7,25.7,7.3
2019-04-14,5,31.0,0.0,31.4,25.4,8.7
2019-04-14,6,30.7,0.0,31.8,25.5,8.7
2019-04-14,7,31.4,0.0,31.1,25.5,8.7
2019-04-14,8,31.6,0.0,30.7,25.6,8.7
2019-04-14,9,32.6,0.0,29.8,25.6,8.6
2019-04-14,10,32.5,0.0,29.6,25.7,8.7
2019-04-14,11,33.2,0.6,27.1,26.5,9.0
2019-04-14,12,31.2,2.1,29.0,25.4,8.6
2019-04-14,13,29.8,4.1,29.4,24.0,8.5
2019-04-14,14,27.9,6.1,30.8,22.9,8.1
2019-04-14,15,26.6,7.8,32.7,21.5,7.6
2019-04-14,16,26.3,10.1,32.9,21.0,7.4
2019-04-14,17,26.2,11.8,33.0,19.4,7.4
2019-04-14,18,26.6,12.8,32.1,19.0,7.2
2019-04-14,19,27.1,13.6,31.3,18.7,7.1
2019-04-14,20,27.7,14.1,30.3,18.6,7.1
2019-04-14,21,27.8,13.7,30.8,18.5,6.7
2019-04-14,22,27.5,13.2,31.0,18.4,6.7
2019-04-14,23,27.2,13.2,31.0,18.4,6.7
2019-04-14,24,26.8,13.4,30.4,18.7,6.7
2019-04-14,25,26.2,13.8,30.8,19.1,6.5
2019-04-14,26,26.6,12.9,30.8,19.4,6.8
2019-04-14,27,26.7,10.8,31.6,19.4,7.0
2019-04-14,28,26.2,10.1,32.8,19.5,7.0
2019-04-14,29,26.4,9.6,33.5,19.6,7.2
2019-04-14,30,25.3,9.3,34.7,19.3,7.0
2019-04-14,31,25.2,8.3,34.2,18.9,7.7
2019-04-14,32,25.2,7.0,34.8,18.7,7.6
2019-04-14,33,25.6,5.6,35.4,18.4,7.5
2019-04-14,34,25.9,4.1,37.5,18.6,7.4
2019-04-14,35,26.9,2.6,37.7,18.8,7.1
2019-04-14,36,26.2,1.4,38.7,19.1,7.3
2019-04-14,37,25.4,0.5,40.4,19.1,7.5
2019-04-14,38,25.6,0.1,40.1,19.0,7.5
2019-04-14,39,26.2,0.0,39.8,18.8,7.7
2019-04-14,40,27.0,0.0,38.3,19.2,7.7
2019-04-14,41,27.8,0.0,38.0,19.5,7.7
2019-04-14,42,30.1,0.0,34.5,20.8,8.1
2019-04-14,43,31.5,0.0,32.7,21.9,7.7
2019-04-14,44,33.8,0.0,28.6,22.9,8.5
2019-04-14,45,36.2,0.0,23.6,24.5,8.9
2019-04-14,46,37.4,0.0,20.9,25.6,9.1
2019-04-14,47,37.6,0.0,21.6,26.8,6.6
2019-04-14,48,36.7,0.0,21.9,27.1,6.9
2019-04-15,1,36.4,0.0,22.9,26.5,7.0
2019-04-15,2,35.2,0.0,24.5,26.3,6.9
2019-04-15,3,35.4,0.0,22.7,26.7,8.1
2019-04-15,4,35.0,0.0,24.0,26.1,7.9
2019-04-15,5,35.2,0.0,24.0,26.2,7.6
2019-04-15,6,36.3,0.0,23.3,26.0,7.5
2019-04-15,7,36.3,0.0,23.1,26.6,6.9
2019-04-15,8,35.3,0.0,23.8,26.4,6.8
2019-04-15,9,34.0,0.0,26.6,25.6,5.4
2019-04-15,10,32.4,0.0,28.4,24.1,5.5
2019-04-15,11,30.3,0.4,32.0,22.1,4.6
2019-04-15,12,28.7,1.3,33.7,20.2,4.5
2019-04-15,13,27.2,2.6,33.5,18.3,6.8
2019-04-15,14,27.4,4.2,32.6,17.5,6.5
2019-04-15,15,27.0,6.1,31.5,16.8,7.0
2019-04-15,16,26.4,8.7,30.7,16.3,6.8
2019-04-15,17,26.5,10.7,28.7,16.2,6.8
2019-04-15,18,27.0,12.3,26.8,16.3,6.5
2019-04-15,19,27.3,14.8,24.3,16.4,6.1
2019-04-15,20,26.7,16.9,23.1,16.4,6.0
2019-04-15,21,26.6,20.4,20.4,16.1,6.3
2019-04-15,22,26.0,21.7,19.5,16.2,6.3
2019-04-15,23,26.0,21.8,19.5,16.3,6.1
2019-04-15,24,26.5,22.1,19.1,16.5,5.8
2019-04-15,25,26.9,22.4,17.8,16.8,5.8
2019-04-15,26,27.4,21.8,17.3,17.2,6.1
2019-04-15,27,27.3,20.0,18.4,17.3,6.1
2019-04-15,28,27.8,18.1,19.2,17.6,6.1
2019-04-15,29,28.3,15.9,21.0,17.8,5.7
2019-04-15,30,28.2,13.4,23.0,17.9,6.0
2019-04-15,31,28.1,11.2,23.7,17.9,7.5
2019-04-15,32,28.0,8.9,26.8,17.6,7.3
2019-04-15,33,27.3,6.7,30.1,17.3,7.0
2019-04-15,34,27.0,4.7,31.7,17.5,7.0
2019-04-15,35,26.5,2.9,34.0,17.6,7.0
2019-04-15,36,25.1,1.4,35.2,17.9,7.1
2019-04-15,37,24.7,0.4,35.6,18.0,7.6
2019-04-15,38,25.2,0.0,35.7,18.0,7.4
2019-04-15,39,24.9,0.0,37.6,17.8,6.9
2019-04-15,40,25.3,0.0,38.3,18.0,6.4
2019-04-15,41,26.3,0.0,37.9,18.7,6.0
2019-04-15,42,28.1,0.0,35.6,19.7,6.3
2019-04-15,43,29.7,0.0,32.0,21.3,6.5
2019-04-15,44,30.9,0.0,29.3,22.9,6.7
2019-04-15,45,32.3,0.0,25.3,24.8,7.1
2019-04-15,46,33.1,0.0,23.8,25.6,6.9
2019-04-15,47,33.9,0.0,24.5,26.7,3.9
2019-04-15,48,33.5,0.0,24.3,27.0,4.0
2019-04-16,1,32.5,0.0,23.7,26.4,6.6
2019-04-16,2,30.7,0.0,25.5,26.0,6.5
2019-04-16,3,29.9,0.0,25.7,26.7,6.7
2019-04-16,4,28.2,0.0,27.2,26.5,6.7
2019-04-16,5,27.4,0.0,28.1,26.6,7.1
2019-04-16,6,26.6,0.0,29.3,26.3,7.0
2019-04-16,7,25.2,0.0,30.3,26.4,7.2
2019-04-16,8,25.1,0.0,29.8,26.3,7.5
2019-04-16,9,23.8,0.0,31.0,25.2,8.4
2019-04-16,10,21.7,0.0,34.0,24.1,8.3
2019-04-16,11,19.4,0.3,38.5,22.1,7.6
2019-04-16,12,17.8,0.6,42.4,21.0,6.3
2019-04-16,13,15.3,1.6,49.7,18.7,1.9
2019-04-16,14,13.7,2.6,48.5,17.7,1.8
2019-04-16,15,13.4,3.6,46.9,16.9,5.4
2019-04-16,16,13.3,4.6,46.6,16.7,5.3
2019-04-16,17,13.4,5.7,45.4,16.5,5.3
2019-04-16,18,13.6,6.8,45.5,16.6,5.3
2019-04-16,19,13.9,7.6,44.9,16.6,5.3
2019-04-16,20,14.0,8.3,44.5,16.5,5.3
2019-04-16,21,13.6,9.8,44.3,16.2,5.2
2019-04-16,22,13.6,10.2,44.3,16.2,5.2
2019-04-16,23,13.9,10.1,44.8,16.4,5.3
2019-04-16,24,13.8,10.3,44.6,16.5,5.3
2019-04-16,25,13.7,10.5,44.7,16.6,5.2
2019-04-16,26,13.9,10.4,44.4,16.8,5.2
2019-04-16,27,14.3,9.5,44.3,17.0,5.3
2019-04-16,28,14.2,8.9,44.6,17.1,5.3
2019-04-16,29,14.0,8.2,45.4,17.1,5.3
2019-04-16,30,13.3,6.9,47.3,17.0,5.3
2019-04-16,31,12.6,5.6,48.5,17.1,5.5
2019-04-16,32,12.7,4.5,49.0,16.9,5.4
2019-04-16,33,12.2,3.6,49.8,16.7,5.3
2019-04-16,34,12.2,2.7,49.9,16.8,5.4
2019-04-16,35,12.3,1.7,50.2,16.7,5.3
2019-04-16,36,13.1,0.9,51.4,16.9,5.4
2019-04-16,37,13.2,0.3,51.4,17.1,5.5
2019-04-16,38,13.2,0.0,51.9,17.1,5.5
2019-04-16,39,13.3,0.0,51.9,17.1,5.5
2019-04-16,40,13.5,0.0,52.4,17.3,5.5
2019-04-16,41,14.2,0.0,52.4,18.2,5.7
2019-04-16,42,15.1,0.0,52.2,19.2,6.0
2019-04-16,43,16.3,0.0,50.3,20.7,5.4
2019-04-16,44,17.0,0.0,47.1,22.3,5.9
2019-04-16,45,17.3,0.0,45.6,24.0,5.8
2019-04-16,46,17.0,0.0,44.4,24.9,6.2
2019-04-16,47,17.4,0.0,43.3,24.9,6.9
2019-04-16,48,17.2,0.0,42.6,25.2,7.4
2019-04-17,1,16.1,0.0,43.0,25.2,8.1
2019-04-17,2,15.7,0.0,44.7,24.3,8.0
2019-04-17,3,15.6,0.0,44.3,24.6,8.1
2019-04-17,4,15.7,0.0,43.6,24.8,8.4
2019-04-17,5,15.0,0.0,43.6,25.0,8.9
2019-04-17,6,14.7,0.0,43.7,25.4,8.6
2019-04-17,7,14.4,0.0,43.5,25.7,8.7
2019-04-17,8,14.0,0.0,43.4,25.8,9.1
2019-04-17,9,13.4,0.0,44.6,24.9,8.8
2019-04-17,10,13.0,0.0,45.9,23.6,8.4
2019-04-17,11,11.9,0.3,49.0,22.0,6.6
2019-04-17,12,10.7,1.1,51.8,20.3,5.8
2019-04-17,13,9.8,2.3,50.5,19.0,6.5
2019-04-17,14,9.4,3.7,49.9,18.4,5.9
2019-04-17,15,9.1,5.3,49.0,17.8,5.7
2019-04-17,16,8.8,6.3,48.8,17.7,5.6
2019-04-17,17,8.4,9.3,47.8,17.4,5.4
2019-04-17,18,8.6,11.6,46.7,17.5,5.5
2019-04-17,19,8.5,13.9,44.9,17.2,5.5
2019-04-17,20,8.3,14.8,44.3,17.1,5.5
2019-04-17,21,8.4,17.4,42.3,16.9,4.7
2019-04-17,22,8.8,18.4,40.6,17.0,4.8
2019-04-17,23,8.9,18.8,40.3,16.8,4.8
2019-04-17,24,9.2,19.3,39.4,17.0,4.9
2019-04-17,25,9.6,19.6,37.4,17.4,5.4
2019-04-17,26,9.9,19.5,37.1,17.5,5.4
2019-04-17,27,10.4,18.7,36.9,17.7,5.5
2019-04-17,28,10.7,17.8,37.0,18.0,5.6
2019-04-17,29,10.9,16.1,38.7,18.0,5.6
2019-04-17,30,11.2,14.2,40.1,18.1,5.6
2019-04-17,31,11.2,11.9,42.1,18.1,5.8
2019-04-17,32,11.5,9.6,43.3,18.2,5.8
2019-04-17,33,11.5,7.3,44.3,17.9,5.7
2019-04-17,34,12.0,5.3,46.6,18.3,5.8
2019-04-17,35,12.2,3.4,48.1,17.8,5.8
2019-04-17,36,12.6,1.8,48.7,18.0,5.9
2019-04-17,37,13.1,0.6,47.6,18.0,6.2
2019-04-17,38,14.0,0.1,47.2,18.0,6.2
2019-04-17,39,14.5,0.0,47.4,18.0,6.5
2019-04-17,40,15.5,0.0,47.4,18.1,6.1
2019-04-17,41,16.3,0.0,48.5,19.0,6.1
2019-04-17,42,17.1,0.0,47.5,19.9,6.4
2019-04-17,43,18.5,0.0,44.7,20.8,7.2
2019-04-17,44,18.9,0.0,41.5,22.4,7.6
2019-04-17,45,19.5,0.0,38.4,23.8,8.1
2019-04-17,46,19.9,0.0,36.2,24.6,8.9
2019-04-17,47,20.4,0.0,35.0,25.4,8.4
2019-04-17,48,20.9,0.0,33.8,25.6,8.8
2019-04-18,1,20.0,0.0,34.5,25.6,9.1
2019-04-18,2,19.1,0.0,36.1,25.1,9.0
2019-04-18,3,19.0,0.0,34.9,25.7,9.5
2019-04-18,4,18.5,0.0,35.7,25.8,9.6
2019-04-18,5,18.4,0.0,35.1,26.1,9.7
2019-04-18,6,17.9,0.0,35.4,26.2,9.8
2019-04-18,7,17.7,0.0,36.1,26.1,9.6
2019-04-18,8,17.3,0.0,36.8,25.8,9.5
2019-04-18,9,16.7,0.0,37.6,24.9,9.3
2019-04-18,10,15.6,0.1,40.1,23.9,7.8
2019-04-18,11,14.9,0.5,46.1,22.0,4.3
2019-04-18,12,14.3,1.5,46.3,20.3,3.9
2019-04-18,13,12.8,2.7,45.5,19.0,7.0
2019-04-18,14,12.3,4.3,45.9,18.4,6.3
2019-04-18,15,11.9,6.1,44.8,17.8,5.9
2019-04-18,16,11.8,8.2,43.7,17.7,5.8
2019-04-18,17,12.0,10.3,42.9,17.4,5.7
2019-04-18,18,12.1,12.5,41.5,17.4,5.7
2019-04-18,19,12.5,15.2,39.3,17.2,5.6
2019-04-18,20,12.7,17.0,38.3,16.9,5.6
2019-04-18,21,13.3,19.3,35.6,16.8,5.6
2019-04-18,22,13.8,20.3,33.6,17.1,5.6
2019-04-18,23,14.2,21.0,32.3,17.1,5.6
2019-04-18,24,14.4,21.7,31.1,17.4,5.7
2019-04-18,25,15.1,21.8,29.8,17.7,5.7
2019-04-18,26,16.5,21.4,28.6,18.0,5.8
2019-04-18,27,17.2,20.3,30.1,18.5,3.0
2019-04-18,28,17.8,18.7,31.6,18.5,3.0
2019-04-18,29,19.1,17.0,32.3,18.6,3.0
2019-04-18,30,19.8,15.1,32.5,18.9,3.0
2019-04-18,31,19.2,12.6,34.3,18.9,3.2
2019-04-18,32,19.0,10.1,37.9,19.0,3.2
2019-04-18,33,18.0,7.7,41.6,18.8,3.2
2019-04-18,34,17.6,6.7,42.2,18.8,3.2
2019-04-18,35,17.4,4.6,43.0,18.9,3.2
2019-04-18,36,17.4,2.8,43.8,18.9,3.4
2019-04-18,37,18.0,1.4,43.6,19.2,4.8
2019-04-18,38,18.8,0.5,42.9,19.3,4.8
2019-04-18,39,19.2,0.1,43.2,19.3,4.4
2019-04-18,40,19.3,0.0,43.0,19.2,4.4
2019-04-18,41,19.3,0.0,43.1,19.6,4.7
2019-04-18,42,19.8,0.0,44.1,20.2,4.9
2019-04-18,43,20.5,0.0,44.5,21.3,5.0
2019-04-18,44,21.7,0.0,42.2,22.5,5.3
2019-04-18,45,23.1,0.0,41.1,24.2,5.0
2019-04-18,46,24.0,0.0,38.9,25.6,6.0
2019-04-18,47,24.3,0.0,38.6,26.1,5.4
2019-04-18,48,24.6,0.0,38.1,26.4,5.3
2019-04-19,1,23.6,0.0,37.8,26.9,5.9
2019-04-19,2,22.5,0.0,39.2,26.5,6.0
2019-04-19,3,21.8,0.0,39.2,26.7,6.5
2019-04-19,4,21.1,0.0,39.2,27.1,6.7
2019-04-19,5,19.8,0.0,39.5,27.6,7.2
2019-04-19,6,18.8,0.0,40.2,27.8,7.2
2019-04-19,7,17.9,0.0,40.6,28.0,7.5
2019-04-19,8,17.4,0.0,41.1,28.0,7.5
2019-04-19,9,16.9,0.0,43.4,27.5,6.3
2019-04-19,10,16.3,0.1,44.1,27.3,6.3
2019-04-19,11,15.9,0.5,44.5,26.5,6.7
2019-04-19,12,15.0,1.7,46.1,25.1,6.5
2019-04-19,13,13.8,3.4,47.5,23.4,6.6
2019-04-19,14,13.0,5.6,46.8,22.4,5.9
2019-04-19,15,12.1,7.9,47.2,21.4,4.7
2019-04-19,16,11.7,10.5,46.5,20.9,3.6
2019-04-19,17,11.5,13.1,45.2,20.4,2.3
2019-04-19,18,11.1,15.7,43.4,20.0,3.2
2019-04-19,19,10.9,17.8,41.8,19.4,4.3
2019-04-19,20,10.9,19.7,41.1,19.2,4.2
2019-04-19,21,11.2,21.5,40.3,19.1,3.8
2019-04-19,22,11.5,23.0,38.7,19.1,3.6
2019-04-19,23,11.7,24.0,39.4,19.1,1.7
2019-04-19,24,12.1,24.9,38.2,18.9,1.7
2019-04-19,25,12.8,26.0,35.4,19.2,3.0
2019-04-19,26,13.8,27.3,35.2,20.1,0.6
2019-04-19,27,13.8,26.2,33.4,19.8,3.6
2019-04-19,28,14.0,25.5,32.7,20.1,3.7
2019-04-19,29,13.9,23.9,34.1,20.3,3.7
2019-04-19,30,13.7,21.8,36.6,20.4,3.7
2019-04-19,31,13.4,18.9,37.8,20.3,5.6
2019-04-19,32,12.7,16.7,41.7,19.5,5.5
2019-04-19,33,12.6,15.3,42.3,19.7,6.2
2019-04-19,34,12.5,14.2,42.7,20.1,6.3
2019-04-19,35,12.2,12.0,44.2,20.4,6.4
2019-04-19,36,11.8,9.4,46.6,20.3,6.5
2019-04-19,37,11.4,6.8,49.2,20.0,6.5
2019-04-19,38,11.1,4.4,51.5,19.8,6.5
2019-04-19,39,11.0,2.5,52.8,19.7,6.5
2019-04-19,40,10.9,1.1,53.0,19.8,6.6
2019-04-19,41,10.9,0.3,53.1,19.9,6.6
2019-04-19,42,11.0,0.0,52.4,19.9,6.9
2019-04-19,43,11.2,0.0,51.6,20.0,6.7
2019-04-19,44,11.3,0.0,51.1,20.1,6.4
2019-04-19,45,11.5,0.0,50.6,20.1,6.1
2019-04-19,46,11.8,0.0,50.1,20.2,6.2
2019-04-19,47,12.2,0.0,48.8,20.9,6.5
2019-04-19,48,12.8,0.0,47.2,21.8,6.8
2019-04-20,1,13.4,0.0,44.8,23.1,7.0
2019-04-20,2,13.9,0.0,42.7,24.4,7.2
2019-04-20,3,14.2,0.0,40.8,25.7,7.2
2019-04-20,4,14.3,0.0,39.6,26.8,7.1
2019-04-20,5,14.1,0.0,39.7,27.0,7.1
2019-04-20,6,13.8,0.0,40.1,27.2,7.0
2019-04-20,7,13.5,0.0,40.5,27.2,7.0
2019-04-20,8,13.4,0.0,39.9,27.8,7.1
2019-04-20,9,13.2,0.0,39.5,28.4,7.2
2019-04-20,10,12.9,0.0,39.4,28.9,7.2
2019-04-20,11,12.6,0.2,39.2,29.1,7.2
2019-04-20,12,12.1,1.0,38.9,29.1,7.1
2019-04-20,13,11.5,2.5,38.2,28.9,7.1
2019-04-20,14,10.6,4.7,37.8,28.3,7.0
2019-04-20,15,9.5,7.4,38.0,27.0,6.8
2019-04-20,16,8.2,10.1,39.0,25.3,6.5
2019-04-20,17,7.1,12.5,40.0,23.6,6.2
2019-04-20,18,6.2,14.8,40.4,22.0,6.0
2019-04-20,19,5.6,16.8,40.7,20.6,5.8
2019-04-20,20,5.2,18.6,40.5,19.7,5.6
2019-04-20,21,5.0,20.4,39.4,19.3,5.6
2019-04-20,22,5.0,22.0,38.0,19.2,5.7
2019-04-20,23,5.0,23.4,36.7,19.2,5.6
2019-04-20,24,5.0,24.5,35.5,19.2,5.7
2019-04-20,25,5.2,25.4,34.4,19.3,5.7
2019-04-20,26,5.4,26.2,33.0,19.6,5.7
2019-04-20,27,5.6,26.5,32.3,19.9,5.7
2019-04-20,28,5.9,26.4,31.6,20.3,5.7
2019-04-20,29,6.1,26.0,31.0,20.7,5.7
2019-04-20,30,6.3,25.1,30.8,21.2,5.8
2019-04-20,31,6.5,23.8,31.1,21.7,5.9
2019-04-20,32,6.8,22.1,31.5,22.2,6.0
2019-04-20,33,7.0,20.0,32.6,22.7,6.1
2019-04-20,34,7.1,17.5,34.0,23.2,6.3
2019-04-20,35,7.2,14.6,36.1,23.5,6.5
2019-04-20,36,7.0,11.3,39.3,23.3,6.6
2019-04-20,37,6.7,8.1,43.0,22.9,6.6
2019-04-20,38,6.5,5.2,45.8,22.7,6.6
2019-04-20,39,6.3,2.9,48.1,22.7,6.7
2019-04-20,40,6.1,1.2,49.7,22.7,6.8
2019-04-20,41,5.9,0.4,51.0,22.5,6.7
2019-04-20,42,5.7,0.1,51.5,22.3,6.7
2019-04-20,43,5.5,0.0,51.8,22.3,6.8
2019-04-20,44,5.3,0.0,52.0,22.1,6.8
2019-04-20,45,5.0,0.0,52.4,21.8,6.8
2019-04-20,46,4.8,0.0,53.1,21.7,6.6
2019-04-20,47,4.7,0.0,53.2,22.1,6.7
2019-04-20,48,4.7,0.0,52.5,22.9,7.0
2019-04-21,1,4.8,0.0,51.5,23.7,7.3
2019-04-21,2,4.9,0.0,49.8,25.0,7.6
2019-04-21,3,5.0,0.0,48.0,26.5,7.8
2019-04-21,4,5.1,0.0,46.5,27.8,7.9
2019-04-21,5,5.1,0.0,46.3,28.4,7.8
2019-04-21,6,5.0,0.0,46.7,28.3,7.7
2019-04-21,7,5.1,0.0,46.4,28.4,7.7
2019-04-21,8,5.4,0.0,45.9,28.5,7.7
2019-04-21,9,5.7,0.0,45.4,28.8,7.7
2019-04-21,10,6.0,0.0,45.1,29.0,7.8
2019-04-21,11,6.2,0.3,44.6,29.2,7.7
2019-04-21,12,6.4,1.0,43.5,29.4,7.7
2019-04-21,13,6.6,2.5,41.9,29.5,7.6
2019-04-21,14,6.7,4.9,40.1,29.0,7.5
2019-04-21,15,6.7,7.6,39.0,27.9,7.3
2019-04-21,16,6.7,10.5,38.2,26.5,6.9
2019-04-21,17,6.6,13.3,37.8,25.1,6.6
2019-04-21,18,6.6,15.9,37.1,23.8,6.4
2019-04-21,19,6.6,18.1,36.6,22.4,6.3
2019-04-21,20,6.8,20.0,35.9,21.2,6.2
2019-04-21,21,7.2,21.5,35.0,20.5,6.1
2019-04-21,22,7.7,22.9,33.7,20.0,6.0
2019-04-21,23,8.3,23.9,32.8,19.6,5.8
2019-04-21,24,8.9,24.7,31.9,19.2,5.7
2019-04-21,25,9.6,25.4,30.5,19.2,5.6
2019-04-21,26,16.6,30.3,22.4,21.5,4.7
2019-04-21,27,17.4,29.4,24.1,21.8,2.7
2019-04-21,28,18.6,28.5,23.0,22.5,2.8
2019-04-21,29,19.3,26.5,23.9,23.0,2.9
2019-04-21,30,19.7,23.9,25.5,23.4,2.7
2019-04-21,31,19.4,20.5,29.5,23.4,2.4
2019-04-21,32,19.0,16.6,33.9,22.9,2.8
2019-04-21,33,18.3,13.1,37.1,23.0,3.4
2019-04-21,34,18.5,9.9,39.2,23.3,3.8
2019-04-21,35,17.6,6.7,40.4,23.3,6.5
2019-04-21,36,17.1,3.9,43.1,23.4,6.9
2019-04-21,37,16.2,1.6,45.3,23.7,7.6
2019-04-21,38,15.7,0.3,45.9,23.7,7.5
2019-04-21,39,16.4,0.0,46.4,23.1,7.3
2019-04-21,40,15.7,0.0,48.0,22.7,6.9
2019-04-21,41,16.7,0.0,47.4,22.8,7.0
2019-04-21,42,17.7,0.0,46.7,23.5,6.8
2019-04-21,43,18.5,0.0,44.7,24.5,7.2
2019-04-21,44,19.6,0.0,42.4,25.7,7.3
2019-04-21,45,21.6,0.0,37.8,27.4,7.7
2019-04-21,46,22.3,0.0,35.8,28.4,7.8
2019-04-21,47,22.4,0.0,34.4,29.2,8.1
2019-04-21,48,22.8,0.0,33.3,29.7,8.3
2019-04-22,1,22.4,0.0,33.9,29.4,8.3
2019-04-22,2,22.0,0.0,34.3,29.5,8.3
2019-04-22,3,21.1,0.0,35.1,29.6,8.3
2019-04-22,4,20.8,0.0,34.7,30.0,8.5
2019-04-22,5,20.4,0.0,34.8,30.2,8.5
2019-04-22,6,20.5,0.0,34.2,30.4,8.6
2019-04-22,7,20.3,0.0,34.2,30.6,8.6
2019-04-22,8,20.2,0.0,34.3,30.6,8.6
2019-04-22,9,20.4,0.0,34.8,30.2,8.5
2019-04-22,10,21.2,0.2,33.7,30.2,8.5
2019-04-22,11,20.2,1.2,36.3,28.3,8.0
2019-04-22,12,19.7,3.1,35.4,27.9,7.9
2019-04-22,13,18.2,5.4,37.4,26.0,7.3
2019-04-22,14,17.6,7.8,37.8,24.5,6.9
2019-04-22,15,17.0,10.4,37.2,23.5,6.6
2019-04-22,16,16.8,12.9,35.8,22.8,6.4
2019-04-22,17,17.1,15.0,34.4,21.8,6.2
2019-04-22,18,17.9,17.1,31.9,21.3,6.0
2019-04-22,19,18.7,19.5,30.9,21.1,5.1
2019-04-22,20,19.8,21.9,27.9,21.2,4.8
2019-04-22,21,19.9,24.6,28.0,20.5,2.4
2019-04-22,22,20.8,25.6,26.6,20.4,2.5
2019-04-22,23,21.0,26.7,26.6,20.4,1.3
2019-04-22,24,21.1,27.4,25.9,20.5,1.1
2019-04-22,25,21.8,27.6,24.5,20.7,1.3
2019-04-22,26,21.8,27.5,24.1,21.1,1.3
2019-04-22,27,21.7,26.0,25.7,21.2,1.2
2019-04-22,28,22.1,24.2,26.4,21.8,1.2
2019-04-22,29,21.9,22.1,26.8,22.1,2.3
2019-04-22,30,21.6,19.5,29.0,22.1,2.4
2019-04-22,31,20.9,16.3,31.0,22.2,3.8
2019-04-22,32,21.5,12.6,33.9,21.9,3.7
2019-04-22,33,20.9,8.9,36.8,21.0,5.4
2019-04-22,34,21.3,6.3,39.5,21.0,5.2
2019-04-22,35,20.9,4.2,40.8,21.2,5.2
2019-04-22,36,20.9,2.3,41.2,21.2,5.6
2019-04-22,37,20.2,0.8,42.6,21.3,5.5
2019-04-22,38,19.9,0.2,42.5,21.4,5.5
2019-04-22,39,20.2,0.0,43.8,21.5,4.4
2019-04-22,40,21.0,0.0,43.3,21.6,4.2
2019-04-22,41,21.9,0.0,41.2,22.1,4.9
2019-04-22,42,23.2,0.0,42.2,23.1,5.1
2019-04-22,43,24.5,0.0,40.6,24.3,4.5
2019-04-22,44,26.2,0.0,37.2,26.1,4.8
2019-04-22,45,27.7,0.0,32.0,27.6,6.7
2019-04-22,46,29.4,0.0,29.9,28.8,5.7
2019-04-22,47,30.3,0.0,31.6,29.5,2.7
2019-04-22,48,30.7,0.0,30.0,30.4,2.8
2019-04-23,1,30.1,0.0,30.9,30.4,2.8
2019-04-23,2,29.7,0.0,31.4,30.3,2.8
2019-04-23,3,28.8,0.0,31.0,30.3,4.1
2019-04-23,4,29.5,0.0,29.4,30.9,4.1
2019-04-23,5,28.9,0.0,30.7,31.3,3.0
2019-04-23,6,28.6,0.0,30.2,31.6,3.2
2019-04-23,7,26.6,0.0,31.9,31.2,3.2
2019-04-23,8,26.2,0.0,32.2,30.7,3.2
2019-04-23,9,25.1,0.0,32.7,29.1,4.7
2019-04-23,10,24.5,0.1,32.8,28.1,5.1
2019-04-23,11,22.3,0.5,35.4,25.2,5.5
2019-04-23,12,20.4,1.3,38.3,22.8,4.9
2019-04-23,13,18.2,2.4,39.4,20.6,6.7
2019-04-23,14,17.0,3.9,39.7,19.7,6.1
2019-04-23,15,16.7,5.6,38.4,19.2,6.3
2019-04-23,16,16.2,7.4,37.6,18.9,6.2
2019-04-23,17,15.8,9.2,36.5,18.5,6.1
2019-04-23,18,16.2,11.1,34.8,18.3,6.0
2019-04-23,19,16.3,12.8,35.4,18.1,5.5
2019-04-23,20,17.2,13.9,34.2,17.8,5.4
2019-04-23,21,17.4,16.3,32.0,17.5,5.7
2019-04-23,22,17.2,17.3,31.8,17.5,5.7
2019-04-23,23,17.6,17.8,31.4,17.5,4.8
2019-04-23,24,18.7,17.8,32.0,17.4,4.8
2019-04-23,25,19.3,17.4,31.4,17.7,4.5
2019-04-23,26,19.3,16.2,32.6,18.1,4.6
2019-04-23,27,18.7,15.3,34.2,18.2,4.2
2019-04-23,28,18.6,14.2,35.0,18.4,4.3
2019-04-23,29,19.6,12.3,34.7,18.5,4.2
2019-04-23,30,20.0,10.5,35.5,18.5,4.2
2019-04-23,31,20.0,8.8,36.3,18.5,5.1
2019-04-23,32,20.1,7.0,36.7,18.3,5.1
2019-04-23,33,20.3,5.5,37.5,18.5,5.8
2019-04-23,34,20.0,4.1,37.9,18.7,5.9
2019-04-23,35,20.2,2.8,39.0,18.7,6.0
2019-04-23,36,20.1,1.6,40.3,19.0,6.1
2019-04-23,37,19.6,0.6,41.6,19.3,6.0
2019-04-23,38,19.5,0.1,42.1,19.5,6.0
2019-04-23,39,19.6,0.0,41.5,19.4,5.9
2019-04-23,40,19.5,0.0,42.2,19.5,5.9
2019-04-23,41,20.4,0.0,41.9,20.2,6.2
2019-04-23,42,21.1,0.0,40.9,21.3,6.4
2019-04-23,43,22.3,0.0,40.4,22.7,4.8
2019-04-23,44,23.6,0.0,38.2,24.2,5.2
2019-04-23,45,24.8,0.0,36.5,26.2,4.8
2019-04-23,46,24.3,0.0,35.6,27.5,5.2
2019-04-23,47,23.7,0.0,36.0,28.8,4.2
2019-04-23,48,23.2,0.0,37.0,28.8,4.2
2019-04-24,1,22.8,0.0,37.4,29.0,4.0
2019-04-24,2,21.8,0.0,38.2,29.0,4.3
2019-04-24,3,21.6,0.0,36.9,28.8,6.0
2019-04-24,4,21.5,0.0,35.6,29.6,6.4
2019-04-24,5,21.6,0.0,35.4,29.2,7.0
2019-04-24,6,21.4,0.0,35.5,29.4,6.9
2019-04-24,7,21.2,0.0,37.5,29.5,5.0
2019-04-24,8,20.7,0.0,38.4,29.1,4.9
2019-04-24,9,21.6,0.0,39.2,28.5,3.3
2019-04-24,10,21.2,0.1,40.2,27.2,3.3
2019-04-24,11,20.5,0.5,38.3,24.3,7.6
2019-04-24,12,19.4,1.3,41.7,22.0,7.0
2019-04-24,13,18.9,2.3,43.7,20.1,7.0
2019-04-24,14,18.3,3.6,44.3,19.5,6.4
2019-04-24,15,17.4,4.9,43.4,18.8,6.1
2019-04-24,16,17.7,6.1,42.4,18.6,6.0
2019-04-24,17,18.1,7.2,42.3,18.2,5.9
2019-04-24,18,18.9,8.1,41.4,18.0,5.8
2019-04-24,19,19.3,8.4,40.4,17.9,5.8
2019-04-24,20,19.5,8.4,40.8,17.8,5.8
2019-04-24,21,19.6,10.4,39.5,17.4,5.6
2019-04-24,22,19.8,9.9,39.7,17.5,5.7
2019-04-24,23,20.2,9.2,40.0,17.6,5.7
2019-04-24,24,20.9,9.3,39.3,17.7,5.7
2019-04-24,25,22.4,10.4,37.2,17.7,5.6
2019-04-24,26,23.5,10.7,36.8,17.2,5.5
2019-04-24,27,24.2,10.6,37.4,17.1,4.4
2019-04-24,28,24.4,10.6,36.9,17.3,4.4
2019-04-24,29,25.2,10.0,36.1,17.5,4.8
2019-04-24,30,24.1,9.5,36.8,17.5,4.8
2019-04-24,31,24.3,8.5,38.3,17.3,5.2
2019-04-24,32,24.3,7.0,39.8,17.2,5.2
2019-04-24,33,24.6,5.1,40.5,17.2,4.9
2019-04-24,34,23.8,3.7,40.5,17.6,5.1
2019-04-24,35,24.1,2.7,42.2,18.0,5.5
2019-04-24,36,23.7,1.6,42.2,18.0,5.5
2019-04-24,37,22.4,0.7,43.1,18.2,5.1
2019-04-24,38,21.5,0.2,45.4,18.5,5.2
2019-04-24,39,19.8,0.0,45.3,18.5,5.6
2019-04-24,40,18.5,0.0,47.2,18.4,5.6
2019-04-24,41,18.0,0.0,47.7,18.9,6.2
2019-04-24,42,19.7,0.0,48.3,19.8,6.5
2019-04-24,43,19.9,0.0,46.6,21.1,6.9
2019-04-24,44,20.3,0.0,44.3,22.7,7.3
2019-04-24,45,21.5,0.0,41.0,24.5,6.9
2019-04-24,46,20.5,0.0,41.0,26.0,7.2
2019-04-24,47,20.8,0.0,40.3,26.8,6.8
2019-04-24,48,20.9,0.0,38.6,28.2,7.1
2019-04-25,1,20.9,0.0,39.1,27.6,7.3
2019-04-25,2,21.4,0.0,38.5,27.8,7.2
2019-04-25,3,20.6,0.0,39.2,28.0,7.1
2019-04-25,4,20.0,0.0,39.5,28.2,7.1
2019-04-25,5,19.7,0.0,39.0,29.0,6.9
2019-04-25,6,20.7,0.0,38.8,28.6,6.7
2019-04-25,7,22.2,0.0,38.3,28.8,5.4
2019-04-25,8,23.1,0.0,37.7,28.8,5.0
2019-04-25,9,22.6,0.0,38.6,28.4,3.9
2019-04-25,10,21.8,0.1,41.1,26.7,3.8
2019-04-25,11,20.0,0.5,45.1,23.9,4.2
2019-04-25,12,18.7,1.3,49.3,21.7,3.2
2019-04-25,13,17.2,2.0,50.2,19.9,5.3
2019-04-25,14,16.7,3.3,48.5,19.3,5.2
2019-04-25,15,17.3,4.8,46.7,18.5,5.8
2019-04-25,16,17.6,6.0,45.4,18.3,5.8
2019-04-25,17,18.8,7.0,43.9,18.0,5.7
2019-04-25,18,19.3,8.5,43.7,17.8,5.6
2019-04-25,19,19.1,10.0,42.7,17.6,5.5
2019-04-25,20,19.7,11.3,41.3,17.0,5.8
2019-04-25,21,20.4,13.2,39.5,16.2,6.1
2019-04-25,22,20.9,15.0,37.8,15.4,6.4
2019-04-25,23,22.0,16.4,36.0,14.6,6.8
2019-04-25,24,23.7,17.8,33.6,13.6,7.3
2019-04-25,25,25.9,20.9,29.9,12.1,7.5
2019-04-25,26,19.6,15.8,36.9,17.6,5.6
2019-04-25,27,20.6,15.1,36.7,17.7,5.3
2019-04-25,28,21.5,14.0,36.0,18.3,5.5
2019-04-25,29,19.8,12.6,38.9,18.7,4.8
2019-04-25,30,20.3,10.9,41.3,18.1,4.6
2019-04-25,31,19.9,9.9,41.9,18.2,4.8
2019-04-25,32,18.6,8.6,45.8,17.8,4.6
2019-04-25,33,17.7,7.4,48.4,17.7,4.4
2019-04-25,34,17.4,6.2,49.4,18.0,4.5
2019-04-25,35,17.8,4.6,49.1,18.5,4.3
2019-04-25,36,16.9,2.8,50.6,18.9,4.4
2019-04-25,37,16.5,1.3,52.4,19.2,5.3
2019-04-25,38,17.0,0.3,53.0,19.3,5.3
2019-04-25,39,16.5,0.0,52.9,19.5,6.0
2019-04-25,40,15.6,0.0,53.7,19.2,5.9
2019-04-25,41,16.2,0.0,53.2,19.8,6.2
2019-04-25,42,18.6,0.0,49.8,20.9,6.5
2019-04-25,43,20.0,0.0,45.9,22.4,7.0
2019-04-25,44,21.5,0.0,41.1,24.2,7.8
2019-04-25,45,23.2,0.0,37.3,25.7,8.1
2019-04-25,46,25.1,0.0,33.5,27.1,8.3
2019-04-25,47,25.1,0.0,34.0,27.6,7.3
2019-04-25,48,27.2,0.0,30.6,28.2,7.9
2019-04-26,1,27.4,0.0,29.4,28.4,8.6
2019-04-26,2,26.8,0.0,30.2,28.1,8.8
2019-04-26,3,26.3,0.0,29.7,28.4,9.5
2019-04-26,4,26.2,0.0,30.8,28.5,8.3
2019-04-26,5,25.9,0.0,32.6,28.8,6.5
2019-04-26,6,25.3,0.0,33.4,28.6,6.5
2019-04-26,7,24.5,0.0,34.2,28.4,6.5
2019-04-26,8,24.1,0.0,34.9,28.1,6.4
2019-04-26,9,24.4,0.0,34.0,26.7,8.6
2019-04-26,10,25.1,0.2,33.8,26.1,8.4
2019-04-26,11,22.3,1.2,40.4,23.7,5.5
2019-04-26,12,22.2,2.8,41.0,21.4,5.3
2019-04-26,13,21.6,4.1,40.6,20.1,7.6
2019-04-26,14,20.6,5.5,41.0,19.3,7.2
2019-04-26,15,21.0,7.2,39.9,18.9,7.2
2019-04-26,16,20.5,9.4,39.2,18.6,7.0
2019-04-26,17,21.3,10.8,38.0,18.5,6.4
2019-04-26,18,21.6,11.3,37.2,18.5,6.6
2019-04-26,19,22.6,12.2,35.6,18.5,6.5
2019-04-26,20,22.8,12.8,34.6,18.5,6.6
2019-04-26,21,22.6,15.1,33.2,17.9,6.8
2019-04-26,22,22.3,15.1,34.3,18.1,5.8
2019-04-26,23,23.5,14.0,32.8,18.1,7.2
2019-04-26,24,25.1,13.0,32.4,18.2,7.0
2019-04-26,25,26.0,12.8,31.2,18.7,6.8
2019-04-26,26,25.9,12.8,30.8,18.8,7.2
2019-04-26,27,26.7,12.3,30.9,18.9,6.6
2019-04-26,28,26.9,11.6,30.9,19.3,6.7
2019-04-26,29,27.5,10.8,32.0,19.7,5.3
2019-04-26,30,28.1,9.0,33.1,19.6,5.4
2019-04-26,31,28.1,7.5,33.1,19.7,6.7
2019-04-26,32,28.7,5.9,33.9,19.8,6.7
2019-04-26,33,28.5,4.5,34.5,19.6,7.8
2019-04-26,34,29.1,3.4,34.5,19.8,7.9
2019-04-26,35,28.7,2.1,36.0,20.0,7.9
2019-04-26,36,29.0,1.2,36.3,20.3,7.9
2019-04-26,37,29.2,0.5,37.3,20.5,7.1
2019-04-26,38,30.8,0.1,35.6,20.9,7.2
2019-04-26,39,30.6,0.0,35.1,21.1,7.9
2019-04-26,40,31.1,0.0,34.3,21.2,7.9
2019-04-26,41,32.4,0.0,31.5,22.2,8.4
2019-04-26,42,34.4,0.0,28.4,23.5,8.7
2019-04-26,43,36.7,0.0,25.3,25.0,8.4
2019-04-26,44,38.6,0.0,21.2,26.4,8.8
2019-04-26,45,39.7,0.0,18.6,27.9,8.6
2019-04-26,46,40.6,0.0,16.9,29.1,8.9
2019-04-26,47,38.5,0.0,17.9,30.4,9.1
2019-04-26,48,37.5,0.0,18.4,30.8,9.2
2019-04-27,1,38.3,0.0,17.7,30.7,9.2
2019-04-27,2,37.3,0.0,18.1,31.2,9.3
2019-04-27,3,35.6,0.0,19.5,31.2,9.4
2019-04-27,4,36.7,0.0,18.3,31.1,8.4
2019-04-27,5,37.1,0.0,19.3,32.0,6.3
2019-04-27,6,36.6,0.0,19.9,32.3,6.3
2019-04-27,7,33.9,0.0,22.3,32.7,6.4
2019-04-27,8,33.0,0.0,22.7,32.3,6.4
2019-04-27,9,34.1,0.0,21.7,32.8,6.2
2019-04-27,10,34.7,0.2,20.6,32.8,6.2
2019-04-27,11,32.1,0.8,25.2,30.5,6.0
2019-04-27,12,29.8,1.7,28.7,28.7,5.7
2019-04-27,13,27.8,2.5,29.1,26.4,9.0
2019-04-27,14,25.8,3.9,32.2,24.7,8.4
2019-04-27,15,24.8,5.6,32.8,23.2,8.6
2019-04-27,16,24.4,7.0,30.8,22.4,8.3
2019-04-27,17,24.5,8.4,30.9,21.8,8.1
2019-04-27,18,24.6,9.9,30.2,21.5,8.0
2019-04-27,19,24.9,11.4,30.1,21.3,7.9
2019-04-27,20,25.1,12.7,29.2,21.0,7.8
2019-04-27,21,25.0,13.8,28.8,20.7,7.7
2019-04-27,22,25.1,14.5,28.3,20.6,7.6
2019-04-27,23,25.4,15.3,27.4,20.5,7.6
2019-04-27,24,26.1,15.9,25.6,20.7,7.7
2019-04-27,25,26.5,15.9,25.0,21.2,7.2
2019-04-27,26,27.8,16.0,23.2,21.7,7.4
2019-04-27,27,28.9,16.0,22.1,21.6,7.4
2019-04-27,28,30.7,15.4,20.7,21.8,7.4
2019-04-27,29,31.7,13.9,20.5,22.2,7.6
2019-04-27,30,31.3,12.1,22.6,22.2,7.6
2019-04-27,31,31.1,10.5,24.1,21.8,8.2
2019-04-27,32,30.7,8.9,26.1,21.7,8.2
2019-04-27,33,30.1,6.9,28.2,21.4,8.3
2019-04-27,34,29.7,5.0,29.8,21.4,8.3
2019-04-27,35,29.2,3.3,31.5,21.4,8.3
2019-04-27,36,29.3,1.8,31.5,21.5,8.4
2019-04-27,37,29.9,0.8,31.6,21.9,8.3
2019-04-27,38,29.4,0.2,32.1,22.1,8.1
2019-04-27,39,28.8,0.0,33.1,22.1,7.6
2019-04-27,40,28.3,0.0,34.4,22.3,7.0
2019-04-27,41,28.3,0.0,35.6,22.6,6.5
2019-04-27,42,29.0,0.0,33.6,23.3,6.7
2019-04-27,43,29.8,0.0,33.3,24.1,6.2
2019-04-27,44,31.0,0.0,30.1,25.3,6.5
2019-04-27,45,32.9,0.0,25.5,27.2,6.3
2019-04-27,46,34.4,0.0,23.2,28.6,5.7
2019-04-27,47,35.3,0.0,23.4,30.0,3.3
2019-04-27,48,35.2,0.0,22.2,30.6,3.2
2019-04-28,1,34.9,0.0,21.6,30.9,3.2
2019-04-28,2,33.9,0.0,22.6,30.7,3.2
2019-04-28,3,33.8,0.0,22.6,31.1,3.3
2019-04-28,4,33.9,0.0,21.5,31.6,3.3
2019-04-28,5,33.0,0.0,21.9,31.8,3.3
2019-04-28,6,32.3,0.0,21.9,32.2,3.4
2019-04-28,7,32.0,0.0,22.4,32.5,3.4
2019-04-28,8,30.7,0.0,24.1,32.7,3.4
2019-04-28,9,31.0,0.0,24.8,32.7,2.5
2019-04-28,10,29.7,0.3,24.9,32.8,3.1
2019-04-28,11,27.3,1.2,27.4,31.6,4.6
2019-04-28,12,25.2,2.6,31.8,29.8,3.7
2019-04-28,13,21.8,3.8,38.3,27.2,2.6
2019-04-28,14,19.3,5.4,40.8,25.7,2.7
2019-04-28,15,16.9,7.0,39.6,24.2,7.3
2019-04-28,16,14.5,8.3,41.5,23.3,7.1
2019-04-28,17,12.7,9.4,43.3,22.2,7.1
2019-04-28,18,11.1,10.3,43.5,21.4,7.2
2019-04-28,19,9.7,11.3,44.5,21.1,7.0
2019-04-28,20,8.7,12.3,44.2,20.8,6.9
2019-04-28,21,8.6,12.9,44.7,20.4,7.3
2019-04-28,22,8.1,13.6,45.0,20.0,7.2
2019-04-28,23,7.8,14.1,45.4,19.6,7.2
2019-04-28,24,8.1,14.3,45.8,19.6,7.3
2019-04-28,25,7.4,14.5,46.9,19.8,7.7
2019-04-28,26,7.1,14.4,47.0,20.0,7.7
2019-04-28,27,6.5,14.0,47.9,20.0,7.8
2019-04-28,28,6.3,13.5,48.3,20.2,7.9
2019-04-28,29,6.2,12.7,49.5,20.3,7.5
2019-04-28,30,6.5,11.5,50.1,20.2,7.7
2019-04-28,31,6.8,10.0,51.1,19.9,8.2
2019-04-28,32,7.1,8.4,52.1,19.7,8.2
2019-04-28,33,6.9,6.8,53.0,19.7,7.8
2019-04-28,34,6.5,5.1,55.2,19.9,8.0
2019-04-28,35,6.6,3.5,54.9,20.1,8.0
2019-04-28,36,6.3,2.2,56.2,20.2,8.0
2019-04-28,37,6.1,1.1,57.2,20.5,8.1
2019-04-28,38,5.6,0.4,57.6,20.8,8.0
2019-04-28,39,5.4,0.0,58.0,20.7,7.7
2019-04-28,40,4.8,0.0,59.1,20.4,7.4
2019-04-28,41,4.4,0.0,60.8,21.0,7.3
2019-04-28,42,4.5,0.0,60.6,21.9,7.2
2019-04-28,43,4.4,0.0,59.5,22.4,7.7
2019-04-28,44,4.6,0.0,58.8,23.9,8.2
2019-04-28,45,4.7,0.0,54.0,25.5,11.0
2019-04-28,46,4.6,0.0,52.1,27.0,11.2
2019-04-28,47,4.6,0.0,52.4,27.9,10.2
2019-04-28,48,4.6,0.0,52.3,27.9,10.2
2019-04-29,1,4.3,0.0,53.1,27.2,10.5
2019-04-29,2,4.2,0.0,53.7,26.8,10.5
2019-04-29,3,4.3,0.0,54.2,26.8,9.9
2019-04-29,4,4.2,0.0,53.1,27.3,10.5
2019-04-29,5,4.5,0.0,51.6,27.3,11.5
2019-04-29,6,4.6,0.0,51.3,27.6,11.3
2019-04-29,7,4.9,0.0,51.7,27.4,10.7
2019-04-29,8,5.0,0.0,51.3,27.4,10.9
2019-04-29,9,4.8,0.0,53.5,27.1,8.6
2019-04-29,10,4.7,0.3,54.2,25.6,8.5
2019-04-29,11,4.2,1.1,54.7,22.5,10.6
2019-04-29,12,3.8,2.1,57.3,20.3,8.8
2019-04-29,13,3.6,1.4,60.1,18.9,8.0
2019-04-29,14,3.7,0.2,60.3,18.7,7.7
2019-04-29,15,4.0,0.0,59.6,18.5,7.4
2019-04-29,16,4.0,4.8,56.5,17.7,7.0
2019-04-29,17,3.8,9.4,54.7,16.8,6.6
2019-04-29,18,3.9,10.7,53.9,16.8,6.7
2019-04-29,19,3.8,11.9,53.1,16.8,6.7
2019-04-29,20,4.2,12.5,52.1,16.7,6.6
2019-04-29,21,4.4,13.1,51.1,16.9,6.7
2019-04-29,22,4.5,13.3,50.9,16.8,6.7
2019-04-29,23,4.8,12.8,50.8,17.0,6.7
2019-04-29,24,5.2,13.0,49.6,17.3,6.8
2019-04-29,25,5.3,13.5,48.7,17.4,6.8
2019-04-29,26,5.6,13.2,48.5,17.6,6.9
2019-04-29,27,5.8,12.7,48.4,17.7,7.3
2019-04-29,28,6.0,12.4,48.3,17.9,7.3
2019-04-29,29,6.3,11.8,48.2,18.0,7.6
2019-04-29,30,6.7,11.0,49.5,17.8,7.5
2019-04-29,31,6.6,10.2,49.8,17.8,8.1
2019-04-29,32,6.8,8.7,51.2,17.5,8.4
2019-04-29,33,6.6,6.9,53.4,17.5,8.1
2019-04-29,34,6.5,5.3,54.5,17.6,8.4
2019-04-29,35,6.3,3.9,55.0,17.9,8.8
2019-04-29,36,6.1,2.7,55.7,18.0,9.0
2019-04-29,37,6.0,1.4,56.6,18.2,9.4
2019-04-29,38,5.8,0.4,57.4,18.5,9.5
2019-04-29,39,5.8,0.0,56.6,18.9,9.6
2019-04-29,40,5.8,0.0,56.7,18.8,9.6
2019-04-29,41,6.2,0.0,56.5,19.1,9.3
2019-04-29,42,6.5,0.0,55.3,20.2,9.9
2019-04-29,43,7.1,0.0,52.2,21.6,10.9
2019-04-29,44,7.3,0.0,49.0,23.2,11.7
2019-04-29,45,8.0,0.0,44.9,24.9,12.6
2019-04-29,46,8.7,0.0,42.1,26.0,13.2
2019-04-29,47,9.5,0.0,40.5,26.9,12.8
2019-04-29,48,9.9,0.0,39.6,27.1,12.9
2019-04-30,1,10.0,0.0,39.5,27.3,12.6
2019-04-30,2,10.0,0.0,40.8,26.6,12.3
2019-04-30,3,10.4,0.0,38.9,27.4,12.6
2019-04-30,4,10.3,0.0,38.6,27.6,12.7
2019-04-30,5,9.8,0.0,38.9,27.7,12.8
2019-04-30,6,9.4,0.0,40.0,27.3,12.6
2019-04-30,7,9.2,0.0,40.1,27.5,12.6
2019-04-30,8,8.7,0.0,41.6,26.9,12.3
2019-04-30,9,7.9,0.0,46.1,25.8,10.1
2019-04-30,10,7.4,0.2,47.5,25.2,9.8
2019-04-30,11,6.5,0.8,52.7,22.7,7.9
2019-04-30,12,5.7,1.9,56.4,20.6,7.0
2019-04-30,13,5.0,3.1,57.4,19.0,7.2
2019-04-30,14,4.8,4.7,56.8,18.3,6.5
2019-04-30,15,4.3,6.4,55.5,18.1,7.3
2019-04-30,16,4.1,8.2,55.0,17.8,7.1
2019-04-30,17,4.0,10.9,53.0,17.1,6.8
2019-04-30,18,3.9,12.7,52.8,16.9,6.7
2019-04-30,19,4.1,14.4,51.2,16.9,6.6
2019-04-30,20,4.2,15.6,50.2,16.8,6.6
2019-04-30,21,4.1,17.3,48.5,16.6,6.6
2019-04-30,22,4.0,17.3,48.8,16.7,6.6
2019-04-30,23,4.0,17.6,48.4,16.8,6.6
2019-04-30,24,4.0,18.3,47.6,16.8,6.7
2019-04-30,25,3.9,18.2,47.8,17.0,6.6
2019-04-30,26,4.2,17.6,47.7,17.2,6.7
2019-04-30,27,4.3,17.1,47.9,17.4,6.7
2019-04-30,28,4.2,16.1,48.7,17.5,6.8
2019-04-30,29,4.3,15.2,48.9,17.7,6.9
2019-04-30,30,4.4,13.6,51.0,17.5,6.8
2019-04-30,31,4.3,11.3,53.2,17.5,6.9
2019-04-30,32,4.0,9.1,54.9,17.4,6.9
2019-04-30,33,3.8,7.4,55.5,17.4,6.9
2019-04-30,34,3.7,5.8,56.8,17.7,7.0
2019-04-30,35,3.6,4.0,57.7,17.9,7.1
2019-04-30,36,3.5,2.3,58.9,18.2,7.2
2019-04-30,37,3.2,1.1,59.7,18.4,7.3
2019-04-30,38,3.1,0.3,60.4,18.6,7.4
2019-04-30,39,3.1,0.0,60.1,18.7,7.3
2019-04-30,40,3.0,0.0,60.2,18.5,7.3
2019-04-30,41,3.0,0.0,60.4,19.1,7.4
2019-04-30,42,3.1,0.0,60.7,19.8,7.7
2019-04-30,43,3.0,0.0,59.7,20.9,8.1
2019-04-30,44,3.2,0.0,57.0,22.5,8.7
2019-04-30,45,3.3,0.0,54.3,23.9,9.3
2019-04-30,46,3.4,0.0,52.1,25.2,9.8
2019-04-30,47,3.3,0.0,52.3,25.4,9.5
2019-04-30,48,3.3,0.0,51.2,26.0,9.7
2019-05-01,1,3.2,0.0,51.5,25.9,9.6
2019-05-01,2,3.1,0.0,51.8,25.8,9.6
2019-05-01,3,3.2,0.0,50.7,26.4,9.8
2019-05-01,4,3.1,0.0,50.9,26.3,9.8
2019-05-01,5,3.1,0.0,50.5,26.6,9.9
2019-05-01,6,3.1,0.0,50.5,26.6,9.9
2019-05-01,7,2.9,0.0,50.6,26.6,9.9
2019-05-01,8,2.7,0.0,51.4,26.2,9.8
2019-05-01,9,2.6,0.0,52.3,25.8,9.6
2019-05-01,10,2.4,0.4,53.5,25.0,9.3
2019-05-01,11,2.0,1.1,56.6,22.8,8.9
2019-05-01,12,1.7,2.1,60.2,20.4,7.9
2019-05-01,13,1.5,3.2,62.0,18.7,7.3
2019-05-01,14,1.4,4.5,59.7,18.0,7.0
2019-05-01,15,1.3,5.8,59.6,17.4,6.9
2019-05-01,16,1.3,7.4,57.6,17.5,6.9
2019-05-01,17,1.3,8.7,56.7,17.1,6.8
2019-05-01,18,1.3,10.1,55.6,17.2,6.8
2019-05-01,19,1.4,11.1,55.8,17.3,6.8
2019-05-01,20,1.4,11.6,55.3,17.3,6.9
2019-05-01,21,1.5,11.7,55.3,17.4,6.9
2019-05-01,22,1.6,11.5,55.4,17.3,6.9
2019-05-01,23,1.6,11.3,55.6,17.2,6.9
2019-05-01,24,1.7,11.2,55.3,17.4,6.9
2019-05-01,25,1.9,10.8,55.8,17.5,6.8
2019-05-01,26,2.0,10.4,56.0,17.8,6.9
2019-05-01,27,2.1,9.8,56.6,17.9,6.6
2019-05-01,28,2.2,9.1,57.4,17.9,6.7
2019-05-01,29,2.3,8.4,57.8,18.0,6.7
2019-05-01,30,2.4,7.6,58.7,17.8,6.6
2019-05-01,31,2.6,6.8,59.2,17.7,6.9
2019-05-01,32,2.8,5.7,59.6,17.6,6.9
2019-05-01,33,3.2,4.6,59.3,17.5,7.0
2019-05-01,34,3.6,3.8,58.9,17.5,7.0
2019-05-01,35,3.5,3.0,59.6,17.6,7.0
2019-05-01,36,3.5,2.1,60.0,17.9,7.1
2019-05-01,37,3.6,1.3,61.6,18.1,7.2
2019-05-01,38,3.6,0.5,62.7,18.4,7.3
2019-05-01,39,3.6,0.1,61.4,18.6,7.4
2019-05-01,40,3.9,0.0,61.2,18.5,7.3
2019-05-01,41,4.7,0.0,61.7,19.0,7.2
2019-05-01,42,5.3,0.0,59.3,20.0,7.6
2019-05-01,43,6.0,0.0,56.8,21.2,7.5
2019-05-01,44,6.9,0.0,53.4,22.8,8.1
2019-05-01,45,7.8,0.0,48.3,24.8,9.6
2019-05-01,46,8.5,0.0,45.5,26.2,10.4
2019-05-01,47,8.9,0.0,45.3,26.2,9.6
2019-05-01,48,8.6,0.0,44.4,26.9,9.9
2019-05-02,1,8.8,0.0,44.3,26.8,10.0
2019-05-02,2,8.9,0.0,44.7,26.4,9.9
2019-05-02,3,9.5,0.0,44.1,26.9,9.3
2019-05-02,4,10.8,0.0,42.2,27.2,9.6
2019-05-02,5,11.5,0.0,40.8,27.4,10.0
2019-05-02,6,12.6,0.0,39.8,27.4,9.9
2019-05-02,7,12.6,0.0,39.6,27.5,9.9
2019-05-02,8,12.1,0.0,40.3,27.3,9.9
2019-05-02,9,12.0,0.0,41.8,27.3,8.5
2019-05-02,10,11.7,0.4,44.2,25.6,8.5
2019-05-02,11,10.2,1.3,47.4,23.2,9.2
2019-05-02,12,9.9,2.5,50.5,21.0,7.7
2019-05-02,13,8.9,4.0,52.9,19.1,7.6
2019-05-02,14,8.9,5.2,53.0,18.4,7.3
2019-05-02,15,8.8,6.2,51.5,18.0,7.2
2019-05-02,16,8.7,8.5,50.8,17.8,7.0
2019-05-02,17,10.8,10.6,48.4,17.2,5.4
2019-05-02,18,8.5,11.9,49.4,17.4,5.5
2019-05-02,19,14.1,11.4,45.9,16.4,5.3
2019-05-02,20,8.6,14.2,47.8,17.0,5.5
2019-05-02,21,8.7,14.1,47.9,17.0,5.7
2019-05-02,22,9.0,13.3,48.3,17.1,5.8
2019-05-02,23,9.2,12.6,48.4,17.1,5.6
2019-05-02,24,9.5,12.3,47.6,17.6,5.7
2019-05-02,25,9.4,12.7,47.7,17.3,6.3
2019-05-02,26,11.3,13.1,45.6,16.9,6.2
2019-05-02,27,9.4,12.7,47.1,17.4,6.7
2019-05-02,28,9.4,11.4,47.9,17.7,6.8
2019-05-02,29,9.6,10.2,48.8,17.7,6.9
2019-05-02,30,9.9,9.0,49.7,17.6,6.9
2019-05-02,31,9.8,7.3,51.1,17.7,7.1
2019-05-02,32,10.0,6.4,52.2,17.4,6.9
2019-05-02,33,10.4,5.5,51.2,17.3,6.9
2019-05-02,34,10.3,3.7,53.0,17.7,7.0
2019-05-02,35,11.2,2.6,52.6,17.7,7.1
2019-05-02,36,10.9,1.8,52.7,17.9,7.1
2019-05-02,37,10.4,0.9,54.0,18.0,7.2
2019-05-02,38,9.9,0.3,54.2,18.4,7.3
2019-05-02,39,9.8,0.0,54.7,18.5,7.4
2019-05-02,40,9.2,0.0,55.8,18.3,7.3
2019-05-02,41,9.4,0.0,56.6,18.9,7.4
2019-05-02,42,8.9,0.0,55.5,19.7,7.6
2019-05-02,43,9.0,0.0,55.2,20.9,6.8
2019-05-02,44,9.3,0.0,52.5,22.1,7.2
2019-05-02,45,10.2,0.0,47.6,23.9,8.9
2019-05-02,46,11.0,0.0,44.2,25.4,9.5
2019-05-02,47,11.1,0.0,44.3,25.5,9.3
2019-05-02,48,10.7,0.0,43.2,26.3,9.6
2019-05-03,1,11.1,0.0,42.3,26.6,9.7
2019-05-03,2,10.1,0.0,44.0,26.2,9.6
2019-05-03,3,9.4,0.0,44.2,26.6,9.5
2019-05-03,4,8.5,0.0,44.9,26.7,9.6
2019-05-03,5,8.4,0.0,44.7,27.1,9.5
2019-05-03,6,9.2,0.0,44.4,26.8,9.4
2019-05-03,7,8.7,0.0,44.9,26.8,9.4
2019-05-03,8,8.6,0.0,45.7,26.4,9.3
2019-05-03,9,8.4,0.0,46.3,26.3,9.0
2019-05-03,10,8.0,0.2,47.6,25.3,9.4
2019-05-03,11,7.8,0.8,49.9,22.7,10.6
2019-05-03,12,7.1,1.6,53.8,20.6,9.0
2019-05-03,13,6.8,2.4,55.8,19.1,7.9
2019-05-03,14,7.3,3.2,53.8,18.4,7.3
2019-05-03,15,7.3,3.9,53.2,18.1,7.2
2019-05-03,16,7.8,4.8,52.1,17.7,7.1
2019-05-03,17,7.8,5.7,51.7,17.8,7.0
2019-05-03,18,8.3,6.6,51.4,17.5,6.8
2019-05-03,19,8.7,7.6,51.2,17.4,6.9
2019-05-03,20,8.9,8.7,50.9,17.5,6.9
2019-05-03,21,9.1,9.6,49.9,17.4,6.2
2019-05-03,22,9.8,10.3,51.0,17.8,2.9
2019-05-03,23,9.6,10.5,49.3,17.2,6.2
2019-05-03,24,10.0,10.9,48.6,17.3,6.3
2019-05-03,25,10.5,10.7,47.8,17.5,6.5
2019-05-03,26,10.8,9.8,47.8,17.9,6.6
2019-05-03,27,10.9,9.1,47.7,18.0,7.1
2019-05-03,28,11.4,8.6,47.4,18.3,7.1
2019-05-03,29,12.2,7.7,46.4,18.4,7.9
2019-05-03,30,13.4,6.5,45.9,18.4,8.2
2019-05-03,31,13.6,5.3,46.9,18.2,8.5
2019-05-03,32,15.1,4.2,46.7,18.1,8.5
2019-05-03,33,15.8,3.4,46.6,17.9,8.5
2019-05-03,34,16.5,3.0,46.0,17.9,8.6
2019-05-03,35,14.8,2.3,47.0,18.1,9.0
2019-05-03,36,16.0,1.4,47.1,18.4,9.0
2019-05-03,37,16.9,0.6,45.9,18.6,9.3
2019-05-03,38,17.2,0.2,45.3,19.1,9.1
2019-05-03,39,18.6,0.0,44.7,19.6,8.6
2019-05-03,40,19.1,0.0,45.1,19.4,8.4
2019-05-03,41,19.6,0.0,43.9,20.1,8.7
2019-05-03,42,20.0,0.0,42.2,20.8,9.1
2019-05-03,43,20.6,0.0,40.1,22.3,9.1
2019-05-03,44,21.8,0.0,37.6,23.3,9.7
2019-05-03,45,26.4,0.0,30.0,25.5,10.9
2019-05-03,46,28.8,0.0,24.8,27.0,12.0
2019-05-03,47,28.7,0.0,23.0,28.4,11.6
2019-05-03,48,29.4,0.0,21.9,28.7,11.7
2019-05-04,1,30.7,0.0,20.7,28.8,11.7
2019-05-04,2,30.9,0.0,20.3,28.9,11.8
2019-05-04,3,31.3,0.0,19.4,29.2,11.9
2019-05-04,4,30.9,0.0,19.4,29.4,12.0
2019-05-04,5,31.3,0.0,20.5,29.4,10.6
2019-05-04,6,33.1,0.0,18.4,29.7,10.7
2019-05-04,7,33.4,0.0,18.2,29.5,10.6
2019-05-04,8,33.6,0.0,18.2,29.4,10.5
2019-05-04,9,35.0,0.1,18.8,29.8,8.0
2019-05-04,10,34.9,0.7,18.9,29.3,7.9
2019-05-04,11,34.5,2.3,19.6,28.4,7.2
2019-05-04,12,32.8,4.4,21.5,26.9,6.5
2019-05-04,13,30.8,6.8,22.0,24.9,8.1
2019-05-04,14,30.9,9.6,21.8,23.7,7.5
2019-05-04,15,29.9,12.3,20.7,22.8,7.9
2019-05-04,16,30.6,14.7,18.4,22.3,7.6
2019-05-04,17,30.3,16.4,18.1,21.6,7.2
2019-05-04,18,20.8,20.7,19.3,24.1,7.5
2019-05-04,19,30.0,20.3,17.2,21.1,4.7
2019-05-04,20,17.3,25.4,19.7,24.5,5.4
2019-05-04,21,29.2,22.6,18.8,21.0,1.9
2019-05-04,22,28.1,23.4,20.2,20.4,1.7
2019-05-04,23,27.8,23.5,19.4,20.4,3.2
2019-05-04,24,28.7,24.0,18.7,20.7,2.1
2019-05-04,25,28.6,24.5,20.5,20.2,0.0
2019-05-04,26,28.6,23.6,20.9,20.9,0.0
2019-05-04,27,28.8,23.0,20.9,21.2,0.0
2019-05-04,28,28.7,22.7,21.0,21.6,0.0
2019-05-04,29,27.8,20.4,23.1,21.8,0.0
2019-05-04,30,28.6,18.1,23.8,22.2,0.0
2019-05-04,31,28.1,15.6,25.1,22.2,2.4
2019-05-04,32,27.4,12.8,28.2,21.8,2.7
2019-05-04,33,26.4,10.2,27.9,21.4,7.8
2019-05-04,34,24.9,8.0,31.4,21.4,7.3
2019-05-04,35,24.3,5.8,34.4,21.3,7.6
2019-05-04,36,22.9,3.8,37.5,21.4,7.7
2019-05-04,37,22.2,2.0,38.1,21.8,7.8
2019-05-04,38,21.9,0.8,39.0,22.3,7.9
2019-05-04,39,21.4,0.2,38.0,22.7,8.4
2019-05-04,40,20.0,0.0,39.9,22.3,8.0
2019-05-04,41,20.1,0.0,39.7,22.7,8.1
2019-05-04,42,20.7,0.0,39.6,23.2,8.3
2019-05-04,43,20.1,0.0,39.5,24.1,8.9
2019-05-04,44,19.1,0.0,38.9,25.4,9.5
2019-05-04,45,20.7,0.0,35.4,26.4,10.1
2019-05-04,46,21.7,0.0,31.7,27.4,11.0
2019-05-04,47,21.4,0.0,31.2,29.1,10.2
2019-05-04,48,21.9,0.0,30.3,29.2,10.5
2019-05-05,1,20.7,0.0,31.4,29.4,10.3
2019-05-05,2,21.1,0.0,31.9,29.0,10.0
2019-05-05,3,20.4,0.0,32.2,29.5,9.7
2019-05-05,4,20.6,0.0,31.9,29.7,9.6
2019-05-05,5,20.6,0.0,31.7,29.7,9.7
2019-05-05,6,20.1,0.0,32.5,29.5,9.7
2019-05-05,7,19.3,0.0,33.1,29.7,9.7
2019-05-05,8,19.1,0.0,33.5,29.5,9.7
2019-05-05,9,19.0,0.1,32.7,29.6,10.2
2019-05-05,10,19.1,0.6,32.0,29.7,10.2
2019-05-05,11,18.8,2.1,32.2,28.6,10.2
2019-05-05,12,17.8,4.1,33.7,27.2,9.5
2019-05-05,13,17.1,6.1,36.0,25.9,7.5
2019-05-05,14,16.3,8.3,35.9,25.1,7.2
2019-05-05,15,16.0,10.3,35.1,23.8,7.8
2019-05-05,16,15.6,12.7,34.7,22.8,7.5
2019-05-05,17,16.2,14.7,33.4,21.8,7.4
2019-05-05,18,16.8,16.0,32.3,21.4,7.1
2019-05-05,19,16.4,15.9,33.6,21.0,6.9
2019-05-05,20,16.2,15.1,34.7,20.9,6.8
2019-05-05,21,15.4,15.3,35.9,20.5,6.7
2019-05-05,22,15.6,14.1,36.3,20.5,6.7
2019-05-05,23,15.8,13.4,36.3,20.6,6.8
2019-05-05,24,15.6,14.4,36.3,20.8,6.8
2019-05-05,25,15.7,15.1,36.2,20.6,6.7
2019-05-05,26,15.5,14.7,35.8,20.8,6.8
2019-05-05,27,15.7,14.7,37.2,20.7,5.9
2019-05-05,28,16.0,14.8,36.8,20.7,6.0
2019-05-05,29,16.3,13.9,37.0,21.0,6.1
2019-05-05,30,15.9,12.6,38.4,21.1,6.1
2019-05-05,31,16.2,10.8,38.8,20.8,7.7
2019-05-05,32,16.1,8.8,41.3,20.6,7.6
2019-05-05,33,15.7,7.1,42.7,20.6,8.1
2019-05-05,34,15.3,5.5,44.5,20.8,8.2
2019-05-05,35,15.4,4.1,44.9,21.1,8.5
2019-05-05,36,14.6,2.7,45.5,21.2,8.7
2019-05-05,37,14.6,1.3,46.1,21.4,9.1
2019-05-05,38,14.5,0.5,46.3,21.4,9.2
2019-05-05,39,14.4,0.1,46.8,21.5,9.6
2019-05-05,40,13.8,0.0,46.6,21.6,9.5
2019-05-05,41,13.7,0.0,46.6,21.7,9.4
2019-05-05,42,13.7,0.0,47.4,22.5,9.6
2019-05-05,43,13.8,0.0,47.8,23.4,8.6
2019-05-05,44,14.8,0.0,44.9,24.3,8.7
2019-05-05,45,15.3,0.0,43.8,26.1,7.9
2019-05-05,46,16.2,0.0,41.8,27.6,7.5
2019-05-05,47,16.6,0.0,40.8,28.7,6.9
2019-05-05,48,16.2,0.0,39.9,29.4,7.0
2019-05-06,1,15.3,0.0,40.1,27.9,9.5
2019-05-06,2,15.3,0.0,39.8,28.1,9.6
2019-05-06,3,14.6,0.0,40.6,27.8,9.9
2019-05-06,4,13.8,0.0,41.5,27.5,10.1
2019-05-06,5,13.1,0.0,41.8,28.2,9.6
2019-05-06,6,12.5,0.0,42.7,28.1,9.5
2019-05-06,7,12.3,0.0,43.1,28.6,8.9
2019-05-06,8,12.5,0.0,42.7,28.5,9.0
2019-05-06,9,12.8,0.1,45.4,28.9,5.3
2019-05-06,10,12.8,0.6,45.5,28.2,5.6
2019-05-06,11,11.9,1.9,47.2,26.6,5.5
2019-05-06,12,11.1,3.6,48.4,25.2,4.9
2019-05-06,13,9.8,5.0,53.1,22.9,2.8
2019-05-06,14,8.9,6.8,52.1,22.0,2.3
2019-05-06,15,8.7,8.9,52.6,21.6,2.0
2019-05-06,16,7.8,11.1,51.0,20.9,2.7
2019-05-06,17,7.7,12.6,48.3,20.3,5.6
2019-05-06,18,7.2,13.1,48.3,19.7,5.3
2019-05-06,19,6.8,13.3,49.3,20.0,4.8
2019-05-06,20,6.7,13.1,49.3,19.8,4.9
2019-05-06,21,6.5,13.2,48.7,19.6,7.0
2019-05-06,22,6.4,13.1,48.7,19.4,7.0
2019-05-06,23,6.1,12.9,48.5,19.4,7.8
2019-05-06,24,6.6,12.6,48.8,19.2,7.6
2019-05-06,25,6.1,12.6,50.0,19.6,6.5
2019-05-06,26,6.1,12.5,49.5,19.8,6.8
2019-05-06,27,5.9,12.7,49.4,19.7,7.2
2019-05-06,28,5.9,12.6,49.1,19.8,7.4
2019-05-06,29,5.4,12.0,49.4,19.8,8.2
2019-05-06,30,5.1,11.2,50.4,19.8,8.2
2019-05-06,31,4.7,10.0,52.4,19.5,8.0
2019-05-06,32,4.3,8.3,54.8,19.0,7.7
2019-05-06,33,4.3,6.5,55.6,18.9,7.3
2019-05-06,34,4.0,5.0,57.3,19.0,7.6
2019-05-06,35,4.1,3.6,57.9,19.1,8.0
2019-05-06,36,3.7,2.3,59.7,19.3,8.1
2019-05-06,37,3.5,1.2,60.1,19.3,8.5
2019-05-06,38,3.3,0.5,61.2,19.8,8.7
2019-05-06,39,2.9,0.1,61.1,20.0,8.7
2019-05-06,40,2.6,0.0,61.0,19.8,8.5
2019-05-06,41,2.7,0.0,60.4,20.1,8.4
2019-05-06,42,2.7,0.0,61.8,20.7,8.6
2019-05-06,43,2.6,0.0,60.9,21.4,9.2
2019-05-06,44,2.8,0.0,58.4,22.9,9.4
2019-05-06,45,3.1,0.0,55.8,25.1,9.2
2019-05-06,46,3.1,0.0,54.7,26.6,9.0
2019-05-06,47,3.1,0.0,57.2,26.4,6.6
2019-05-06,48,3.1,0.0,56.5,26.8,6.7
2019-05-07,1,3.2,0.0,56.9,26.6,6.6
2019-05-07,2,3.4,0.0,57.1,26.2,6.6
2019-05-07,3,3.4,0.0,58.6,26.7,7.3
2019-05-07,4,3.4,0.0,58.5,26.6,7.3
2019-05-07,5,3.3,0.0,59.4,26.6,6.4
2019-05-07,6,3.5,0.0,59.3,26.5,6.5
2019-05-07,7,3.3,0.0,61.4,26.7,3.2
2019-05-07,8,3.1,0.0,62.5,26.3,2.7
2019-05-07,9,3.0,0.0,63.6,25.9,1.4
2019-05-07,10,3.1,0.4,62.5,24.9,2.4
2019-05-07,11,2.8,1.3,60.5,21.9,8.2
2019-05-07,12,2.6,2.5,63.0,20.1,6.5
2019-05-07,13,2.4,3.9,62.8,18.8,6.2
2019-05-07,14,2.5,5.6,60.8,18.3,6.0
2019-05-07,15,2.5,7.3,59.1,17.6,7.0
2019-05-07,16,2.7,9.3,57.3,17.4,6.9
2019-05-07,17,2.8,11.1,56.8,17.2,6.8
2019-05-07,18,3.0,12.6,55.8,17.1,6.8
2019-05-07,19,3.1,14.0,54.2,17.2,6.8
2019-05-07,20,3.0,14.7,53.8,17.1,6.8
2019-05-07,21,2.8,14.9,53.7,17.2,6.8
2019-05-07,22,2.6,14.7,54.1,17.2,6.8
2019-05-07,23,2.7,15.1,54.0,17.0,6.7
2019-05-07,24,3.1,15.3,53.1,17.0,6.9
2019-05-07,25,3.5,15.0,53.3,17.2,6.4
2019-05-07,26,3.5,14.3,53.7,17.4,6.4
2019-05-07,27,3.6,12.7,55.4,17.7,5.7
2019-05-07,28,3.9,11.6,55.9,18.0,5.8
2019-05-07,29,4.2,11.0,55.7,18.0,6.2
2019-05-07,30,4.2,10.1,56.4,17.7,6.1
2019-05-07,31,4.3,8.7,56.8,17.4,7.6
2019-05-07,32,4.4,7.2,58.0,17.3,7.3
2019-05-07,33,4.5,5.6,58.2,17.3,7.3
2019-05-07,34,4.7,4.1,58.5,17.5,7.3
2019-05-07,35,4.9,2.7,59.3,17.7,7.2
2019-05-07,36,5.1,1.6,59.1,17.8,7.2
2019-05-07,37,5.4,0.9,61.4,18.3,6.5
2019-05-07,38,5.8,0.3,61.5,18.6,6.6
2019-05-07,39,6.2,0.0,60.7,18.3,8.0
2019-05-07,40,7.0,0.0,61.2,18.3,8.0
2019-05-07,41,8.4,0.0,59.3,18.9,8.3
2019-05-07,42,9.0,0.0,59.9,19.8,7.2
2019-05-07,43,10.3,0.0,61.9,20.9,3.6
2019-05-07,44,12.2,0.0,57.3,22.7,4.1
2019-05-07,45,15.2,0.0,46.2,25.2,9.4
2019-05-07,46,17.4,0.0,41.5,26.9,9.9
2019-05-07,47,18.5,0.0,39.8,28.2,9.2
2019-05-07,48,19.3,0.0,38.2,28.7,9.4
2019-05-08,1,21.0,0.0,36.4,28.8,9.4
2019-05-08,2,21.3,0.0,36.9,28.2,9.3
2019-05-08,3,21.4,0.0,37.0,28.1,9.2
2019-05-08,4,22.2,0.0,36.2,28.1,9.2
2019-05-08,5,23.1,0.0,36.8,28.5,7.2
2019-05-08,6,23.8,0.0,35.4,29.1,7.4
2019-05-08,7,22.7,0.0,37.4,28.5,7.2
2019-05-08,8,23.6,0.0,36.9,28.2,7.1
2019-05-08,9,25.0,0.0,35.0,28.1,7.7
2019-05-08,10,24.9,0.1,37.0,26.7,7.3
2019-05-08,11,23.8,0.3,39.7,24.1,8.3
2019-05-08,12,23.2,0.6,43.2,21.9,7.6
2019-05-08,13,21.4,0.9,46.0,19.9,7.5
2019-05-08,14,21.2,1.4,46.1,18.9,6.8
2019-05-08,15,20.7,1.9,46.2,18.5,7.4
2019-05-08,16,21.2,2.5,45.6,18.3,7.3
2019-05-08,17,22.0,3.3,45.8,17.9,5.8
2019-05-08,18,22.9,3.9,44.0,18.1,5.8
2019-05-08,19,23.6,5.1,42.1,18.0,5.8
2019-05-08,20,23.3,6.8,41.1,17.7,5.7
2019-05-08,21,22.7,7.3,41.2,17.7,5.5
2019-05-08,22,21.5,8.3,41.7,17.8,5.6
2019-05-08,23,21.5,8.9,41.7,17.6,5.5
2019-05-08,24,22.1,9.1,40.9,17.7,5.5
2019-05-08,25,22.4,9.3,40.5,17.7,5.5
2019-05-08,26,23.1,9.9,39.1,17.8,5.5
2019-05-08,27,22.8,9.4,39.4,17.8,5.6
2019-05-08,28,22.5,8.9,40.4,18.0,5.6
2019-05-08,29,21.8,8.9,41.1,18.0,5.6
2019-05-08,30,21.5,8.5,42.4,17.6,5.5
2019-05-08,31,21.6,7.4,42.5,17.6,5.5
2019-05-08,32,21.1,5.7,43.4,17.4,6.9
2019-05-08,33,21.2,4.6,43.2,17.3,6.8
2019-05-08,34,20.3,3.6,45.5,17.5,6.8
2019-05-08,35,20.3,2.8,45.7,17.6,6.9
2019-05-08,36,19.9,2.0,46.9,18.0,7.0
2019-05-08,37,21.2,1.1,45.4,18.3,7.3
2019-05-08,38,20.6,0.3,46.6,18.6,7.4
2019-05-08,39,20.8,0.0,47.0,18.7,7.4
2019-05-08,40,20.9,0.0,47.3,19.1,7.6
2019-05-08,41,21.3,0.0,45.5,19.5,7.8
2019-05-08,42,22.8,0.0,43.7,20.3,8.1
2019-05-08,43,24.5,0.0,40.3,21.6,8.4
2019-05-08,44,25.0,0.0,36.8,23.3,9.0
2019-05-08,45,25.8,0.0,33.9,24.8,9.0
2019-05-08,46,26.1,0.0,31.8,26.1,9.5
2019-05-08,47,26.0,0.0,30.6,27.2,9.5
2019-05-08,48,25.5,0.0,30.8,27.3,9.6
2019-05-09,1,25.2,0.0,31.2,27.3,9.6
2019-05-09,2,23.6,0.0,33.9,26.6,9.3
2019-05-09,3,23.6,0.0,33.1,27.1,9.5
2019-05-09,4,23.9,0.0,32.6,27.2,9.5
2019-05-09,5,24.3,0.0,32.7,27.0,9.3
2019-05-09,6,24.3,0.0,31.7,27.6,9.5
2019-05-09,7,24.0,0.0,31.3,27.9,9.6
2019-05-09,8,22.5,0.0,33.2,27.7,9.5
2019-05-09,9,21.0,0.1,36.5,26.8,8.7
2019-05-09,10,19.5,0.2,40.7,25.1,8.0
2019-05-09,11,17.7,0.8,47.1,22.5,6.0
2019-05-09,12,15.5,1.7,52.3,20.4,5.0
2019-05-09,13,13.9,2.3,56.1,18.4,4.3
2019-05-09,14,13.5,3.1,55.4,17.9,4.2
2019-05-09,15,13.5,3.9,55.2,17.8,4.0
2019-05-09,16,13.6,4.7,55.0,17.7,4.0
2019-05-09,17,12.9,5.5,53.9,17.3,4.5
2019-05-09,18,11.8,6.4,54.0,17.3,4.4
2019-05-09,19,11.8,7.2,55.2,17.5,3.0
2019-05-09,20,11.7,8.3,54.5,17.3,3.0
2019-05-09,21,10.9,9.0,55.0,17.1,2.7
2019-05-09,22,10.2,9.4,55.5,17.1,2.7
2019-05-09,23,9.5,9.1,54.6,16.8,3.3
2019-05-09,24,9.3,8.9,54.2,16.9,3.3
2019-05-09,25,8.9,9.1,55.3,17.0,3.0
2019-05-09,26,8.7,8.8,56.6,17.1,3.0
2019-05-09,27,8.6,8.4,57.2,17.2,3.0
2019-05-09,28,8.9,8.1,57.0,17.4,3.2
2019-05-09,29,9.1,7.5,55.5,17.4,5.4
2019-05-09,30,8.1,6.9,57.0,17.1,5.3
2019-05-09,31,7.6,6.3,58.4,16.9,5.3
2019-05-09,32,7.4,5.5,58.1,16.6,5.2
2019-05-09,33,7.6,4.4,58.1,16.7,5.2
2019-05-09,34,7.4,3.5,59.0,16.8,5.2
2019-05-09,35,7.4,2.6,59.5,17.0,5.3
2019-05-09,36,7.2,1.9,59.9,17.1,5.3
2019-05-09,37,7.2,1.1,61.2,17.4,5.6
2019-05-09,38,6.8,0.5,61.5,17.7,5.7
2019-05-09,39,6.8,0.1,62.0,18.3,5.9
2019-05-09,40,6.4,0.0,63.4,18.3,5.8
2019-05-09,41,5.9,0.0,63.5,18.6,5.9
2019-05-09,42,5.9,0.0,63.2,19.3,6.2
2019-05-09,43,6.0,0.0,62.3,20.1,6.2
2019-05-09,44,6.0,0.0,60.3,21.3,6.7
2019-05-09,45,6.0,0.0,56.2,23.0,8.6
2019-05-09,46,6.1,0.0,54.7,24.1,9.0
2019-05-09,47,5.7,0.0,53.8,24.8,9.2
2019-05-09,48,5.3,0.0,53.7,25.1,9.4
2019-05-10,1,5.0,0.0,53.5,25.1,9.9
2019-05-10,2,4.6,0.0,54.2,24.9,9.9
2019-05-10,3,4.3,0.0,54.7,24.9,9.7
2019-05-10,4,3.9,0.0,54.5,25.1,9.8
2019-05-10,5,3.9,0.0,54.2,25.2,10.1
2019-05-10,6,3.8,0.0,54.1,25.2,10.0
2019-05-10,7,3.8,0.0,54.2,25.0,10.1
2019-05-10,8,3.7,0.0,54.0,25.1,10.1
2019-05-10,9,3.7,0.1,54.0,24.9,10.1
2019-05-10,10,3.6,0.6,54.9,23.8,9.7
2019-05-10,11,3.3,1.5,56.5,21.9,9.2
2019-05-10,12,3.1,2.6,59.1,19.9,8.0
2019-05-10,13,2.7,3.8,59.8,18.5,7.3
2019-05-10,14,2.7,5.3,58.6,18.0,7.0
2019-05-10,15,2.7,6.7,57.7,17.5,7.0
2019-05-10,16,2.6,8.3,57.4,17.3,6.9
2019-05-10,17,2.6,10.0,56.1,17.2,6.8
2019-05-10,18,2.4,11.5,55.6,16.9,6.2
2019-05-10,19,2.4,12.9,54.9,16.7,6.4
2019-05-10,20,2.4,14.0,53.6,16.8,6.5
2019-05-10,21,2.5,14.9,52.8,16.9,6.5
2019-05-10,22,2.5,15.8,52.0,16.5,6.3
2019-05-10,23,2.5,16.3,52.5,16.4,6.3
2019-05-10,24,2.5,15.9,52.3,16.7,6.4
2019-05-10,25,2.4,16.3,51.8,16.8,6.5
2019-05-10,26,2.4,16.7,51.2,17.0,6.5
2019-05-10,27,2.5,16.1,51.5,17.1,6.6
2019-05-10,28,2.7,16.2,52.0,17.3,6.7
2019-05-10,29,3.0,15.1,52.9,17.4,6.8
2019-05-10,30,3.1,13.3,54.4,17.5,6.8
2019-05-10,31,3.3,11.3,55.0,17.6,6.9
2019-05-10,32,3.2,9.1,57.8,17.5,6.8
2019-05-10,33,3.3,7.0,57.3,17.4,6.8
2019-05-10,34,3.3,5.2,58.9,17.8,6.9
2019-05-10,35,3.2,3.5,59.6,18.1,7.0
2019-05-10,36,3.2,2.3,61.4,18.3,7.1
2019-05-10,37,3.4,1.4,62.7,18.8,7.5
2019-05-10,38,3.3,0.6,62.4,18.9,7.5
2019-05-10,39,3.4,0.2,63.0,19.0,7.6
2019-05-10,40,3.4,0.0,63.1,19.1,7.6
2019-05-10,41,3.4,0.0,62.0,19.4,7.7
2019-05-10,42,3.6,0.0,60.9,20.1,7.9
2019-05-10,43,3.7,0.0,60.9,21.4,6.1
2019-05-10,44,3.5,0.0,58.9,22.6,6.6
2019-05-10,45,3.5,0.0,54.6,23.7,9.2
2019-05-10,46,3.5,0.0,52.8,24.8,9.7
2019-05-10,47,3.6,0.0,51.5,26.0,9.7
2019-05-10,48,3.7,0.0,49.9,26.6,10.1
2019-05-11,1,4.0,0.0,49.7,26.4,10.4
2019-05-11,2,4.3,0.0,49.6,26.2,10.4
2019-05-11,3,4.5,0.0,49.2,26.3,10.5
2019-05-11,4,4.4,0.0,49.5,26.2,10.3
2019-05-11,5,4.4,0.0,49.5,26.5,10.0
2019-05-11,6,4.5,0.0,48.6,26.8,10.1
2019-05-11,7,5.0,0.0,47.8,27.0,10.1
2019-05-11,8,5.6,0.0,47.0,27.1,10.3
2019-05-11,9,5.8,0.1,45.9,27.3,10.6
2019-05-11,10,6.1,0.7,45.9,26.7,10.5
2019-05-11,11,6.0,2.0,45.3,25.8,10.8
2019-05-11,12,5.9,3.6,46.6,24.3,10.1
2019-05-11,13,5.7,5.2,46.9,23.1,9.6
2019-05-11,14,5.9,6.7,47.3,22.0,9.1
2019-05-11,15,6.0,8.3,47.4,21.2,8.4
2019-05-11,16,5.9,10.0,47.2,20.5,8.1
2019-05-11,17,5.9,11.8,45.6,19.9,7.9
2019-05-11,18,6.5,13.6,44.6,19.7,7.8
2019-05-11,19,5.8,15.3,44.0,19.4,7.7
2019-05-11,20,5.6,16.9,42.8,19.2,7.6
2019-05-11,21,5.9,18.5,42.2,18.9,7.1
2019-05-11,22,6.3,19.7,40.8,18.9,7.1
2019-05-11,23,6.8,19.8,40.5,18.9,6.8
2019-05-11,24,7.9,20.0,38.7,19.2,6.9
2019-05-11,25,8.3,21.2,36.5,19.6,7.0
2019-05-11,26,8.9,21.9,35.2,19.6,7.0
2019-05-11,27,9.6,21.6,35.5,20.0,5.6
2019-05-11,28,10.9,20.4,34.6,20.5,5.8
2019-05-11,29,11.6,20.0,34.0,20.8,5.8
2019-05-11,30,12.0,19.3,33.7,20.8,6.2
2019-05-11,31,11.5,16.7,35.4,20.4,8.0
2019-05-11,32,11.3,13.7,38.8,20.3,7.9
2019-05-11,33,11.5,10.7,41.5,20.3,7.9
2019-05-11,34,11.6,8.1,44.1,20.2,7.9
2019-05-11,35,11.3,5.9,45.6,20.3,7.9
2019-05-11,36,11.1,3.9,47.6,20.6,8.0
2019-05-11,37,10.7,2.4,48.5,20.7,8.2
2019-05-11,38,9.4,1.1,50.0,21.1,8.4
2019-05-11,39,8.8,0.2,51.4,21.4,8.5
2019-05-11,40,8.1,0.0,51.7,21.7,8.6
2019-05-11,41,7.3,0.0,51.6,21.5,8.6
2019-05-11,42,7.2,0.0,52.8,21.9,8.6
2019-05-11,43,7.1,0.0,53.7,22.7,6.9
2019-05-11,44,6.8,0.0,53.1,23.8,7.3
2019-05-11,45,6.7,0.0,49.7,25.1,9.0
2019-05-11,46,6.9,0.0,47.7,26.2,9.4
2019-05-11,47,6.6,0.0,46.2,27.4,9.6
2019-05-11,48,6.0,0.0,45.5,28.1,9.9
2019-05-12,1,5.4,0.0,45.9,28.3,10.0
2019-05-12,2,4.8,0.0,46.9,28.1,9.9
2019-05-12,3,4.5,0.0,47.8,27.8,9.7
2019-05-12,4,4.3,0.0,47.6,28.0,9.8
2019-05-12,5,4.2,0.0,47.2,28.1,10.1
2019-05-12,6,4.0,0.0,47.4,28.1,10.1
2019-05-12,7,4.0,0.0,47.0,28.4,10.1
2019-05-12,8,3.9,0.0,46.2,28.8,10.5
2019-05-12,9,3.7,0.3,45.4,29.0,10.8
2019-05-12,10,3.5,1.5,45.1,28.5,10.7
2019-05-12,11,3.3,3.5,44.9,27.5,10.2
2019-05-12,12,3.1,5.8,45.0,26.3,9.4
2019-05-12,13,2.8,8.5,43.4,25.9,9.1
2019-05-12,14,2.6,11.3,42.6,24.9,8.7
2019-05-12,15,2.4,13.8,42.5,23.5,8.4
2019-05-12,16,2.2,16.3,41.8,22.6,8.1
2019-05-12,17,2.1,18.6,41.4,21.6,7.8
2019-05-12,18,2.2,20.9,40.1,21.1,7.6
2019-05-12,19,2.3,22.6,39.2,20.6,7.4
2019-05-12,20,2.3,24.1,38.2,20.4,7.3
2019-05-12,21,2.4,26.3,36.9,19.8,7.1
2019-05-12,22,2.6,26.4,36.9,19.6,7.0
2019-05-12,23,2.9,26.0,36.8,19.8,7.1
2019-05-12,24,3.2,25.3,36.9,20.0,7.2
2019-05-12,25,3.7,25.3,35.8,20.3,7.3
2019-05-12,26,4.2,25.0,34.9,20.8,7.4
2019-05-12,27,4.5,24.3,34.7,21.0,7.6
2019-05-12,28,4.9,24.0,34.2,21.3,7.6
2019-05-12,29,5.2,23.5,34.2,21.4,7.7
2019-05-12,30,5.5,21.9,35.2,21.5,7.8
2019-05-12,31,5.8,18.1,38.1,21.3,8.6
2019-05-12,32,6.0,15.2,41.0,21.1,8.6
2019-05-12,33,6.0,12.4,43.8,20.7,8.4
2019-05-12,34,5.7,9.7,46.9,20.6,8.3
2019-05-12,35,5.6,7.0,49.6,20.6,8.3
2019-05-12,36,5.3,4.7,51.7,20.6,8.3
2019-05-12,37,5.2,3.0,52.9,21.0,8.7
2019-05-12,38,5.3,1.4,53.5,21.3,8.8
2019-05-12,39,5.5,0.3,54.3,21.4,8.9
2019-05-12,40,5.6,0.0,54.2,21.6,9.2
2019-05-12,41,5.7,0.0,54.2,21.5,9.2
2019-05-12,42,5.8,0.0,54.3,21.9,9.5
2019-05-12,43,6.0,0.0,52.3,22.9,10.0
2019-05-12,44,6.0,0.0,49.8,24.5,10.2
2019-05-12,45,5.9,0.0,50.3,26.1,7.6
2019-05-12,46,6.2,0.0,48.1,27.4,8.0
2019-05-12,47,6.3,0.0,45.8,27.7,9.9
2019-05-12,48,6.3,0.0,44.4,28.1,10.5
2019-05-13,1,6.3,0.0,44.5,27.8,10.9
2019-05-13,2,6.3,0.0,44.6,27.7,10.9
2019-05-13,3,6.3,0.0,44.2,27.9,11.0
2019-05-13,4,6.3,0.0,44.2,27.9,11.0
2019-05-13,5,6.4,0.0,43.5,28.3,11.1
2019-05-13,6,6.8,0.0,43.0,28.4,11.1
2019-05-13,7,7.1,0.0,42.8,28.3,11.1
2019-05-13,8,7.1,0.0,42.8,28.3,11.1
2019-05-13,9,7.0,0.3,43.2,27.9,10.8
2019-05-13,10,6.6,1.4,45.7,26.1,10.1
2019-05-13,11,5.9,2.9,49.7,23.0,9.5
2019-05-13,12,5.0,4.6,54.2,20.7,7.3
2019-05-13,13,4.4,6.4,55.9,19.4,5.2
2019-05-13,14,4.2,8.6,54.5,19.0,5.0
2019-05-13,15,4.2,10.7,53.3,18.6,5.0
2019-05-13,16,4.3,13.4,51.1,18.2,4.7
2019-05-13,17,4.3,15.7,49.9,17.9,4.8
2019-05-13,18,4.6,17.6,47.4,18.0,4.6
2019-05-13,19,5.4,19.9,45.2,18.1,4.4
2019-05-13,20,5.9,21.8,42.9,18.0,4.5
2019-05-13,21,6.6,24.4,40.0,17.6,4.7
2019-05-13,22,6.9,25.2,39.1,17.5,4.7
2019-05-13,23,6.8,25.8,38.7,17.5,4.7
2019-05-13,24,6.8,26.2,38.1,17.6,4.7
2019-05-13,25,6.9,26.2,37.9,17.7,4.7
2019-05-13,26,7.4,25.7,37.7,17.9,4.7
2019-05-13,27,8.0,24.9,37.4,18.1,4.8
2019-05-13,28,8.6,23.9,37.4,18.3,4.9
2019-05-13,29,9.1,22.3,38.2,18.6,4.7
2019-05-13,30,9.5,19.6,40.5,18.5,4.8
2019-05-13,31,9.9,17.1,42.7,18.5,4.8
2019-05-13,32,9.9,14.5,45.6,18.3,4.7
2019-05-13,33,9.6,11.8,48.7,18.3,4.5
2019-05-13,34,9.1,9.0,51.5,18.4,4.6
2019-05-13,35,8.5,6.5,53.8,18.6,4.4
2019-05-13,36,8.3,4.5,54.5,19.0,4.6
2019-05-13,37,7.7,2.8,56.0,19.3,5.0
2019-05-13,38,7.5,1.3,55.9,19.9,5.0
2019-05-13,39,7.3,0.4,57.4,20.1,5.2
2019-05-13,40,7.0,0.0,58.5,20.3,5.1
2019-05-13,41,7.1,0.0,58.7,20.1,4.8
2019-05-13,42,7.3,0.0,58.5,20.6,4.9
2019-05-13,43,7.4,0.0,57.3,21.7,5.5
2019-05-13,44,7.9,0.0,53.6,23.4,5.8
2019-05-13,45,8.1,0.0,50.6,25.0,6.7
2019-05-13,46,8.6,0.0,47.9,26.2,7.4
2019-05-13,47,9.0,0.0,46.0,27.4,7.3
2019-05-13,48,9.2,0.0,45.0,27.9,7.4
2019-05-14,1,9.7,0.0,44.5,28.0,7.4
2019-05-14,2,9.6,0.0,44.9,27.8,7.4
2019-05-14,3,9.8,0.0,44.1,28.2,7.5
2019-05-14,4,9.7,0.0,43.8,28.4,7.6
2019-05-14,5,9.7,0.0,43.9,28.6,7.6
2019-05-14,6,9.5,0.0,43.6,28.8,7.7
2019-05-14,7,9.1,0.0,44.4,28.3,7.5
2019-05-14,8,8.8,0.0,45.0,28.2,7.4
2019-05-14,9,8.1,0.7,48.8,27.1,4.9
2019-05-14,10,7.5,2.2,51.0,25.1,4.6
2019-05-14,11,6.7,3.1,54.9,22.4,4.2
2019-05-14,12,6.1,4.4,57.4,20.4,3.8
2019-05-14,13,5.6,6.4,56.9,19.4,3.5
2019-05-14,14,5.2,8.4,55.8,18.7,3.1
2019-05-14,15,5.1,10.6,55.0,18.3,2.9
2019-05-14,16,5.3,13.2,52.9,18.4,2.9
2019-05-14,17,5.4,15.7,50.6,18.2,2.9
2019-05-14,18,5.4,18.1,48.5,18.1,2.8
2019-05-14,19,5.5,20.3,46.4,18.0,2.8
2019-05-14,20,5.7,22.3,44.7,17.6,2.8
2019-05-14,21,5.9,24.5,42.7,17.3,3.0
2019-05-14,22,6.3,25.5,41.8,17.3,2.8
2019-05-14,23,6.4,26.2,41.2,17.3,2.8
2019-05-14,24,6.6,26.6,40.4,17.4,2.8
2019-05-14,25,6.7,26.6,39.8,17.5,3.2
2019-05-14,26,6.8,26.2,39.8,17.7,2.9
2019-05-14,27,7.0,25.3,42.7,17.8,0.6
2019-05-14,28,7.1,24.1,40.9,18.1,3.1
2019-05-14,29,7.3,22.3,42.2,18.2,3.1
2019-05-14,30,7.3,20.0,44.3,18.2,3.2
2019-05-14,31,7.6,17.4,46.5,18.2,3.2
2019-05-14,32,7.7,14.6,49.3,18.0,3.2
2019-05-14,33,7.6,11.8,52.1,17.9,3.3
2019-05-14,34,7.2,9.2,54.5,18.0,3.5
2019-05-14,35,6.9,6.7,56.9,18.0,3.8
2019-05-14,36,6.6,4.6,57.6,18.2,4.0
2019-05-14,37,6.4,2.7,58.8,18.6,4.6
2019-05-14,38,6.6,1.2,60.0,19.0,4.5
2019-05-14,39,7.1,0.3,61.7,19.4,4.4
2019-05-14,40,7.3,0.0,61.3,19.2,4.3
2019-05-14,41,7.6,0.0,60.4,19.2,4.1
2019-05-14,42,7.5,0.0,60.5,19.8,4.2
2019-05-14,43,7.8,0.0,58.1,21.1,4.6
2019-05-14,44,8.4,0.0,54.2,22.6,5.2
2019-05-14,45,8.5,0.0,48.3,24.2,9.5
2019-05-14,46,8.9,0.0,44.9,25.6,10.3
2019-05-14,47,8.9,0.0,42.5,26.8,11.2
2019-05-14,48,9.2,0.0,41.3,27.3,11.4
2019-05-15,1,9.4,0.0,40.9,27.3,11.6
2019-05-15,2,9.6,0.0,41.3,27.0,11.4
2019-05-15,3,9.7,0.0,40.5,27.4,11.6
2019-05-15,4,10.1,0.0,39.2,27.9,11.8
2019-05-15,5,10.1,0.0,38.9,28.0,11.9
2019-05-15,6,9.9,0.0,39.4,27.9,11.8
2019-05-15,7,9.4,0.0,40.9,27.3,11.6
2019-05-15,8,9.0,0.0,41.1,27.4,11.6
2019-05-15,9,8.4,0.4,44.1,26.7,9.7
2019-05-15,10,8.0,1.2,46.9,24.8,9.0
2019-05-15,11,6.9,2.7,51.9,21.9,7.5
2019-05-15,12,6.0,4.7,53.6,19.8,7.1
2019-05-15,13,5.2,6.4,54.1,18.6,7.7
2019-05-15,14,4.5,8.5,53.5,18.0,7.1
2019-05-15,15,4.0,10.9,52.8,17.8,6.2
2019-05-15,16,3.6,13.3,51.5,17.9,6.3
2019-05-15,17,3.5,15.5,50.1,17.6,6.1
2019-05-15,18,3.7,17.9,47.9,17.5,5.8
2019-05-15,19,4.0,19.7,46.7,17.1,5.6
2019-05-15,20,4.4,21.4,44.7,17.0,5.6
2019-05-15,21,4.6,23.0,42.9,16.9,5.7
2019-05-15,22,4.7,24.0,42.2,16.6,5.7
2019-05-15,23,4.9,24.6,41.2,16.6,5.7
2019-05-15,24,5.3,24.9,40.3,16.7,5.7
2019-05-15,25,5.8,24.8,39.7,16.8,5.8
2019-05-15,26,6.3,24.4,39.1,17.1,5.8
2019-05-15,27,6.6,23.3,39.5,17.3,5.9
2019-05-15,28,6.9,22.0,39.5,17.8,6.0
2019-05-15,29,7.1,20.0,39.9,17.8,7.5
2019-05-15,30,7.3,17.9,42.0,17.7,7.4
2019-05-15,31,7.3,15.6,44.1,17.8,7.4
2019-05-15,32,7.0,13.0,48.9,17.7,7.3
2019-05-15,33,7.4,10.7,50.1,17.7,7.3
2019-05-15,34,7.9,8.5,50.5,18.0,7.5
2019-05-15,35,7.8,6.3,50.5,17.9,7.4
2019-05-15,36,7.9,4.4,51.6,18.0,7.9
2019-05-15,37,8.2,2.7,52.1,18.3,8.4
2019-05-15,38,8.6,1.4,52.2,18.6,8.6
2019-05-15,39,9.2,0.4,52.5,18.9,8.5
2019-05-15,40,9.2,0.1,53.4,19.3,8.4
2019-05-15,41,10.1,0.0,51.7,19.1,9.7
2019-05-15,42,10.8,0.0,49.4,20.0,10.0
2019-05-15,43,11.8,0.0,46.6,21.1,10.4
2019-05-15,44,12.9,0.0,42.8,22.8,11.8
2019-05-15,45,14.0,0.0,40.2,24.3,12.0
2019-05-15,46,15.7,0.0,36.7,25.6,12.0
2019-05-15,47,17.1,0.0,35.0,26.9,10.6
2019-05-15,48,17.6,0.0,33.2,27.7,10.9
2019-05-16,1,17.5,0.0,32.3,27.9,11.6
2019-05-16,2,16.7,0.0,33.4,27.7,11.5
2019-05-16,3,15.4,0.0,35.1,27.6,11.3
2019-05-16,4,15.4,0.0,34.4,28.0,11.4
2019-05-16,5,15.9,0.0,34.2,28.2,10.9
2019-05-16,6,16.3,0.0,32.8,28.8,11.1
2019-05-16,7,16.8,0.0,32.7,28.4,11.2
2019-05-16,8,17.3,0.0,32.2,28.4,11.2
2019-05-16,9,16.8,0.5,32.7,27.7,11.7
2019-05-16,10,16.2,1.8,34.6,25.9,11.6
2019-05-16,11,15.2,3.3,39.1,22.3,11.6
2019-05-16,12,13.9,4.9,42.8,20.4,9.7
2019-05-16,13,12.4,6.6,43.0,19.1,9.5
2019-05-16,14,12.1,8.5,42.7,18.2,9.0
2019-05-16,15,11.9,10.5,42.0,17.7,8.9
2019-05-16,16,11.8,12.9,39.8,17.7,8.8
2019-05-16,17,12.3,15.0,39.4,17.4,7.2
2019-05-16,18,12.7,17.3,37.0,17.3,7.1
2019-05-16,19,13.7,19.1,36.4,17.3,5.1
2019-05-16,20,14.1,20.6,35.4,17.5,4.0
2019-05-16,21,14.0,22.6,32.0,17.0,6.2
2019-05-16,22,14.4,22.8,31.5,16.9,6.2
2019-05-16,23,14.9,22.8,31.8,16.9,5.5
2019-05-16,24,15.1,23.1,30.9,17.1,5.6
2019-05-16,25,15.5,23.1,30.7,17.3,5.1
2019-05-16,26,16.5,22.8,29.6,17.5,5.2
2019-05-16,27,16.9,21.8,29.3,17.9,5.6
2019-05-16,28,17.5,19.8,30.2,18.2,5.7
2019-05-16,29,18.5,17.3,29.9,18.4,7.0
2019-05-16,30,19.1,15.2,31.5,18.4,6.9
2019-05-16,31,18.8,13.6,33.4,18.3,7.6
2019-05-16,32,18.8,11.8,36.0,18.0,7.5
2019-05-16,33,18.9,9.9,37.3,18.0,7.4
2019-05-16,34,19.5,7.8,38.6,18.2,7.5
2019-05-16,35,19.8,5.6,39.8,18.6,7.5
2019-05-16,36,20.1,3.9,40.2,19.0,7.8
2019-05-16,37,20.1,2.3,39.5,19.0,9.5
2019-05-16,38,20.3,1.0,40.0,19.3,9.6
2019-05-16,39,20.3,0.3,41.0,19.6,9.8
2019-05-16,40,21.0,0.0,39.9,20.0,10.0
2019-05-16,41,21.6,0.0,40.1,19.6,9.7
2019-05-16,42,22.5,0.0,37.4,20.5,10.2
2019-05-16,43,22.8,0.0,35.0,21.9,10.4
2019-05-16,44,23.5,0.0,30.9,23.4,11.2
2019-05-16,45,23.6,0.0,29.4,25.1,10.6
2019-05-16,46,23.2,0.0,27.3,26.3,11.3
2019-05-16,47,23.7,0.0,26.2,26.5,11.2
2019-05-16,48,22.8,0.0,26.2,27.0,11.5
2019-05-17,1,22.1,0.0,26.6,27.6,11.0
2019-05-17,2,21.8,0.0,27.9,27.0,10.8
2019-05-17,3,22.1,0.0,27.7,26.8,11.0
2019-05-17,4,23.7,0.0,25.9,26.8,11.2
2019-05-17,5,24.0,0.0,25.1,27.7,10.6
2019-05-17,6,23.5,0.0,25.2,28.6,10.1
2019-05-17,7,23.1,0.0,26.9,28.9,8.2
2019-05-17,8,22.4,0.0,27.8,28.6,8.2
2019-05-17,9,21.6,0.1,27.7,27.8,10.1
2019-05-17,10,19.9,0.4,32.6,25.7,9.7
2019-05-17,11,17.1,0.9,36.9,22.4,11.2
2019-05-17,12,15.0,1.6,43.2,20.3,9.2
2019-05-17,13,13.7,2.3,47.1,18.9,7.5
2019-05-17,14,10.5,3.1,50.4,18.3,7.4
2019-05-17,15,11.0,4.0,48.3,17.4,9.0
2019-05-17,16,10.6,4.9,48.3,17.3,9.0
2019-05-17,17,10.6,5.6,48.3,16.8,8.7
2019-05-17,18,10.3,6.0,47.5,16.6,8.6
2019-05-17,19,10.4,6.7,47.9,16.8,8.7
2019-05-17,20,10.4,7.7,47.5,16.7,8.6
2019-05-17,21,10.8,8.0,47.6,16.8,8.2
2019-05-17,22,11.1,8.6,46.9,16.7,8.2
2019-05-17,23,11.6,9.3,46.3,16.4,8.1
2019-05-17,24,12.3,10.4,45.0,16.4,8.0
2019-05-17,25,12.8,11.0,43.7,16.6,8.4
2019-05-17,26,13.3,10.6,42.9,16.8,8.6
2019-05-17,27,14.1,9.3,43.2,16.9,8.7
2019-05-17,28,14.3,8.0,43.2,17.4,8.9
2019-05-17,29,14.4,7.5,45.3,17.4,8.1
2019-05-17,30,14.5,6.8,46.5,17.1,7.9
2019-05-17,31,14.5,5.6,47.0,17.1,8.6
2019-05-17,32,13.8,4.3,47.8,17.1,8.6
2019-05-17,33,13.5,3.2,47.8,16.9,8.7
2019-05-17,34,13.2,2.6,49.1,17.0,8.8
2019-05-17,35,12.8,1.9,50.1,17.2,8.9
2019-05-17,36,12.2,1.2,50.0,17.3,8.9
2019-05-17,37,11.6,0.6,51.7,17.8,9.3
2019-05-17,38,11.5,0.2,52.4,17.9,9.4
2019-05-17,39,11.9,0.0,53.2,18.2,8.8
2019-05-17,40,12.1,0.0,52.4,18.4,9.1
2019-05-17,41,12.8,0.0,51.7,18.7,8.8
2019-05-17,42,13.0,0.0,50.2,19.6,9.0
2019-05-17,43,12.9,0.0,48.6,20.4,9.5
2019-05-17,44,13.1,0.0,46.2,21.4,10.1
2019-05-17,45,13.6,0.0,41.7,23.1,11.8
2019-05-17,46,13.6,0.0,38.8,24.4,12.8
2019-05-17,47,13.7,0.0,38.2,25.6,11.7
2019-05-17,48,13.4,0.0,37.3,26.2,12.0
2019-05-18,1,13.1,0.0,38.0,26.2,11.7
2019-05-18,2,13.1,0.0,38.4,25.5,12.0
2019-05-18,3,12.5,0.0,38.5,25.4,12.5
2019-05-18,4,12.7,0.0,38.1,25.5,12.6
2019-05-18,5,12.4,0.0,37.6,25.9,13.0
2019-05-18,6,11.9,0.0,37.5,26.2,13.2
2019-05-18,7,10.9,0.0,38.0,26.4,13.4
2019-05-18,8,10.0,0.0,38.3,27.0,13.4
2019-05-18,9,9.2,0.1,39.5,26.8,13.2
2019-05-18,10,9.0,0.4,39.5,26.7,13.2
2019-05-18,11,8.1,1.1,40.6,25.4,14.2
2019-05-18,12,7.1,2.1,43.3,24.2,12.9
2019-05-18,13,6.4,3.1,46.4,22.5,11.8
2019-05-18,14,5.9,4.3,48.8,20.7,11.1
2019-05-18,15,5.3,5.4,49.2,19.4,11.1
2019-05-18,16,5.1,6.6,50.1,18.9,10.7
2019-05-18,17,4.4,7.8,49.6,18.3,10.0
2019-05-18,18,4.1,8.8,48.7,18.4,10.0
2019-05-18,19,3.7,9.6,48.8,18.2,9.9
2019-05-18,20,3.7,10.4,48.2,18.2,9.9
2019-05-18,21,3.4,12.1,47.9,17.9,9.7
2019-05-18,22,3.3,12.7,48.5,18.0,9.5
2019-05-18,23,3.3,12.7,47.7,18.3,9.5
2019-05-18,24,3.2,12.9,47.8,18.4,9.4
2019-05-18,25,3.5,13.0,47.7,18.6,9.4
2019-05-18,26,3.6,12.5,47.0,19.1,9.8
2019-05-18,27,3.5,11.6,48.0,19.3,9.7
2019-05-18,28,3.3,11.0,48.1,19.7,9.9
2019-05-18,29,3.4,10.1,48.2,19.8,10.2
2019-05-18,30,3.3,8.8,49.7,19.6,10.3
2019-05-18,31,3.3,7.7,50.4,19.4,10.8
2019-05-18,32,3.3,6.5,51.2,19.1,11.1
2019-05-18,33,3.3,5.4,50.3,18.8,11.4
2019-05-18,34,3.4,4.4,51.7,18.2,11.5
2019-05-18,35,3.5,3.5,52.0,18.5,11.6
2019-05-18,36,3.3,2.5,52.6,18.7,12.0
2019-05-18,37,3.2,1.5,53.1,18.9,12.8
2019-05-18,38,3.0,0.7,53.5,19.2,13.1
2019-05-18,39,3.0,0.2,54.2,19.6,13.4
2019-05-18,40,2.9,0.0,54.5,19.8,13.4
2019-05-18,41,2.8,0.0,55.4,20.1,13.2
2019-05-18,42,2.8,0.0,55.2,20.5,13.2
2019-05-18,43,2.8,0.0,53.8,21.3,13.6
2019-05-18,44,3.0,0.0,51.4,22.4,14.3
2019-05-18,45,3.2,0.0,48.9,23.5,15.0
2019-05-18,46,3.2,0.0,46.6,24.8,15.5
2019-05-18,47,3.3,0.0,46.4,25.9,14.0
2019-05-18,48,3.3,0.0,45.1,26.4,14.7
2019-05-19,1,3.2,0.0,44.9,26.7,14.6
2019-05-19,2,3.2,0.0,45.1,26.6,14.6
2019-05-19,3,3.2,0.0,45.1,26.7,14.5
2019-05-19,4,3.1,0.0,44.2,27.2,14.7
2019-05-19,5,3.3,0.0,42.6,27.7,15.2
2019-05-19,6,3.4,0.0,42.3,27.8,15.2
2019-05-19,7,3.3,0.0,42.8,27.8,15.1
2019-05-19,8,3.3,0.0,42.2,28.1,15.3
2019-05-19,9,3.5,0.2,43.2,28.2,13.8
2019-05-19,10,3.6,0.8,42.8,27.9,13.7
2019-05-19,11,3.5,2.0,42.6,26.9,14.2
2019-05-19,12,3.5,3.6,43.4,25.9,13.1
2019-05-19,13,3.3,5.5,43.4,25.0,12.6
2019-05-19,14,3.1,7.3,44.4,23.7,11.7
2019-05-19,15,3.0,8.9,45.4,21.7,11.8
2019-05-19,16,3.0,10.5,45.4,20.6,11.4
2019-05-19,17,2.9,12.1,45.4,19.8,11.1
2019-05-19,18,2.8,13.5,45.8,19.1,10.6
2019-05-19,19,3.0,14.4,45.5,18.8,10.2
2019-05-19,20,3.2,15.1,45.0,18.6,10.1
2019-05-19,21,3.3,16.2,45.3,18.0,9.3
2019-05-19,22,3.3,16.4,44.9,17.9,9.1
2019-05-19,23,3.4,16.2,44.7,17.8,9.1
2019-05-19,24,3.6,15.9,44.2,18.3,9.1
2019-05-19,25,3.9,15.7,43.8,18.7,9.2
2019-05-19,26,3.9,15.1,44.7,18.8,9.2
2019-05-19,27,4.1,14.4,44.9,19.0,9.3
2019-05-19,28,4.2,13.7,45.4,19.1,9.3
2019-05-19,29,4.3,12.6,46.2,19.1,9.3
2019-05-19,30,4.6,10.8,47.5,19.1,9.4
2019-05-19,31,4.9,9.4,47.8,19.1,10.3
2019-05-19,32,4.8,8.3,49.8,18.8,9.8
2019-05-19,33,4.9,7.0,50.5,18.4,9.5
2019-05-19,34,5.1,5.8,51.7,18.6,9.6
2019-05-19,35,5.4,4.2,52.4,18.9,9.8
2019-05-19,36,5.6,2.6,52.9,18.9,9.8
2019-05-19,37,5.7,1.6,54.3,19.2,10.2
2019-05-19,38,5.5,0.8,54.6,19.4,10.2
2019-05-19,39,5.3,0.2,55.1,19.6,10.4
2019-05-19,40,5.0,0.0,55.6,19.7,10.4
2019-05-19,41,4.9,0.0,56.6,19.9,10.4
2019-05-19,42,4.9,0.0,55.6,20.4,10.7
2019-05-19,43,4.6,0.0,54.7,21.1,11.0
2019-05-19,44,4.7,0.0,51.7,22.6,11.8
2019-05-19,45,4.9,0.0,48.8,23.4,13.0
2019-05-19,46,4.9,0.0,46.3,24.5,13.9
2019-05-19,47,5.0,0.0,45.6,25.4,13.3
2019-05-19,48,5.1,0.0,45.2,25.7,13.2
2019-05-20,1,5.3,0.0,45.1,25.9,12.8
2019-05-20,2,5.2,0.0,46.1,25.5,12.6
2019-05-20,3,5.3,0.0,45.3,25.8,12.9
2019-05-20,4,5.3,0.0,44.7,26.4,12.9
2019-05-20,5,5.5,0.0,44.0,26.7,13.1
2019-05-20,6,6.1,0.0,43.5,26.9,12.7
2019-05-20,7,6.1,0.0,45.5,27.4,10.0
2019-05-20,8,6.2,0.0,45.4,27.1,10.4
2019-05-20,9,6.0,0.2,48.2,25.5,9.9
2019-05-20,10,5.8,0.8,50.3,23.9,9.6
2019-05-20,11,5.6,1.8,51.7,22.0,10.0
2019-05-20,12,5.0,2.9,55.9,20.0,8.0
2019-05-20,13,4.5,4.3,57.4,18.0,7.2
2019-05-20,14,4.1,6.0,57.4,17.3,6.6
2019-05-20,15,4.1,7.9,54.9,16.9,7.4
2019-05-20,16,3.8,10.2,53.1,16.5,7.2
2019-05-20,17,3.9,12.0,53.2,16.3,6.8
2019-05-20,18,3.9,13.4,52.4,16.1,6.7
2019-05-20,19,4.0,15.1,51.5,15.6,6.6
2019-05-20,20,4.0,16.3,51.1,15.2,6.4
2019-05-20,21,3.9,17.4,50.9,14.9,5.4
2019-05-20,22,4.2,17.7,51.0,15.0,5.4
2019-05-20,23,4.5,17.8,51.3,14.8,5.1
2019-05-20,24,4.6,18.0,51.0,14.8,5.1
2019-05-20,25,4.9,17.4,51.3,15.0,5.1
2019-05-20,26,5.0,16.8,51.5,15.2,5.1
2019-05-20,27,5.1,16.4,52.5,15.2,4.2
2019-05-20,28,5.3,15.2,53.4,15.4,4.2
2019-05-20,29,5.5,14.0,53.6,15.6,4.7
2019-05-20,30,5.8,12.8,53.6,15.5,5.2
2019-05-20,31,6.0,11.4,53.2,15.4,7.4
2019-05-20,32,5.7,9.9,53.9,15.4,7.4
2019-05-20,33,5.3,9.2,54.5,15.5,8.4
2019-05-20,34,5.7,7.1,55.1,16.0,8.4
2019-05-20,35,5.9,5.5,54.9,16.4,8.6
2019-05-20,36,6.2,4.0,55.7,16.6,8.7
2019-05-20,37,6.4,2.5,57.1,16.9,9.0
2019-05-20,38,6.8,1.2,57.8,17.4,9.3
2019-05-20,39,6.6,0.4,57.8,17.9,9.6
2019-05-20,40,6.6,0.0,58.1,17.9,9.6
2019-05-20,41,6.9,0.0,57.4,18.3,9.8
2019-05-20,42,7.1,0.0,55.7,19.1,10.2
2019-05-20,43,7.1,0.0,53.6,20.3,10.7
2019-05-20,44,6.8,0.0,51.4,21.6,11.4
2019-05-20,45,6.7,0.0,49.4,22.8,11.4
2019-05-20,46,6.8,0.0,47.9,23.8,11.9
2019-05-20,47,7.0,0.0,47.5,24.6,11.0
2019-05-20,48,7.2,0.0,46.9,24.8,11.1
2019-05-21,1,7.4,0.0,46.5,24.9,11.2
2019-05-21,2,7.5,0.0,46.1,24.9,11.3
2019-05-21,3,7.8,0.0,45.9,24.6,11.4
2019-05-21,4,8.1,0.0,45.7,24.5,11.4
2019-05-21,5,8.7,0.0,45.2,24.4,11.4
2019-05-21,6,8.9,0.0,44.2,24.8,11.6
2019-05-21,7,9.4,0.0,44.7,24.3,11.3
2019-05-21,8,10.3,0.0,43.5,24.6,11.3
2019-05-21,9,9.9,0.5,47.0,25.0,7.2
2019-05-21,10,9.0,1.7,47.8,23.9,7.9
2019-05-21,11,7.4,3.2,55.8,21.0,4.0
2019-05-21,12,6.2,4.7,57.5,18.6,4.8
2019-05-21,13,5.5,6.4,54.6,16.7,7.6
2019-05-21,14,5.2,8.5,53.3,16.2,7.4
2019-05-21,15,5.4,10.7,52.0,15.9,7.7
2019-05-21,16,5.5,13.0,51.5,15.8,7.2
2019-05-21,17,5.4,15.0,51.3,15.7,5.7
2019-05-21,18,5.4,16.9,49.0,15.3,5.6
2019-05-21,19,5.7,18.5,48.6,15.1,4.9
2019-05-21,20,6.0,20.0,47.0,15.1,4.9
2019-05-21,21,6.2,21.3,46.7,15.4,3.9
2019-05-21,22,6.2,21.9,46.3,15.3,3.9
2019-05-21,23,6.5,22.2,46.1,15.0,3.8
2019-05-21,24,6.6,22.4,46.0,14.8,3.8
2019-05-21,25,6.9,22.0,46.1,14.7,3.9
2019-05-21,26,7.0,21.8,46.0,14.8,3.9
2019-05-21,27,7.1,21.3,45.9,14.8,4.4
2019-05-21,28,7.9,20.1,45.7,15.1,4.6
2019-05-21,29,8.4,18.4,45.4,15.2,6.0
2019-05-21,30,8.8,16.4,46.8,15.4,6.0
2019-05-21,31,9.2,14.9,46.0,16.0,7.0
2019-05-21,32,9.5,12.9,47.8,15.9,7.0
2019-05-21,33,9.5,10.8,48.4,15.9,8.4
2019-05-21,34,9.3,8.7,50.1,16.1,8.5
2019-05-21,35,9.2,6.7,51.2,16.3,8.6
2019-05-21,36,8.9,4.7,53.3,16.0,8.7
2019-05-21,37,8.5,3.1,54.4,16.3,9.1
2019-05-21,38,8.1,1.6,55.7,16.6,9.3
2019-05-21,39,7.4,0.5,56.4,16.9,9.4
2019-05-21,40,7.1,0.1,57.1,17.0,9.5
2019-05-21,41,6.9,0.0,58.3,17.4,9.7
2019-05-21,42,6.4,0.0,57.3,17.7,9.9
2019-05-21,43,6.4,0.0,56.7,18.4,10.1
2019-05-21,44,6.4,0.0,54.3,19.6,10.8
2019-05-21,45,6.1,0.0,52.6,21.5,11.0
2019-05-21,46,6.2,0.0,50.9,23.3,11.7
2019-05-21,47,6.7,0.0,50.4,24.4,11.0
2019-05-21,48,7.2,0.0,49.5,24.5,11.2
2019-05-22,1,7.8,0.0,49.1,24.3,11.2
2019-05-22,2,7.8,0.0,49.4,24.1,11.1
2019-05-22,3,8.1,0.0,48.9,24.2,11.2
2019-05-22,4,8.3,0.0,48.8,24.2,11.1
2019-05-22,5,8.9,0.0,47.5,24.6,11.2
2019-05-22,6,9.8,0.0,45.6,25.5,11.3
2019-05-22,7,10.0,0.0,46.0,25.1,11.1
2019-05-22,8,10.1,0.1,45.8,25.2,11.1
2019-05-22,9,9.9,0.5,48.2,24.8,9.0
2019-05-22,10,9.1,1.4,50.7,23.0,8.5
2019-05-22,11,8.1,2.6,54.1,20.6,7.8
2019-05-22,12,7.4,3.8,55.2,18.4,7.3
2019-05-22,13,6.7,5.2,52.8,17.0,9.3
2019-05-22,14,6.8,6.9,51.7,16.5,8.9
2019-05-22,15,7.5,8.8,50.1,16.2,9.0
2019-05-22,16,8.2,10.7,48.8,15.1,8.8
2019-05-22,17,8.1,12.8,48.8,14.5,8.7
2019-05-22,18,8.6,14.9,46.6,14.4,8.6
2019-05-22,19,8.9,16.7,45.3,14.2,8.1
2019-05-22,20,9.5,17.8,43.9,14.0,8.2
2019-05-22,21,10.3,19.2,42.2,13.7,8.3
2019-05-22,22,10.7,20.3,40.8,13.5,8.5
2019-05-22,23,11.3,21.2,39.5,13.3,8.7
2019-05-22,24,12.2,21.9,38.0,13.1,8.9
2019-05-22,25,12.5,22.9,36.6,13.0,9.2
2019-05-22,26,12.9,23.8,35.2,12.9,9.5
2019-05-22,27,13.7,24.6,33.6,12.8,9.8
2019-05-22,28,14.9,24.7,32.1,12.7,10.2
2019-05-22,29,12.3,19.2,37.6,15.8,8.5
2019-05-22,30,12.1,17.4,39.6,15.9,8.5
2019-05-22,31,12.3,15.5,40.9,16.2,8.5
2019-05-22,32,12.6,13.3,42.7,16.2,8.5
2019-05-22,33,12.7,11.0,44.5,16.1,8.5
2019-05-22,34,12.8,8.9,46.8,15.9,8.6
2019-05-22,35,13.1,6.6,48.4,16.0,8.7
2019-05-22,36,13.8,4.6,49.0,16.3,8.8
2019-05-22,37,13.8,2.7,49.2,16.3,9.2
2019-05-22,38,13.0,1.3,51.2,16.3,9.4
2019-05-22,39,12.8,0.4,52.6,16.7,9.6
2019-05-22,40,12.5,0.1,52.8,16.9,9.7
2019-05-22,41,12.6,0.0,53.1,17.0,9.5
2019-05-22,42,12.6,0.0,52.8,17.0,9.6
2019-05-22,43,13.0,0.0,52.8,18.2,7.6
2019-05-22,44,13.6,0.0,49.1,20.1,8.2
2019-05-22,45,14.7,0.0,43.5,21.9,10.0
2019-05-22,46,15.1,0.0,41.1,23.0,10.6
2019-05-22,47,15.7,0.0,38.8,24.5,10.4
2019-05-22,48,15.1,0.0,38.3,25.1,10.6
2019-05-23,1,15.0,0.0,38.0,25.3,10.7
2019-05-23,2,15.3,0.0,38.2,25.0,10.6
2019-05-23,3,15.4,0.0,38.2,24.7,10.7
2019-05-23,4,15.5,0.0,37.9,24.8,10.7
2019-05-23,5,15.6,0.0,38.0,24.7,10.7
2019-05-23,6,15.5,0.0,37.9,24.9,10.7
2019-05-23,7,15.1,0.0,37.4,25.8,10.7
2019-05-23,8,15.2,0.1,36.7,26.2,10.7
2019-05-23,9,15.5,0.6,35.6,26.7,10.3
2019-05-23,10,14.4,1.8,37.7,25.8,9.7
2019-05-23,11,12.6,3.1,44.8,22.5,7.8
2019-05-23,12,11.7,4.6,46.2,20.7,7.6
2019-05-23,13,10.9,6.1,45.7,19.3,9.5
2019-05-23,14,10.5,7.9,44.8,18.4,9.1
2019-05-23,15,10.3,9.9,44.2,17.9,9.1
2019-05-23,16,10.9,11.9,43.0,17.0,8.9
2019-05-23,17,11.1,14.0,42.1,16.7,8.7
2019-05-23,18,11.4,15.9,40.1,16.5,8.6
2019-05-23,19,11.9,18.1,37.7,16.7,8.6
2019-05-23,20,12.3,19.6,35.9,16.8,8.5
2019-05-23,21,12.3,22.3,34.2,16.3,8.2
2019-05-23,22,12.7,23.0,33.6,16.1,8.0
2019-05-23,23,13.4,23.5,32.3,16.1,8.1
2019-05-23,24,14.0,23.6,31.8,15.9,8.1
2019-05-23,25,14.9,23.3,31.5,16.0,7.7
2019-05-23,26,15.4,22.8,30.9,16.3,7.9
2019-05-23,27,16.2,21.6,30.7,16.8,8.0
2019-05-23,28,16.7,20.6,31.5,17.4,6.9
2019-05-23,29,17.6,19.4,33.5,17.5,5.3
2019-05-23,30,17.9,18.2,34.6,17.4,5.3
2019-05-23,31,18.4,16.2,34.8,17.4,6.5
2019-05-23,32,18.8,13.7,36.6,17.4,6.6
2019-05-23,33,19.1,11.3,38.0,17.4,7.2
2019-05-23,34,19.2,8.1,40.0,17.8,7.4
2019-05-23,35,18.9,6.4,40.0,18.1,8.8
2019-05-23,36,19.1,4.6,41.1,18.3,8.9
2019-05-23,37,19.0,2.9,41.9,18.7,8.9
2019-05-23,38,18.7,1.5,43.3,19.0,9.1
2019-05-23,39,18.7,0.5,43.9,19.2,9.3
2019-05-23,40,18.1,0.1,44.7,19.0,9.4
2019-05-23,41,17.6,0.0,45.0,19.1,9.8
2019-05-23,42,17.6,0.0,44.4,19.5,9.9
2019-05-23,43,18.3,0.0,45.5,20.8,6.8
2019-05-23,44,19.0,0.0,41.5,22.5,7.6
2019-05-23,45,20.8,0.0,35.0,24.2,10.1
2019-05-23,46,22.1,0.0,31.1,25.7,10.7
2019-05-23,47,23.7,0.0,29.0,27.0,9.5
2019-05-23,48,24.6,0.0,26.7,27.8,9.8
2019-05-24,1,25.4,0.0,27.2,28.2,8.0
2019-05-24,2,25.0,0.0,28.3,27.9,7.9
2019-05-24,3,25.0,0.0,27.9,28.3,7.7
2019-05-24,4,24.6,0.0,27.7,28.7,7.7
2019-05-24,5,24.1,0.0,29.3,28.4,7.0
2019-05-24,6,24.2,0.0,29.5,27.9,7.1
2019-05-24,7,23.3,0.0,31.0,27.4,7.0
2019-05-24,8,22.8,0.1,30.8,27.8,7.1
2019-05-24,9,21.3,0.5,33.1,26.7,7.5
2019-05-24,10,19.7,1.6,35.8,25.6,7.0
2019-05-24,11,17.8,2.9,40.7,23.1,6.1
2019-05-24,12,17.0,4.4,42.5,21.2,5.6
2019-05-24,13,15.5,6.0,42.5,19.7,8.0
2019-05-24,14,14.5,7.8,43.1,18.7,7.6
2019-05-24,15,13.5,9.6,42.1,18.1,9.0
2019-05-24,16,12.6,12.2,40.8,17.9,8.9
2019-05-24,17,12.1,14.3,39.9,17.6,8.7
2019-05-24,18,11.8,15.8,38.4,17.5,8.6
2019-05-24,19,11.8,17.3,39.3,17.5,7.0
2019-05-24,20,11.3,18.3,38.7,17.3,7.0
2019-05-24,21,10.9,20.5,36.7,16.9,8.3
2019-05-24,22,10.9,20.9,36.6,16.7,8.3
2019-05-24,23,11.1,20.4,37.2,16.4,8.3
2019-05-24,24,11.1,19.1,37.7,16.7,8.5
2019-05-24,25,11.3,18.2,37.9,17.0,8.6
2019-05-24,26,11.5,17.2,38.0,17.3,8.8
2019-05-24,27,11.2,16.3,38.5,17.8,8.9
2019-05-24,28,11.4,15.8,38.2,18.3,9.0
2019-05-24,29,11.8,14.7,38.9,18.3,9.0
2019-05-24,30,12.3,13.0,39.8,18.4,9.0
2019-05-24,31,12.6,11.1,41.5,18.4,9.0
2019-05-24,32,12.5,9.4,43.2,18.3,9.0
2019-05-24,33,12.2,7.7,44.7,18.1,8.9
2019-05-24,34,12.2,6.3,45.1,18.4,9.0
2019-05-24,35,12.4,5.0,45.7,18.7,9.1
2019-05-24,36,12.5,3.5,46.5,18.9,9.3
2019-05-24,37,12.0,2.1,46.6,19.3,9.6
2019-05-24,38,11.2,1.1,48.8,19.6,9.8
2019-05-24,39,10.4,0.4,49.4,20.0,10.0
2019-05-24,40,9.7,0.1,49.5,20.2,10.1
2019-05-24,41,9.2,0.0,50.8,20.3,10.1
2019-05-24,42,8.9,0.0,51.1,20.6,10.2
2019-05-24,43,9.2,0.0,50.1,21.4,10.5
2019-05-24,44,9.1,0.0,47.6,22.7,11.1
2019-05-24,45,9.3,0.0,44.7,24.0,11.1
2019-05-24,46,9.4,0.0,42.2,25.3,11.7
2019-05-24,47,10.1,0.0,39.9,27.0,12.2
2019-05-24,48,9.7,0.0,38.5,28.0,12.6
2019-05-25,1,8.2,0.0,40.0,28.6,11.8
2019-05-25,2,7.7,0.0,40.7,28.5,11.8
2019-05-25,3,8.2,0.0,40.1,29.0,11.3
2019-05-25,4,8.1,0.0,39.1,29.6,11.5
2019-05-25,5,7.6,0.0,39.0,29.9,11.6
2019-05-25,6,7.3,0.0,38.9,30.1,11.7
2019-05-25,7,7.5,0.0,39.2,30.2,11.0
2019-05-25,8,7.9,0.1,37.7,30.8,11.2
2019-05-25,9,7.5,0.5,37.9,30.6,11.2
2019-05-25,10,7.4,1.5,38.3,29.9,10.9
2019-05-25,11,6.3,3.1,39.9,28.3,10.7
2019-05-25,12,5.8,4.9,40.6,26.8,10.1
2019-05-25,13,5.1,6.6,43.1,24.7,10.2
2019-05-25,14,4.4,8.5,44.4,23.2,9.6
2019-05-25,15,4.0,10.7,43.3,21.8,9.5
2019-05-25,16,3.8,12.9,42.5,21.1,9.2
2019-05-25,17,3.6,15.1,41.4,20.5,8.9
2019-05-25,18,3.5,17.3,39.9,20.2,8.8
2019-05-25,19,3.5,18.8,39.9,20.0,8.7
2019-05-25,20,3.6,19.7,38.8,19.9,8.7
2019-05-25,21,3.7,21.8,38.1,19.5,8.5
2019-05-25,22,3.8,22.5,37.6,19.4,8.5
2019-05-25,23,4.1,22.5,37.5,19.5,8.5
2019-05-25,24,4.4,22.6,36.8,19.8,8.6
2019-05-25,25,4.8,22.6,35.6,20.2,8.8
2019-05-25,26,5.5,21.8,35.1,20.6,9.0
2019-05-25,27,6.4,20.8,34.5,21.0,9.1
2019-05-25,28,7.1,19.2,34.8,21.3,9.3
2019-05-25,29,7.7,17.1,35.6,21.7,9.4
2019-05-25,30,8.4,14.8,36.6,21.9,9.6
2019-05-25,31,8.7,12.3,38.0,21.9,10.5
2019-05-25,32,8.7,10.0,40.6,21.7,10.4
2019-05-25,33,9.5,7.6,41.6,21.4,10.3
2019-05-25,34,10.4,5.9,41.2,21.3,10.2
2019-05-25,35,10.8,4.6,41.2,21.5,10.3
2019-05-25,36,11.8,3.2,42.2,21.7,10.4
2019-05-25,37,12.8,1.8,41.4,22.4,10.9
2019-05-25,38,13.4,0.8,40.9,22.9,11.2
2019-05-25,39,14.4,0.2,40.1,23.2,11.4
2019-05-25,40,14.9,0.0,40.2,23.6,11.5
2019-05-25,41,15.1,0.0,39.9,23.8,11.4
2019-05-25,42,15.6,0.0,38.9,24.1,11.6
2019-05-25,43,16.9,0.0,37.4,25.1,10.7
2019-05-25,44,18.2,0.0,33.4,26.5,11.3
2019-05-25,45,19.5,0.0,32.0,28.1,9.4
2019-05-25,46,20.6,0.0,28.4,29.7,9.9
2019-05-25,47,21.3,0.0,24.5,30.9,11.4
2019-05-25,48,21.8,0.0,22.4,31.4,12.3
2019-05-26,1,22.4,0.0,21.5,31.1,13.0
2019-05-26,2,23.3,0.0,21.2,31.2,12.3
2019-05-26,3,24.9,0.0,24.1,33.2,5.0
2019-05-26,4,24.9,0.0,23.0,33.8,5.3
2019-05-26,5,25.5,0.0,22.2,34.0,5.3
2019-05-26,6,26.7,0.0,21.8,33.9,4.8
2019-05-26,7,28.4,0.0,20.5,34.0,4.1
2019-05-26,8,31.2,0.0,18.6,33.8,3.5
2019-05-26,9,32.2,0.3,18.7,33.6,2.3
2019-05-26,10,32.3,0.9,18.5,33.2,2.2
2019-05-26,11,32.4,1.9,18.2,32.8,2.0
2019-05-26,12,32.9,3.1,17.8,31.4,2.5
2019-05-26,13,32.9,4.5,17.3,30.5,3.6
2019-05-26,14,33.5,5.9,16.4,29.0,5.0
2019-05-26,15,32.2,7.1,14.8,26.1,11.7
2019-05-26,16,32.9,8.7,15.5,25.1,10.8
2019-05-26,17,31.7,10.2,15.0,24.7,10.7
2019-05-26,18,31.6,11.2,14.6,24.5,10.5
2019-05-26,19,31.8,11.9,14.1,23.8,11.0
2019-05-26,20,32.7,12.7,13.7,23.2,10.7
2019-05-26,21,32.7,14.2,13.1,22.6,10.3
2019-05-26,22,32.9,14.7,12.2,22.6,10.3
2019-05-26,23,33.3,14.2,11.6,22.5,10.2
2019-05-26,24,33.2,13.6,11.6,22.7,10.3
2019-05-26,25,33.1,14.0,11.0,22.6,10.3
2019-05-26,26,34.0,14.7,10.2,22.8,10.0
2019-05-26,27,33.7,14.5,11.2,22.9,9.4
2019-05-26,28,33.5,14.5,10.5,23.5,9.8
2019-05-26,29,33.7,13.4,10.9,23.9,10.0
2019-05-26,30,33.6,12.5,11.0,24.4,10.3
2019-05-26,31,31.5,11.7,12.5,24.1,11.0
2019-05-26,32,30.4,11.4,13.9,23.8,10.9
2019-05-26,33,30.6,10.7,14.9,23.5,11.0
2019-05-26,34,30.8,9.1,15.5,23.8,11.1
2019-05-26,35,30.8,7.5,17.3,24.2,12.0
2019-05-26,36,30.5,6.0,19.2,24.6,12.2
2019-05-26,37,31.1,4.3,20.1,24.6,13.5
2019-05-26,38,30.5,2.5,21.3,25.4,14.0
2019-05-26,39,28.6,1.0,23.2,25.8,14.8
2019-05-26,40,28.3,0.2,24.1,25.6,14.7
2019-05-26,41,30.3,0.0,23.8,25.5,13.8
2019-05-26,42,30.5,0.0,21.4,25.7,13.9
2019-05-26,43,31.0,0.0,20.3,26.1,12.5
2019-05-26,44,32.4,0.0,18.9,27.2,11.8
2019-05-26,45,33.7,0.0,20.1,28.7,8.6
2019-05-26,46,33.2,0.0,20.8,30.2,8.7
2019-05-26,47,33.5,0.0,19.7,31.3,8.4
2019-05-26,48,33.7,0.0,19.0,32.3,8.2
2019-05-27,1,32.8,0.0,19.0,33.8,5.3
2019-05-27,2,32.9,0.0,19.5,33.1,5.1
2019-05-27,3,34.1,0.0,20.0,33.7,2.1
2019-05-27,4,33.1,0.0,20.1,34.4,2.2
2019-05-27,5,34.1,0.0,19.6,34.2,2.5
2019-05-27,6,34.0,0.0,19.2,34.5,3.2
2019-05-27,7,32.8,0.0,20.8,34.0,2.5
2019-05-27,8,32.4,0.1,20.1,34.4,3.2
2019-05-27,9,33.5,0.5,20.2,33.0,3.2
2019-05-27,10,32.4,1.5,21.1,32.1,3.1
2019-05-27,11,30.7,2.6,23.0,31.1,3.0
2019-05-27,12,28.4,4.0,25.7,29.7,2.9
2019-05-27,13,25.5,5.4,26.2,27.5,2.7
2019-05-27,14,23.3,7.1,28.1,26.6,2.0
2019-05-27,15,20.7,8.8,25.7,25.0,6.7
2019-05-27,16,19.2,10.7,27.4,24.2,5.7
2019-05-27,17,18.6,13.1,24.5,23.7,7.1
2019-05-27,18,16.9,15.3,25.7,22.7,6.8
2019-05-27,19,16.1,17.5,24.8,22.1,8.0
2019-05-27,20,15.7,19.2,24.1,21.9,8.2
2019-05-27,21,15.0,20.7,24.2,21.4,8.7
2019-05-27,22,14.3,19.2,26.2,21.5,9.0
2019-05-27,23,13.7,18.8,27.8,21.4,9.5
2019-05-27,24,13.1,19.5,27.8,21.4,9.5
2019-05-27,25,12.9,18.8,28.1,21.6,9.9
2019-05-27,26,11.5,18.8,28.5,22.1,10.1
2019-05-27,27,10.7,18.0,29.9,22.2,10.1
2019-05-27,28,10.1,17.0,31.1,22.3,10.0
2019-05-27,29,10.3,16.0,31.6,22.2,10.0
2019-05-27,30,9.5,14.1,33.7,22.2,10.3
2019-05-27,31,9.1,12.1,35.9,21.8,11.5
2019-05-27,32,8.7,10.3,39.1,21.3,11.3
2019-05-27,33,9.0,8.4,39.5,20.9,11.7
2019-05-27,34,7.7,6.4,43.1,20.7,11.6
2019-05-27,35,7.3,4.5,43.9,20.8,11.7
2019-05-27,36,7.1,2.9,46.0,21.0,11.9
2019-05-27,37,7.1,1.8,46.9,21.2,12.2
2019-05-27,38,6.9,0.9,47.0,21.6,12.3
2019-05-27,39,7.1,0.3,48.0,21.7,11.9
2019-05-27,40,7.0,0.1,48.1,22.1,12.1
2019-05-27,41,6.8,0.0,48.2,22.3,12.1
2019-05-27,42,6.8,0.0,47.8,22.9,12.3
2019-05-27,43,7.2,0.0,47.4,23.4,11.2
2019-05-27,44,7.2,0.0,45.7,25.0,12.0
2019-05-27,45,7.9,0.0,41.6,26.5,12.3
2019-05-27,46,7.8,0.0,38.9,28.4,13.6
2019-05-27,47,9.0,0.0,37.9,29.4,12.1
2019-05-27,48,8.6,0.0,36.3,30.5,12.5
2019-05-28,1,9.4,0.0,35.6,30.6,12.4
2019-05-28,2,9.8,0.0,34.9,30.6,12.7
2019-05-28,3,9.4,0.0,35.7,30.7,12.0
2019-05-28,4,10.1,0.0,35.4,30.6,11.8
2019-05-28,5,11.7,0.0,34.2,30.2,11.9
2019-05-28,6,11.4,0.0,33.1,31.1,12.0
2019-05-28,7,12.2,0.0,33.2,30.6,11.7
2019-05-28,8,12.3,0.0,34.2,30.7,10.5
2019-05-28,9,12.1,0.4,36.7,29.9,9.0
2019-05-28,10,12.1,1.3,37.9,28.0,9.5
2019-05-28,11,11.6,2.3,40.5,24.8,10.7
2019-05-28,12,11.1,3.6,43.8,22.9,9.2
2019-05-28,13,10.9,4.9,47.1,20.9,7.4
2019-05-28,14,9.7,6.6,48.5,20.1,6.7
2019-05-28,15,9.2,8.2,48.4,19.4,6.5
2019-05-28,16,8.7,9.4,48.6,18.9,6.3
2019-05-28,17,8.8,10.6,48.1,18.4,5.9
2019-05-28,18,8.2,11.5,47.9,18.3,5.8
2019-05-28,19,7.8,12.1,48.4,18.2,5.8
2019-05-28,20,7.5,12.8,48.3,18.2,5.8
2019-05-28,21,7.2,13.2,48.1,18.1,5.7
2019-05-28,22,7.2,13.6,48.0,18.1,5.7
2019-05-28,23,7.4,14.3,47.4,18.0,5.6
2019-05-28,24,7.6,14.6,47.2,17.8,5.6
2019-05-28,25,7.7,14.7,47.0,17.8,5.7
2019-05-28,26,7.7,15.5,46.5,17.8,5.7
2019-05-28,27,8.3,16.2,45.3,17.7,5.7
2019-05-28,28,8.7,15.8,44.6,18.1,5.8
2019-05-28,29,9.3,14.5,43.8,18.5,6.8
2019-05-28,30,9.6,13.8,44.3,18.4,6.9
2019-05-28,31,9.7,13.1,43.0,18.5,8.6
2019-05-28,32,9.4,11.7,44.9,18.2,8.5
2019-05-28,33,8.7,10.2,47.2,17.9,8.6
2019-05-28,34,8.1,8.3,49.4,18.0,8.7
2019-05-28,35,7.8,6.6,50.6,18.2,8.8
2019-05-28,36,7.3,4.7,51.6,18.5,8.9
2019-05-28,37,7.0,2.9,52.4,18.9,9.2
2019-05-28,38,6.5,1.5,53.9,19.3,9.5
2019-05-28,39,5.9,0.5,54.2,19.8,9.7
2019-05-28,40,5.3,0.1,56.5,20.0,9.8
2019-05-28,41,4.6,0.0,57.0,20.1,9.8
2019-05-28,42,4.2,0.0,57.1,20.5,10.0
2019-05-28,43,4.1,0.0,55.9,21.3,10.2
2019-05-28,44,3.9,0.0,54.1,22.7,10.9
2019-05-28,45,3.9,0.0,50.6,24.5,11.2
2019-05-28,46,4.0,0.0,48.5,26.1,12.2
2019-05-28,47,4.1,0.0,46.9,27.5,11.5
2019-05-28,48,4.3,0.0,45.2,28.3,11.9
2019-05-29,1,4.2,0.0,44.1,28.6,12.7
2019-05-29,2,4.2,0.0,44.1,28.7,12.6
2019-05-29,3,4.3,0.0,43.7,29.0,12.5
2019-05-29,4,4.6,0.0,42.8,29.3,12.7
2019-05-29,5,5.0,0.0,41.3,29.6,13.4
2019-05-29,6,5.6,0.0,40.0,30.0,13.6
2019-05-29,7,6.4,0.0,41.8,29.9,11.0
2019-05-29,8,7.3,0.2,39.6,30.4,11.5
2019-05-29,9,7.5,0.8,42.5,28.0,11.0
2019-05-29,10,7.5,1.8,43.7,26.7,10.6
2019-05-29,11,7.1,2.8,47.8,23.5,9.8
2019-05-29,12,7.4,3.8,50.3,21.5,8.4
2019-05-29,13,7.2,4.7,50.3,19.7,8.2
2019-05-29,14,7.0,5.7,51.4,17.9,7.8
2019-05-29,15,7.3,6.9,49.4,17.0,9.4
2019-05-29,16,7.5,8.1,48.9,16.6,9.1
2019-05-29,17,8.1,9.0,48.2,16.5,9.0
2019-05-29,18,8.6,9.6,47.4,16.4,8.9
2019-05-29,19,9.4,10.1,47.3,16.5,8.9
2019-05-29,20,10.6,10.2,46.2,16.5,8.9
2019-05-29,21,11.2,11.5,45.2,16.2,8.6
2019-05-29,22,12.0,11.4,44.5,16.2,8.6
2019-05-29,23,12.8,10.7,44.3,16.4,8.7
2019-05-29,24,12.9,9.7,44.8,16.6,8.8
2019-05-29,25,13.5,8.9,44.5,16.7,9.2
2019-05-29,26,14.7,7.8,44.5,16.9,9.1
2019-05-29,27,15.8,6.8,43.8,17.1,9.4
2019-05-29,28,16.4,6.4,43.2,17.3,9.5
2019-05-29,29,16.5,6.1,44.8,17.1,8.5
2019-05-29,30,16.1,5.1,45.6,17.1,9.0
2019-05-29,31,16.2,3.8,45.2,17.0,10.5
2019-05-29,32,15.7,3.2,46.2,16.8,10.4
2019-05-29,33,15.5,2.6,45.8,16.7,10.3
2019-05-29,34,16.3,2.1,45.1,16.7,10.3
2019-05-29,35,17.8,1.6,44.5,16.8,10.0
2019-05-29,36,18.3,1.1,43.7,17.1,10.1
2019-05-29,37,18.7,0.7,44.3,17.3,9.9
2019-05-29,38,18.9,0.3,44.2,17.8,9.7
2019-05-29,39,19.6,0.1,45.2,18.2,8.5
2019-05-29,40,19.8,0.0,44.6,18.4,8.7
2019-05-29,41,20.7,0.0,42.6,18.9,9.3
2019-05-29,42,21.5,0.0,40.3,19.9,9.8
2019-05-29,43,23.0,0.0,33.5,21.4,12.7
2019-05-29,44,24.9,0.0,29.0,22.7,13.4
2019-05-29,45,27.3,0.0,25.4,24.8,11.9
2019-05-29,46,28.8,0.0,22.2,26.0,12.2
2019-05-29,47,31.7,0.0,20.4,27.5,9.2
2019-05-29,48,33.0,0.0,19.8,27.5,9.5
2019-05-30,1,35.0,0.0,19.8,27.9,7.8
2019-05-30,2,36.2,0.0,20.0,28.0,7.7
2019-05-30,3,36.2,0.0,19.5,28.7,6.9
2019-05-30,4,35.7,0.0,19.6,29.2,7.0
2019-05-30,5,36.8,0.0,19.7,29.3,5.4
2019-05-30,6,36.6,0.0,19.9,29.5,5.2
2019-05-30,7,36.5,0.0,20.1,29.6,4.6
2019-05-30,8,36.7,0.0,20.1,29.8,4.7
2019-05-30,9,35.7,0.4,20.0,29.5,5.5
2019-05-30,10,34.1,1.4,20.2,29.1,6.3
2019-05-30,11,31.7,2.7,20.0,25.2,11.8
2019-05-30,12,30.8,4.2,22.0,22.8,10.5
2019-05-30,13,29.0,5.5,24.7,21.0,10.8
2019-05-30,14,27.8,6.8,27.5,19.7,9.8
2019-05-30,15,26.4,8.1,28.7,18.9,9.3
2019-05-30,16,25.8,9.5,28.4,18.6,9.5
2019-05-30,17,24.9,11.2,27.7,18.1,10.4
2019-05-30,18,23.7,13.0,26.8,18.0,10.5
2019-05-30,19,22.9,14.7,25.5,18.0,10.8
2019-05-30,20,22.5,15.7,25.5,17.7,10.6
2019-05-30,21,22.2,17.5,24.8,17.4,10.4
2019-05-30,22,21.2,18.0,25.3,17.3,10.4
2019-05-30,23,20.9,17.2,26.5,17.2,10.3
2019-05-30,24,21.1,17.0,26.1,17.6,10.6
2019-05-30,25,20.8,16.9,26.7,17.5,10.5
2019-05-30,26,20.7,16.2,27.0,17.7,10.7
2019-05-30,27,20.9,15.1,27.6,17.9,10.7
2019-05-30,28,21.4,14.1,28.1,18.0,10.6
2019-05-30,29,22.0,13.7,28.2,18.0,10.7
2019-05-30,30,21.9,13.1,29.3,17.6,10.6
2019-05-30,31,22.0,11.3,30.9,17.6,10.6
2019-05-30,32,21.6,8.8,33.2,17.6,10.8
2019-05-30,33,20.9,6.9,33.3,17.7,11.1
2019-05-30,34,20.0,5.5,34.0,17.8,11.2
2019-05-30,35,19.4,4.2,35.1,17.8,11.3
2019-05-30,36,19.7,3.0,35.0,18.0,11.5
2019-05-30,37,19.7,1.9,37.4,18.4,11.7
2019-05-30,38,19.2,1.0,37.6,18.6,11.8
2019-05-30,39,18.7,0.3,39.7,19.2,12.2
2019-05-30,40,18.6,0.0,39.3,19.3,12.3
2019-05-30,41,18.5,0.0,40.5,19.4,11.8
2019-05-30,42,18.9,0.0,40.1,19.8,11.9
2019-05-30,43,19.8,0.0,38.1,20.7,12.1
2019-05-30,44,20.4,0.0,34.1,22.5,13.1
2019-05-30,45,21.1,0.0,31.2,24.2,11.5
2019-05-30,46,22.2,0.0,27.8,25.5,12.2
2019-05-30,47,23.3,0.0,26.2,26.6,12.6
2019-05-30,48,23.2,0.0,24.4,27.8,12.5
2019-05-31,1,22.7,0.0,25.0,28.4,11.7
2019-05-31,2,21.3,0.0,26.5,28.3,11.8
2019-05-31,3,21.8,0.0,26.4,28.6,10.8
2019-05-31,4,22.0,0.0,26.1,28.6,10.9
2019-05-31,5,22.2,0.0,27.9,29.0,8.1
2019-05-31,6,21.8,0.0,27.7,29.2,8.4
2019-05-31,7,21.8,0.0,28.7,28.7,8.3
2019-05-31,8,22.7,0.1,27.6,28.9,8.3
2019-05-31,9,22.3,0.5,28.0,28.0,8.8
2019-05-31,10,22.1,1.3,29.4,26.4,8.6
2019-05-31,11,19.9,2.3,30.9,23.2,12.4
2019-05-31,12,18.8,3.3,34.8,20.7,11.7
2019-05-31,13,17.6,4.3,36.3,18.4,12.6
2019-05-31,14,17.4,5.4,38.3,17.1,12.1
2019-05-31,15,17.3,6.6,37.4,16.3,12.0
2019-05-31,16,16.8,7.5,37.9,15.9,11.7
2019-05-31,17,17.0,8.1,37.5,15.7,11.6
2019-05-31,18,18.4,8.5,35.6,15.8,11.7
2019-05-31,19,19.7,8.7,34.7,15.7,11.6
2019-05-31,20,19.8,8.7,34.9,15.6,11.5
2019-05-31,21,20.2,9.8,33.7,15.4,11.0
2019-05-31,22,20.6,10.0,33.5,15.5,11.3
2019-05-31,23,21.3,11.0,32.9,15.4,10.6
2019-05-31,24,22.1,11.8,31.6,15.9,10.6
2019-05-31,25,22.7,12.2,31.5,15.9,10.2
2019-05-31,26,23.1,13.1,29.6,16.3,10.1
2019-05-31,27,23.6,13.6,31.1,16.7,6.7
2019-05-31,28,23.9,14.2,31.3,16.4,6.2
2019-05-31,29,23.4,14.9,31.4,16.5,5.7
2019-05-31,30,23.4,14.6,29.8,16.7,7.4
2019-05-31,31,24.3,13.8,29.2,16.6,7.9
2019-05-31,32,24.6,12.7,29.2,16.6,8.0
2019-05-31,33,23.9,11.0,32.0,16.6,8.0
2019-05-31,34,24.6,9.3,32.5,16.8,8.1
2019-05-31,35,24.4,7.3,34.4,16.8,8.2
2019-05-31,36,24.8,5.4,34.1,17.2,8.3
2019-05-31,37,24.7,3.5,35.2,17.4,8.0
2019-05-31,38,24.3,2.0,36.4,17.9,8.2
2019-05-31,39,25.3,0.9,36.6,18.6,7.0
2019-05-31,40,26.0,0.2,36.7,18.9,7.2
2019-05-31,41,26.3,0.1,36.0,18.8,7.9
2019-05-31,42,27.0,0.0,35.0,18.7,8.5
2019-05-31,43,27.5,0.0,33.3,19.7,9.2
2019-05-31,44,28.9,0.0,30.0,20.6,9.6
2019-05-31,45,28.6,0.0,29.3,21.9,8.7
2019-05-31,46,29.1,0.0,27.7,23.1,8.1
2019-05-31,47,28.8,0.0,28.4,23.9,6.0
2019-05-31,48,28.0,0.0,29.2,24.1,5.9
2019-06-01,1,28.9,0.0,28.1,24.2,6.2
2019-06-01,2,27.0,0.0,29.1,24.5,6.8
2019-06-01,3,25.9,0.0,29.6,24.5,7.2
2019-06-01,4,25.5,0.0,29.6,24.8,7.3
2019-06-01,5,24.8,0.0,30.1,25.6,6.4
2019-06-01,6,23.5,0.0,30.4,25.9,6.7
2019-06-01,7,22.0,0.0,30.2,26.6,7.3
2019-06-01,8,21.1,0.2,30.3,26.9,7.4
2019-06-01,9,18.7,0.8,32.9,26.3,7.6
2019-06-01,10,16.2,2.1,34.3,25.7,7.8
2019-06-01,11,14.8,3.7,33.9,24.0,11.0
2019-06-01,12,13.7,5.8,35.7,22.6,9.7
2019-06-01,13,12.0,7.9,37.8,20.7,10.2
2019-06-01,14,11.3,10.0,39.2,19.6,9.4
2019-06-01,15,10.5,11.9,39.1,18.7,8.3
2019-06-01,16,9.6,13.7,39.6,18.1,8.0
2019-06-01,17,9.1,15.3,37.9,17.5,7.7
2019-06-01,18,9.3,17.0,37.5,17.1,7.5
2019-06-01,19,9.5,18.4,37.3,16.8,7.3
2019-06-01,20,10.4,19.8,35.8,16.7,7.3
2019-06-01,21,10.5,22.5,35.1,16.1,7.0
2019-06-01,22,10.6,22.6,35.1,16.0,7.0
2019-06-01,23,10.6,22.6,35.5,16.1,7.0
2019-06-01,24,11.1,22.8,34.7,16.3,7.1
2019-06-01,25,11.9,22.5,33.5,16.7,7.3
2019-06-01,26,12.1,21.7,33.6,16.9,7.4
2019-06-01,27,12.0,20.8,34.4,17.0,7.4
2019-06-01,28,12.2,20.1,33.3,17.3,7.6
2019-06-01,29,12.2,19.1,35.1,17.3,7.5
2019-06-01,30,11.8,17.4,36.7,17.5,7.6
2019-06-01,31,11.8,14.9,37.8,17.6,8.0
2019-06-01,32,11.7,12.1,39.9,17.3,7.9
2019-06-01,33,12.1,9.5,41.1,17.4,8.2
2019-06-01,34,12.1,7.7,41.8,17.4,8.2
2019-06-01,35,11.3,6.2,42.3,17.6,8.4
2019-06-01,36,9.8,4.5,43.4,17.9,9.0
2019-06-01,37,8.9,3.0,44.5,18.2,10.4
2019-06-01,38,9.3,1.7,45.5,18.5,11.2
2019-06-01,39,9.0,0.7,46.2,19.0,11.7
2019-06-01,40,9.5,0.1,45.8,18.9,12.0
2019-06-01,41,10.3,0.0,46.4,19.0,11.7
2019-06-01,42,10.6,0.0,46.6,19.4,11.9
2019-06-01,43,12.1,0.0,45.9,19.7,11.7
2019-06-01,44,14.3,0.0,42.5,20.4,11.6
2019-06-01,45,16.7,0.0,34.7,22.1,11.0
2019-06-01,46,19.3,0.0,28.7,23.2,11.6
2019-06-01,47,22.1,0.0,26.2,24.3,12.0
2019-06-01,48,25.3,0.0,24.0,25.2,12.5
2019-06-02,1,27.0,0.0,21.1,25.9,12.8
2019-06-02,2,28.2,0.0,21.3,25.8,11.8
2019-06-02,3,28.4,0.0,22.9,26.0,9.3
2019-06-02,4,29.6,0.0,22.4,26.2,9.4
2019-06-02,5,31.2,0.0,23.4,26.3,7.4
2019-06-02,6,32.7,0.0,22.3,26.6,6.7
2019-06-02,7,33.6,0.0,24.3,26.8,3.4
2019-06-02,8,32.2,0.1,25.3,26.9,3.4
2019-06-02,9,31.0,0.6,26.5,26.0,3.3
2019-06-02,10,31.3,1.6,26.2,25.4,3.2
2019-06-02,11,30.3,3.1,26.7,24.6,3.1
2019-06-02,12,30.9,4.8,25.2,24.3,2.9
2019-06-02,13,29.5,6.4,24.8,23.1,5.0
2019-06-02,14,29.3,8.0,25.9,21.9,4.0
2019-06-02,15,28.4,9.6,22.5,21.0,7.9
2019-06-02,16,28.6,11.2,20.7,20.7,8.1
2019-06-02,17,29.7,12.0,20.4,19.6,8.0
2019-06-02,18,30.6,12.7,19.0,18.9,8.5
2019-06-02,19,30.1,13.3,18.7,18.6,9.3
2019-06-02,20,30.0,14.0,18.7,18.4,9.3
2019-06-02,21,29.9,16.7,16.7,18.1,9.3
2019-06-02,22,28.7,17.1,17.3,17.9,9.2
2019-06-02,23,28.0,17.4,17.3,17.9,8.9
2019-06-02,24,27.7,16.7,18.1,17.9,8.9
2019-06-02,25,29.3,16.5,16.9,18.4,9.1
2019-06-02,26,30.6,16.1,16.4,18.4,9.1
2019-06-02,27,31.6,15.4,15.9,18.5,9.2
2019-06-02,28,32.3,14.1,15.7,18.9,9.4
2019-06-02,29,31.8,12.8,17.5,19.1,9.4
2019-06-02,30,31.9,11.6,17.8,19.0,9.4
2019-06-02,31,31.3,10.8,18.8,18.8,9.3
2019-06-02,32,30.9,10.1,19.4,18.6,9.2
2019-06-02,33,31.8,9.2,20.3,18.8,9.3
2019-06-02,34,32.7,7.6,20.9,19.0,9.4
2019-06-02,35,32.9,6.0,20.9,19.3,10.3
2019-06-02,36,33.1,4.6,22.5,19.4,10.3
2019-06-02,37,33.4,3.4,23.5,19.9,9.1
2019-06-02,38,33.1,2.0,24.4,20.2,9.4
2019-06-02,39,33.0,0.9,24.0,20.5,9.4
2019-06-02,40,33.1,0.2,26.0,20.5,9.3
2019-06-02,41,33.4,0.0,25.9,20.5,8.8
2019-06-02,42,34.0,0.0,25.9,20.2,8.8
2019-06-02,43,35.0,0.0,24.9,20.9,7.5
2019-06-02,44,35.9,0.0,23.1,22.2,6.8
2019-06-02,45,35.7,0.0,26.6,22.6,2.6
2019-06-02,46,36.8,0.0,23.7,23.7,2.9
2019-06-02,47,36.8,0.0,25.0,22.4,2.9
2019-06-02,48,35.1,0.0,26.6,22.5,2.9
2019-06-03,1,34.8,0.0,28.2,21.8,2.8
2019-06-03,2,33.4,0.0,29.2,22.1,2.8
2019-06-03,3,33.3,0.0,28.6,22.5,2.9
2019-06-03,4,33.0,0.0,28.5,22.7,2.9
2019-06-03,5,32.6,0.0,29.4,22.4,2.8
2019-06-03,6,31.9,0.0,29.9,22.5,2.9
2019-06-03,7,31.2,0.0,30.1,22.8,2.9
2019-06-03,8,31.5,0.1,29.9,22.7,2.9
2019-06-03,9,32.2,0.7,29.4,22.3,2.8
2019-06-03,10,31.5,1.9,31.0,21.0,2.7
2019-06-03,11,30.7,3.3,31.9,19.2,4.0
2019-06-03,12,29.7,4.9,34.6,17.4,3.5
2019-06-03,13,28.1,6.6,36.1,16.0,4.1
2019-06-03,14,27.6,8.6,35.9,15.1,4.0
2019-06-03,15,26.5,10.7,34.1,14.6,5.4
2019-06-03,16,26.1,12.7,33.4,14.3,5.2
2019-06-03,17,25.5,14.3,33.1,14.1,4.8
2019-06-03,18,24.6,15.7,32.7,14.1,4.8
2019-06-03,19,24.7,16.8,30.9,14.1,5.4
2019-06-03,20,23.9,17.8,30.6,14.1,5.4
2019-06-03,21,23.8,18.7,28.9,14.1,5.9
2019-06-03,22,23.3,19.1,29.4,14.0,6.0
2019-06-03,23,22.8,21.1,28.9,13.8,5.8
2019-06-03,24,22.7,21.4,29.0,13.8,5.5
2019-06-03,25,22.8,21.2,31.6,13.8,3.0
2019-06-03,26,23.0,21.2,31.0,13.9,3.2
2019-06-03,27,22.1,20.8,32.5,14.3,2.3
2019-06-03,28,19.7,20.0,34.8,14.7,2.4
2019-06-03,29,17.0,18.7,36.8,15.3,3.3
2019-06-03,30,19.0,16.6,35.8,15.1,4.2
2019-06-03,31,23.7,13.4,33.0,13.8,6.0
2019-06-03,32,23.6,11.2,35.9,13.7,5.9
2019-06-03,33,23.8,9.5,38.2,13.9,4.7
2019-06-03,34,23.5,7.5,39.4,13.9,4.7
2019-06-03,35,24.6,5.8,40.1,14.2,5.2
2019-06-03,36,23.8,4.1,41.2,14.4,5.2
2019-06-03,37,23.5,2.5,41.8,15.0,5.8
2019-06-03,38,22.6,1.4,42.9,15.4,6.0
2019-06-03,39,21.9,0.6,44.1,15.2,5.8
2019-06-03,40,20.1,0.1,44.7,15.3,5.9
2019-06-03,41,19.5,0.0,45.0,15.4,6.5
2019-06-03,42,18.0,0.0,46.0,15.6,6.6
2019-06-03,43,18.2,0.0,46.4,16.2,7.0
2019-06-03,44,18.3,0.0,46.7,17.1,7.4
2019-06-03,45,17.8,0.0,47.3,17.8,5.9
2019-06-03,46,17.8,0.0,46.5,18.7,6.2
2019-06-03,47,16.5,0.0,47.0,19.1,6.4
2019-06-03,48,16.1,0.0,46.3,19.6,6.6
2019-06-04,1,15.6,0.0,46.8,19.6,6.6
2019-06-04,2,14.2,0.0,47.4,20.0,6.8
2019-06-04,3,13.0,0.0,48.1,20.0,7.3
2019-06-04,4,12.5,0.0,48.1,20.3,7.4
2019-06-04,5,11.7,0.0,47.2,20.6,8.5
2019-06-04,6,11.4,0.0,47.5,20.7,8.5
2019-06-04,7,11.0,0.0,49.4,20.8,6.9
2019-06-04,8,10.4,0.1,50.1,20.5,7.2
2019-06-04,9,10.1,0.4,51.2,19.8,7.1
2019-06-04,10,9.3,1.1,53.7,18.8,6.1
2019-06-04,11,8.0,2.0,56.1,16.7,6.0
2019-06-04,12,7.0,2.9,60.2,14.9,5.1
2019-06-04,13,6.4,3.8,61.5,13.7,4.7
2019-06-04,14,5.9,4.7,60.0,13.1,4.5
2019-06-04,15,5.2,6.0,58.3,12.8,7.4
2019-06-04,16,5.1,7.4,57.6,12.6,7.3
2019-06-04,17,5.0,8.8,56.9,12.5,7.2
2019-06-04,18,4.9,9.9,55.6,12.6,7.0
2019-06-04,19,5.0,10.7,55.4,12.8,7.0
2019-06-04,20,5.8,10.8,54.6,12.8,7.0
2019-06-04,21,5.9,10.6,55.4,12.9,7.1
2019-06-04,22,6.4,9.0,56.0,13.0,7.1
2019-06-04,23,7.2,7.5,56.0,13.0,7.1
2019-06-04,24,7.6,6.6,56.7,13.2,7.2
2019-06-04,25,8.0,6.0,56.3,13.3,7.3
2019-06-04,26,8.6,5.7,56.2,13.3,7.3
2019-06-04,27,9.4,5.4,55.9,13.4,7.3
2019-06-04,28,9.7,5.2,54.5,13.5,7.4
2019-06-04,29,10.0,5.3,55.9,13.5,7.2
2019-06-04,30,9.9,5.2,56.8,13.2,7.0
2019-06-04,31,8.3,4.8,57.6,13.0,6.9
2019-06-04,32,7.9,4.4,58.4,13.1,7.0
2019-06-04,33,7.1,3.8,58.7,12.6,7.0
2019-06-04,34,7.5,3.0,59.0,12.7,7.1
2019-06-04,35,8.1,2.7,58.8,12.9,7.4
2019-06-04,36,9.1,2.0,58.7,12.9,7.6
2019-06-04,37,9.8,1.2,57.5,13.0,8.6
2019-06-04,38,10.5,0.8,57.5,13.4,8.8
2019-06-04,39,10.4,0.3,55.1,14.2,9.9
2019-06-04,40,11.3,0.1,54.6,14.6,9.7
2019-06-04,41,11.4,0.0,55.0,15.0,9.3
2019-06-04,42,11.9,0.0,53.7,15.5,9.6
2019-06-04,43,13.7,0.0,50.7,16.2,9.8
2019-06-04,44,14.6,0.0,47.1,17.4,10.5
2019-06-04,45,15.5,0.0,43.6,18.7,10.5
2019-06-04,46,16.1,0.0,40.1,19.8,11.8
2019-06-04,47,17.0,0.0,39.6,20.0,12.2
2019-06-04,48,18.4,0.0,38.0,20.7,12.9
2019-06-05,1,19.3,0.0,37.9,20.8,10.8
2019-06-05,2,20.2,0.0,36.5,21.0,10.8
2019-06-05,3,20.4,0.0,38.7,20.2,9.0
2019-06-05,4,21.0,0.0,38.7,20.1,9.1
2019-06-05,5,20.9,0.0,38.2,20.3,9.2
2019-06-05,6,20.3,0.0,38.4,20.4,9.3
2019-06-05,7,19.9,0.0,39.4,20.2,8.9
2019-06-05,8,20.4,0.1,38.6,20.5,8.7
2019-06-05,9,20.6,0.5,42.0,20.5,4.8
2019-06-05,10,19.8,1.6,41.0,20.0,5.3
2019-06-05,11,17.2,2.8,42.3,18.0,8.6
2019-06-05,12,15.5,4.1,46.7,16.2,7.0
2019-06-05,13,13.6,5.5,51.3,14.8,5.9
2019-06-05,14,13.4,7.0,51.6,14.1,5.2
2019-06-05,15,13.9,8.5,50.8,14.1,4.6
2019-06-05,16,14.0,9.9,48.7,13.9,4.5
2019-06-05,17,13.8,10.9,48.6,13.8,4.5
2019-06-05,18,13.2,11.8,48.6,13.7,4.4
2019-06-05,19,12.4,12.9,48.3,13.3,3.9
2019-06-05,20,12.4,13.6,48.4,13.3,3.9
2019-06-05,21,12.2,13.9,47.8,13.5,4.1
2019-06-05,22,11.5,14.2,48.3,13.3,4.1
2019-06-05,23,11.1,14.5,48.1,13.4,4.2
2019-06-05,24,11.4,14.4,48.9,13.0,4.2
2019-06-05,25,11.8,14.2,47.9,13.1,4.4
2019-06-05,26,12.0,13.9,48.0,13.2,4.4
2019-06-05,27,11.3,13.3,48.6,13.4,4.8
2019-06-05,28,11.0,12.2,49.9,13.5,4.8
2019-06-05,29,11.1,11.0,51.0,13.5,5.1
2019-06-05,30,10.7,9.8,52.0,13.4,5.2
2019-06-05,31,10.0,8.6,52.1,13.5,7.2
2019-06-05,32,9.3,7.2,52.8,13.5,7.0
2019-06-05,33,8.7,6.3,54.9,13.5,5.9
2019-06-05,34,8.3,5.5,55.8,13.6,5.9
2019-06-05,35,8.0,4.6,56.2,13.7,5.9
2019-06-05,36,7.8,3.7,56.9,14.0,6.1
2019-06-05,37,7.5,2.6,57.1,14.1,7.7
2019-06-05,38,7.8,1.6,57.8,14.3,7.8
2019-06-05,39,7.6,0.9,58.2,14.7,8.0
2019-06-05,40,7.6,0.3,58.4,14.9,8.1
2019-06-05,41,7.4,0.1,59.5,15.3,8.3
2019-06-05,42,7.4,0.0,58.6,15.9,8.5
2019-06-05,43,7.6,0.0,57.4,16.7,8.7
2019-06-05,44,8.7,0.0,54.9,17.9,9.3
2019-06-05,45,8.8,0.0,51.1,19.2,10.4
2019-06-05,46,8.7,0.0,48.6,19.9,11.8
2019-06-05,47,8.4,0.0,48.5,20.2,11.1
2019-06-05,48,8.4,0.0,48.4,20.7,11.4
2019-06-06,1,8.4,0.0,48.6,20.5,10.8
2019-06-06,2,9.2,0.0,48.0,20.6,11.0
2019-06-06,3,9.4,0.0,46.8,20.8,11.3
2019-06-06,4,10.1,0.0,45.3,21.1,11.5
2019-06-06,5,10.0,0.0,44.7,21.5,11.5
2019-06-06,6,10.2,0.0,43.7,22.2,11.6
2019-06-06,7,10.8,0.0,43.4,22.7,11.4
2019-06-06,8,11.5,0.1,42.7,22.5,11.3
2019-06-06,9,11.7,0.8,43.1,22.7,9.6
2019-06-06,10,10.9,2.0,45.1,21.1,9.1
2019-06-06,11,9.8,3.6,47.5,18.7,9.2
2019-06-06,12,9.2,5.3,49.6,17.1,7.8
2019-06-06,13,8.6,7.0,50.6,15.6,7.7
2019-06-06,14,8.4,9.0,49.2,15.0,7.4
2019-06-06,15,8.2,10.9,47.6,14.5,7.3
2019-06-06,16,8.0,12.7,47.2,14.3,7.2
2019-06-06,17,8.0,14.0,47.0,14.0,7.4
2019-06-06,18,8.6,16.4,49.6,15.1,0.0
2019-06-06,19,8.1,16.2,44.6,14.2,7.4
2019-06-06,20,8.6,17.0,43.7,13.8,7.5
2019-06-06,21,9.1,18.3,42.6,13.3,7.6
2019-06-06,22,9.0,19.6,41.7,13.0,7.8
2019-06-06,23,9.5,22.0,39.8,12.3,7.8
2019-06-06,24,9.3,20.5,42.3,12.9,6.9
2019-06-06,25,10.5,20.0,41.7,13.2,6.8
2019-06-06,26,11.0,19.7,40.9,13.4,6.9
2019-06-06,27,11.1,19.8,39.8,13.5,7.0
2019-06-06,28,11.2,19.0,40.8,13.7,7.0
2019-06-06,29,11.4,18.6,41.4,14.1,6.2
2019-06-06,30,11.1,17.3,42.3,14.5,6.3
2019-06-06,31,10.9,15.8,43.6,14.8,6.0
2019-06-06,32,10.7,14.2,45.8,14.5,5.8
2019-06-06,33,10.7,12.2,47.7,14.5,6.1
2019-06-06,34,10.5,10.1,48.9,14.7,6.2
2019-06-06,35,9.9,8.0,49.8,14.9,7.1
2019-06-06,36,9.5,5.6,51.8,15.1,7.2
2019-06-06,37,9.3,3.7,53.3,15.5,6.5
2019-06-06,38,8.6,2.3,54.5,15.8,6.6
2019-06-06,39,8.1,1.1,56.3,16.3,6.1
2019-06-06,40,8.2,0.3,57.0,16.6,6.3
2019-06-06,41,7.9,0.0,56.7,16.8,8.0
2019-06-06,42,7.5,0.0,56.4,16.8,8.0
2019-06-06,43,8.2,0.0,56.4,17.1,7.9
2019-06-06,44,9.1,0.0,52.3,18.2,8.5
2019-06-06,45,10.5,0.0,46.6,19.7,10.4
2019-06-06,46,10.8,0.0,43.3,20.8,11.7
2019-06-06,47,12.1,0.0,41.0,21.6,11.6
2019-06-06,48,12.6,0.0,39.1,22.5,12.1
2019-06-07,1,12.7,0.0,39.5,23.0,11.1
2019-06-07,2,13.1,0.0,38.3,23.7,11.1
2019-06-07,3,13.3,0.0,38.3,24.2,10.2
2019-06-07,4,12.9,0.0,38.9,24.1,10.2
2019-06-07,5,13.0,0.0,40.9,24.0,8.8
2019-06-07,6,13.6,0.0,41.4,23.7,8.4
2019-06-07,7,13.9,0.0,41.9,24.2,6.8
2019-06-07,8,14.1,0.1,41.3,24.2,6.8
2019-06-07,9,13.9,0.6,42.7,23.4,6.6
2019-06-07,10,14.2,1.5,43.8,22.1,6.1
2019-06-07,11,13.4,2.4,47.2,19.7,5.8
2019-06-07,12,12.3,3.2,50.2,18.0,5.2
2019-06-07,13,11.6,3.7,52.5,16.2,6.0
2019-06-07,14,11.4,4.2,51.9,15.5,6.0
2019-06-07,15,11.9,4.6,49.2,15.0,7.8
2019-06-07,16,12.4,5.2,48.6,14.8,7.8
2019-06-07,17,13.2,5.8,48.1,14.1,7.6
2019-06-07,18,14.2,6.3,46.9,13.8,7.5
2019-06-07,19,14.4,6.8,46.1,13.7,7.5
2019-06-07,20,14.6,7.3,46.1,13.6,7.4
2019-06-07,21,15.2,7.4,47.1,13.5,7.2
2019-06-07,22,15.3,7.1,46.7,13.5,7.2
2019-06-07,23,15.8,6.8,46.2,13.6,7.2
2019-06-07,24,15.7,7.0,45.5,14.3,7.4
2019-06-07,25,16.0,7.3,45.1,14.5,7.4
2019-06-07,26,16.8,7.2,45.1,14.6,7.5
2019-06-07,27,17.4,7.5,44.8,14.4,7.6
2019-06-07,28,18.4,8.4,43.1,14.1,7.6
2019-06-07,29,19.2,8.7,41.3,14.5,7.8
2019-06-07,30,19.7,8.0,41.8,14.3,7.7
2019-06-07,31,19.3,7.2,44.1,13.7,7.6
2019-06-07,32,19.4,6.4,44.4,13.7,7.6
2019-06-07,33,18.5,5.6,45.0,13.8,7.2
2019-06-07,34,18.5,4.5,46.8,13.9,7.3
2019-06-07,35,18.7,3.3,46.8,14.1,6.9
2019-06-07,36,18.5,2.3,47.9,14.3,7.0
2019-06-07,37,18.6,1.4,45.0,14.6,8.6
2019-06-07,38,18.9,0.7,44.4,14.9,8.8
2019-06-07,39,19.1,0.3,44.6,15.1,9.3
2019-06-07,40,19.6,0.1,45.0,15.1,9.5
2019-06-07,41,19.7,0.0,44.3,15.4,9.3
2019-06-07,42,19.9,0.0,45.0,15.5,9.2
2019-06-07,43,20.8,0.0,44.2,16.3,9.5
2019-06-07,44,21.1,0.0,43.1,17.1,9.9
2019-06-07,45,21.8,0.0,37.8,18.5,8.9
2019-06-07,46,24.0,0.0,30.9,20.0,9.9
2019-06-07,47,25.7,0.0,30.0,21.2,10.1
2019-06-07,48,26.4,0.0,26.1,21.9,10.7
2019-06-08,1,27.3,0.0,28.3,22.2,11.5
2019-06-08,2,27.4,0.0,28.3,22.3,11.5
2019-06-08,3,28.4,0.0,31.0,23.4,7.1
2019-06-08,4,29.4,0.0,30.7,23.1,6.5
2019-06-08,5,29.8,0.0,33.8,22.8,3.4
2019-06-08,6,30.6,0.0,32.9,23.1,3.4
2019-06-08,7,31.3,0.0,32.8,23.4,3.0
2019-06-08,8,31.6,0.0,32.3,23.5,2.9
2019-06-08,9,31.4,0.2,33.3,22.7,3.0
2019-06-08,10,32.6,0.5,31.7,22.2,3.3
2019-06-08,11,32.3,1.2,31.9,21.0,4.0
2019-06-08,12,31.4,2.4,32.5,20.0,3.7
2019-06-08,13,29.9,3.3,32.3,18.4,8.4
2019-06-08,14,28.8,4.4,33.8,17.6,7.9
2019-06-08,15,27.4,5.7,36.3,16.8,7.5
2019-06-08,16,26.3,7.3,35.6,16.6,7.2
2019-06-08,17,25.2,8.8,35.9,16.5,6.9
2019-06-08,18,24.8,10.2,35.0,16.4,6.8
2019-06-08,19,24.2,11.4,34.8,16.1,6.7
2019-06-08,20,24.2,12.9,33.6,16.1,6.7
2019-06-08,21,23.8,14.0,33.5,15.9,6.6
2019-06-08,22,23.8,15.2,32.5,15.9,6.6
2019-06-08,23,24.0,15.9,31.8,15.8,6.7
2019-06-08,24,25.3,16.7,30.2,15.8,6.7
2019-06-08,25,25.1,17.1,30.1,15.9,7.0
2019-06-08,26,25.6,17.6,28.7,16.3,6.8
2019-06-08,27,24.5,17.6,29.8,16.3,6.8
2019-06-08,28,24.4,17.2,29.7,16.6,7.0
2019-06-08,29,25.4,16.0,29.7,16.9,6.8
2019-06-08,30,24.8,15.1,30.2,17.4,7.1
2019-06-08,31,24.3,13.9,31.5,17.0,8.0
2019-06-08,32,22.7,12.9,33.0,16.9,8.2
2019-06-08,33,21.5,10.8,35.5,16.6,7.3
2019-06-08,34,21.3,8.7,36.8,16.7,7.4
2019-06-08,35,21.8,6.6,37.8,16.9,7.5
2019-06-08,36,22.5,5.0,39.0,17.2,7.6
2019-06-08,37,22.7,3.5,40.1,17.6,8.2
2019-06-08,38,21.7,2.1,40.8,17.9,8.3
2019-06-08,39,22.1,0.9,41.8,18.4,8.4
2019-06-08,40,22.2,0.2,41.5,18.5,8.5
2019-06-08,41,21.5,0.0,41.4,18.5,8.3
2019-06-08,42,21.2,0.0,42.7,18.6,8.3
2019-06-08,43,21.5,0.0,42.6,19.0,8.0
2019-06-08,44,21.8,0.0,40.8,19.8,8.3
2019-06-08,45,22.5,0.0,36.6,21.3,9.1
2019-06-08,46,23.0,0.0,33.9,22.5,9.8
2019-06-08,47,22.5,0.0,33.9,23.3,10.1
2019-06-08,48,21.9,0.0,32.3,24.4,10.8
2019-06-09,1,21.8,0.0,33.7,24.4,9.3
2019-06-09,2,21.6,0.0,32.1,24.8,9.8
2019-06-09,3,21.7,0.0,34.2,25.0,7.2
2019-06-09,4,21.6,0.0,34.3,25.2,7.0
2019-06-09,5,20.9,0.0,34.0,25.5,7.7
2019-06-09,6,18.7,0.0,35.5,25.8,7.7
2019-06-09,7,17.8,0.0,36.1,25.8,7.3
2019-06-09,8,16.6,0.3,37.2,26.4,6.6
2019-06-09,9,15.4,1.3,38.3,26.1,5.0
2019-06-09,10,13.3,3.0,37.9,25.2,5.5
2019-06-09,11,12.3,5.2,38.6,24.2,5.5
2019-06-09,12,10.6,7.5,41.6,22.9,4.4
2019-06-09,13,9.3,9.5,43.1,20.8,8.7
2019-06-09,14,9.0,11.9,43.1,19.7,8.5
2019-06-09,15,8.4,14.1,42.4,18.8,8.8
2019-06-09,16,8.0,15.8,42.6,17.9,8.6
2019-06-09,17,7.6,17.3,42.1,17.4,8.7
2019-06-09,18,7.5,18.5,41.9,17.0,8.4
2019-06-09,19,7.8,19.3,42.3,16.4,8.4
2019-06-09,20,7.2,20.2,43.4,16.0,8.2
2019-06-09,21,7.1,21.2,42.8,15.6,7.9
2019-06-09,22,6.8,21.5,42.7,15.5,7.9
2019-06-09,23,7.0,21.7,42.7,15.5,8.3
2019-06-09,24,7.1,21.4,42.8,15.7,8.2
2019-06-09,25,7.3,20.8,43.3,15.5,8.4
2019-06-09,26,7.5,20.9,42.8,15.7,8.4
2019-06-09,27,7.5,19.8,43.3,15.8,8.6
2019-06-09,28,7.3,18.3,44.7,15.9,8.6
2019-06-09,29,7.4,16.7,46.3,16.0,8.2
2019-06-09,30,6.9,15.5,47.6,16.0,8.3
2019-06-09,31,7.0,13.3,48.9,15.6,9.5
2019-06-09,32,6.8,10.8,51.0,15.6,9.4
2019-06-09,33,6.6,8.9,52.8,15.5,8.5
2019-06-09,34,6.7,7.7,54.1,15.6,8.6
2019-06-09,35,6.2,6.2,54.4,15.9,8.6
2019-06-09,36,5.8,4.6,54.7,16.0,8.8
2019-06-09,37,5.3,3.2,56.4,16.0,8.9
2019-06-09,38,4.8,1.9,58.3,16.3,9.1
2019-06-09,39,4.4,1.0,59.2,16.6,9.8
2019-06-09,40,3.8,0.3,60.0,16.9,9.8
2019-06-09,41,3.8,0.0,62.4,16.9,9.7
2019-06-09,42,3.2,0.0,62.8,17.2,9.7
2019-06-09,43,3.3,0.0,62.5,17.5,9.6
2019-06-09,44,3.4,0.0,59.2,18.6,10.3
2019-06-09,45,3.3,0.0,56.9,20.0,10.1
2019-06-09,46,3.2,0.0,55.2,21.0,10.7
2019-06-09,47,3.1,0.0,56.6,21.4,10.7
2019-06-09,48,3.2,0.0,56.0,21.7,10.9
2019-06-10,1,3.2,0.0,55.7,21.7,11.1
2019-06-10,2,3.2,0.0,56.0,21.6,11.0
2019-06-10,3,3.4,0.0,55.9,21.6,10.9
2019-06-10,4,3.4,0.0,56.2,21.4,10.8
2019-06-10,5,3.7,0.0,56.0,21.2,11.0
2019-06-10,6,3.8,0.0,55.8,21.3,10.9
2019-06-10,7,4.3,0.0,55.3,21.4,10.8
2019-06-10,8,4.5,0.1,55.1,21.3,10.8
2019-06-10,9,4.6,0.5,56.0,20.6,10.4
2019-06-10,10,5.1,1.4,55.7,19.8,10.3
2019-06-10,11,4.7,2.5,57.1,17.9,10.0
2019-06-10,12,4.2,3.5,58.4,16.1,8.6
2019-06-10,13,3.9,4.5,60.5,14.5,7.9
2019-06-10,14,4.1,5.6,59.3,13.8,7.5
2019-06-10,15,3.8,6.8,59.2,13.6,7.6
2019-06-10,16,3.7,8.0,58.4,13.5,7.5
2019-06-10,17,3.7,8.9,57.1,13.2,7.4
2019-06-10,18,3.9,9.9,57.2,13.1,7.3
2019-06-10,19,4.4,10.6,56.0,13.0,7.2
2019-06-10,20,5.4,10.9,55.5,12.9,7.1
2019-06-10,21,6.1,9.9,55.1,12.9,7.0
2019-06-10,22,7.0,10.2,55.3,12.8,6.9
2019-06-10,23,7.5,10.8,54.9,12.6,6.8
2019-06-10,24,8.5,10.7,53.8,12.7,6.9
2019-06-10,25,9.8,10.1,52.8,12.9,7.0
2019-06-10,26,10.8,9.0,52.7,13.0,7.1
2019-06-10,27,11.4,8.1,52.9,13.1,7.1
2019-06-10,28,12.1,7.8,52.1,13.3,7.2
2019-06-10,29,12.8,7.1,52.1,13.3,7.2
2019-06-10,30,14.2,6.3,51.6,13.2,7.1
2019-06-10,31,15.5,5.5,50.9,13.3,7.2
2019-06-10,32,15.1,4.4,51.3,13.2,7.1
2019-06-10,33,15.5,3.5,52.0,13.3,6.8
2019-06-10,34,15.1,2.9,52.3,13.5,6.9
2019-06-10,35,15.2,2.0,52.6,13.5,7.2
2019-06-10,36,15.6,1.3,52.8,13.7,7.4
2019-06-10,37,15.7,0.8,53.9,13.9,7.0
2019-06-10,38,15.4,0.5,54.1,14.1,7.1
2019-06-10,39,15.1,0.3,53.9,14.6,7.3
2019-06-10,40,15.1,0.1,52.7,14.9,7.5
2019-06-10,41,14.9,0.0,51.8,15.0,7.6
2019-06-10,42,15.4,0.0,52.0,15.6,7.5
2019-06-10,43,16.8,0.0,49.7,16.6,7.6
2019-06-10,44,18.1,0.0,46.9,17.8,7.3
2019-06-10,45,19.7,0.0,39.6,19.5,10.4
2019-06-10,46,20.7,0.0,34.2,20.8,11.8
2019-06-10,47,21.8,0.0,32.3,22.1,11.8
2019-06-10,48,24.4,0.0,29.3,22.2,12.1
2019-06-11,1,24.9,0.0,28.5,22.2,12.3
2019-06-11,2,26.2,0.0,27.7,22.2,11.8
2019-06-11,3,27.2,0.0,27.7,22.0,11.0
2019-06-11,4,27.8,0.0,26.7,22.3,11.1
2019-06-11,5,27.7,0.0,26.9,22.4,11.0
2019-06-11,6,27.8,0.0,27.2,22.1,10.8
2019-06-11,7,29.6,0.0,26.6,22.5,9.0
2019-06-11,8,29.8,0.0,25.6,22.8,9.4
2019-06-11,9,30.1,0.2,26.3,22.3,8.8
2019-06-11,10,28.5,0.6,30.5,20.7,8.2
2019-06-11,11,26.3,1.0,38.2,18.2,5.3
2019-06-11,12,24.1,1.6,42.9,16.3,4.9
2019-06-11,13,21.7,2.2,46.9,14.9,4.6
2019-06-11,14,21.5,2.8,45.8,14.4,4.1
2019-06-11,15,21.9,3.4,45.4,13.9,3.9
2019-06-11,16,22.3,4.3,45.2,14.0,4.1
2019-06-11,17,21.7,4.8,45.2,13.6,4.2
2019-06-11,18,21.4,5.2,44.2,13.4,4.3
2019-06-11,19,21.1,5.8,44.2,13.4,4.5
2019-06-11,20,21.1,6.5,44.1,13.3,4.5
2019-06-11,21,21.0,6.7,44.7,13.1,4.4
2019-06-11,22,21.2,7.0,44.5,13.1,4.5
2019-06-11,23,21.1,7.1,45.2,13.1,4.3
2019-06-11,24,21.1,6.9,45.5,13.2,4.4
2019-06-11,25,20.4,6.9,46.0,13.3,4.7
2019-06-11,26,19.7,7.2,47.4,13.5,4.6
2019-06-11,27,19.7,6.7,47.0,13.0,4.5
2019-06-11,28,20.8,6.0,47.5,13.2,4.7
2019-06-11,29,21.0,5.5,47.1,13.3,4.6
2019-06-11,30,20.3,4.8,48.4,13.1,4.7
2019-06-11,31,20.5,4.1,48.5,13.1,4.5
2019-06-11,32,20.4,3.2,46.8,12.9,6.0
2019-06-11,33,20.3,2.5,46.4,12.8,7.1
2019-06-11,34,20.5,2.1,46.7,12.9,7.3
2019-06-11,35,19.4,1.6,47.4,12.9,7.4
2019-06-11,36,19.7,1.1,48.5,13.2,7.5
2019-06-11,37,19.8,0.7,47.2,13.5,7.9
2019-06-11,38,19.6,0.3,48.5,13.8,8.0
2019-06-11,39,20.4,0.1,47.3,13.9,8.1
2019-06-11,40,20.6,0.0,47.9,14.2,8.3
2019-06-11,41,20.8,0.0,48.2,14.6,7.9
2019-06-11,42,21.0,0.0,47.6,15.1,8.1
2019-06-11,43,22.4,0.0,47.4,16.0,5.7
2019-06-11,44,24.8,0.0,41.6,17.6,6.2
2019-06-11,45,27.3,0.0,32.4,19.2,11.0
2019-06-11,46,29.8,0.0,27.4,20.5,11.4
2019-06-11,47,30.6,0.0,26.1,21.5,9.8
2019-06-11,48,30.2,0.0,25.7,21.6,10.1
2019-06-12,1,29.4,0.0,26.7,21.2,10.2
2019-06-12,2,29.5,0.0,26.8,21.0,10.0
2019-06-12,3,30.4,0.0,26.7,21.5,8.7
2019-06-12,4,30.5,0.0,27.2,21.3,8.5
2019-06-12,5,31.2,0.0,27.1,21.5,7.4
2019-06-12,6,31.2,0.0,26.2,21.9,7.6
2019-06-12,7,28.5,0.0,29.1,22.0,7.0
2019-06-12,8,27.6,0.0,29.7,22.0,6.9
2019-06-12,9,27.4,0.1,32.0,21.3,5.5
2019-06-12,10,26.6,0.3,34.9,19.8,5.5
2019-06-12,11,22.8,0.7,42.3,16.7,7.2
2019-06-12,12,21.9,1.3,45.9,14.9,6.7
2019-06-12,13,20.9,1.8,47.4,13.8,7.1
2019-06-12,14,19.5,2.4,47.3,13.4,6.6
2019-06-12,15,19.1,3.4,48.1,13.6,6.2
2019-06-12,16,18.5,4.4,48.4,13.4,6.0
2019-06-12,17,18.1,5.3,47.8,13.3,6.7
2019-06-12,18,17.9,6.1,48.5,13.3,6.8
2019-06-12,19,18.5,6.6,46.6,13.3,6.9
2019-06-12,20,18.3,6.6,47.5,13.1,6.9
2019-06-12,21,18.4,7.0,46.2,13.0,8.2
2019-06-12,22,18.1,7.0,46.3,13.0,8.4
2019-06-12,23,17.8,7.0,45.7,13.0,9.2
2019-06-12,24,18.2,7.1,45.4,13.0,9.2
2019-06-12,25,18.5,6.9,45.3,13.1,9.0
2019-06-12,26,18.3,6.7,46.9,11.6,9.1
2019-06-12,27,18.4,6.3,45.8,11.5,9.7
2019-06-12,28,18.7,5.6,45.4,11.7,9.9
2019-06-12,29,18.4,4.8,46.9,11.7,9.7
2019-06-12,30,18.4,3.9,48.1,11.4,9.7
2019-06-12,31,18.3,3.2,47.9,11.4,10.1
2019-06-12,32,17.9,2.9,48.3,11.2,9.9
2019-06-12,33,17.8,2.5,48.6,11.2,8.8
2019-06-12,34,18.1,2.0,49.1,11.4,9.0
2019-06-12,35,18.3,1.5,49.6,11.4,8.6
2019-06-12,36,19.4,1.2,51.3,11.7,6.1
2019-06-12,37,20.0,0.7,50.4,11.8,6.4
2019-06-12,38,20.3,0.3,52.7,12.0,6.5
2019-06-12,39,20.8,0.1,53.9,12.1,5.3
2019-06-12,40,20.9,0.0,54.2,11.6,5.5
2019-06-12,41,21.3,0.0,51.7,11.7,7.5
2019-06-12,42,22.5,0.0,49.4,12.1,7.6
2019-06-12,43,23.6,0.0,46.4,12.8,8.6
2019-06-12,44,24.2,0.0,41.2,13.8,11.0
2019-06-12,45,26.3,0.0,37.5,14.8,10.5
2019-06-12,46,27.6,0.0,33.8,15.6,11.3
2019-06-12,47,28.4,0.0,31.9,16.4,11.3
2019-06-12,48,29.7,0.0,30.3,16.6,11.4
2019-06-13,1,30.3,0.0,30.1,16.9,10.3
2019-06-13,2,30.2,0.0,30.2,17.0,10.1
2019-06-13,3,30.5,0.0,33.8,17.0,5.7
2019-06-13,4,30.8,0.0,33.5,17.1,5.9
2019-06-13,5,32.3,0.0,33.7,17.2,4.0
2019-06-13,6,32.5,0.0,33.5,17.1,3.9
2019-06-13,7,32.7,0.0,33.5,17.0,3.6
2019-06-13,8,33.0,0.0,33.2,17.0,3.5
2019-06-13,9,33.5,0.3,33.4,17.1,2.3
2019-06-13,10,32.1,0.7,36.2,16.2,2.2
2019-06-13,11,28.9,1.3,39.6,14.4,4.9
2019-06-13,12,26.4,2.0,43.1,13.1,4.8
2019-06-13,13,24.6,2.7,43.8,12.0,8.3
2019-06-13,14,23.7,3.4,44.2,11.5,7.5
2019-06-13,15,23.5,4.1,42.9,11.4,9.8
2019-06-13,16,22.9,4.8,42.9,11.4,9.6
2019-06-13,17,22.5,5.3,42.7,11.1,9.6
2019-06-13,18,22.0,5.8,42.4,10.9,9.6
2019-06-13,19,21.4,6.6,44.1,10.9,9.2
2019-06-13,20,20.9,7.2,44.2,11.0,9.0
2019-06-13,21,20.9,7.5,43.7,10.9,9.4
2019-06-13,22,20.5,7.5,44.3,10.8,9.5
2019-06-13,23,19.7,7.7,44.7,10.7,9.7
2019-06-13,24,19.2,8.0,45.2,10.7,9.4
2019-06-13,25,18.7,7.9,45.9,10.7,9.0
2019-06-13,26,18.4,7.8,46.6,10.8,9.1
2019-06-13,27,17.8,7.8,46.7,10.8,9.5
2019-06-13,28,17.4,7.7,47.3,10.8,9.4
2019-06-13,29,17.9,7.0,47.3,10.9,9.3
2019-06-13,30,17.0,6.2,49.4,10.8,8.9
2019-06-13,31,16.4,5.8,50.5,10.8,8.8
2019-06-13,32,15.6,5.3,51.5,10.7,8.9
2019-06-13,33,15.0,4.7,51.7,10.7,8.4
2019-06-13,34,14.9,4.0,52.3,10.9,8.5
2019-06-13,35,14.8,3.3,52.8,11.1,7.3
2019-06-13,36,14.5,2.5,52.9,11.2,7.3
2019-06-13,37,14.3,1.6,54.3,11.5,6.6
2019-06-13,38,14.0,0.9,55.9,11.6,6.6
2019-06-13,39,13.9,0.4,57.8,11.9,6.2
2019-06-13,40,14.0,0.1,58.1,12.0,6.3
2019-06-13,41,13.9,0.0,58.5,11.9,6.7
2019-06-13,42,13.6,0.0,57.8,12.2,7.0
2019-06-13,43,13.3,0.0,56.9,12.6,7.0
2019-06-13,44,13.0,0.0,54.5,13.5,7.7
2019-06-13,45,13.5,0.0,50.1,14.8,10.4
2019-06-13,46,14.3,0.0,47.5,15.8,11.0
2019-06-13,47,14.2,0.0,47.4,16.2,10.6
2019-06-13,48,14.7,0.0,46.0,16.6,10.8
2019-06-14,1,14.9,0.0,46.0,16.5,10.8
2019-06-14,2,14.8,0.0,45.7,16.7,10.9
2019-06-14,3,15.0,0.0,45.0,17.0,10.8
2019-06-14,4,15.4,0.0,44.7,17.0,10.8
2019-06-14,5,14.9,0.0,45.1,17.1,10.8
2019-06-14,6,14.8,0.0,44.6,17.3,11.0
2019-06-14,7,14.7,0.0,46.0,17.1,11.2
2019-06-14,8,16.0,0.0,46.3,17.1,9.8
2019-06-14,9,16.7,0.2,48.3,16.8,7.3
2019-06-14,10,16.6,0.7,49.0,16.1,7.0
2019-06-14,11,16.2,1.3,51.0,14.5,7.4
2019-06-14,12,15.0,2.1,54.4,13.2,6.4
2019-06-14,13,14.2,3.1,54.6,12.1,6.2
2019-06-14,14,13.6,4.1,52.9,11.7,6.0
2019-06-14,15,13.0,5.0,51.2,11.4,8.9
2019-06-14,16,13.6,6.1,51.6,11.3,8.9
2019-06-14,17,14.9,7.4,49.7,11.1,8.7
2019-06-14,18,15.3,8.9,48.5,10.8,8.5
2019-06-14,19,15.2,10.7,46.8,10.9,8.5
2019-06-14,20,15.8,12.0,45.5,10.9,8.4
2019-06-14,21,16.2,13.1,44.6,10.8,8.2
2019-06-14,22,17.2,14.3,42.6,10.7,8.1
2019-06-14,23,17.7,15.6,40.8,10.7,8.1
2019-06-14,24,18.1,15.6,39.9,11.0,8.3
2019-06-14,25,18.5,14.5,40.5,11.2,8.1
2019-06-14,26,19.0,14.9,39.5,11.3,8.1
2019-06-14,27,18.9,15.9,38.7,11.2,8.1
2019-06-14,28,17.8,16.1,40.4,11.4,7.0
2019-06-14,29,17.6,14.9,42.7,11.5,5.8
2019-06-14,30,17.4,13.5,44.3,11.4,5.8
2019-06-14,31,16.4,12.1,45.7,11.5,6.5
2019-06-14,32,15.4,10.1,48.5,11.6,6.4
2019-06-14,33,15.1,8.8,49.0,11.5,5.8
2019-06-14,34,15.4,7.5,49.2,11.6,5.9
2019-06-14,35,14.7,5.9,51.0,11.8,5.9
2019-06-14,36,13.7,4.7,51.7,12.1,6.1
2019-06-14,37,13.1,3.4,54.4,12.4,7.2
2019-06-14,38,12.8,2.1,55.2,12.7,7.4
2019-06-14,39,12.7,1.0,56.1,13.1,7.9
2019-06-14,40,12.3,0.3,56.5,13.1,7.9
2019-06-14,41,12.1,0.0,56.5,13.3,9.3
2019-06-14,42,13.0,0.0,55.3,13.5,9.4
2019-06-14,43,13.6,0.0,54.1,13.8,9.8
2019-06-14,44,14.0,0.0,51.8,14.7,10.2
2019-06-14,45,15.4,0.0,48.3,15.5,11.0
2019-06-14,46,17.6,0.0,43.5,16.5,12.1
2019-06-14,47,19.1,0.0,41.6,17.5,10.8
2019-06-14,48,18.6,0.0,40.0,18.1,11.7
2019-06-15,1,17.5,0.0,42.5,17.8,10.8
2019-06-15,2,17.6,0.0,41.8,18.0,11.0
2019-06-15,3,17.4,0.0,41.5,17.9,11.5
2019-06-15,4,17.3,0.0,40.3,18.3,11.7
2019-06-15,5,17.6,0.0,40.0,18.2,11.6
2019-06-15,6,18.3,0.0,38.9,18.3,11.7
2019-06-15,7,18.9,0.0,39.0,18.7,10.5
2019-06-15,8,17.8,0.1,38.8,19.2,10.8
2019-06-15,9,17.0,0.6,40.5,18.9,9.7
2019-06-15,10,16.7,1.6,40.2,18.7,9.5
2019-06-15,11,15.8,2.9,38.9,18.0,11.6
2019-06-15,12,14.5,4.4,40.7,17.2,10.7
2019-06-15,13,13.9,5.9,41.9,16.3,10.2
2019-06-15,14,12.2,7.6,44.0,15.4,9.5
2019-06-15,15,10.9,9.3,46.2,14.5,9.1
2019-06-15,16,10.1,10.5,46.6,14.1,9.0
2019-06-15,17,10.5,11.3,45.1,13.8,9.7
2019-06-15,18,11.6,12.3,43.0,13.6,9.3
2019-06-15,19,11.8,13.2,43.4,13.4,8.9
2019-06-15,20,11.5,13.6,43.1,13.2,8.8
2019-06-15,21,10.7,15.0,43.5,13.3,8.8
2019-06-15,22,12.0,13.6,43.7,13.2,8.8
2019-06-15,23,13.0,13.8,41.9,13.2,8.7
2019-06-15,24,14.2,14.2,41.0,13.2,8.8
2019-06-15,25,15.1,14.0,38.7,13.4,8.9
2019-06-15,26,15.6,13.4,39.3,13.6,9.0
2019-06-15,27,17.6,13.8,36.6,13.6,9.1
2019-06-15,28,20.0,15.6,32.2,13.8,9.1
2019-06-15,29,20.0,15.6,31.5,13.8,9.2
2019-06-15,30,20.8,14.5,31.3,14.0,9.3
2019-06-15,31,18.9,13.4,34.3,13.6,9.8
2019-06-15,32,18.8,11.7,36.5,13.3,9.6
2019-06-15,33,18.7,9.8,37.5,13.4,10.2
2019-06-15,34,18.3,7.6,38.3,13.4,10.1
2019-06-15,35,18.3,6.0,40.4,13.5,10.2
2019-06-15,36,17.7,4.9,40.1,13.5,10.2
2019-06-15,37,16.8,3.5,41.8,13.8,10.0
2019-06-15,38,16.4,2.0,43.2,14.1,10.2
2019-06-15,39,16.4,0.9,45.0,14.6,10.9
2019-06-15,40,16.6,0.3,45.0,14.9,11.2
2019-06-15,41,16.6,0.0,46.2,15.0,11.8
2019-06-15,42,15.6,0.0,47.8,15.0,11.5
2019-06-15,43,15.1,0.0,48.6,15.5,11.3
2019-06-15,44,14.5,0.0,48.5,16.1,12.2
2019-06-15,45,15.2,0.0,48.1,17.1,11.4
2019-06-15,46,16.0,0.0,45.7,17.9,12.0
2019-06-15,47,16.6,0.0,46.2,18.9,9.4
2019-06-15,48,17.4,0.0,43.7,19.8,9.9
2019-06-16,1,17.3,0.0,43.2,19.7,10.5
2019-06-16,2,17.4,0.0,42.8,20.0,10.4
2019-06-16,3,17.7,0.0,45.5,19.9,7.5
2019-06-16,4,18.1,0.0,44.8,20.1,7.6
2019-06-16,5,18.2,0.0,43.6,20.6,8.0
2019-06-16,6,17.7,0.0,43.3,22.0,7.2
2019-06-16,7,17.1,0.0,47.1,22.0,4.1
2019-06-16,8,16.5,0.3,47.1,22.1,4.2
2019-06-16,9,15.8,1.1,46.7,22.1,4.7
2019-06-16,10,15.0,1.8,47.5,21.6,4.6
2019-06-16,11,14.8,3.3,44.4,21.3,6.9
2019-06-16,12,15.0,5.2,43.9,20.4,6.5
2019-06-16,13,15.6,6.6,36.8,19.7,12.5
2019-06-16,14,15.7,7.9,38.4,18.7,11.1
2019-06-16,15,15.4,9.1,39.7,17.5,9.8
2019-06-16,16,15.2,10.3,39.9,16.7,9.8
2019-06-16,17,15.9,11.2,39.9,15.8,9.5
2019-06-16,18,16.4,12.5,38.0,15.4,9.3
2019-06-16,19,17.2,13.8,36.7,15.1,9.3
2019-06-16,20,18.3,15.3,34.0,14.9,9.5
2019-06-16,21,18.1,17.7,33.1,14.7,9.5
2019-06-16,22,18.0,18.3,32.3,14.5,9.4
2019-06-16,23,18.2,19.0,32.8,14.3,9.4
2019-06-16,24,19.3,20.1,31.0,14.1,9.1
2019-06-16,25,19.2,19.4,31.4,14.6,8.9
2019-06-16,26,19.9,18.6,31.0,15.1,8.8
2019-06-16,27,20.7,18.2,29.9,15.5,8.9
2019-06-16,28,20.7,17.4,30.0,15.8,9.2
2019-06-16,29,21.8,16.1,28.6,16.3,9.9
2019-06-16,30,22.0,14.7,28.4,16.6,10.4
2019-06-16,31,21.7,13.4,29.3,16.4,11.4
2019-06-16,32,20.3,11.1,32.4,16.5,11.6
2019-06-16,33,20.1,9.1,33.2,16.6,11.6
2019-06-16,34,19.3,7.1,36.3,16.6,11.4
2019-06-16,35,19.3,5.3,36.7,16.6,11.9
2019-06-16,36,17.8,3.9,38.9,16.7,12.0
2019-06-16,37,18.8,2.6,40.1,16.7,12.0
2019-06-16,38,19.4,1.4,38.8,17.2,12.4
2019-06-16,39,21.3,0.6,38.6,17.5,11.3
2019-06-16,40,22.0,0.2,38.5,17.8,11.4
2019-06-16,41,24.1,0.0,39.7,18.2,9.6
2019-06-16,42,25.9,0.0,38.1,18.5,9.9
2019-06-16,43,27.5,0.0,33.3,19.1,12.4
2019-06-16,44,31.0,0.0,27.4,20.5,13.2
2019-06-16,45,35.7,0.0,25.7,21.9,9.7
2019-06-16,46,34.7,0.0,24.9,23.3,10.2
2019-06-16,47,33.1,0.0,25.1,23.7,11.1
2019-06-16,48,31.7,0.0,25.7,24.0,11.3
2019-06-17,1,32.4,0.0,25.4,23.8,11.1
2019-06-17,2,32.0,0.0,25.9,23.8,11.1
2019-06-17,3,32.3,0.0,26.0,24.3,10.1
2019-06-17,4,31.7,0.0,25.9,24.7,10.2
2019-06-17,5,32.8,0.0,24.8,24.9,8.8
2019-06-17,6,32.8,0.0,24.3,24.8,8.7
2019-06-17,7,34.3,0.0,24.5,25.2,7.7
2019-06-17,8,33.3,0.1,26.0,25.0,7.7
2019-06-17,9,32.8,0.7,26.5,24.9,7.8
2019-06-17,10,30.0,1.7,29.4,22.9,7.2
2019-06-17,11,26.3,2.8,34.4,20.4,7.5
2019-06-17,12,23.7,4.1,39.4,18.3,6.8
2019-06-17,13,21.5,5.4,42.9,16.4,6.9
2019-06-17,14,21.4,6.8,42.6,15.6,6.7
2019-06-17,15,21.4,8.2,40.9,15.2,8.1
2019-06-17,16,21.1,9.2,40.3,15.1,8.0
2019-06-17,17,21.9,9.9,39.5,14.8,7.8
2019-06-17,18,22.4,11.2,37.7,14.8,7.8
2019-06-17,19,22.9,12.5,36.0,14.8,7.8
2019-06-17,20,23.1,13.5,35.3,14.7,7.6
2019-06-17,21,23.5,14.6,34.2,14.6,7.4
2019-06-17,22,23.4,15.3,33.8,14.6,7.1
2019-06-17,23,23.5,15.6,33.7,14.5,7.1
2019-06-17,24,24.4,16.1,32.4,14.5,7.0
2019-06-17,25,26.0,16.7,30.9,14.7,6.1
2019-06-17,26,26.0,17.2,29.7,15.0,6.2
2019-06-17,27,25.8,17.3,31.6,14.9,4.5
2019-06-17,28,25.8,16.9,32.1,14.9,4.4
2019-06-17,29,25.3,15.4,34.9,15.0,3.3
2019-06-17,30,24.2,13.6,37.7,14.8,3.3
2019-06-17,31,23.7,12.3,38.9,14.7,3.5
2019-06-17,32,21.1,10.9,41.4,14.5,3.0
2019-06-17,33,19.8,9.2,44.5,14.5,3.0
2019-06-17,34,19.3,7.5,47.8,14.6,3.0
2019-06-17,35,19.0,6.0,48.8,14.6,3.0
2019-06-17,36,18.1,4.5,49.2,14.9,3.1
2019-06-17,37,17.2,3.2,51.4,15.5,3.2
2019-06-17,38,16.3,2.1,52.2,15.8,3.2
2019-06-17,39,15.7,1.1,52.8,16.1,3.3
2019-06-17,40,15.2,0.3,52.9,16.2,3.3
2019-06-17,41,14.5,0.0,56.1,17.0,4.0
2019-06-17,42,13.0,0.0,56.5,17.4,4.3
2019-06-17,43,13.2,0.0,54.1,17.8,7.3
2019-06-17,44,14.1,0.0,51.0,19.2,7.9
2019-06-17,45,15.3,0.0,48.4,20.8,7.2
2019-06-17,46,16.7,0.0,44.7,22.1,8.2
2019-06-17,47,17.0,0.0,44.0,23.2,7.2
2019-06-17,48,17.0,0.0,42.3,23.9,7.8
2019-06-18,1,17.2,0.0,42.1,23.5,8.4
2019-06-18,2,17.1,0.0,41.9,23.7,8.4
2019-06-18,3,17.7,0.0,41.3,23.8,8.3
2019-06-18,4,17.8,0.0,40.8,24.1,8.2
2019-06-18,5,18.3,0.0,41.5,24.2,7.0
2019-06-18,6,18.8,0.0,41.0,24.3,6.8
2019-06-18,7,19.1,0.0,40.2,24.4,7.2
2019-06-18,8,18.4,0.2,41.0,24.3,7.0
2019-06-18,9,18.7,1.0,42.6,23.2,5.9
2019-06-18,10,18.5,1.8,45.1,21.3,5.2
2019-06-18,11,16.4,2.9,50.3,18.5,4.5
2019-06-18,12,15.3,4.3,53.6,16.6,3.5
2019-06-18,13,15.2,5.5,54.5,15.4,3.2
2019-06-18,14,14.3,6.8,55.1,14.8,3.0
2019-06-18,15,14.4,8.1,53.0,14.5,4.2
2019-06-18,16,15.0,9.5,51.3,14.2,4.2
2019-06-18,17,15.2,10.6,48.4,14.0,5.9
2019-06-18,18,15.1,11.5,48.0,14.0,5.9
2019-06-18,19,14.4,12.2,48.5,14.0,5.3
2019-06-18,20,14.3,12.4,48.6,13.9,5.3
2019-06-18,21,13.7,13.8,47.9,13.7,5.6
2019-06-18,22,13.5,13.1,48.7,13.7,5.6
2019-06-18,23,12.9,12.9,49.8,13.4,5.5
2019-06-18,24,12.4,13.0,50.4,13.4,5.5
2019-06-18,25,12.4,12.1,51.1,13.5,5.6
2019-06-18,26,12.1,10.9,52.5,13.6,5.6
2019-06-18,27,12.1,9.7,53.5,13.7,5.6
2019-06-18,28,11.2,8.6,55.3,13.8,5.7
2019-06-18,29,10.7,7.7,56.6,13.9,5.7
2019-06-18,30,10.3,7.1,57.0,13.5,5.6
2019-06-18,31,9.8,6.6,58.4,13.7,4.5
2019-06-18,32,9.4,5.4,58.7,13.7,4.5
2019-06-18,33,9.5,4.0,59.4,13.7,4.6
2019-06-18,34,10.0,3.1,59.9,13.7,4.2
2019-06-18,35,9.5,2.3,60.6,13.9,2.9
2019-06-18,36,9.5,1.8,60.4,14.0,2.9
2019-06-18,37,8.6,1.2,62.2,14.5,3.7
2019-06-18,38,8.2,0.7,62.9,14.5,3.9
2019-06-18,39,8.3,0.3,62.5,14.6,6.2
2019-06-18,40,7.6,0.1,64.5,15.0,6.4
2019-06-18,41,7.6,0.0,64.7,15.3,5.6
2019-06-18,42,7.4,0.0,64.4,15.9,5.8
2019-06-18,43,8.6,0.0,61.9,16.3,6.8
2019-06-18,44,9.8,0.0,58.8,17.3,7.3
2019-06-18,45,10.2,0.0,56.4,18.7,7.5
2019-06-18,46,10.1,0.0,54.3,19.8,8.0
2019-06-18,47,9.8,0.0,54.7,20.1,7.7
2019-06-18,48,10.0,0.0,52.5,21.3,8.2
2019-06-19,1,8.5,0.0,53.8,21.3,8.2
2019-06-19,2,6.7,0.0,55.7,21.3,8.2
2019-06-19,3,7.5,0.0,55.3,21.1,8.1
2019-06-19,4,7.9,0.0,54.7,21.2,8.2
2019-06-19,5,7.6,0.0,54.9,21.2,8.2
2019-06-19,6,7.5,0.0,55.0,21.1,8.2
2019-06-19,7,7.5,0.0,55.0,21.1,8.2
2019-06-19,8,7.2,0.1,56.5,21.2,6.7
2019-06-19,9,7.5,0.3,58.5,21.0,4.5
2019-06-19,10,6.3,0.9,60.8,19.9,4.3
2019-06-19,11,5.5,1.6,63.8,17.3,4.5
2019-06-19,12,5.1,2.3,65.7,15.6,3.6
2019-06-19,13,4.8,3.0,66.1,14.1,3.5
2019-06-19,14,4.6,3.6,65.4,13.5,3.6
2019-06-19,15,4.6,4.1,63.5,13.0,6.1
2019-06-19,16,4.8,5.0,62.8,12.7,6.0
2019-06-19,17,5.0,6.2,61.6,12.0,5.9
2019-06-19,18,5.3,7.2,60.5,11.9,5.8
2019-06-19,19,5.5,8.4,60.1,11.1,5.8
2019-06-19,20,5.4,9.6,59.7,11.6,5.8
2019-06-19,21,5.7,11.1,59.1,11.5,5.6
2019-06-19,22,5.6,11.9,57.4,11.5,5.5
2019-06-19,23,5.6,12.1,57.7,11.5,5.5
2019-06-19,24,5.8,11.7,58.8,11.8,5.6
2019-06-19,25,5.9,11.8,59.2,11.9,5.7
2019-06-19,26,6.2,12.3,58.5,11.9,5.7
2019-06-19,27,6.0,12.4,58.5,12.0,5.7
2019-06-19,28,6.7,11.7,58.1,12.2,5.8
2019-06-19,29,6.9,10.8,59.6,12.5,4.8
2019-06-19,30,6.7,10.3,60.4,12.3,4.7
2019-06-19,31,6.6,9.6,60.0,12.2,5.5
2019-06-19,32,6.1,8.6,60.3,12.2,5.7
2019-06-19,33,6.0,7.5,61.1,12.3,4.2
2019-06-19,34,6.3,6.2,61.7,12.5,4.5
2019-06-19,35,6.3,5.0,63.6,12.3,3.9
2019-06-19,36,5.9,4.6,63.9,12.3,4.3
2019-06-19,37,6.0,3.6,64.6,12.3,4.8
2019-06-19,38,5.9,2.5,65.9,12.6,5.0
2019-06-19,39,6.3,1.4,66.6,12.8,5.7
2019-06-19,40,6.0,0.6,67.3,13.1,5.8
2019-06-19,41,5.9,0.2,66.0,13.5,7.6
2019-06-19,42,6.4,0.0,65.3,14.0,7.6
2019-06-19,43,6.6,0.0,64.2,14.7,7.9
2019-06-19,44,5.9,0.0,63.1,15.6,8.4
2019-06-19,45,7.1,0.0,60.1,16.6,8.7
2019-06-19,46,7.2,0.0,57.9,17.6,9.4
2019-06-19,47,7.3,0.0,57.1,18.8,8.3
2019-06-19,48,8.2,0.0,55.4,19.4,8.3
2019-06-20,1,9.0,0.0,53.6,19.8,8.9
2019-06-20,2,10.4,0.0,52.5,19.6,9.0
2019-06-20,3,11.2,0.0,51.7,19.7,8.8
2019-06-20,4,10.1,0.0,52.4,19.9,9.0
2019-06-20,5,10.9,0.0,52.0,19.9,9.0
2019-06-20,6,11.4,0.0,51.5,19.8,9.0
2019-06-20,7,12.1,0.0,50.5,19.4,9.2
2019-06-20,8,13.2,0.1,50.1,18.9,9.0
2019-06-20,9,13.0,0.7,51.1,18.2,8.4
2019-06-20,10,12.6,1.8,51.3,17.7,8.2
2019-06-20,11,11.7,3.2,52.6,16.0,8.7
2019-06-20,12,11.2,4.5,54.9,14.7,7.3
2019-06-20,13,11.7,5.7,53.5,13.7,6.5
2019-06-20,14,12.5,7.4,51.4,13.5,6.2
2019-06-20,15,12.4,9.3,48.9,13.1,6.2
2019-06-20,16,12.9,11.7,47.8,12.8,6.0
2019-06-20,17,13.1,13.4,46.2,12.7,6.2
2019-06-20,18,12.7,14.1,46.8,12.8,6.3
2019-06-20,19,9.1,15.5,49.2,13.3,6.6
2019-06-20,20,12.6,15.2,47.4,12.7,6.2
2019-06-20,21,13.2,17.2,45.1,12.3,5.9
2019-06-20,22,13.9,17.4,44.5,12.3,5.9
2019-06-20,23,14.7,16.9,44.6,12.3,5.9
2019-06-20,24,15.8,16.8,43.5,12.2,5.9
2019-06-20,25,16.5,17.5,42.3,12.2,5.9
2019-06-20,26,16.8,17.4,41.6,12.4,6.0
2019-06-20,27,16.8,16.7,42.5,12.1,6.0
2019-06-20,28,17.8,16.6,41.6,12.1,6.1
2019-06-20,29,17.6,15.5,42.6,12.0,6.0
2019-06-20,30,16.6,13.9,45.1,12.2,6.1
2019-06-20,31,16.3,12.6,45.0,12.5,6.5
2019-06-20,32,15.9,11.8,44.6,12.4,6.5
2019-06-20,33,15.9,10.4,43.9,12.5,5.8
2019-06-20,34,17.0,8.9,44.4,12.7,5.7
2019-06-20,35,17.2,7.3,46.2,13.1,5.5
2019-06-20,36,17.0,5.2,47.5,12.9,5.7
2019-06-20,37,15.9,3.5,48.5,12.8,7.5
2019-06-20,38,15.0,2.1,51.5,13.1,7.6
2019-06-20,39,15.8,1.1,53.8,13.5,7.6
2019-06-20,40,14.5,0.4,55.7,13.6,7.6
2019-06-20,41,13.5,0.1,56.1,13.8,8.0
2019-06-20,42,14.2,0.0,56.1,14.1,7.8
2019-06-20,43,14.8,0.0,56.3,14.5,7.3
2019-06-20,44,15.2,0.0,53.9,15.4,8.0
2019-06-20,45,14.8,0.0,53.4,16.5,7.4
2019-06-20,46,15.0,0.0,51.9,17.0,7.7
2019-06-20,47,15.1,0.0,51.3,17.6,7.1
2019-06-20,48,14.5,0.0,51.0,17.9,7.2
2019-06-21,1,14.4,0.0,50.2,18.4,7.4
2019-06-21,2,14.2,0.0,50.7,18.2,7.3
2019-06-21,3,14.3,0.0,50.5,18.2,7.3
2019-06-21,4,14.0,0.0,50.6,18.4,7.4
2019-06-21,5,14.6,0.0,49.9,18.7,7.0
2019-06-21,6,15.2,0.0,48.8,19.2,7.0
2019-06-21,7,15.1,0.0,48.6,19.4,7.0
2019-06-21,8,15.2,0.2,49.0,19.5,6.0
2019-06-21,9,15.1,1.0,50.0,19.6,4.2
2019-06-21,10,14.8,2.3,51.6,18.1,4.8
2019-06-21,11,13.0,3.6,54.8,15.9,5.1
2019-06-21,12,12.3,5.1,57.3,14.5,3.6
2019-06-21,13,11.5,6.7,58.2,13.6,3.3
2019-06-21,14,11.7,8.5,56.7,12.8,3.1
2019-06-21,15,11.7,10.6,52.2,12.5,6.1
2019-06-21,16,11.6,12.7,50.9,12.4,6.0
2019-06-21,17,11.7,14.3,49.7,12.2,5.1
2019-06-21,18,11.0,15.6,49.9,11.7,5.1
2019-06-21,19,10.7,16.7,50.1,11.5,4.5
2019-06-21,20,10.2,17.8,49.7,11.5,4.6
2019-06-21,21,10.7,18.8,47.7,11.4,5.7
2019-06-21,22,11.0,19.5,47.1,11.2,5.6
2019-06-21,23,10.3,19.7,47.4,11.3,5.6
2019-06-21,24,10.9,20.1,45.8,11.7,5.7
2019-06-21,25,11.0,20.6,45.1,11.9,5.7
2019-06-21,26,11.1,20.9,44.3,12.1,5.8
2019-06-21,27,10.9,20.6,44.6,12.2,5.9
2019-06-21,28,10.7,19.8,45.1,12.4,6.0
2019-06-21,29,10.5,18.8,45.9,12.6,6.1
2019-06-21,30,10.1,16.6,48.2,12.7,6.1
2019-06-21,31,9.9,14.6,50.2,12.8,6.1
2019-06-21,32,9.4,13.1,52.3,12.6,6.1
2019-06-21,33,8.5,11.3,53.1,12.6,6.1
2019-06-21,34,7.6,9.4,55.5,12.9,6.2
2019-06-21,35,7.0,7.5,56.0,13.1,6.3
2019-06-21,36,6.4,5.8,58.6,13.3,6.4
2019-06-21,37,5.9,4.1,60.3,13.6,6.0
2019-06-21,38,5.2,2.7,61.8,13.9,6.5
2019-06-21,39,4.5,1.4,62.0,14.1,7.5
2019-06-21,40,4.3,0.4,63.6,14.5,7.6
2019-06-21,41,4.4,0.0,62.6,14.8,8.6
2019-06-21,42,4.6,0.0,63.2,14.9,8.2
2019-06-21,43,4.6,0.0,62.7,14.6,8.4
2019-06-21,44,4.4,0.0,61.8,15.3,8.8
2019-06-21,45,4.5,0.0,59.1,16.3,9.1
2019-06-21,46,4.8,0.0,58.6,17.3,9.6
2019-06-21,47,4.7,0.0,58.0,18.1,9.1
2019-06-21,48,4.7,0.0,55.3,19.2,9.7
2019-06-22,1,5.0,0.0,54.7,19.8,10.0
2019-06-22,2,5.0,0.0,54.4,19.9,9.9
2019-06-22,3,5.1,0.0,53.2,20.1,10.4
2019-06-22,4,5.3,0.0,52.4,20.3,10.4
2019-06-22,5,5.6,0.0,51.9,20.1,10.6
2019-06-22,6,5.9,0.0,51.3,20.2,10.7
2019-06-22,7,6.2,0.0,51.3,20.5,11.0
2019-06-22,8,6.5,0.2,50.4,20.7,11.1
2019-06-22,9,6.5,1.0,49.3,20.8,11.2
2019-06-22,10,6.4,2.4,49.1,20.1,10.6
2019-06-22,11,5.9,4.3,49.0,19.2,10.4
2019-06-22,12,5.6,6.4,49.4,18.1,9.7
2019-06-22,13,5.4,8.6,50.8,16.9,8.2
2019-06-22,14,5.5,11.0,49.7,16.1,7.9
2019-06-22,15,5.5,13.3,48.8,15.2,7.3
2019-06-22,16,5.6,15.7,48.2,14.1,7.3
2019-06-22,17,5.8,17.9,46.1,13.6,7.2
2019-06-22,18,5.7,20.3,44.8,13.4,6.8
2019-06-22,19,5.7,22.1,45.5,13.3,6.2
2019-06-22,20,5.8,23.4,44.4,13.1,6.2
2019-06-22,21,5.8,25.5,42.4,13.2,6.3
2019-06-22,22,6.3,25.8,42.1,13.3,5.9
2019-06-22,23,6.4,25.3,42.6,13.4,5.7
2019-06-22,24,6.5,25.6,41.7,13.6,5.8
2019-06-22,25,6.9,26.0,40.2,13.9,6.2
2019-06-22,26,7.8,25.7,39.3,14.1,6.2
2019-06-22,27,8.4,25.8,37.5,14.3,6.9
2019-06-22,28,8.9,25.1,37.1,14.6,7.1
2019-06-22,29,9.3,23.3,37.4,14.8,7.9
2019-06-22,30,9.5,21.1,39.0,15.0,7.9
2019-06-22,31,9.8,18.6,40.3,15.0,8.7
2019-06-22,32,9.6,15.9,42.6,14.8,8.9
2019-06-22,33,9.4,13.2,44.5,14.8,9.3
2019-06-22,34,9.2,10.8,45.7,14.8,9.8
2019-06-22,35,8.5,8.8,47.9,15.0,10.1
2019-06-22,36,8.5,6.4,48.2,15.1,10.1
2019-06-22,37,8.4,4.5,49.1,15.4,10.4
2019-06-22,38,7.8,2.8,50.4,15.7,10.6
2019-06-22,39,7.5,1.4,52.2,16.1,10.8
2019-06-22,40,7.6,0.4,54.1,16.3,11.0
2019-06-22,41,7.4,0.0,55.2,16.5,11.1
2019-06-22,42,7.4,0.0,56.0,16.3,11.0
2019-06-22,43,7.6,0.0,55.8,16.5,10.7
2019-06-22,44,8.2,0.0,54.6,17.1,10.8
2019-06-22,45,8.9,0.0,53.9,18.2,9.0
2019-06-22,46,9.7,0.0,50.2,19.3,9.6
2019-06-22,47,10.7,0.0,46.9,20.2,10.0
2019-06-22,48,11.7,0.0,46.1,20.7,10.3
2019-06-23,1,12.9,0.0,44.2,21.2,10.5
2019-06-23,2,12.3,0.0,43.5,21.9,10.8
2019-06-23,3,12.1,0.0,43.7,22.6,9.7
2019-06-23,4,12.0,0.0,43.1,23.0,9.7
2019-06-23,5,12.0,0.0,45.3,23.0,7.6
2019-06-23,6,12.4,0.0,44.2,23.3,7.7
2019-06-23,7,13.4,0.0,42.5,22.6,9.6
2019-06-23,8,13.8,0.2,41.5,22.9,9.4
2019-06-23,9,15.3,0.8,40.4,23.4,7.7
2019-06-23,10,15.6,2.1,40.1,22.9,7.6
2019-06-23,11,15.8,3.8,37.0,22.4,8.5
2019-06-23,12,15.2,5.6,37.6,21.5,8.1
2019-06-23,13,13.8,7.3,38.6,20.7,7.9
2019-06-23,14,13.4,8.6,41.3,18.8,7.2
2019-06-23,15,13.4,9.9,39.3,17.6,9.9
2019-06-23,16,12.4,11.2,40.9,16.7,9.4
2019-06-23,17,11.4,12.3,42.6,15.8,8.9
2019-06-23,18,11.0,13.6,42.0,15.4,9.0
2019-06-23,19,11.5,15.2,41.1,15.0,9.0
2019-06-23,20,12.3,16.9,38.9,14.9,8.9
2019-06-23,21,11.5,18.5,37.5,14.5,9.1
2019-06-23,22,11.9,17.7,38.7,14.4,8.9
2019-06-23,23,12.5,17.6,39.7,14.2,8.8
2019-06-23,24,12.8,17.1,40.1,14.2,8.8
2019-06-23,25,13.9,15.8,40.2,14.3,8.9
2019-06-23,26,15.5,14.3,39.7,14.5,9.0
2019-06-23,27,17.4,12.3,38.9,14.9,9.3
2019-06-23,28,18.5,10.6,38.9,15.2,9.5
2019-06-23,29,19.5,8.8,40.4,15.0,9.1
2019-06-23,30,20.5,7.1,41.6,14.6,9.0
2019-06-23,31,22.0,6.1,40.8,14.7,9.1
2019-06-23,32,20.7,5.4,42.5,14.6,9.1
2019-06-23,33,20.0,4.4,44.0,14.7,8.4
2019-06-23,34,20.4,3.3,43.9,14.7,8.2
2019-06-23,35,21.0,2.5,44.9,14.9,7.9
2019-06-23,36,21.3,1.7,44.4,15.0,8.0
2019-06-23,37,22.6,1.0,44.2,15.2,7.9
2019-06-23,38,23.5,0.6,43.2,15.5,7.9
2019-06-23,39,23.4,0.3,43.6,15.6,8.3
2019-06-23,40,23.5,0.1,44.2,15.8,8.2
2019-06-23,41,23.4,0.0,44.0,16.1,8.3
2019-06-23,42,22.3,0.0,45.0,16.4,8.1
2019-06-23,43,23.3,0.0,43.9,17.0,7.4
2019-06-23,44,24.8,0.0,39.6,17.9,7.8
2019-06-23,45,27.2,0.0,35.8,19.1,7.4
2019-06-23,46,27.0,0.0,33.3,20.3,8.0
2019-06-23,47,27.8,0.0,33.0,21.1,6.7
2019-06-23,48,28.0,0.0,33.8,20.6,6.6
2019-06-24,1,28.5,0.0,33.4,20.4,7.0
2019-06-24,2,28.0,0.0,33.5,20.6,6.9
2019-06-24,3,27.0,0.0,33.4,21.0,7.4
2019-06-24,4,25.4,0.0,35.4,20.9,7.2
2019-06-24,5,24.9,0.0,39.5,20.6,4.2
2019-06-24,6,23.9,0.0,40.5,20.6,4.2
2019-06-24,7,24.1,0.0,39.6,20.9,4.5
2019-06-24,8,24.0,0.1,39.5,21.2,4.0
2019-06-24,9,22.7,0.4,41.9,20.0,4.0
2019-06-24,10,21.4,1.0,44.2,18.5,4.3
2019-06-24,11,18.7,1.8,45.0,16.3,8.8
2019-06-24,12,16.3,2.7,52.1,14.6,5.6
2019-06-24,13,14.0,3.4,58.0,13.0,3.2
2019-06-24,14,13.5,4.2,59.2,12.3,3.1
2019-06-24,15,13.3,5.1,56.5,11.9,6.1
2019-06-24,16,12.7,5.7,56.3,12.0,5.9
2019-06-24,17,11.9,6.2,55.9,11.9,5.6
2019-06-24,18,11.5,6.9,56.1,11.8,5.6
2019-06-24,19,10.7,7.6,56.4,11.7,5.3
2019-06-24,20,9.2,8.0,57.8,11.8,5.3
2019-06-24,21,8.2,8.3,57.8,11.8,4.9
2019-06-24,22,7.9,8.6,57.1,11.7,4.8
2019-06-24,23,7.8,8.9,57.2,11.7,4.6
2019-06-24,24,8.0,9.7,57.2,11.8,4.6
2019-06-24,25,8.4,9.9,55.9,11.6,4.6
2019-06-24,26,7.9,10.1,56.0,11.7,4.6
2019-06-24,27,8.0,10.5,56.1,11.6,4.5
2019-06-24,28,7.6,11.1,56.9,11.9,4.6
2019-06-24,29,7.7,10.5,54.4,12.0,5.7
2019-06-24,30,7.4,10.0,56.1,11.7,5.5
2019-06-24,31,7.6,9.2,56.2,11.7,5.5
2019-06-24,32,7.4,7.8,57.4,11.9,5.6
2019-06-24,33,6.7,6.4,58.1,11.9,5.0
2019-06-24,34,6.2,5.2,59.4,12.2,5.1
2019-06-24,35,5.9,4.1,59.9,12.5,5.2
2019-06-24,36,5.7,3.0,60.9,12.7,5.1
2019-06-24,37,5.6,1.8,62.5,13.1,3.8
2019-06-24,38,5.7,1.0,63.1,13.4,3.9
2019-06-24,39,5.1,0.5,64.2,13.6,4.6
2019-06-24,40,4.8,0.2,64.9,13.6,4.6
2019-06-24,41,5.1,0.0,67.4,14.2,5.7
2019-06-24,42,5.2,0.0,66.1,14.4,5.8
2019-06-24,43,5.7,0.0,66.1,14.8,6.8
2019-06-24,44,6.0,0.0,64.5,15.8,7.3
2019-06-24,45,7.0,0.0,62.4,16.5,7.6
2019-06-24,46,7.8,0.0,58.9,17.5,8.0
2019-06-24,47,7.8,0.0,58.6,17.7,7.9
2019-06-24,48,7.9,0.0,58.0,18.2,7.7
2019-06-25,1,8.2,0.0,58.2,18.0,7.6
2019-06-25,2,8.9,0.0,57.6,18.0,7.6
2019-06-25,3,9.6,0.0,56.0,18.4,7.8
2019-06-25,4,10.9,0.0,54.5,18.5,7.8
2019-06-25,5,12.0,0.0,53.4,18.5,7.8
2019-06-25,6,13.2,0.0,52.0,18.6,7.9
2019-06-25,7,13.5,0.0,51.3,19.1,7.6
2019-06-25,8,14.1,0.0,50.5,19.2,7.6
2019-06-25,9,13.9,0.1,53.5,18.7,5.4
2019-06-25,10,14.3,0.3,54.0,18.1,5.1
2019-06-25,11,12.9,0.6,58.1,16.2,4.7
2019-06-25,12,13.0,1.1,60.1,14.7,3.5
2019-06-25,13,12.0,1.6,62.3,13.7,3.2
2019-06-25,14,10.8,2.3,62.6,13.3,3.1
2019-06-25,15,11.0,3.2,58.7,13.0,6.2
2019-06-25,16,13.1,3.9,56.9,12.4,5.9
2019-06-25,17,13.6,4.4,56.5,12.0,4.9
2019-06-25,18,13.9,5.2,57.1,12.1,4.9
2019-06-25,19,14.6,6.0,55.0,11.9,5.1
2019-06-25,20,15.1,6.8,53.9,11.9,5.1
2019-06-25,21,15.2,6.7,53.5,12.0,5.5
2019-06-25,22,14.4,6.9,53.4,12.0,5.5
2019-06-25,23,14.1,6.8,54.7,12.0,5.5
2019-06-25,24,13.2,6.9,54.7,12.2,5.5
2019-06-25,25,13.1,7.3,55.4,12.2,5.6
2019-06-25,26,13.0,7.7,55.2,12.2,5.6
2019-06-25,27,13.4,7.9,54.8,12.2,5.5
2019-06-25,28,13.9,7.9,54.5,12.2,5.2
2019-06-25,29,25.0,13.1,34.5,3.1,2.9
2019-06-25,30,16.3,7.5,52.6,9.9,3.8
2019-06-25,31,13.2,5.5,57.0,12.1,2.8
2019-06-25,32,13.1,5.2,57.5,12.1,2.8
2019-06-25,33,12.6,4.7,57.0,12.0,2.8
2019-06-25,34,13.1,3.9,56.4,12.1,2.8
2019-06-25,35,13.3,3.1,57.5,12.2,2.8
2019-06-25,36,12.7,2.2,58.7,12.5,2.9
2019-06-25,37,12.6,1.4,60.1,12.7,2.9
2019-06-25,38,13.0,0.8,59.4,13.0,3.0
2019-06-25,39,13.6,0.4,60.4,13.5,3.1
2019-06-25,40,13.7,0.1,60.9,13.8,3.2
2019-06-25,41,13.9,0.0,59.4,14.3,4.8
2019-06-25,42,14.2,0.0,58.5,14.6,4.9
2019-06-25,43,14.8,0.0,57.1,15.3,4.8
2019-06-25,44,15.3,0.0,55.2,16.3,5.1
2019-06-25,45,15.8,0.0,53.4,17.1,5.9
2019-06-25,46,16.7,0.0,50.5,18.3,6.2
2019-06-25,47,17.0,0.0,49.3,18.8,6.3
2019-06-25,48,18.2,0.0,48.1,19.3,5.7
2019-06-26,1,18.8,0.0,48.7,19.5,4.4
2019-06-26,2,18.5,0.0,48.9,19.4,4.6
2019-06-26,3,18.9,0.0,47.6,19.6,5.2
2019-06-26,4,18.5,0.0,48.2,19.9,5.2
2019-06-26,5,18.4,0.0,48.9,19.8,5.4
2019-06-26,6,17.1,0.0,49.8,20.0,5.5
2019-06-26,7,17.9,0.0,49.0,19.7,6.0
2019-06-26,8,18.1,0.0,48.7,19.7,6.0
2019-06-26,9,18.3,0.2,49.0,19.5,4.7
2019-06-26,10,17.5,0.5,50.2,18.5,4.9
2019-06-26,11,15.2,0.9,54.1,16.8,5.4
2019-06-26,12,12.8,1.3,59.3,15.4,4.2
2019-06-26,13,11.2,1.8,61.6,14.1,3.4
2019-06-26,14,9.9,2.4,61.4,13.5,3.1
2019-06-26,15,9.0,3.1,60.2,13.2,6.0
2019-06-26,16,9.6,3.9,59.2,13.0,5.9
2019-06-26,17,10.4,4.7,57.6,12.7,5.0
2019-06-26,18,10.2,5.6,57.5,12.6,5.0
2019-06-26,19,10.1,6.8,57.7,12.5,4.6
2019-06-26,20,9.8,8.1,57.9,12.5,4.6
2019-06-26,21,9.2,10.2,55.9,12.2,5.1
2019-06-26,22,9.4,11.2,55.4,12.1,5.1
2019-06-26,23,9.4,12.1,55.1,12.1,5.4
2019-06-26,24,10.3,13.0,53.8,12.1,5.3
2019-06-26,25,10.7,13.9,52.4,12.1,5.3
2019-06-26,26,11.3,14.7,50.8,12.2,5.4
2019-06-26,27,11.7,14.9,50.2,12.2,5.4
2019-06-26,28,12.1,15.0,50.4,12.4,4.4
2019-06-26,29,12.8,14.8,51.1,12.6,2.9
2019-06-26,30,13.2,13.7,52.0,12.5,2.9
2019-06-26,31,13.3,12.5,52.4,12.6,3.1
2019-06-26,32,13.7,10.7,52.8,12.5,3.5
2019-06-26,33,14.2,8.8,52.6,12.5,4.7
2019-06-26,34,14.6,6.9,53.8,12.7,4.9
2019-06-26,35,14.6,5.1,54.5,13.0,5.1
2019-06-26,36,14.2,3.6,55.6,13.2,5.5
2019-06-26,37,14.2,2.4,55.9,13.4,6.7
2019-06-26,38,14.2,1.4,56.1,13.7,6.8
2019-06-26,39,13.6,0.6,58.3,13.7,7.1
2019-06-26,40,13.7,0.2,58.5,13.9,7.2
2019-06-26,41,14.7,0.0,55.8,14.1,9.0
2019-06-26,42,14.8,0.0,54.8,14.5,9.3
2019-06-26,43,15.1,0.0,53.3,15.0,9.8
2019-06-26,44,15.8,0.0,50.6,16.0,10.4
2019-06-26,45,16.6,0.0,48.6,17.2,10.0
2019-06-26,46,17.1,0.0,45.8,18.1,11.0
2019-06-26,47,17.1,0.0,46.0,18.3,10.6
2019-06-26,48,17.0,0.0,44.8,18.8,11.1
2019-06-27,1,16.4,0.0,45.9,18.6,11.0
2019-06-27,2,16.8,0.0,45.3,18.7,11.1
2019-06-27,3,16.6,0.0,45.9,18.9,10.4
2019-06-27,4,17.6,0.0,43.2,19.7,10.8
2019-06-27,5,17.8,0.0,42.9,20.0,10.5
2019-06-27,6,18.0,0.0,42.4,20.2,10.6
2019-06-27,7,17.3,0.0,43.0,20.5,10.4
2019-06-27,8,17.8,0.1,42.2,20.5,10.5
2019-06-27,9,16.4,0.6,44.8,19.9,9.7
2019-06-27,10,15.8,1.7,46.7,18.7,9.1
2019-06-27,11,14.3,3.0,50.2,17.0,8.2
2019-06-27,12,13.2,4.5,52.8,15.3,7.3
2019-06-27,13,12.0,6.2,52.7,14.1,8.0
2019-06-27,14,11.1,8.3,52.3,13.5,7.3
2019-06-27,15,10.7,10.6,50.6,13.1,6.4
2019-06-27,16,10.2,13.0,49.6,13.0,6.4
2019-06-27,17,9.7,15.4,48.8,12.8,6.2
2019-06-27,18,9.5,17.7,48.1,12.7,6.1
2019-06-27,19,9.1,19.7,47.0,12.5,6.0
2019-06-27,20,9.3,21.8,44.8,12.5,6.0
2019-06-27,21,9.0,24.2,43.1,12.2,5.7
2019-06-27,22,8.9,25.2,42.2,12.2,5.9
2019-06-27,23,8.9,25.6,41.8,12.1,6.2
2019-06-27,24,8.8,26.0,41.6,12.2,6.0
2019-06-27,25,8.9,26.0,41.4,12.2,6.1
2019-06-27,26,9.2,25.9,40.5,12.4,6.5
2019-06-27,27,9.7,25.2,40.1,12.5,7.0
2019-06-27,28,10.3,24.3,40.2,12.7,7.0
2019-06-27,29,11.2,23.0,40.6,12.8,6.9
2019-06-27,30,11.6,21.1,41.7,12.9,7.0
2019-06-27,31,12.1,18.6,42.9,12.9,7.5
2019-06-27,32,12.5,16.0,44.7,12.9,7.7
2019-06-27,33,13.0,13.4,45.2,13.0,7.8
2019-06-27,34,13.5,10.9,46.5,13.3,8.0
2019-06-27,35,14.0,8.5,49.2,13.5,6.3
2019-06-27,36,14.8,6.3,49.3,13.8,6.4
2019-06-27,37,15.0,4.4,50.6,14.0,7.8
2019-06-27,38,15.7,2.7,51.6,14.2,7.9
2019-06-27,39,16.8,1.3,52.5,14.6,8.0
2019-06-27,40,17.3,0.4,52.1,15.0,8.2
2019-06-27,41,17.7,0.1,50.7,15.4,9.2
2019-06-27,42,18.3,0.0,49.9,15.7,9.1
2019-06-27,43,18.7,0.0,47.3,16.2,10.3
2019-06-27,44,19.4,0.0,45.0,17.3,10.8
2019-06-27,45,20.2,0.0,42.8,18.6,10.3
2019-06-27,46,20.7,0.0,40.3,19.6,10.9
2019-06-27,47,21.2,0.0,39.7,20.1,10.3
2019-06-27,48,21.0,0.0,38.3,20.9,10.7
2019-06-28,1,20.6,0.0,38.1,21.2,10.9
2019-06-28,2,20.0,0.0,38.7,21.2,10.8
2019-06-28,3,20.0,0.0,38.0,21.6,11.0
2019-06-28,4,20.2,0.0,37.4,21.8,11.1
2019-06-28,5,20.1,0.0,37.1,22.1,11.2
2019-06-28,6,20.4,0.0,36.9,22.1,11.1
2019-06-28,7,21.5,0.0,36.0,22.0,11.1
2019-06-28,8,23.1,0.1,34.7,22.4,10.2
2019-06-28,9,22.2,0.6,39.0,21.6,7.4
2019-06-28,10,20.7,1.5,42.6,20.0,6.9
2019-06-28,11,18.0,2.6,48.2,17.2,6.8
2019-06-28,12,16.2,3.9,51.1,15.8,6.2
2019-06-28,13,14.9,5.4,50.6,14.7,6.0
2019-06-28,14,14.5,7.3,49.5,14.1,5.8
2019-06-28,15,14.1,9.5,49.2,13.9,6.5
2019-06-28,16,14.0,12.0,47.4,13.8,6.3
2019-06-28,17,13.7,14.4,44.7,13.4,7.4
2019-06-28,18,13.8,17.0,42.2,13.4,7.2
2019-06-28,19,13.8,19.7,41.6,13.4,5.4
2019-06-28,20,13.7,22.1,39.2,13.6,5.2
2019-06-28,21,13.6,24.7,36.7,13.2,6.0
2019-06-28,22,13.6,25.9,36.4,13.1,5.9
2019-06-28,23,14.0,26.4,36.2,13.1,5.2
2019-06-28,24,14.8,26.7,34.5,13.2,5.1
2019-06-28,25,15.4,27.0,33.3,13.5,5.0
2019-06-28,26,15.7,26.7,33.4,13.5,4.9
2019-06-28,27,16.8,26.2,33.6,13.8,3.7
2019-06-28,28,17.8,24.9,34.0,13.9,3.4
2019-06-28,29,18.2,23.3,34.9,14.1,3.2
2019-06-28,30,18.0,21.1,37.2,14.1,3.3
2019-06-28,31,17.3,18.5,40.8,13.9,3.0
2019-06-28,32,17.2,16.0,42.7,14.0,2.8
2019-06-28,33,16.9,13.3,44.7,14.0,3.1
2019-06-28,34,15.8,10.8,46.4,14.3,3.2
2019-06-28,35,15.9,8.4,47.7,14.5,3.2
2019-06-28,36,16.1,6.1,47.1,14.6,6.0
2019-06-28,37,16.2,4.1,47.6,15.0,6.6
2019-06-28,38,16.4,2.5,48.7,15.1,6.7
2019-06-28,39,16.4,1.2,49.2,15.5,6.9
2019-06-28,40,16.5,0.4,50.8,15.9,7.0
2019-06-28,41,17.0,0.0,54.5,16.2,3.3
2019-06-28,42,16.8,0.0,53.7,16.1,4.0
2019-06-28,43,16.6,0.0,51.7,16.3,6.5
2019-06-28,44,17.5,0.0,50.1,17.4,5.8
2019-06-28,45,18.0,0.0,43.7,19.2,9.0
2019-06-28,46,18.5,0.0,40.0,20.4,10.3
2019-06-28,47,18.4,0.0,39.4,21.5,9.5
2019-06-28,48,19.2,0.0,37.8,22.2,9.3
2019-06-29,1,19.3,0.0,36.5,22.7,9.7
2019-06-29,2,20.0,0.0,36.4,23.0,8.7
2019-06-29,3,21.1,0.0,38.1,23.3,5.4
2019-06-29,4,20.3,0.0,38.5,23.7,5.2
2019-06-29,5,18.8,0.0,39.7,23.9,5.3
2019-06-29,6,16.8,0.0,41.6,23.9,5.4
2019-06-29,7,16.2,0.0,42.2,23.8,5.6
2019-06-29,8,16.0,0.2,41.3,24.4,5.6
2019-06-29,9,13.5,0.8,42.3,23.8,7.2
2019-06-29,10,11.6,2.1,43.8,23.1,7.5
2019-06-29,11,10.0,3.8,44.6,22.0,8.5
2019-06-29,12,9.4,5.7,46.4,20.7,7.2
2019-06-29,13,8.3,7.5,45.5,19.4,9.3
2019-06-29,14,7.9,9.4,45.7,18.1,8.5
2019-06-29,15,8.2,11.4,44.6,16.8,8.1
2019-06-29,16,8.4,13.6,42.3,16.0,7.7
2019-06-29,17,8.1,15.5,40.6,15.4,7.7
2019-06-29,18,8.3,17.4,39.8,15.2,7.6
2019-06-29,19,8.0,18.2,39.7,15.1,7.6
2019-06-29,20,7.8,19.9,38.8,14.9,7.4
2019-06-29,21,7.5,21.7,37.9,14.8,7.4
2019-06-29,22,6.7,24.8,36.0,14.4,7.2
2019-06-29,23,6.7,25.2,35.5,14.4,6.6
2019-06-29,24,7.1,25.4,35.7,14.5,6.6
2019-06-29,25,7.6,25.8,35.7,14.7,6.7
2019-06-29,26,7.0,25.5,35.7,14.8,6.7
2019-06-29,27,7.5,24.8,37.0,15.2,7.0
2019-06-29,28,7.5,23.8,37.9,15.5,7.1
2019-06-29,29,8.6,21.3,38.0,15.7,8.0
2019-06-29,30,9.9,18.8,37.9,16.0,8.4
2019-06-29,31,10.3,15.9,39.2,15.9,10.3
2019-06-29,32,11.6,12.9,41.5,15.7,10.2
2019-06-29,33,12.5,10.5,40.7,15.6,10.8
2019-06-29,34,13.2,8.6,41.7,15.7,11.1
2019-06-29,35,13.2,6.8,41.1,15.9,11.5
2019-06-29,36,12.2,5.0,43.1,16.0,11.8
2019-06-29,37,12.9,3.3,45.4,16.3,11.4
2019-06-29,38,14.1,2.0,44.7,16.5,11.7
2019-06-29,39,15.2,1.0,44.7,16.9,12.2
2019-06-29,40,17.2,0.3,43.9,17.2,12.4
2019-06-29,41,18.0,0.0,43.4,17.1,12.6
2019-06-29,42,18.7,0.0,42.5,17.3,12.7
2019-06-29,43,19.2,0.0,41.0,17.8,13.0
2019-06-29,44,19.0,0.0,40.0,18.5,13.3
2019-06-29,45,22.1,0.0,34.5,20.0,13.5
2019-06-29,46,26.3,0.0,27.9,21.1,14.1
2019-06-29,47,28.5,0.0,25.9,22.6,11.5
2019-06-29,48,29.4,0.0,23.9,23.3,11.6
2019-06-30,1,30.9,0.0,25.9,23.2,8.4
2019-06-30,2,33.5,0.0,22.2,23.9,8.4
2019-06-30,3,34.5,0.0,21.2,24.1,8.0
2019-06-30,4,36.7,0.0,19.9,23.9,7.5
2019-06-30,5,40.0,0.0,20.3,23.6,4.2
2019-06-30,6,41.0,0.0,21.2,24.2,3.4
2019-06-30,7,43.3,0.0,20.9,23.8,2.7
2019-06-30,8,43.9,0.2,20.4,24.2,2.4
2019-06-30,9,43.4,0.8,20.8,24.2,1.4
2019-06-30,10,41.7,2.0,21.3,24.0,1.3
2019-06-30,11,39.2,3.5,21.1,22.8,1.8
2019-06-30,12,38.7,5.2,21.4,21.9,1.6
2019-06-30,13,38.1,7.2,19.7,21.1,3.3
2019-06-30,14,36.5,9.7,18.9,21.1,3.8
2019-06-30,15,34.2,11.1,18.8,19.6,6.1
2019-06-30,16,33.1,12.2,19.7,18.8,6.2
2019-06-30,17,32.5,13.3,17.8,18.3,8.4
2019-06-30,18,33.1,14.6,16.4,17.9,8.3
2019-06-30,19,32.1,16.1,16.4,17.7,8.0
2019-06-30,20,32.5,17.0,16.9,16.8,7.6
2019-06-30,21,33.2,20.0,14.1,16.2,8.0
2019-06-30,22,31.4,21.7,14.4,16.5,8.0
2019-06-30,23,30.9,22.5,14.8,16.2,7.8
2019-06-30,24,31.2,22.6,15.5,16.0,7.5
2019-06-30,25,31.7,22.7,15.9,16.2,6.5
2019-06-30,26,32.8,22.7,15.1,16.2,6.4
2019-06-30,27,33.6,23.2,13.4,16.5,6.1
2019-06-30,28,33.9,22.3,12.8,17.1,6.7
2019-06-30,29,33.7,21.2,13.0,17.5,6.6
2019-06-30,30,33.9,19.7,13.4,17.4,7.2
2019-06-30,31,32.4,18.1,13.0,17.6,11.0
2019-06-30,32,31.8,16.4,15.4,17.7,10.2
2019-06-30,33,33.4,13.6,17.7,16.9,7.9
2019-06-30,34,31.9,11.3,20.7,17.1,8.0
2019-06-30,35,31.4,8.8,21.4,17.1,9.2
2019-06-30,36,31.0,6.6,23.0,17.3,9.5
2019-06-30,37,31.6,4.5,22.0,17.4,11.9
2019-06-30,38,32.2,2.5,22.3,17.6,12.1
2019-06-30,39,32.7,1.2,22.5,18.1,12.4
2019-06-30,40,32.8,0.4,22.3,18.4,12.6
2019-06-30,41,34.4,0.0,21.8,18.6,12.9
2019-06-30,42,33.4,0.0,22.5,18.7,13.0
2019-06-30,43,35.3,0.0,22.7,18.9,12.5
2019-06-30,44,37.6,0.0,18.3,20.5,13.3
2019-06-30,45,40.6,0.0,19.4,21.5,10.5
2019-06-30,46,40.1,0.0,20.5,22.5,10.7
2019-06-30,47,43.3,0.0,21.4,23.2,5.4
2019-06-30,48,43.7,0.0,20.7,23.4,5.5
2019-07-01,1,45.4,0.0,20.9,23.6,3.0
2019-07-01,2,45.1,0.0,20.9,23.8,2.8
2019-07-01,3,43.3,0.0,21.3,22.7,5.9
2019-07-01,4,43.2,0.0,20.5,23.0,5.7
2019-07-01,5,43.4,0.0,20.4,23.0,5.2
2019-07-01,6,44.4,0.0,19.4,22.7,5.2
2019-07-01,7,44.2,0.0,20.2,22.7,4.4
2019-07-01,8,43.5,0.1,20.9,23.2,4.3
2019-07-01,9,42.1,0.7,23.0,22.9,2.6
2019-07-01,10,40.7,1.6,25.4,21.5,2.7
2019-07-01,11,40.4,2.8,27.1,19.7,2.6
2019-07-01,12,37.9,4.2,28.8,18.1,3.1
2019-07-01,13,35.7,5.4,27.6,16.3,8.0
2019-07-01,14,35.0,6.7,27.0,15.9,7.3
2019-07-01,15,35.3,7.8,25.1,15.4,8.3
2019-07-01,16,33.2,9.3,26.7,15.0,8.0
2019-07-01,17,31.7,10.6,27.5,14.8,7.3
2019-07-01,18,31.2,11.6,27.7,14.7,6.7
2019-07-01,19,31.1,13.2,27.7,14.6,5.6
2019-07-01,20,30.7,14.7,27.0,14.4,5.4
2019-07-01,21,29.9,16.1,23.8,14.3,7.2
2019-07-01,22,28.6,17.4,24.0,14.2,7.2
2019-07-01,23,28.4,18.4,23.3,14.2,7.2
2019-07-01,24,28.9,18.8,22.4,14.2,7.2
2019-07-01,25,29.1,18.6,22.0,14.1,7.7
2019-07-01,26,29.1,18.2,21.8,14.3,7.8
2019-07-01,27,28.3,17.3,23.3,14.2,7.8
2019-07-01,28,27.7,16.5,25.0,14.2,7.8
2019-07-01,29,28.3,15.8,26.0,14.5,8.1
2019-07-01,30,27.2,14.4,28.4,14.5,8.1
2019-07-01,31,27.1,12.6,28.9,14.6,8.6
2019-07-01,32,26.0,10.9,32.0,14.4,8.5
2019-07-01,33,24.6,9.6,33.5,14.3,8.8
2019-07-01,34,24.3,8.3,35.6,14.6,9.0
2019-07-01,35,23.8,6.9,36.0,14.9,9.2
2019-07-01,36,22.8,5.6,35.8,15.2,9.4
2019-07-01,37,21.9,4.1,37.4,15.5,9.8
2019-07-01,38,20.6,2.7,39.3,15.9,10.1
2019-07-01,39,19.0,1.5,40.8,16.6,10.5
2019-07-01,40,18.3,0.5,43.2,17.0,10.7
2019-07-01,41,17.6,0.1,42.2,17.2,10.9
2019-07-01,42,16.4,0.0,45.0,17.5,11.0
2019-07-01,43,15.7,0.0,46.3,18.0,11.1
2019-07-01,44,15.5,0.0,47.0,18.7,11.6
2019-07-01,45,16.5,0.0,44.8,19.8,11.5
2019-07-01,46,16.0,0.0,42.4,21.0,12.8
2019-07-01,47,15.6,0.0,43.1,21.6,11.9
2019-07-01,48,15.6,0.0,40.6,22.1,12.4
2019-07-02,1,16.3,0.0,39.0,22.4,12.5
2019-07-02,2,16.7,0.0,36.6,22.7,12.6
2019-07-02,3,17.0,0.0,36.2,22.7,12.7
2019-07-02,4,16.6,0.0,37.8,22.3,12.4
2019-07-02,5,15.5,0.0,38.8,22.4,12.3
2019-07-02,6,14.6,0.0,39.8,22.3,12.3
2019-07-02,7,15.1,0.0,39.8,22.2,12.1
2019-07-02,8,15.2,0.1,39.0,22.4,12.2
2019-07-02,9,15.4,0.8,38.6,22.2,11.9
2019-07-02,10,15.7,2.0,40.4,20.5,11.2
2019-07-02,11,14.3,3.3,43.0,18.3,11.7
2019-07-02,12,13.6,4.8,46.4,16.6,10.1
2019-07-02,13,13.5,6.4,48.0,15.0,9.4
2019-07-02,14,13.3,8.2,47.5,14.5,9.1
2019-07-02,15,12.6,9.7,47.3,13.9,8.9
2019-07-02,16,13.0,11.6,45.9,13.7,8.8
2019-07-02,17,13.0,13.5,44.4,13.5,8.7
2019-07-02,18,13.4,15.0,42.6,13.5,8.6
2019-07-02,19,13.2,15.5,42.8,13.3,8.5
2019-07-02,20,13.0,16.2,42.7,13.1,8.4
2019-07-02,21,13.0,16.3,42.6,13.0,8.2
2019-07-02,22,12.4,16.5,43.0,13.0,8.2
2019-07-02,23,13.3,16.3,42.4,13.0,8.2
2019-07-02,24,13.2,16.4,42.3,13.0,8.3
2019-07-02,25,12.8,16.5,42.6,13.2,8.0
2019-07-02,26,13.6,16.2,42.3,13.2,8.0
2019-07-02,27,13.2,16.0,42.5,13.3,8.4
2019-07-02,28,14.0,15.4,42.4,13.3,8.4
2019-07-02,29,14.2,15.2,42.1,13.4,8.5
2019-07-02,30,13.7,14.1,43.8,13.3,8.4
2019-07-02,31,13.9,12.5,45.4,13.2,8.4
2019-07-02,32,14.1,11.1,46.4,13.1,8.3
2019-07-02,33,14.4,9.4,47.2,13.1,8.3
2019-07-02,34,14.4,7.6,48.0,13.2,8.4
2019-07-02,35,13.9,6.3,49.9,13.6,8.6
2019-07-02,36,13.8,4.8,50.6,13.8,8.7
2019-07-02,37,12.8,3.4,51.4,14.0,9.0
2019-07-02,38,12.5,2.1,52.9,14.4,9.2
2019-07-02,39,11.6,1.0,53.3,15.0,9.6
2019-07-02,40,10.4,0.3,55.2,15.1,9.7
2019-07-02,41,10.5,0.0,56.0,15.6,10.0
2019-07-02,42,10.5,0.0,55.1,15.9,10.2
2019-07-02,43,10.9,0.0,54.9,16.2,10.2
2019-07-02,44,11.3,0.0,52.6,17.1,10.8
2019-07-02,45,11.8,0.0,50.2,18.3,10.7
2019-07-02,46,12.0,0.0,47.2,19.5,11.6
2019-07-02,47,12.1,0.0,46.3,20.6,11.0
2019-07-02,48,12.1,0.0,45.7,20.9,11.2
2019-07-03,1,12.1,0.0,44.5,21.4,11.5
2019-07-03,2,11.5,0.0,44.8,21.5,11.6
2019-07-03,3,10.9,0.0,45.7,21.4,11.5
2019-07-03,4,10.9,0.0,45.5,21.5,11.5
2019-07-03,5,10.8,0.0,45.9,21.4,11.4
2019-07-03,6,10.2,0.0,46.1,21.6,11.5
2019-07-03,7,9.8,0.0,47.1,21.4,11.3
2019-07-03,8,9.5,0.1,46.0,22.1,11.6
2019-07-03,9,8.9,0.8,49.0,21.7,9.0
2019-07-03,10,8.3,2.0,51.4,20.3,8.3
2019-07-03,11,7.8,3.3,54.6,18.0,7.6
2019-07-03,12,6.6,4.8,57.6,16.3,6.7
2019-07-03,13,6.0,6.4,57.7,15.3,6.2
2019-07-03,14,5.9,8.3,56.9,14.6,5.9
2019-07-03,15,5.9,10.2,55.7,14.3,6.0
2019-07-03,16,6.0,12.2,54.8,14.0,5.9
2019-07-03,17,5.8,14.1,53.1,13.6,5.8
2019-07-03,18,5.8,15.7,52.5,12.3,5.7
2019-07-03,19,6.0,16.6,52.0,12.4,5.7
2019-07-03,20,6.3,17.0,51.2,12.2,5.7
2019-07-03,21,5.9,18.3,50.9,12.0,5.4
2019-07-03,22,6.1,18.3,49.7,11.8,7.6
2019-07-03,23,6.3,18.8,48.1,11.7,7.9
2019-07-03,24,6.4,19.4,48.4,11.6,7.9
2019-07-03,25,6.9,20.0,47.0,11.8,8.0
2019-07-03,26,7.8,20.1,46.0,11.9,8.0
2019-07-03,27,8.7,20.2,44.6,12.1,8.1
2019-07-03,28,9.4,20.1,43.7,12.2,8.2
2019-07-03,29,9.5,18.9,44.7,12.2,8.2
2019-07-03,30,9.6,17.3,46.1,12.3,8.2
2019-07-03,31,9.8,15.5,47.6,12.3,8.3
2019-07-03,32,10.1,13.7,48.8,12.2,8.2
2019-07-03,33,10.5,11.7,49.0,12.3,8.2
2019-07-03,34,10.5,9.6,50.5,12.5,8.4
2019-07-03,35,10.9,7.4,51.0,12.8,8.4
2019-07-03,36,11.1,5.5,52.2,13.1,8.6
2019-07-03,37,11.2,3.8,53.0,13.4,8.9
2019-07-03,38,11.0,2.4,54.7,13.8,9.1
2019-07-03,39,11.6,1.2,55.3,14.2,9.4
2019-07-03,40,12.6,0.3,54.8,14.5,9.5
2019-07-03,41,12.4,0.0,54.2,14.9,9.9
2019-07-03,42,11.7,0.0,56.4,14.7,9.7
2019-07-03,43,12.0,0.0,55.2,15.4,10.0
2019-07-03,44,12.6,0.0,53.3,16.6,10.7
2019-07-03,45,13.3,0.0,50.6,18.0,11.0
2019-07-03,46,13.6,0.0,47.7,19.3,11.8
2019-07-03,47,14.6,0.0,46.1,20.3,11.7
2019-07-03,48,15.1,0.0,44.9,20.7,11.9
2019-07-04,1,15.4,0.0,44.5,21.2,11.4
2019-07-04,2,15.6,0.0,44.3,21.2,11.4
2019-07-04,3,16.1,0.0,43.7,21.3,11.4
2019-07-04,4,17.2,0.0,42.3,21.4,11.5
2019-07-04,5,17.4,0.0,41.4,21.8,11.7
2019-07-04,6,17.8,0.0,41.6,21.5,11.5
2019-07-04,7,17.9,0.0,41.8,21.4,11.5
2019-07-04,8,18.5,0.1,42.1,21.7,10.1
2019-07-04,9,18.4,0.7,43.0,22.1,8.1
2019-07-04,10,17.4,1.9,45.5,20.6,7.5
2019-07-04,11,15.3,3.2,45.4,18.4,10.6
2019-07-04,12,14.3,4.6,48.9,16.6,9.6
2019-07-04,13,13.3,6.0,49.6,15.0,9.4
2019-07-04,14,13.3,7.9,48.5,14.6,9.2
2019-07-04,15,13.7,9.9,46.0,14.1,9.0
2019-07-04,16,14.0,12.1,44.7,13.9,8.9
2019-07-04,17,14.5,14.3,43.8,13.7,8.8
2019-07-04,18,14.9,16.4,41.9,13.5,8.6
2019-07-04,19,15.3,18.4,39.0,13.5,8.7
2019-07-04,20,15.5,19.7,38.3,13.3,8.5
2019-07-04,21,15.7,22.2,36.4,13.0,8.1
2019-07-04,22,16.2,23.1,35.3,12.8,8.1
2019-07-04,23,15.9,23.8,35.9,12.9,8.1
2019-07-04,24,16.5,24.3,35.0,13.0,8.2
2019-07-04,25,17.0,24.4,34.1,13.2,8.3
2019-07-04,26,16.4,23.7,34.7,13.3,8.4
2019-07-04,27,16.8,22.7,35.8,13.3,8.4
2019-07-04,28,17.0,21.4,36.5,13.5,8.5
2019-07-04,29,17.0,18.9,39.3,13.4,8.4
2019-07-04,30,17.3,17.1,40.2,13.6,8.6
2019-07-04,31,16.8,14.8,42.1,13.4,8.4
2019-07-04,32,16.3,12.4,43.9,13.3,8.4
2019-07-04,33,15.9,10.1,45.4,13.3,8.4
2019-07-04,34,15.5,8.4,46.8,13.6,8.5
2019-07-04,35,15.8,6.7,47.0,13.8,8.6
2019-07-04,36,15.8,4.9,48.1,14.1,8.9
2019-07-04,37,15.5,3.2,48.7,14.3,9.2
2019-07-04,38,15.5,1.9,49.7,14.5,9.3
2019-07-04,39,15.4,0.9,51.4,15.0,9.6
2019-07-04,40,15.6,0.2,53.2,15.1,9.7
2019-07-04,41,14.6,0.0,53.9,15.4,9.9
2019-07-04,42,14.6,0.0,53.9,15.7,10.0
2019-07-04,43,14.4,0.0,53.4,16.2,10.2
2019-07-04,44,15.1,0.0,50.4,17.3,10.9
2019-07-04,45,15.9,0.0,48.1,18.6,10.5
2019-07-04,46,16.0,0.0,45.8,19.6,11.3
2019-07-04,47,17.2,0.0,43.3,20.5,11.7
2019-07-04,48,16.5,0.0,42.2,21.1,12.5
2019-07-05,1,16.0,0.0,42.7,21.2,12.5
2019-07-05,2,16.4,0.0,41.5,21.7,12.8
2019-07-05,3,16.1,0.0,41.5,21.7,12.8
2019-07-05,4,15.5,0.0,41.9,22.1,12.6
2019-07-05,5,16.0,0.0,41.2,22.2,12.8
2019-07-05,6,15.3,0.0,41.0,22.6,12.9
2019-07-05,7,14.7,0.0,41.8,22.4,13.1
2019-07-05,8,14.0,0.1,41.3,22.8,13.6
2019-07-05,9,13.1,0.6,43.0,22.3,13.0
2019-07-05,10,12.4,1.6,45.6,20.8,12.2
2019-07-05,11,10.4,2.9,49.1,18.5,12.2
2019-07-05,12,8.8,4.4,53.1,16.9,10.3
2019-07-05,13,7.4,5.7,54.9,15.2,9.6
2019-07-05,14,7.0,7.4,53.4,14.7,9.3
2019-07-05,15,7.0,9.3,52.6,14.3,9.2
2019-07-05,16,6.9,11.1,51.4,14.0,9.0
2019-07-05,17,7.0,12.9,50.5,13.4,8.8
2019-07-05,18,7.2,14.8,49.5,13.3,8.7
2019-07-05,19,7.5,16.5,48.2,12.9,8.6
2019-07-05,20,8.0,17.8,47.5,12.4,8.5
2019-07-05,21,8.3,19.1,46.8,12.3,8.2
2019-07-05,22,8.7,19.4,46.2,12.2,8.2
2019-07-05,23,9.3,20.1,45.0,12.3,8.2
2019-07-05,24,10.2,20.6,43.6,12.5,8.2
2019-07-05,25,11.1,20.7,42.8,12.6,8.1
2019-07-05,26,11.4,20.6,42.2,12.8,8.2
2019-07-05,27,12.1,19.7,42.3,12.9,8.3
2019-07-05,28,13.0,18.7,41.8,13.2,8.5
2019-07-05,29,13.7,17.5,41.9,13.4,8.6
2019-07-05,30,14.0,15.7,43.2,13.4,8.6
2019-07-05,31,15.0,14.0,43.4,13.6,8.7
2019-07-05,32,15.2,12.1,44.2,13.6,8.7
2019-07-05,33,15.5,10.1,45.4,13.8,8.8
2019-07-05,34,16.2,8.1,45.8,14.2,9.0
2019-07-05,35,17.0,6.3,46.0,14.4,9.1
2019-07-05,36,18.1,4.8,45.2,14.7,9.2
2019-07-05,37,18.0,3.4,48.5,15.0,8.4
2019-07-05,38,17.8,2.2,49.8,15.2,7.8
2019-07-05,39,18.8,1.1,49.1,15.7,6.6
2019-07-05,40,19.0,0.3,49.9,15.6,6.8
2019-07-05,41,19.7,0.0,48.6,15.8,7.5
2019-07-05,42,20.6,0.0,47.6,16.1,7.4
2019-07-05,43,20.4,0.0,46.0,16.2,9.4
2019-07-05,44,21.4,0.0,43.9,17.6,9.9
2019-07-05,45,22.7,0.0,41.3,19.1,10.0
2019-07-05,46,24.1,0.0,37.5,20.7,10.4
2019-07-05,47,25.4,0.0,35.8,21.6,9.7
2019-07-05,48,26.1,0.0,33.6,22.3,10.2
2019-07-06,1,27.0,0.0,32.2,22.7,10.4
2019-07-06,2,26.5,0.0,33.0,22.7,10.0
2019-07-06,3,26.3,0.0,35.0,22.7,8.1
2019-07-06,4,26.1,0.0,35.2,22.7,8.1
2019-07-06,5,27.1,0.0,35.0,22.3,7.8
2019-07-06,6,27.3,0.0,34.8,22.0,7.9
2019-07-06,7,25.5,0.0,35.8,22.5,8.1
2019-07-06,8,25.1,0.1,36.0,22.6,8.1
2019-07-06,9,24.4,0.6,38.0,22.7,6.2
2019-07-06,10,21.7,1.7,39.2,23.0,6.3
2019-07-06,11,20.2,2.9,37.8,21.7,9.8
2019-07-06,12,17.6,4.5,40.8,20.6,9.2
2019-07-06,13,16.7,6.0,41.9,19.1,9.5
2019-07-06,14,15.5,7.5,43.8,17.9,8.9
2019-07-06,15,13.6,8.8,44.9,16.9,9.4
2019-07-06,16,12.3,10.2,44.5,16.3,9.1
2019-07-06,17,11.9,11.2,44.6,15.7,9.6
2019-07-06,18,11.1,12.1,44.5,15.3,9.4
2019-07-06,19,9.7,12.9,44.5,15.1,9.4
2019-07-06,20,9.7,13.5,45.2,14.8,9.3
2019-07-06,21,9.2,13.4,45.2,14.7,9.3
2019-07-06,22,8.8,14.1,45.5,14.6,9.2
2019-07-06,23,8.4,15.0,45.0,14.8,9.2
2019-07-06,24,7.9,15.1,45.9,15.2,9.2
2019-07-06,25,7.7,14.9,46.7,15.5,9.4
2019-07-06,26,8.2,14.6,46.3,15.7,9.5
2019-07-06,27,8.0,14.1,46.4,16.0,9.7
2019-07-06,28,7.9,13.4,46.4,16.4,10.0
2019-07-06,29,8.5,12.9,46.0,16.5,10.0
2019-07-06,30,8.4,12.8,46.2,16.5,10.0
2019-07-06,31,8.7,11.6,47.4,16.4,9.9
2019-07-06,32,8.4,9.5,49.8,16.2,9.8
2019-07-06,33,7.7,7.8,50.2,16.0,9.7
2019-07-06,34,7.3,6.3,51.3,16.3,9.8
2019-07-06,35,7.7,4.6,51.6,16.5,9.9
2019-07-06,36,7.4,3.4,53.8,16.9,10.1
2019-07-06,37,6.5,2.5,55.1,17.2,9.9
2019-07-06,38,6.7,1.5,56.1,17.6,10.1
2019-07-06,39,6.4,0.7,56.7,17.9,10.3
2019-07-06,40,6.9,0.2,56.8,17.8,10.5
2019-07-06,41,6.7,0.0,58.1,17.8,10.3
2019-07-06,42,7.1,0.0,56.9,17.9,10.3
2019-07-06,43,7.3,0.0,55.8,18.0,10.8
2019-07-06,44,7.5,0.0,54.4,19.0,11.1
2019-07-06,45,7.6,0.0,53.3,20.2,11.6
2019-07-06,46,7.8,0.0,51.1,21.3,12.2
2019-07-06,47,7.7,0.0,49.8,22.3,12.2
2019-07-06,48,7.8,0.0,49.0,22.5,12.5
2019-07-07,1,8.4,0.0,47.9,23.1,12.2
2019-07-07,2,8.0,0.0,47.8,23.3,12.3
2019-07-07,3,8.3,0.0,48.5,22.6,12.0
2019-07-07,4,8.0,0.0,48.7,22.8,11.9
2019-07-07,5,8.4,0.0,47.9,23.3,11.7
2019-07-07,6,8.4,0.0,47.5,23.6,11.7
2019-07-07,7,8.2,0.0,47.9,23.7,11.6
2019-07-07,8,9.2,0.0,46.6,23.9,11.7
2019-07-07,9,8.9,0.4,46.0,24.1,11.7
2019-07-07,10,8.7,1.1,46.0,23.8,11.7
2019-07-07,11,8.4,2.2,46.7,23.0,11.2
2019-07-07,12,8.1,3.7,46.6,22.3,11.0
2019-07-07,13,8.3,5.2,45.6,21.4,11.7
2019-07-07,14,8.5,6.9,45.8,20.2,11.1
2019-07-07,15,8.4,8.5,46.7,18.9,10.3
2019-07-07,16,8.4,10.6,45.6,18.2,10.0
2019-07-07,17,8.1,12.4,44.5,17.4,10.6
2019-07-07,18,8.4,14.3,43.8,16.4,10.2
2019-07-07,19,8.2,15.9,43.4,15.8,10.0
2019-07-07,20,8.1,17.0,43.1,15.5,9.8
2019-07-07,21,8.5,19.2,41.6,15.0,9.5
2019-07-07,22,8.3,19.7,41.6,14.8,9.4
2019-07-07,23,8.3,20.1,41.5,14.8,9.3
2019-07-07,24,8.5,20.4,41.2,14.7,9.3
2019-07-07,25,8.6,20.6,40.2,15.1,9.5
2019-07-07,26,8.5,20.9,39.3,15.6,9.6
2019-07-07,27,8.3,20.9,39.0,16.1,9.7
2019-07-07,28,8.5,19.9,39.4,16.3,9.8
2019-07-07,29,8.6,18.5,40.5,16.4,9.9
2019-07-07,30,8.7,17.1,42.0,16.3,9.8
2019-07-07,31,8.8,15.1,43.7,16.4,9.8
2019-07-07,32,8.8,12.4,46.5,16.1,9.7
2019-07-07,33,8.6,10.3,48.9,16.0,9.6
2019-07-07,34,8.2,8.4,49.8,16.0,9.6
2019-07-07,35,8.0,6.6,50.6,16.2,9.7
2019-07-07,36,7.4,5.0,52.1,16.4,9.8
2019-07-07,37,7.1,3.5,51.9,16.5,10.1
2019-07-07,38,6.5,2.2,53.9,16.8,10.3
2019-07-07,39,6.2,1.2,56.0,17.1,10.4
2019-07-07,40,5.7,0.4,56.2,17.5,10.6
2019-07-07,41,5.5,0.0,58.3,17.8,10.6
2019-07-07,42,5.5,0.0,57.8,18.1,10.8
2019-07-07,43,5.8,0.0,58.6,18.3,10.9
2019-07-07,44,5.7,0.0,57.6,18.7,11.5
2019-07-07,45,6.3,0.0,56.2,19.9,10.4
2019-07-07,46,7.2,0.0,53.4,20.8,11.1
2019-07-07,47,8.0,0.0,51.1,21.7,11.5
2019-07-07,48,8.4,0.0,49.2,22.4,11.9
2019-07-08,1,8.0,0.0,50.2,22.1,11.7
2019-07-08,2,7.9,0.0,49.5,22.5,12.0
2019-07-08,3,8.1,0.0,49.4,22.5,11.9
2019-07-08,4,7.6,0.0,49.5,22.7,12.0
2019-07-08,5,8.0,0.0,49.1,22.7,12.0
2019-07-08,6,8.2,0.0,47.9,23.4,12.2
2019-07-08,7,8.2,0.0,47.9,23.4,12.2
2019-07-08,8,7.6,0.1,50.2,23.3,10.5
2019-07-08,9,7.5,0.5,52.2,23.1,8.4
2019-07-08,10,7.4,1.3,54.6,21.3,7.8
2019-07-08,11,6.6,2.4,53.4,19.1,11.6
2019-07-08,12,5.8,3.7,56.5,17.2,10.5
2019-07-08,13,5.2,5.0,58.8,15.6,9.5
2019-07-08,14,4.8,6.6,58.8,14.8,8.9
2019-07-08,15,4.5,8.2,57.9,13.8,8.8
2019-07-08,16,4.2,9.9,56.9,13.7,8.8
2019-07-08,17,4.3,11.4,55.6,13.4,8.6
2019-07-08,18,3.9,13.1,55.1,13.3,8.5
2019-07-08,19,3.8,14.8,54.7,13.1,8.4
2019-07-08,20,3.7,16.1,53.8,13.0,8.3
2019-07-08,21,3.7,16.7,53.3,13.0,8.2
2019-07-08,22,3.5,17.5,52.9,13.0,8.1
2019-07-08,23,3.4,18.3,52.5,12.9,8.0
2019-07-08,24,3.3,18.8,52.2,12.9,8.0
2019-07-08,25,3.4,18.7,52.3,12.8,8.1
2019-07-08,26,2.7,18.2,53.1,13.0,8.2
2019-07-08,27,2.9,17.4,53.7,13.0,8.2
2019-07-08,28,3.0,16.4,54.2,13.2,8.3
2019-07-08,29,3.3,15.0,55.2,13.2,8.0
2019-07-08,30,3.5,13.5,56.0,13.0,7.9
2019-07-08,31,3.7,11.7,56.4,13.1,8.2
2019-07-08,32,3.9,9.5,58.0,13.4,8.3
2019-07-08,33,4.2,7.5,57.2,13.4,8.4
2019-07-08,34,4.2,5.7,58.7,13.9,8.5
2019-07-08,35,4.1,4.1,59.5,14.1,8.6
2019-07-08,36,4.0,2.9,59.9,14.3,8.8
2019-07-08,37,4.0,1.9,59.8,14.4,9.0
2019-07-08,38,3.9,1.0,59.7,14.6,9.1
2019-07-08,39,3.8,0.4,61.5,14.9,9.3
2019-07-08,40,3.7,0.1,61.8,15.2,9.4
2019-07-08,41,3.6,0.0,63.5,15.6,9.4
2019-07-08,42,3.5,0.0,63.3,15.7,9.6
2019-07-08,43,3.5,0.0,62.0,16.4,9.9
2019-07-08,44,3.7,0.0,59.6,17.5,10.6
2019-07-08,45,4.2,0.0,54.9,19.6,11.9
2019-07-08,46,4.9,0.0,51.9,20.7,12.5
2019-07-08,47,5.2,0.0,51.2,21.5,11.7
2019-07-08,48,5.1,0.0,49.5,22.4,12.2
2019-07-09,1,5.2,0.0,48.9,22.7,12.4
2019-07-09,2,5.0,0.0,48.9,22.7,12.4
2019-07-09,3,5.0,0.0,48.7,22.8,12.5
2019-07-09,4,5.1,0.0,48.4,22.9,12.5
2019-07-09,5,5.1,0.0,48.6,22.9,12.5
2019-07-09,6,5.0,0.0,48.6,22.9,12.5
2019-07-09,7,5.1,0.0,48.7,22.8,12.5
2019-07-09,8,5.1,0.0,49.0,23.0,11.9
2019-07-09,9,5.2,0.1,52.2,22.8,8.8
2019-07-09,10,5.0,0.5,54.4,21.5,8.4
2019-07-09,11,4.7,1.1,59.1,18.2,7.7
2019-07-09,12,4.4,2.0,61.6,16.5,7.0
2019-07-09,13,4.0,2.9,63.4,15.0,6.7
2019-07-09,14,3.9,4.0,61.2,14.4,6.7
2019-07-09,15,3.7,5.1,60.8,13.9,8.9
2019-07-09,16,3.7,6.5,59.5,13.7,8.8
2019-07-09,17,3.7,7.7,56.9,13.9,8.7
2019-07-09,18,3.8,8.7,57.2,14.1,8.7
2019-07-09,19,4.0,9.8,56.5,14.0,8.6
2019-07-09,20,4.2,10.8,55.7,13.8,8.6
2019-07-09,21,4.4,11.5,55.4,13.8,8.3
2019-07-09,22,5.2,12.3,57.0,14.5,4.4
2019-07-09,23,5.1,11.8,54.6,13.8,8.3
2019-07-09,24,5.4,11.9,54.0,13.8,8.4
2019-07-09,25,5.5,11.1,54.7,13.8,8.5
2019-07-09,26,5.9,10.2,55.0,13.7,8.7
2019-07-09,27,6.2,9.8,55.3,13.6,8.6
2019-07-09,28,6.3,9.4,55.7,13.6,8.6
2019-07-09,29,6.3,8.4,56.5,13.7,8.6
2019-07-09,30,6.4,7.9,57.0,13.5,8.5
2019-07-09,31,6.4,7.5,56.4,13.3,8.4
2019-07-09,32,6.1,6.7,56.9,13.5,8.3
2019-07-09,33,6.3,5.6,56.6,13.2,8.3
2019-07-09,34,6.4,4.2,58.4,13.4,8.4
2019-07-09,35,6.2,3.1,59.9,13.7,8.6
2019-07-09,36,6.4,2.3,59.9,14.0,8.8
2019-07-09,37,6.1,1.5,60.2,14.2,9.1
2019-07-09,38,5.7,0.9,61.3,14.5,9.3
2019-07-09,39,5.7,0.4,62.6,15.3,9.5
2019-07-09,40,5.4,0.1,62.5,15.8,9.7
2019-07-09,41,5.6,0.0,62.1,16.3,9.8
2019-07-09,42,5.6,0.0,61.6,16.6,10.0
2019-07-09,43,5.9,0.0,60.3,17.3,10.4
2019-07-09,44,6.3,0.0,57.5,18.5,11.1
2019-07-09,45,6.5,0.0,55.7,20.0,10.8
2019-07-09,46,6.6,0.0,53.3,21.3,11.5
2019-07-09,47,6.6,0.0,52.6,22.0,11.3
2019-07-09,48,7.5,0.0,50.6,22.6,11.6
2019-07-10,1,7.6,0.0,51.1,21.9,11.7
2019-07-10,2,7.9,0.0,50.1,22.1,11.9
2019-07-10,3,7.8,0.0,50.0,22.1,12.1
2019-07-10,4,7.7,0.0,49.4,22.4,12.4
2019-07-10,5,7.3,0.0,49.6,22.5,12.5
2019-07-10,6,7.3,0.0,50.3,21.7,12.6
2019-07-10,7,7.0,0.0,50.9,21.4,12.5
2019-07-10,8,7.6,0.0,50.7,22.3,11.0
2019-07-10,9,7.3,0.2,53.7,22.3,8.2
2019-07-10,10,7.1,0.9,55.1,21.3,7.8
2019-07-10,11,5.9,1.8,57.9,18.7,8.8
2019-07-10,12,5.1,2.9,60.3,17.4,8.0
2019-07-10,13,4.5,4.0,60.1,16.2,9.1
2019-07-10,14,4.5,5.2,59.6,15.4,8.7
2019-07-10,15,4.3,6.3,57.5,14.7,9.0
2019-07-10,16,4.3,7.5,58.0,14.5,8.9
2019-07-10,17,4.3,9.1,56.6,14.3,8.8
2019-07-10,18,4.6,11.0,54.2,14.1,8.6
2019-07-10,19,4.7,12.5,53.8,14.0,8.6
2019-07-10,20,4.9,13.5,54.0,13.8,8.5
2019-07-10,21,4.9,15.7,52.4,13.5,8.2
2019-07-10,22,5.0,16.2,52.5,13.0,8.1
2019-07-10,23,5.5,16.3,51.8,13.0,8.2
2019-07-10,24,5.7,16.8,51.4,13.1,8.2
2019-07-10,25,5.8,17.4,50.6,13.1,8.3
2019-07-10,26,5.7,17.1,51.3,12.7,8.4
2019-07-10,27,5.7,16.2,52.2,12.7,8.4
2019-07-10,28,5.8,15.4,52.6,12.9,8.5
2019-07-10,29,5.9,14.2,52.6,13.4,8.6
2019-07-10,30,6.0,12.6,53.8,13.6,8.6
2019-07-10,31,6.4,11.1,53.9,13.5,8.5
2019-07-10,32,6.4,9.5,55.2,13.5,8.5
2019-07-10,33,6.8,8.0,55.5,13.6,8.5
2019-07-10,34,6.6,6.3,56.7,14.1,8.6
2019-07-10,35,6.9,4.4,57.0,14.6,8.8
2019-07-10,36,6.6,3.0,59.1,15.0,9.0
2019-07-10,37,6.5,2.0,59.2,15.3,9.4
2019-07-10,38,6.1,1.1,59.7,15.7,9.6
2019-07-10,39,6.9,0.5,61.1,15.9,9.0
2019-07-10,40,7.5,0.1,60.3,16.2,8.9
2019-07-10,41,7.5,0.0,61.2,16.3,8.4
2019-07-10,42,7.5,0.0,61.1,16.1,8.8
2019-07-10,43,7.6,0.0,60.8,16.4,8.9
2019-07-10,44,8.2,0.0,59.0,17.4,8.8
2019-07-10,45,8.0,0.0,52.8,19.4,12.0
2019-07-10,46,8.6,0.0,50.9,19.7,13.3
2019-07-10,47,8.4,0.0,50.7,20.3,12.7
2019-07-10,48,8.0,0.0,49.9,21.0,13.1
2019-07-11,1,7.1,0.0,50.5,21.3,13.4
2019-07-11,2,7.2,0.0,49.5,21.8,13.6
2019-07-11,3,7.2,0.0,49.5,21.8,13.6
2019-07-11,4,7.4,0.0,48.9,22.0,13.7
2019-07-11,5,7.4,0.0,48.5,22.4,13.6
2019-07-11,6,7.5,0.0,48.9,22.3,13.2
2019-07-11,7,7.2,0.0,50.9,22.4,11.4
2019-07-11,8,6.9,0.0,51.5,22.9,10.6
2019-07-11,9,6.5,0.2,54.7,22.3,8.5
2019-07-11,10,7.4,0.5,55.1,21.5,7.7
2019-07-11,11,6.4,1.3,58.7,19.3,7.2
2019-07-11,12,5.5,2.4,62.1,17.3,6.2
2019-07-11,13,5.5,3.5,66.5,15.7,2.8
2019-07-11,14,5.5,4.9,63.6,14.9,3.0
2019-07-11,15,5.4,6.4,61.4,14.4,4.9
2019-07-11,16,5.1,7.9,60.1,14.3,4.8
2019-07-11,17,5.2,9.2,58.9,14.4,5.3
2019-07-11,18,4.9,10.3,59.0,14.4,5.0
2019-07-11,19,4.6,11.4,58.1,14.4,3.2
2019-07-11,20,4.3,12.3,56.1,13.8,3.4
2019-07-11,21,4.2,14.7,55.2,13.0,4.9
2019-07-11,22,4.4,15.6,55.2,12.8,4.8
2019-07-11,23,4.8,16.1,55.2,12.9,4.6
2019-07-11,24,5.1,15.7,54.6,13.0,5.1
2019-07-11,25,5.3,15.1,54.6,12.9,6.6
2019-07-11,26,5.9,15.1,54.6,12.6,6.6
2019-07-11,27,5.9,15.4,55.1,12.7,6.0
2019-07-11,28,6.1,15.7,54.0,13.1,6.0
2019-07-11,29,6.2,15.3,54.9,13.3,4.9
2019-07-11,30,6.1,14.1,54.5,13.3,5.6
2019-07-11,31,6.9,12.4,53.9,13.5,7.1
2019-07-11,32,6.8,10.2,55.2,13.8,6.7
2019-07-11,33,6.7,8.1,57.9,13.9,5.6
2019-07-11,34,6.6,6.6,59.1,14.1,5.6
2019-07-11,35,6.6,5.1,60.4,14.2,5.7
2019-07-11,36,6.7,3.8,60.4,14.6,5.8
2019-07-11,37,6.9,2.6,60.9,15.1,6.0
2019-07-11,38,7.2,1.5,62.0,15.4,6.1
2019-07-11,39,6.5,0.6,63.2,15.8,6.3
2019-07-11,40,6.2,0.2,64.1,15.9,5.8
2019-07-11,41,7.2,0.0,66.6,16.7,1.6
2019-07-11,42,7.8,0.0,65.3,16.8,2.2
2019-07-11,43,7.6,0.0,64.7,17.5,2.4
2019-07-11,44,8.2,0.0,60.9,18.6,3.0
2019-07-11,45,8.4,0.0,49.5,20.6,12.1
2019-07-11,46,9.5,0.0,46.1,21.6,13.0
2019-07-11,47,10.7,0.0,44.3,22.6,12.1
2019-07-11,48,10.4,0.0,43.8,22.6,12.8
2019-07-12,1,10.7,0.0,44.7,21.4,13.1
2019-07-12,2,12.1,0.0,42.8,21.3,13.4
2019-07-12,3,12.9,0.0,41.6,21.6,13.5
2019-07-12,4,13.1,0.0,42.0,21.5,13.5
2019-07-12,5,12.6,0.0,42.4,21.6,13.7
2019-07-12,6,11.8,0.0,43.0,21.5,13.4
2019-07-12,7,11.9,0.0,42.8,22.7,12.3
2019-07-12,8,12.6,0.0,41.6,23.4,12.1
2019-07-12,9,14.0,0.3,42.1,23.0,10.3
2019-07-12,10,13.0,1.1,43.5,22.4,10.0
2019-07-12,11,11.8,2.3,45.1,20.8,10.7
2019-07-12,12,11.8,3.6,47.5,19.1,9.3
2019-07-12,13,11.4,4.9,46.0,17.3,9.8
2019-07-12,14,10.7,6.6,47.3,16.6,9.0
2019-07-12,15,10.2,8.4,45.5,15.9,9.5
2019-07-12,16,10.6,10.2,44.9,15.6,9.3
2019-07-12,17,10.4,11.7,44.3,15.5,9.0
2019-07-12,18,10.3,13.0,43.2,15.5,9.0
2019-07-12,19,9.9,14.3,43.0,15.3,8.9
2019-07-12,20,9.3,15.4,42.5,15.2,8.8
2019-07-12,21,9.2,16.1,42.4,14.9,9.0
2019-07-12,22,9.0,16.5,42.3,13.9,8.9
2019-07-12,23,9.1,18.1,41.9,13.7,8.9
2019-07-12,24,9.4,18.8,41.6,13.5,8.8
2019-07-12,25,9.6,19.0,41.1,13.4,8.6
2019-07-12,26,10.1,19.0,41.4,13.7,8.7
2019-07-12,27,10.2,18.7,41.1,14.1,8.8
2019-07-12,28,11.2,18.7,39.1,14.7,8.9
2019-07-12,29,11.6,18.3,38.3,15.1,8.8
2019-07-12,30,12.2,16.6,38.9,15.2,8.8
2019-07-12,31,12.8,14.6,39.9,15.4,8.4
2019-07-12,32,12.8,12.5,41.9,15.4,8.5
2019-07-12,33,13.1,10.5,42.2,15.4,9.4
2019-07-12,34,13.6,8.5,43.1,15.6,9.5
2019-07-12,35,13.8,6.7,44.6,16.3,9.7
2019-07-12,36,13.4,5.0,45.9,16.6,9.8
2019-07-12,37,13.2,3.6,46.1,17.0,10.3
2019-07-12,38,12.9,2.1,46.1,17.4,10.5
2019-07-12,39,11.7,0.9,48.3,18.0,10.9
2019-07-12,40,11.5,0.2,49.4,18.2,11.0
2019-07-12,41,11.3,0.0,49.9,18.5,10.9
2019-07-12,42,10.3,0.0,51.2,18.7,11.1
2019-07-12,43,10.0,0.0,51.7,19.2,10.8
2019-07-12,44,10.0,0.0,51.1,19.6,11.2
2019-07-12,45,10.4,0.0,49.7,20.7,10.8
2019-07-12,46,10.9,0.0,46.5,22.2,11.7
2019-07-12,47,11.2,0.0,45.4,23.3,10.4
2019-07-12,48,11.4,0.0,43.3,24.1,10.8
2019-07-13,1,11.4,0.0,42.5,24.7,11.0
2019-07-13,2,11.5,0.0,41.9,25.2,11.0
2019-07-13,3,12.8,0.0,42.4,25.8,8.6
2019-07-13,4,13.9,0.0,40.7,26.2,8.8
2019-07-13,5,15.2,0.0,37.4,26.8,9.9
2019-07-13,6,15.0,0.0,37.3,26.9,10.0
2019-07-13,7,15.2,0.0,39.0,26.5,8.6
2019-07-13,8,14.4,0.0,39.0,27.1,8.8
2019-07-13,9,13.9,0.3,37.8,27.2,11.1
2019-07-13,10,13.3,1.0,39.1,26.3,10.7
2019-07-13,11,13.4,2.1,38.6,24.9,11.5
2019-07-13,12,12.4,3.3,41.7,23.0,10.4
2019-07-13,13,10.2,4.6,45.0,20.9,10.8
2019-07-13,14,9.8,6.1,46.4,19.7,10.1
2019-07-13,15,9.1,7.3,46.7,18.4,10.6
2019-07-13,16,9.2,8.5,46.5,17.8,10.3
2019-07-13,17,8.8,9.6,45.7,17.3,10.4
2019-07-13,18,9.3,10.5,44.8,17.0,10.2
2019-07-13,19,8.9,10.7,44.3,17.0,10.0
2019-07-13,20,8.7,10.9,44.4,17.2,9.9
2019-07-13,21,8.7,11.8,44.2,17.2,9.9
2019-07-13,22,8.6,12.1,44.7,17.3,10.0
2019-07-13,23,8.4,13.1,44.5,17.1,9.8
2019-07-13,24,8.7,14.2,43.3,17.1,9.8
2019-07-13,25,9.0,14.5,42.9,17.1,9.8
2019-07-13,26,9.2,15.4,41.7,17.2,9.9
2019-07-13,27,9.7,15.8,41.6,17.0,9.5
2019-07-13,28,10.5,15.1,40.6,17.3,9.8
2019-07-13,29,11.5,15.0,39.2,17.5,9.9
2019-07-13,30,12.5,14.1,40.2,16.7,9.8
2019-07-13,31,13.0,12.2,41.0,16.6,10.3
2019-07-13,32,13.1,10.5,43.0,16.1,10.2
2019-07-13,33,12.8,9.1,44.8,15.6,10.1
2019-07-13,34,13.1,7.8,45.3,15.8,10.2
2019-07-13,35,13.4,6.3,45.2,15.9,10.3
2019-07-13,36,13.5,4.8,46.5,16.5,10.5
2019-07-13,37,13.6,3.4,45.8,17.3,10.8
2019-07-13,38,13.8,2.2,46.7,17.8,11.1
2019-07-13,39,13.4,1.0,47.4,18.2,11.4
2019-07-13,40,12.2,0.3,47.9,19.3,11.6
2019-07-13,41,12.6,0.0,48.1,19.5,11.6
2019-07-13,42,12.4,0.0,48.3,19.7,11.7
2019-07-13,43,11.9,0.0,48.9,20.0,11.3
2019-07-13,44,11.8,0.0,46.3,21.0,11.8
2019-07-13,45,11.2,0.0,45.5,22.2,11.4
2019-07-13,46,11.2,0.0,43.8,22.9,12.0
2019-07-13,47,11.5,0.0,40.9,24.3,12.6
2019-07-13,48,11.1,0.0,39.8,25.0,13.2
2019-07-14,1,10.1,0.0,40.5,25.7,12.7
2019-07-14,2,9.6,0.0,41.4,25.5,12.4
2019-07-14,3,9.2,0.0,42.5,25.4,11.9
2019-07-14,4,9.3,0.0,41.8,25.7,12.1
2019-07-14,5,8.7,0.0,42.1,25.9,12.0
2019-07-14,6,9.4,0.0,42.2,25.8,11.4
2019-07-14,7,9.4,0.0,41.8,26.2,11.2
2019-07-14,8,9.6,0.0,41.5,26.5,11.1
2019-07-14,9,10.1,0.2,42.0,26.7,9.6
2019-07-14,10,11.8,0.8,40.7,26.1,9.4
2019-07-14,11,10.7,1.9,41.3,25.7,9.2
2019-07-14,12,10.3,3.2,42.4,24.6,8.9
2019-07-14,13,10.0,4.9,40.9,23.2,11.0
2019-07-14,14,9.9,6.8,41.3,22.1,10.3
2019-07-14,15,9.7,8.5,42.4,20.5,10.2
2019-07-14,16,9.0,10.3,42.9,19.6,9.8
2019-07-14,17,8.2,11.7,43.1,18.6,10.3
2019-07-14,18,7.7,12.9,43.6,17.9,10.0
2019-07-14,19,7.8,13.5,43.8,17.5,10.1
2019-07-14,20,7.5,14.2,43.3,17.6,10.1
2019-07-14,21,7.1,15.2,43.5,17.2,9.8
2019-07-14,22,7.3,15.1,43.9,17.0,9.7
2019-07-14,23,7.1,14.9,44.1,17.1,9.7
2019-07-14,24,7.4,14.2,44.3,17.3,9.8
2019-07-14,25,6.8,14.5,44.4,17.5,10.0
2019-07-14,26,6.9,16.3,42.9,17.4,9.9
2019-07-14,27,7.6,17.0,41.4,17.4,10.0
2019-07-14,28,7.5,16.5,41.7,17.2,10.1
2019-07-14,29,7.9,15.9,42.4,17.1,10.0
2019-07-14,30,8.1,15.5,42.6,17.1,10.0
2019-07-14,31,8.5,14.5,43.2,16.9,9.9
2019-07-14,32,8.9,12.6,44.5,16.9,9.9
2019-07-14,33,8.9,10.5,45.9,16.8,9.8
2019-07-14,34,8.9,8.9,46.4,17.5,9.9
2019-07-14,35,9.1,7.4,47.7,17.9,10.1
2019-07-14,36,9.4,5.6,47.6,18.1,10.3
2019-07-14,37,9.7,3.9,49.5,18.3,10.6
2019-07-14,38,10.0,2.4,49.7,18.2,10.5
2019-07-14,39,9.8,1.2,52.0,18.6,10.5
2019-07-14,40,9.6,0.3,51.6,18.9,10.7
2019-07-14,41,9.7,0.0,52.3,19.4,11.0
2019-07-14,42,8.8,0.0,52.9,19.5,11.0
2019-07-14,43,8.4,0.0,53.2,19.8,11.2
2019-07-14,44,8.6,0.0,51.0,20.8,11.8
2019-07-14,45,8.2,0.0,49.6,22.4,11.4
2019-07-14,46,8.5,0.0,47.1,23.5,12.0
2019-07-14,47,8.7,0.0,46.0,24.5,11.8
2019-07-14,48,8.6,0.0,44.6,25.3,12.2
2019-07-15,1,8.5,0.0,45.1,25.0,12.2
2019-07-15,2,8.1,0.0,46.0,24.7,12.3
2019-07-15,3,7.7,0.0,45.5,25.2,12.5
2019-07-15,4,7.4,0.0,45.2,25.5,12.7
2019-07-15,5,6.9,0.0,45.9,25.4,12.6
2019-07-15,6,6.7,0.0,46.3,25.3,12.6
2019-07-15,7,6.3,0.0,46.9,25.2,12.5
2019-07-15,8,6.5,0.0,46.9,25.2,12.3
2019-07-15,9,6.5,0.3,48.9,25.2,10.1
2019-07-15,10,6.1,1.2,50.2,24.2,9.6
2019-07-15,11,6.4,2.3,52.5,21.8,9.0
2019-07-15,12,5.5,3.4,56.3,19.4,8.1
2019-07-15,13,4.5,4.6,58.2,17.4,8.6
2019-07-15,14,4.1,6.0,59.0,16.4,8.2
2019-07-15,15,4.0,7.5,57.1,15.9,9.1
2019-07-15,16,3.8,9.0,56.2,15.7,9.0
2019-07-15,17,3.6,10.5,55.1,15.3,8.8
2019-07-15,18,3.2,12.2,54.6,15.2,8.7
2019-07-15,19,3.3,13.7,53.1,15.1,8.6
2019-07-15,20,3.2,15.1,52.5,14.8,8.5
2019-07-15,21,3.2,15.6,52.0,14.8,8.4
2019-07-15,22,3.2,16.5,51.4,14.8,8.3
2019-07-15,23,3.0,17.2,51.2,14.8,8.3
2019-07-15,24,3.1,17.5,50.6,15.0,8.3
2019-07-15,25,3.2,18.0,49.9,15.2,8.3
2019-07-15,26,3.2,18.3,49.4,15.3,8.4
2019-07-15,27,3.3,18.0,49.4,15.4,8.4
2019-07-15,28,3.4,17.2,49.7,15.6,8.5
2019-07-15,29,3.6,16.1,50.6,15.6,8.5
2019-07-15,30,3.8,15.2,51.4,15.4,8.4
2019-07-15,31,3.8,14.1,52.2,15.4,8.4
2019-07-15,32,3.8,12.6,52.9,15.4,8.4
2019-07-15,33,3.7,10.8,52.7,15.3,8.4
2019-07-15,34,3.7,8.8,55.2,15.6,8.5
2019-07-15,35,3.5,6.7,57.1,15.8,8.6
2019-07-15,36,3.3,4.9,58.5,16.0,8.8
2019-07-15,37,3.1,3.3,59.6,16.3,9.1
2019-07-15,38,2.8,1.9,60.8,16.6,9.3
2019-07-15,39,2.7,0.8,62.0,17.1,9.5
2019-07-15,40,2.5,0.1,63.0,17.4,9.7
2019-07-15,41,2.5,0.0,62.5,17.7,9.7
2019-07-15,42,2.5,0.0,62.8,18.0,9.8
2019-07-15,43,2.7,0.0,61.5,18.6,10.2
2019-07-15,44,2.9,0.0,58.5,19.9,10.9
2019-07-15,45,3.1,0.0,55.4,21.3,11.4
2019-07-15,46,3.2,0.0,53.3,22.6,12.0
2019-07-15,47,3.3,0.0,52.5,23.8,11.1
2019-07-15,48,3.2,0.0,51.1,24.6,11.4
2019-07-16,1,3.3,0.0,51.1,25.1,11.7
2019-07-16,2,3.3,0.0,50.6,25.4,11.8
2019-07-16,3,3.4,0.0,50.7,25.3,11.8
2019-07-16,4,3.6,0.0,50.2,25.5,11.8
2019-07-16,5,3.2,0.0,50.2,25.7,11.9
2019-07-16,6,3.8,0.0,49.4,25.8,12.0
2019-07-16,7,3.8,0.0,49.1,26.0,12.0
2019-07-16,8,3.9,0.0,49.1,25.9,12.0
2019-07-16,9,3.8,0.5,49.6,25.3,11.7
2019-07-16,10,3.6,1.5,50.5,24.0,11.1
2019-07-16,11,3.1,2.7,53.3,21.7,10.6
2019-07-16,12,2.7,3.9,56.2,19.5,9.6
2019-07-16,13,2.5,5.2,57.4,17.8,8.7
2019-07-16,14,2.3,6.9,56.4,17.1,8.4
2019-07-16,15,2.4,8.7,53.7,16.5,9.1
2019-07-16,16,2.4,10.6,53.3,16.2,9.0
2019-07-16,17,2.5,12.6,52.3,16.0,8.9
2019-07-16,18,2.3,14.5,51.5,15.7,8.7
2019-07-16,19,2.3,16.2,50.1,15.6,8.6
2019-07-16,20,2.4,17.4,49.1,15.4,8.5
2019-07-16,21,2.5,18.4,48.7,15.2,8.2
2019-07-16,22,2.7,19.1,48.2,15.0,8.2
2019-07-16,23,3.0,19.8,47.6,14.9,8.1
2019-07-16,24,3.3,20.2,47.0,15.0,8.1
2019-07-16,25,3.4,20.0,46.9,15.1,8.2
2019-07-16,26,3.5,19.6,46.9,15.3,8.3
2019-07-16,27,3.8,19.0,47.2,15.3,8.3
2019-07-16,28,3.9,17.8,47.9,15.5,8.4
2019-07-16,29,4.1,16.2,48.8,15.7,8.5
2019-07-16,30,4.3,14.5,50.5,15.5,8.4
2019-07-16,31,4.2,12.7,52.0,15.6,8.4
2019-07-16,32,3.8,11.0,52.9,15.7,8.5
2019-07-16,33,3.5,9.0,53.3,15.6,8.4
2019-07-16,34,3.5,7.0,54.7,16.1,8.7
2019-07-16,35,3.6,5.4,56.0,16.3,8.8
2019-07-16,36,3.5,4.1,55.9,16.5,8.9
2019-07-16,37,3.6,2.8,57.3,16.8,9.3
2019-07-16,38,3.5,1.6,58.2,17.1,9.4
2019-07-16,39,3.6,0.7,58.7,17.3,9.5
2019-07-16,40,3.8,0.2,59.4,17.7,9.7
2019-07-16,41,3.8,0.0,59.7,18.1,9.8
2019-07-16,42,3.8,0.0,60.2,18.3,9.8
2019-07-16,43,4.0,0.0,59.2,18.8,10.1
2019-07-16,44,4.2,0.0,56.9,19.9,10.7
2019-07-16,45,4.7,0.0,54.2,21.4,10.9
2019-07-16,46,4.8,0.0,50.6,23.2,11.9
2019-07-16,47,5.9,0.0,48.6,24.2,11.4
2019-07-16,48,6.7,0.0,47.2,24.6,11.6
2019-07-17,1,6.4,0.0,47.0,25.0,11.5
2019-07-17,2,6.2,0.0,46.6,25.4,11.6
2019-07-17,3,6.4,0.0,47.3,25.6,10.4
2019-07-17,4,6.6,0.0,46.5,25.8,10.6
2019-07-17,5,6.3,0.0,46.5,25.8,10.8
2019-07-17,6,6.6,0.0,45.8,26.0,11.0
2019-07-17,7,6.6,0.0,47.7,25.6,9.7
2019-07-17,8,6.7,0.0,46.3,26.2,10.2
2019-07-17,9,7.2,0.4,50.7,25.8,5.5
2019-07-17,10,7.4,1.3,50.8,23.9,6.4
2019-07-17,11,6.8,2.5,51.1,21.3,9.6
2019-07-17,12,6.6,4.0,54.6,19.4,7.5
2019-07-17,13,6.7,5.6,54.4,18.3,7.3
2019-07-17,14,7.7,7.2,52.2,17.6,6.9
2019-07-17,15,8.3,8.8,50.8,17.1,6.4
2019-07-17,16,8.9,10.3,49.2,16.6,6.2
2019-07-17,17,9.4,11.7,47.7,16.2,6.2
2019-07-17,18,10.7,13.2,46.5,16.3,6.2
2019-07-17,19,10.9,14.5,44.7,16.3,6.3
2019-07-17,20,12.9,15.3,42.6,16.1,6.4
2019-07-17,21,13.9,17.4,40.0,15.9,6.2
2019-07-17,22,13.7,17.1,40.5,15.9,6.1
2019-07-17,23,14.9,16.3,41.5,15.8,4.9
2019-07-17,24,15.1,16.6,41.7,16.1,3.9
2019-07-17,25,15.3,16.1,43.1,16.1,2.8
2019-07-17,26,15.7,15.3,43.2,16.3,2.7
2019-07-17,27,15.9,14.6,44.0,16.1,2.6
2019-07-17,28,17.0,13.2,44.0,16.4,2.6
2019-07-17,29,17.7,11.9,42.8,16.3,4.7
2019-07-17,30,17.9,10.5,44.1,16.1,4.7
2019-07-17,31,18.9,8.8,43.9,16.3,5.0
2019-07-17,32,18.2,6.9,45.3,16.4,5.1
2019-07-17,33,17.3,5.4,48.2,16.5,5.2
2019-07-17,34,16.8,4.6,49.1,16.6,5.3
2019-07-17,35,17.1,3.9,49.6,16.9,5.0
2019-07-17,36,17.9,3.0,49.1,17.1,4.6
2019-07-17,37,18.4,1.9,50.2,17.6,3.5
2019-07-17,38,17.8,1.0,51.7,18.1,3.6
2019-07-17,39,17.3,0.4,51.7,18.5,4.0
2019-07-17,40,16.7,0.1,52.7,18.8,4.1
2019-07-17,41,17.0,0.0,52.1,18.8,4.7
2019-07-17,42,16.7,0.0,51.5,19.4,4.9
2019-07-17,43,16.4,0.0,52.0,20.0,3.8
2019-07-17,44,17.7,0.0,47.7,21.4,4.9
2019-07-17,45,18.4,0.0,40.7,23.8,7.8
2019-07-17,46,18.8,0.0,38.9,24.7,8.1
2019-07-17,47,18.1,0.0,39.9,25.1,7.2
2019-07-17,48,16.2,0.0,41.0,25.2,8.0
2019-07-18,1,14.7,0.0,41.1,25.6,8.7
2019-07-18,2,13.9,0.0,41.7,25.7,8.8
2019-07-18,3,13.3,0.0,40.9,26.3,9.4
2019-07-18,4,13.6,0.0,41.1,26.1,9.1
2019-07-18,5,13.6,0.0,40.0,26.4,9.8
2019-07-18,6,13.4,0.0,40.6,26.2,9.7
2019-07-18,7,13.2,0.0,40.4,26.2,10.1
2019-07-18,8,14.0,0.0,41.1,26.4,8.4
2019-07-18,9,14.7,0.1,43.0,25.7,6.5
2019-07-18,10,13.5,0.6,45.0,24.6,6.7
2019-07-18,11,13.3,1.2,45.7,22.6,8.5
2019-07-18,12,12.6,2.1,49.8,20.7,6.7
2019-07-18,13,12.6,3.0,52.4,18.8,5.8
2019-07-18,14,13.0,4.0,51.0,18.1,5.5
2019-07-18,15,13.4,5.1,49.0,17.6,6.5
2019-07-18,16,13.1,6.5,48.4,17.0,6.2
2019-07-18,17,13.1,8.0,47.6,17.0,6.2
2019-07-18,18,13.6,9.2,47.4,16.7,6.1
2019-07-18,19,14.0,10.5,46.5,16.4,5.8
2019-07-18,20,14.3,11.6,45.4,16.4,5.7
2019-07-18,21,14.8,13.0,43.7,16.3,5.5
2019-07-18,22,14.3,14.5,42.9,16.2,5.5
2019-07-18,23,15.0,14.6,42.7,16.1,5.2
2019-07-18,24,14.8,14.6,42.6,16.3,5.2
2019-07-18,25,14.9,15.6,43.2,16.2,3.5
2019-07-18,26,15.0,16.9,41.7,16.3,3.5
2019-07-18,27,14.8,16.8,42.3,16.2,3.4
2019-07-18,28,15.4,16.3,41.4,16.6,3.6
2019-07-18,29,15.4,15.7,40.5,16.7,5.0
2019-07-18,30,15.6,14.1,42.2,16.5,4.9
2019-07-18,31,16.1,12.8,42.5,16.7,4.8
2019-07-18,32,15.6,11.8,44.0,16.8,4.5
2019-07-18,33,15.1,10.5,46.6,16.8,3.3
2019-07-18,34,15.1,8.7,47.2,17.0,3.3
2019-07-18,35,15.2,6.9,48.0,17.3,3.8
2019-07-18,36,14.1,5.2,49.3,17.7,4.2
2019-07-18,37,13.4,3.5,50.3,17.9,6.6
2019-07-18,38,12.7,2.1,52.2,18.1,6.7
2019-07-18,39,12.3,0.9,53.3,18.5,6.8
2019-07-18,40,11.0,0.2,54.7,18.9,7.0
2019-07-18,41,10.3,0.0,55.1,19.1,6.8
2019-07-18,42,9.8,0.0,55.6,19.4,6.9
2019-07-18,43,10.1,0.0,54.0,19.8,7.1
2019-07-18,44,10.7,0.0,51.9,20.9,7.5
2019-07-18,45,11.9,0.0,49.6,22.4,7.2
2019-07-18,46,12.6,0.0,46.3,24.0,7.7
2019-07-18,47,12.5,0.0,45.4,25.2,7.0
2019-07-18,48,12.5,0.0,44.3,26.0,7.2
2019-07-19,1,12.3,0.0,43.1,26.3,8.0
2019-07-19,2,12.8,0.0,41.9,26.6,8.2
2019-07-19,3,12.6,0.0,41.3,27.1,8.4
2019-07-19,4,12.9,0.0,40.2,27.4,8.6
2019-07-19,5,12.8,0.0,40.1,27.8,8.2
2019-07-19,6,12.3,0.0,40.0,28.1,8.5
2019-07-19,7,11.5,0.0,40.8,27.9,8.7
2019-07-19,8,10.6,0.0,42.7,28.0,7.7
2019-07-19,9,9.3,0.3,47.0,26.6,6.0
2019-07-19,10,8.9,0.8,49.3,24.8,5.8
2019-07-19,11,8.2,1.4,52.9,22.7,5.2
2019-07-19,12,7.4,1.9,57.1,20.7,4.0
2019-07-19,13,7.1,2.3,57.5,18.7,5.8
2019-07-19,14,7.2,3.0,56.7,17.7,5.4
2019-07-19,15,7.8,3.7,55.5,17.0,6.3
2019-07-19,16,8.3,4.5,54.4,16.9,6.2
2019-07-19,17,9.1,5.1,52.6,16.6,6.1
2019-07-19,18,9.3,5.3,52.4,16.6,6.1
2019-07-19,19,8.9,5.5,52.7,16.6,6.1
2019-07-19,20,10.3,5.9,52.9,16.6,6.1
2019-07-19,21,11.5,7.0,51.2,16.4,5.8
2019-07-19,22,12.3,7.2,51.3,16.2,5.8
2019-07-19,23,13.2,7.5,49.5,16.2,5.8
2019-07-19,24,13.5,7.6,49.4,16.5,5.9
2019-07-19,25,14.8,8.2,47.0,16.8,6.0
2019-07-19,26,16.2,9.3,48.5,11.5,6.4
2019-07-19,27,15.0,7.7,49.9,17.1,3.4
2019-07-19,28,14.9,6.3,49.9,17.6,4.3
2019-07-19,29,14.9,4.5,49.4,17.6,6.3
2019-07-19,30,15.5,3.8,49.7,17.5,6.2
2019-07-19,31,16.8,3.2,52.1,17.2,3.4
2019-07-19,32,16.8,2.5,50.4,17.2,3.8
2019-07-19,33,17.4,2.0,50.6,17.2,3.7
2019-07-19,34,16.7,1.8,50.7,17.4,3.5
2019-07-19,35,18.1,1.4,52.2,18.0,0.1
2019-07-19,36,18.6,1.0,51.6,18.2,0.6
2019-07-19,37,17.2,0.6,50.9,18.0,3.7
2019-07-19,38,18.1,0.3,50.9,18.4,3.3
2019-07-19,39,18.4,0.1,52.4,19.4,0.6
2019-07-19,40,19.4,0.0,51.2,19.6,0.6
2019-07-19,41,19.8,0.0,50.9,19.5,1.0
2019-07-19,42,21.0,0.0,49.2,20.0,0.8
2019-07-19,43,21.9,0.0,46.3,20.7,1.8
2019-07-19,44,22.5,0.0,42.2,22.6,2.2
2019-07-19,45,22.6,0.0,29.6,24.8,11.5
2019-07-19,46,21.7,0.0,28.5,25.8,11.9
2019-07-19,47,21.5,0.0,25.9,27.0,13.3
2019-07-19,48,21.9,0.0,23.6,28.0,13.9
2019-07-20,1,23.1,0.0,24.4,28.4,11.1
2019-07-20,2,24.9,0.0,21.5,29.3,11.1
2019-07-20,3,23.0,0.0,25.9,28.9,9.0
2019-07-20,4,23.5,0.0,24.6,29.4,9.2
2019-07-20,5,22.7,0.0,24.6,30.1,8.9
2019-07-20,6,22.7,0.0,24.8,30.1,8.8
2019-07-20,7,22.3,0.0,27.7,29.5,6.9
2019-07-20,8,22.8,0.0,26.8,29.8,6.8
2019-07-20,9,24.4,0.1,25.8,30.1,6.0
2019-07-20,10,24.1,0.6,25.8,29.4,6.6
2019-07-20,11,23.0,1.7,24.5,28.5,8.8
2019-07-20,12,20.3,2.8,31.0,26.6,8.0
2019-07-20,13,19.8,3.9,29.2,24.7,12.8
2019-07-20,14,19.3,5.2,31.6,23.0,11.5
2019-07-20,15,18.9,6.6,34.3,21.7,9.8
2019-07-20,16,18.6,8.2,33.7,21.0,9.1
2019-07-20,17,18.5,10.0,32.3,20.5,9.3
2019-07-20,18,19.5,11.9,30.0,20.1,9.1
2019-07-20,19,20.6,14.1,28.6,19.6,8.9
2019-07-20,20,22.3,15.7,26.3,19.4,8.8
2019-07-20,21,22.9,17.6,24.6,19.1,8.7
2019-07-20,22,24.4,18.4,22.3,19.3,8.7
2019-07-20,23,25.1,18.7,22.1,19.2,8.2
2019-07-20,24,26.0,19.7,20.5,19.2,8.2
2019-07-20,25,27.5,20.4,18.8,19.2,7.7
2019-07-20,26,27.7,21.1,17.0,19.6,7.9
2019-07-20,27,29.1,21.2,16.6,19.9,6.6
2019-07-20,28,29.5,20.6,17.5,20.1,6.7
2019-07-20,29,29.0,19.7,18.1,20.0,6.6
2019-07-20,30,28.9,18.3,19.2,20.0,6.7
2019-07-20,31,29.4,15.4,19.8,19.8,8.5
2019-07-20,32,29.6,13.0,22.2,20.0,8.1
2019-07-20,33,29.2,11.8,24.7,19.7,7.5
2019-07-20,34,28.0,10.6,26.8,19.8,7.6
2019-07-20,35,27.2,8.4,27.9,20.2,8.4
2019-07-20,36,26.1,6.0,30.6,20.5,8.5
2019-07-20,37,24.7,4.0,32.6,20.8,9.7
2019-07-20,38,23.0,2.2,34.5,21.5,10.0
2019-07-20,39,22.0,0.8,35.0,22.1,10.3
2019-07-20,40,21.0,0.2,35.5,22.5,10.4
2019-07-20,41,20.0,0.0,36.8,22.5,10.4
2019-07-20,42,19.7,0.0,37.0,22.7,10.4
2019-07-20,43,18.4,0.0,37.2,23.2,10.5
2019-07-20,44,17.6,0.0,36.5,23.9,10.8
2019-07-20,45,17.9,0.0,33.8,25.1,10.7
2019-07-20,46,18.7,0.0,31.7,26.6,11.4
2019-07-20,47,19.1,0.0,29.8,28.0,10.5
2019-07-20,48,19.9,0.0,27.9,28.7,10.7
2019-07-21,1,19.8,0.0,27.5,29.1,10.5
2019-07-21,2,20.2,0.0,26.5,29.5,10.4
2019-07-21,3,20.0,0.0,27.4,30.3,8.8
2019-07-21,4,19.8,0.0,27.1,30.7,8.8
2019-07-21,5,20.1,0.0,26.7,30.9,8.9
2019-07-21,6,19.8,0.0,26.6,31.2,9.0
2019-07-21,7,18.8,0.0,27.9,30.7,9.3
2019-07-21,8,17.8,0.0,28.9,30.7,9.4
2019-07-21,9,17.7,0.4,28.9,30.3,9.7
2019-07-21,10,16.7,1.2,29.0,30.1,10.1
2019-07-21,11,14.8,2.7,30.6,28.6,10.3
2019-07-21,12,13.7,4.8,31.6,27.7,9.9
2019-07-21,13,12.3,6.5,33.5,25.7,10.0
2019-07-21,14,11.5,8.6,32.9,24.8,10.1
2019-07-21,15,11.0,10.5,32.1,23.3,11.3
2019-07-21,16,11.0,12.5,31.1,22.2,10.7
2019-07-21,17,10.8,14.4,29.0,21.3,10.9
2019-07-21,18,11.0,15.4,28.7,20.8,10.6
2019-07-21,19,11.8,15.4,28.0,20.3,10.3
2019-07-21,20,12.8,15.5,27.7,20.3,10.4
2019-07-21,21,13.2,16.8,27.3,19.6,10.5
2019-07-21,22,14.6,16.9,27.0,19.6,10.5
2019-07-21,23,16.5,17.2,25.5,19.7,10.6
2019-07-21,24,17.8,17.6,24.6,20.0,10.7
2019-07-21,25,19.4,18.0,23.7,20.2,10.6
2019-07-21,26,20.6,18.7,21.3,20.4,10.7
2019-07-21,27,21.6,17.9,21.1,20.6,10.7
2019-07-21,28,23.5,17.0,20.8,20.6,10.7
2019-07-21,29,23.9,16.3,20.9,21.3,9.2
2019-07-21,30,25.0,14.2,22.2,21.2,9.2
2019-07-21,31,25.5,12.9,23.6,21.0,9.5
2019-07-21,32,25.8,11.9,23.8,20.9,9.5
2019-07-21,33,25.5,10.2,24.6,20.5,11.0
2019-07-21,34,26.5,8.4,24.8,20.5,11.0
2019-07-21,35,27.3,6.6,25.8,20.6,10.5
2019-07-21,36,27.3,4.9,27.6,21.0,10.7
2019-07-21,37,27.0,3.1,28.8,21.2,11.1
2019-07-21,38,27.5,1.6,29.3,21.6,11.3
2019-07-21,39,28.5,0.6,30.5,21.6,10.4
2019-07-21,40,29.1,0.1,30.2,21.9,10.6
2019-07-21,41,29.0,0.0,31.6,21.4,10.1
2019-07-21,42,30.5,0.0,29.4,22.1,10.1
2019-07-21,43,32.7,0.0,28.8,23.1,7.4
2019-07-21,44,35.6,0.0,25.3,24.4,5.4
2019-07-21,45,36.9,0.0,25.3,25.7,3.1
2019-07-21,46,38.9,0.0,21.8,27.3,3.3
2019-07-21,47,40.0,0.0,20.1,27.9,3.4
2019-07-21,48,40.9,0.0,19.6,28.1,2.9
2019-07-22,1,41.6,0.0,17.7,28.1,2.9
2019-07-22,2,42.0,0.0,17.6,28.1,2.9
2019-07-22,3,40.6,0.0,18.0,27.7,2.9
2019-07-22,4,41.2,0.0,17.6,27.8,2.9
2019-07-22,5,40.4,0.0,19.7,26.8,2.8
2019-07-22,6,40.2,0.0,20.6,26.3,2.7
2019-07-22,7,40.1,0.0,20.9,26.1,2.7
2019-07-22,8,41.2,0.0,18.9,26.7,2.8
2019-07-22,9,41.4,0.1,18.9,26.5,2.8
2019-07-22,10,40.5,0.5,20.6,25.7,2.7
2019-07-22,11,38.9,1.2,24.0,24.2,2.5
2019-07-22,12,37.0,2.2,27.1,22.4,2.3
2019-07-22,13,34.1,3.3,31.2,20.8,2.2
2019-07-22,14,31.7,4.8,32.6,19.5,2.0
2019-07-22,15,30.5,6.3,34.0,18.4,3.7
2019-07-22,16,29.3,8.1,34.3,18.0,3.7
2019-07-22,17,28.7,9.7,32.5,17.7,4.8
2019-07-22,18,28.5,11.1,31.4,17.6,4.8
2019-07-22,19,28.4,12.5,30.8,17.3,4.7
2019-07-22,20,28.1,13.7,30.1,17.0,4.7
2019-07-22,21,27.2,15.3,30.2,16.7,4.2
2019-07-22,22,27.2,16.1,30.1,16.4,4.2
2019-07-22,23,26.6,16.9,29.7,16.5,4.3
2019-07-22,24,25.8,17.9,30.0,16.4,4.2
2019-07-22,25,26.0,18.2,29.9,16.3,4.2
2019-07-22,26,25.9,18.7,29.5,16.3,4.2
2019-07-22,27,25.6,19.0,29.5,16.3,4.2
2019-07-22,28,25.7,18.7,29.3,16.4,4.2
2019-07-22,29,25.1,18.3,30.7,16.7,3.4
2019-07-22,30,24.5,16.5,33.3,16.5,3.4
2019-07-22,31,25.0,14.5,33.9,16.8,3.6
2019-07-22,32,24.7,12.3,35.4,16.8,3.7
2019-07-22,33,23.8,10.0,36.6,16.6,4.5
2019-07-22,34,23.3,8.2,37.9,16.9,4.7
2019-07-22,35,23.4,6.4,38.0,17.2,6.1
2019-07-22,36,22.4,4.6,39.9,17.6,6.2
2019-07-22,37,21.3,3.0,41.3,17.9,8.0
2019-07-22,38,22.0,1.7,40.2,18.0,8.0
2019-07-22,39,21.6,0.6,41.4,18.5,8.5
2019-07-22,40,21.3,0.1,42.1,18.8,8.7
2019-07-22,41,21.5,0.0,42.8,19.0,8.6
2019-07-22,42,22.5,0.0,42.5,19.3,8.5
2019-07-22,43,22.9,0.0,41.8,20.0,7.9
2019-07-22,44,23.9,0.0,37.9,21.4,8.7
2019-07-22,45,25.7,0.0,32.4,23.7,9.5
2019-07-22,46,25.0,0.0,30.8,24.8,10.2
2019-07-22,47,25.4,0.0,30.9,25.6,8.8
2019-07-22,48,24.3,0.0,31.2,26.4,8.8
2019-07-23,1,23.7,0.0,30.9,26.5,9.6
2019-07-23,2,21.9,0.0,31.4,27.0,10.3
2019-07-23,3,20.0,0.0,31.9,26.6,12.2
2019-07-23,4,19.2,0.0,32.3,26.9,12.3
2019-07-23,5,19.2,0.0,31.8,27.1,12.5
2019-07-23,6,18.6,0.0,31.8,27.5,12.6
2019-07-23,7,17.8,0.0,31.3,28.4,12.7
2019-07-23,8,17.6,0.0,33.7,27.5,11.6
2019-07-23,9,18.4,0.3,37.6,26.7,7.6
2019-07-23,10,16.7,1.1,41.0,25.1,7.2
2019-07-23,11,14.8,2.4,45.7,22.6,5.9
2019-07-23,12,13.8,3.8,49.1,20.7,5.1
2019-07-23,13,13.1,5.2,52.5,18.5,3.4
2019-07-23,14,12.8,7.0,51.1,17.5,4.6
2019-07-23,15,12.2,8.8,48.8,16.4,6.7
2019-07-23,16,12.4,10.9,48.4,16.0,6.3
2019-07-23,17,12.3,13.6,48.0,16.2,4.0
2019-07-23,18,12.5,15.6,46.6,15.9,2.8
2019-07-23,19,12.1,17.1,47.1,15.5,2.7
2019-07-23,20,12.2,18.8,45.7,15.5,2.5
2019-07-23,21,12.0,21.0,43.1,15.1,3.7
2019-07-23,22,11.9,22.1,42.5,15.0,3.5
2019-07-23,23,12.0,22.9,42.6,14.9,2.6
2019-07-23,24,11.3,23.3,42.6,14.9,2.6
2019-07-23,25,11.3,22.6,44.1,14.7,2.2
2019-07-23,26,11.9,22.1,44.1,14.7,2.1
2019-07-23,27,12.1,21.8,44.4,15.0,1.5
2019-07-23,28,12.3,20.8,44.9,15.2,1.4
2019-07-23,29,12.4,18.7,47.0,14.9,0.8
2019-07-23,30,12.2,16.7,48.2,14.9,0.5
2019-07-23,31,12.3,14.6,49.4,15.1,0.1
2019-07-23,32,13.0,12.2,50.9,15.3,0.2
2019-07-23,33,12.7,9.9,51.5,15.3,0.0
2019-07-23,34,13.0,7.7,53.6,15.6,0.0
2019-07-23,35,13.4,5.8,54.9,16.0,0.0
2019-07-23,36,13.8,4.0,55.7,16.0,0.0
2019-07-23,37,14.4,2.6,57.5,16.3,0.9
2019-07-23,38,15.2,1.4,57.7,16.6,0.7
2019-07-23,39,16.1,0.5,58.5,17.0,0.4
2019-07-23,40,17.0,0.1,58.3,17.2,0.3
2019-07-23,41,17.2,0.0,59.1,17.2,0.4
2019-07-23,42,17.6,0.0,58.8,17.3,0.1
2019-07-23,43,19.6,0.0,55.1,18.6,0.2
2019-07-23,44,20.7,0.0,52.3,19.7,0.3
2019-07-23,45,23.5,0.0,46.6,21.5,0.9
2019-07-23,46,26.7,0.0,41.3,22.7,1.6
2019-07-23,47,28.4,0.0,38.8,23.3,1.4
2019-07-23,48,29.5,0.0,36.6,24.0,1.8
2019-07-24,1,28.9,0.0,37.3,23.8,2.0
2019-07-24,2,29.7,0.0,35.4,24.4,2.2
2019-07-24,3,29.3,0.0,34.4,25.0,2.9
2019-07-24,4,29.6,0.0,34.0,25.0,2.9
2019-07-24,5,28.5,0.0,35.4,25.2,2.4
2019-07-24,6,26.9,0.0,38.5,24.3,2.2
2019-07-24,7,24.3,0.0,41.4,24.0,2.2
2019-07-24,8,24.3,0.0,41.2,24.0,2.2
2019-07-24,9,24.0,0.1,41.4,23.9,2.3
2019-07-24,10,20.9,0.5,45.6,22.8,2.4
2019-07-24,11,18.4,1.3,51.5,19.9,2.2
2019-07-24,12,17.9,2.5,53.4,18.3,1.6
2019-07-24,13,16.7,3.7,54.6,16.8,0.7
2019-07-24,14,15.7,5.2,54.1,16.2,0.5
2019-07-24,15,15.1,6.8,53.0,15.7,0.3
2019-07-24,16,14.1,8.4,50.8,15.2,0.4
2019-07-24,17,13.9,10.6,50.0,15.1,2.5
2019-07-24,18,14.4,12.7,49.5,14.9,2.4
2019-07-24,19,14.2,14.4,48.8,14.5,2.4
2019-07-24,20,13.5,16.1,47.9,14.4,2.3
2019-07-24,21,12.6,18.7,46.9,14.1,2.2
2019-07-24,22,11.9,19.2,47.4,13.9,2.2
2019-07-24,23,12.2,19.9,46.0,14.0,2.2
2019-07-24,24,12.4,20.4,45.1,14.0,2.2
2019-07-24,25,12.7,19.9,45.4,14.0,2.1
2019-07-24,26,13.4,19.2,45.7,14.2,2.1
2019-07-24,27,13.6,18.3,47.4,13.8,2.1
2019-07-24,28,13.6,17.4,48.3,13.8,2.1
2019-07-24,29,13.0,16.6,49.0,14.3,1.2
2019-07-24,30,12.4,15.2,50.5,14.4,1.2
2019-07-24,31,11.6,13.2,50.6,14.5,3.3
2019-07-24,32,10.5,11.1,52.0,14.6,3.0
2019-07-24,33,10.0,9.5,51.4,14.9,4.3
2019-07-24,34,9.1,7.6,53.1,15.1,4.3
2019-07-24,35,8.4,5.7,54.3,15.5,4.7
2019-07-24,36,8.2,3.9,56.7,15.6,4.7
2019-07-24,37,7.9,2.6,57.5,16.6,4.8
2019-07-24,38,7.6,1.4,59.8,16.3,4.5
2019-07-24,39,6.7,0.5,62.9,16.6,3.4
2019-07-24,40,6.7,0.1,63.2,16.7,3.5
2019-07-24,41,6.5,0.0,63.5,16.5,2.3
2019-07-24,42,6.7,0.0,64.9,17.0,2.7
2019-07-24,43,7.5,0.0,65.5,17.3,1.2
2019-07-24,44,7.9,0.0,63.4,17.7,2.0
2019-07-24,45,7.9,0.0,59.6,18.5,6.6
2019-07-24,46,8.7,0.0,57.9,19.2,6.5
2019-07-24,47,9.7,0.0,59.8,19.7,2.9
2019-07-24,48,10.7,0.0,58.5,20.1,3.2
2019-07-25,1,11.4,0.0,58.0,20.1,3.0
2019-07-25,2,12.5,0.0,56.2,20.7,3.0
2019-07-25,3,12.8,0.0,54.6,21.6,3.1
2019-07-25,4,12.9,0.0,54.1,21.9,3.1
2019-07-25,5,12.6,0.0,55.2,21.5,2.7
2019-07-25,6,13.0,0.0,55.1,21.4,2.6
2019-07-25,7,12.5,0.0,56.7,20.5,2.5
2019-07-25,8,14.7,0.0,54.8,20.4,2.5
2019-07-25,9,15.9,0.2,52.4,20.3,2.5
2019-07-25,10,17.9,0.6,50.1,20.6,2.5
2019-07-25,11,17.6,1.8,51.1,19.2,2.4
2019-07-25,12,16.9,3.4,51.9,17.7,2.2
2019-07-25,13,17.0,4.9,51.5,16.6,2.0
2019-07-25,14,16.7,6.5,50.5,15.7,1.9
2019-07-25,15,16.3,8.3,50.4,15.4,1.8
2019-07-25,16,15.4,10.3,50.0,14.9,1.6
2019-07-25,17,15.3,12.2,48.6,14.6,1.7
2019-07-25,18,15.0,14.1,47.8,14.4,1.7
2019-07-25,19,14.7,15.7,47.4,13.7,1.5
2019-07-25,20,14.9,16.7,46.0,13.3,1.5
2019-07-25,21,15.2,19.0,44.2,13.1,1.6
2019-07-25,22,15.5,19.6,43.1,13.0,1.7
2019-07-25,23,15.8,19.8,42.7,12.9,1.8
2019-07-25,24,16.4,19.6,42.2,12.9,1.9
2019-07-25,25,17.0,19.3,42.0,13.0,1.9
2019-07-25,26,17.8,18.5,42.3,13.2,1.9
2019-07-25,27,17.9,16.9,42.5,13.8,2.6
2019-07-25,28,18.0,15.9,43.3,14.0,2.7
2019-07-25,29,18.0,15.4,43.8,14.1,2.5
2019-07-25,30,17.5,13.5,45.8,14.2,2.5
2019-07-25,31,18.5,11.1,47.2,14.5,1.8
2019-07-25,32,17.8,9.3,48.7,14.8,1.8
2019-07-25,33,16.4,7.4,49.9,14.6,1.8
2019-07-25,34,16.0,5.9,51.5,14.8,1.8
2019-07-25,35,15.7,4.6,52.3,14.8,1.8
2019-07-25,36,15.5,3.3,53.4,15.1,1.9
2019-07-25,37,15.8,2.4,53.2,15.6,1.9
2019-07-25,38,17.8,1.5,51.8,15.9,2.0
2019-07-25,39,17.2,0.5,52.3,16.1,2.7
2019-07-25,40,16.9,0.1,53.4,16.1,2.7
2019-07-25,41,16.1,0.0,53.6,16.2,2.8
2019-07-25,42,15.8,0.0,55.4,16.4,2.8
2019-07-25,43,16.5,0.0,54.0,16.7,3.0
2019-07-25,44,19.4,0.0,49.5,17.2,3.0
2019-07-25,45,22.2,0.0,45.3,19.3,2.8
2019-07-25,46,22.3,0.0,44.2,20.3,2.7
2019-07-25,47,21.8,0.0,45.0,20.4,2.4
2019-07-25,48,20.9,0.0,46.5,20.4,1.9
2019-07-26,1,21.8,0.0,45.6,20.3,2.2
2019-07-26,2,22.3,0.0,44.0,21.0,2.3
2019-07-26,3,21.4,0.0,41.5,21.9,4.6
2019-07-26,4,22.2,0.0,40.5,22.2,4.4
2019-07-26,5,21.0,0.0,40.8,22.9,4.4
2019-07-26,6,18.0,0.0,44.7,22.4,4.3
2019-07-26,7,17.3,0.0,47.2,22.1,2.9
2019-07-26,8,18.8,0.0,45.9,21.9,2.9
2019-07-26,9,17.9,0.1,45.7,22.5,2.9
2019-07-26,10,15.7,0.4,48.7,21.4,2.8
2019-07-26,11,13.8,0.8,51.7,19.8,4.0
2019-07-26,12,12.1,1.6,55.1,18.3,3.7
2019-07-26,13,10.7,2.9,56.3,17.0,3.4
2019-07-26,14,10.6,4.0,55.1,16.3,2.4
2019-07-26,15,10.5,5.3,54.9,15.9,1.1
2019-07-26,16,11.1,6.6,54.7,14.3,1.0
2019-07-26,17,11.3,7.6,54.3,14.0,2.2
2019-07-26,18,11.6,8.7,53.9,13.9,2.0
2019-07-26,19,11.3,9.6,54.7,13.5,1.0
2019-07-26,20,11.5,10.7,53.5,13.6,0.8
2019-07-26,21,11.5,11.0,53.9,13.1,1.1
2019-07-26,22,12.3,11.0,54.0,12.9,0.8
2019-07-26,23,13.3,10.9,53.3,12.9,0.5
2019-07-26,24,14.6,11.3,53.3,13.2,0.5
2019-07-26,25,14.0,12.3,50.1,13.4,4.1
2019-07-26,26,14.0,12.3,50.3,13.5,3.6
2019-07-26,27,14.1,12.2,50.2,13.5,3.3
2019-07-26,28,14.7,11.9,50.0,13.7,3.2
2019-07-26,29,14.5,11.6,49.7,14.2,3.4
2019-07-26,30,14.4,10.7,50.4,14.3,3.5
2019-07-26,31,13.2,8.8,51.2,14.3,5.7
2019-07-26,32,11.5,7.3,53.3,14.3,5.7
2019-07-26,33,9.3,5.7,57.3,14.2,5.7
2019-07-26,34,9.1,4.3,58.2,14.4,5.8
2019-07-26,35,8.9,3.2,59.0,14.7,5.9
2019-07-26,36,8.6,2.3,58.2,14.9,6.0
2019-07-26,37,8.2,1.4,59.8,15.1,6.1
2019-07-26,38,8.1,0.6,59.4,15.3,6.1
2019-07-26,39,8.3,0.2,60.1,15.7,6.3
2019-07-26,40,8.2,0.0,60.4,15.9,6.4
2019-07-26,41,7.4,0.0,61.2,16.1,5.7
2019-07-26,42,7.4,0.0,61.2,16.4,5.8
2019-07-26,43,6.7,0.0,62.4,17.0,4.4
2019-07-26,44,7.0,0.0,60.6,17.3,4.8
2019-07-26,45,8.5,0.0,52.7,18.0,10.8
2019-07-26,46,9.4,0.0,49.9,19.2,11.3
2019-07-26,47,10.0,0.0,47.9,20.0,11.3
2019-07-26,48,11.5,0.0,45.5,20.5,11.6
2019-07-27,1,11.0,0.0,46.6,20.9,10.4
2019-07-27,2,8.5,0.0,48.0,21.8,10.5
2019-07-27,3,7.8,0.0,49.0,21.7,10.5
2019-07-27,4,7.3,0.0,49.2,21.9,10.6
2019-07-27,5,8.9,0.0,48.1,21.7,10.5
2019-07-27,6,9.9,0.0,46.4,22.1,10.6
2019-07-27,7,10.8,0.0,45.7,21.9,10.6
2019-07-27,8,11.5,0.0,44.4,22.2,10.7
2019-07-27,9,12.7,0.0,43.4,22.1,10.7
2019-07-27,10,12.7,0.1,43.0,22.1,10.7
2019-07-27,11,12.8,0.3,42.0,21.9,11.6
2019-07-27,12,11.9,0.9,45.0,21.0,10.3
2019-07-27,13,10.9,1.7,50.0,19.5,7.8
2019-07-27,14,10.0,2.4,49.9,18.6,7.8
2019-07-27,15,10.0,3.0,49.1,17.3,10.7
2019-07-27,16,10.5,3.8,49.2,16.5,10.4
2019-07-27,17,11.1,4.8,49.1,15.9,10.1
2019-07-27,18,11.2,6.0,46.6,15.6,9.8
2019-07-27,19,10.9,7.0,47.6,15.2,9.6
2019-07-27,20,10.8,8.0,47.0,15.2,9.6
2019-07-27,21,10.5,8.7,47.1,15.4,9.6
2019-07-27,22,10.3,9.6,45.9,15.8,9.6
2019-07-27,23,10.3,10.1,45.3,15.9,9.6
2019-07-27,24,10.1,10.0,45.2,16.1,9.7
2019-07-27,25,9.9,9.8,47.2,16.2,8.8
2019-07-27,26,10.2,10.0,46.6,16.6,9.0
2019-07-27,27,11.0,10.0,44.7,16.7,9.1
2019-07-27,28,11.2,9.5,42.8,16.7,9.1
2019-07-27,29,13.1,8.8,44.0,16.8,8.5
2019-07-27,30,14.0,8.4,43.4,16.8,8.5
2019-07-27,31,13.5,7.4,43.4,16.7,9.6
2019-07-27,32,13.9,6.0,44.7,16.6,9.5
2019-07-27,33,14.2,4.8,44.4,16.3,8.1
2019-07-27,34,14.4,3.9,46.2,16.6,8.2
2019-07-27,35,14.3,2.9,44.5,16.7,9.5
2019-07-27,36,14.3,1.9,45.9,16.9,9.0
2019-07-27,37,14.5,1.2,47.1,17.1,10.0
2019-07-27,38,15.0,0.7,46.2,17.3,9.8
2019-07-27,39,14.9,0.2,47.5,17.6,9.9
2019-07-27,40,14.9,0.0,47.2,17.9,10.1
2019-07-27,41,14.8,0.0,49.4,17.3,9.0
2019-07-27,42,15.8,0.0,48.2,17.5,9.2
2019-07-27,43,16.6,0.0,46.6,18.1,9.8
2019-07-27,44,17.8,0.0,43.9,18.9,10.2
2019-07-27,45,17.9,0.0,40.8,20.2,9.6
2019-07-27,46,19.4,0.0,40.0,21.2,10.1
2019-07-27,47,21.9,0.0,35.4,23.0,9.7
2019-07-27,48,24.9,0.0,30.9,22.3,10.4
2019-07-28,1,25.8,0.0,31.5,25.1,7.2
2019-07-28,2,26.8,0.0,29.5,25.7,7.4
2019-07-28,3,27.0,0.0,29.5,25.7,7.3
2019-07-28,4,26.7,0.0,29.5,25.8,7.4
2019-07-28,5,27.1,0.0,29.4,25.7,7.3
2019-07-28,6,27.5,0.0,28.4,26.0,7.4
2019-07-28,7,27.8,0.0,28.8,25.6,7.3
2019-07-28,8,28.2,0.0,28.4,25.7,7.3
2019-07-28,9,28.3,0.1,28.7,25.4,7.2
2019-07-28,10,27.3,0.4,28.8,25.7,7.4
2019-07-28,11,25.9,1.2,27.2,25.1,10.4
2019-07-28,12,24.8,2.3,28.8,24.3,9.9
2019-07-28,13,24.2,3.7,30.2,24.0,8.2
2019-07-28,14,22.8,5.1,31.8,23.1,8.0
2019-07-28,15,20.3,6.2,34.8,21.1,9.0
2019-07-28,16,20.3,7.6,35.2,20.3,8.6
2019-07-28,17,18.0,8.9,35.8,19.4,9.7
2019-07-28,18,17.2,10.1,36.8,18.7,9.3
2019-07-28,19,17.2,10.9,36.9,18.1,9.5
2019-07-28,20,16.9,11.5,37.6,17.6,9.2
2019-07-28,21,17.0,11.6,38.3,17.5,8.4
2019-07-28,22,16.6,11.9,38.6,17.3,8.4
2019-07-28,23,16.2,12.3,39.2,17.1,8.2
2019-07-28,24,16.7,12.7,38.0,17.1,8.3
2019-07-28,25,17.7,12.8,37.2,17.2,8.3
2019-07-28,26,18.2,12.7,36.6,17.4,8.4
2019-07-28,27,18.4,12.4,36.0,17.7,8.8
2019-07-28,28,17.4,11.8,37.4,17.8,8.9
2019-07-28,29,16.3,11.1,39.0,17.9,8.9
2019-07-28,30,15.5,10.3,40.6,17.8,8.8
2019-07-28,31,15.7,9.3,41.7,17.5,7.8
2019-07-28,32,15.4,8.6,41.8,17.3,7.8
2019-07-28,33,14.0,7.6,45.4,17.2,7.9
2019-07-28,34,12.9,6.2,46.6,17.2,7.9
2019-07-28,35,11.7,4.7,47.7,17.3,8.1
2019-07-28,36,10.9,3.4,49.0,17.5,8.1
2019-07-28,37,10.2,2.0,50.6,17.9,8.3
2019-07-28,38,9.8,1.0,51.5,18.2,8.5
2019-07-28,39,9.2,0.3,52.1,18.2,8.5
2019-07-28,40,9.4,0.0,53.7,18.3,8.5
2019-07-28,41,9.9,0.0,52.5,18.4,8.6
2019-07-28,42,9.8,0.0,51.3,19.2,8.9
2019-07-28,43,10.0,0.0,51.4,19.7,9.0
2019-07-28,44,11.3,0.0,48.4,20.6,9.4
2019-07-28,45,12.0,0.0,44.4,22.2,10.3
2019-07-28,46,12.2,0.0,42.0,23.4,10.9
2019-07-28,47,12.0,0.0,40.9,24.3,10.9
2019-07-28,48,11.6,0.0,40.6,24.7,11.0
2019-07-29,1,10.6,0.0,43.8,25.0,8.3
2019-07-29,2,10.6,0.0,43.7,25.0,8.4
2019-07-29,3,10.7,0.0,43.7,25.1,8.4
2019-07-29,4,11.2,0.0,43.0,25.2,8.4
2019-07-29,5,11.7,0.0,42.5,25.2,8.4
2019-07-29,6,12.2,0.0,41.3,25.6,8.5
2019-07-29,7,12.8,0.0,41.2,25.3,8.5
2019-07-29,8,13.2,0.0,41.0,25.7,7.5
2019-07-29,9,12.6,0.1,40.4,25.6,8.8
2019-07-29,10,12.3,0.5,42.9,24.2,8.3
2019-07-29,11,11.9,1.5,45.7,21.9,8.4
2019-07-29,12,10.9,3.0,48.5,20.1,7.7
2019-07-29,13,9.3,4.6,54.5,18.1,4.4
2019-07-29,14,8.6,6.4,54.8,17.0,4.5
2019-07-29,15,8.0,8.4,54.0,16.2,4.8
2019-07-29,16,7.6,10.4,53.2,15.8,4.5
2019-07-29,17,7.2,12.3,52.7,15.4,4.1
2019-07-29,18,7.2,14.4,50.9,15.4,3.8
2019-07-29,19,7.0,16.1,49.4,15.2,4.5
2019-07-29,20,7.0,17.6,48.3,15.2,4.3
2019-07-29,21,6.8,19.3,47.4,14.9,4.1
2019-07-29,22,6.3,20.1,47.1,14.8,4.1
2019-07-29,23,6.1,20.3,47.0,14.7,4.1
2019-07-29,24,6.1,20.1,47.2,14.8,4.1
2019-07-29,25,6.2,19.5,47.7,15.0,3.9
2019-07-29,26,6.2,19.2,47.6,15.2,3.9
2019-07-29,27,5.9,19.1,48.2,15.3,4.1
2019-07-29,28,5.7,18.4,48.6,15.2,4.0
2019-07-29,29,5.7,17.1,49.6,15.2,3.8
2019-07-29,30,5.8,15.8,50.9,15.4,4.0
2019-07-29,31,5.7,13.8,53.1,15.5,4.1
2019-07-29,32,5.1,11.1,55.6,15.6,4.1
2019-07-29,33,5.1,8.8,55.8,15.6,4.8
2019-07-29,34,5.5,6.9,56.5,15.9,4.9
2019-07-29,35,5.6,5.2,56.9,16.1,4.9
2019-07-29,36,5.8,3.7,57.2,16.2,5.0
2019-07-29,37,6.3,2.3,59.3,16.5,5.1
2019-07-29,38,7.0,1.1,59.4,16.8,5.2
2019-07-29,39,7.8,0.3,60.7,17.3,5.1
2019-07-29,40,8.1,0.0,59.2,17.6,5.1
2019-07-29,41,8.7,0.0,59.7,17.7,4.9
2019-07-29,42,9.2,0.0,58.5,18.3,5.1
2019-07-29,43,10.2,0.0,55.8,19.3,5.3
2019-07-29,44,11.5,0.0,52.1,20.5,5.8
2019-07-29,45,13.9,0.0,43.1,21.9,10.4
2019-07-29,46,15.2,0.0,38.9,23.5,11.0
2019-07-29,47,16.4,0.0,37.0,24.8,9.8
2019-07-29,48,17.2,0.0,34.7,25.5,10.1
2019-07-30,1,17.4,0.0,33.7,26.3,9.9
2019-07-30,2,16.7,0.0,33.9,26.6,10.0
2019-07-30,3,16.4,0.0,33.9,26.7,10.3
2019-07-30,4,16.4,0.0,33.9,26.7,10.3
2019-07-30,5,16.2,0.0,34.8,26.3,10.2
2019-07-30,6,15.3,0.0,35.3,26.5,10.3
2019-07-30,7,14.8,0.0,36.1,26.3,10.4
2019-07-30,8,15.8,0.0,36.2,26.2,9.5
2019-07-30,9,15.7,0.1,37.1,26.5,8.1
2019-07-30,10,15.1,0.6,40.6,24.7,7.4
2019-07-30,11,12.6,1.6,45.6,22.1,7.3
2019-07-30,12,11.7,2.7,48.5,20.3,6.6
2019-07-30,13,11.7,3.8,49.8,18.4,6.8
2019-07-30,14,11.4,5.0,49.9,17.7,6.5
2019-07-30,15,11.2,6.2,51.2,17.2,4.2
2019-07-30,16,11.1,7.2,50.8,16.8,4.1
2019-07-30,17,11.3,8.0,49.4,16.4,5.0
2019-07-30,18,11.4,9.1,49.1,16.4,5.0
2019-07-30,19,11.2,9.9,48.1,16.1,5.0
2019-07-30,20,11.1,10.1,48.2,16.1,5.0
2019-07-30,21,11.9,11.0,47.4,15.9,5.0
2019-07-30,22,12.4,10.8,48.1,15.8,5.0
2019-07-30,23,12.4,10.6,47.5,15.9,5.8
2019-07-30,24,12.8,11.4,46.9,15.7,5.7
2019-07-30,25,13.8,11.3,46.3,15.8,5.8
2019-07-30,26,14.5,10.1,46.4,16.0,5.9
2019-07-30,27,15.6,10.1,46.2,16.2,4.8
2019-07-30,28,15.4,10.6,45.7,16.3,4.9
2019-07-30,29,15.7,10.8,44.6,16.4,5.3
2019-07-30,30,16.1,9.5,45.3,16.5,5.2
2019-07-30,31,16.9,7.7,45.3,16.7,5.7
2019-07-30,32,17.1,6.2,46.4,16.6,5.7
2019-07-30,33,17.2,4.7,48.2,16.7,4.5
2019-07-30,34,17.1,3.8,49.3,16.5,5.1
2019-07-30,35,17.2,3.3,47.6,16.5,6.0
2019-07-30,36,18.0,2.3,47.5,17.0,6.2
2019-07-30,37,18.0,1.2,46.8,17.2,6.2
2019-07-30,38,18.1,0.6,48.3,17.5,6.3
2019-07-30,39,18.6,0.2,48.0,17.9,6.5
2019-07-30,40,19.1,0.0,46.7,18.4,6.6
2019-07-30,41,18.9,0.0,49.4,18.4,4.6
2019-07-30,42,19.9,0.0,44.9,19.2,5.4
2019-07-30,43,20.7,0.0,42.3,20.3,6.6
2019-07-30,44,22.0,0.0,38.4,21.4,6.9
2019-07-30,45,24.5,0.0,31.9,23.8,8.7
2019-07-30,46,26.5,0.0,26.5,25.6,9.4
2019-07-30,47,27.9,0.0,22.9,26.8,9.9
2019-07-30,48,28.6,0.0,21.2,27.5,10.1
2019-07-31,1,28.3,0.0,22.9,27.9,8.2
2019-07-31,2,28.3,0.0,22.7,28.0,8.3
2019-07-31,3,28.5,0.0,22.5,27.9,8.3
2019-07-31,4,28.3,0.0,22.7,27.9,8.3
2019-07-31,5,29.0,0.0,25.0,27.6,6.8
2019-07-31,6,29.9,0.0,23.5,28.3,6.9
2019-07-31,7,29.9,0.0,24.1,28.5,5.8
2019-07-31,8,30.3,0.0,23.7,28.4,5.8
2019-07-31,9,29.5,0.0,24.4,28.2,4.9
2019-07-31,10,27.9,0.3,26.8,27.4,4.9
2019-07-31,11,25.1,0.9,30.4,24.8,7.2
2019-07-31,12,22.8,1.8,36.4,22.2,6.4
2019-07-31,13,20.2,2.7,41.0,19.8,6.7
2019-07-31,14,19.8,3.9,42.0,19.0,5.6
2019-07-31,15,19.5,5.1,44.3,18.5,3.2
2019-07-31,16,18.7,6.6,43.1,18.0,3.4
2019-07-31,17,18.5,8.2,42.2,17.6,4.0
2019-07-31,18,18.3,9.7,41.1,17.3,3.9
2019-07-31,19,18.2,11.2,40.8,17.2,3.6
2019-07-31,20,18.2,12.4,40.2,17.0,3.6
2019-07-31,21,17.9,12.8,40.4,16.9,3.7
2019-07-31,22,17.3,13.1,41.0,16.8,3.7
2019-07-31,23,17.4,13.6,40.7,16.7,3.6
2019-07-31,24,17.6,14.1,40.0,16.7,3.6
2019-07-31,25,17.6,13.9,40.0,17.0,3.4
2019-07-31,26,17.8,13.7,39.8,17.1,3.5
2019-07-31,27,18.0,13.7,37.9,17.3,4.7
2019-07-31,28,17.9,13.3,38.3,17.3,4.7
2019-07-31,29,18.4,12.5,38.9,17.5,4.4
2019-07-31,30,18.5,12.0,39.1,17.5,4.4
2019-07-31,31,18.9,11.2,39.6,17.3,4.7
2019-07-31,32,17.7,9.8,42.7,17.1,3.7
2019-07-31,33,17.0,8.1,44.7,17.1,3.7
2019-07-31,34,16.8,6.3,45.4,17.3,3.7
2019-07-31,35,16.7,5.1,46.8,17.6,3.8
2019-07-31,36,16.5,3.5,47.1,17.9,4.7
2019-07-31,37,17.1,2.0,45.4,18.1,6.5
2019-07-31,38,16.3,1.0,45.9,18.6,6.6
2019-07-31,39,16.6,0.3,48.4,18.9,5.1
2019-07-31,40,16.2,0.0,49.6,19.1,5.2
2019-07-31,41,15.7,0.0,51.3,19.1,4.4
2019-07-31,42,15.4,0.0,50.0,20.0,4.7
2019-07-31,43,15.6,0.0,47.8,20.7,5.6
2019-07-31,44,15.7,0.0,45.6,21.9,6.0
2019-07-31,45,16.1,0.0,40.6,23.1,8.6
2019-07-31,46,16.6,0.0,37.6,24.8,8.9
2019-07-31,47,16.4,0.0,37.8,26.1,6.9
